study_word,thisN,thisTrialN,thisRepN,slider.response,slider.rt,test_words,reference,old_new,textbox.text,mouse.x,mouse.y,mouse.leftButton,mouse.midButton,mouse.rightButton,mouse.time,mouse.clicked_name,trials.thisRepN,trials.thisTrialN,trials.thisN,trials.thisIndex,trials_2.thisRepN,trials_2.thisTrialN,trials_2.thisN,trials_2.thisIndex,thisRow.t,notes,trial.started,text.started,slider.started,trial.stopped,trials.slider.response,trials.slider.rt,test.started,text_2.started,textbox.started,text_3.started,mouse.started,test.stopped,trials_2.textbox.text,trials_2.mouse.x,trials_2.mouse.y,trials_2.mouse.leftButton,trials_2.mouse.midButton,trials_2.mouse.rightButton,trials_2.mouse.time,trials_2.mouse.clicked_name,participant,session,date,expName,expVersion,psychopyVersion,frameRate,expStart,
police,0,0,0,1.0266666666666666,1.999373700004071,,,,,,,,,,,,0,0,0,12,,,,,0.06423760019242764,,0.030324799939990044,0.06423760019242764,0.06423760019242764,2.0455440999940038,1.0266666666666666,1.999373700004071,,,,,,,,,,,,,,,p1,001,2025-10-12_12h36.16.647,word_priming,,2025.1.1,60.39555460584366,2025-10-12 12h36.23.788203 +0530,
cushion,1,1,0,1.0266666666666666,1.1263505001552403,,,,,,,,,,,,0,1,1,1,,,,,2.0770167000591755,,2.0517406002618372,2.0770167000591755,2.0770167000591755,3.1943318000994623,1.0266666666666666,1.1263505001552403,,,,,,,,,,,,,,,p1,001,2025-10-12_12h36.16.647,word_priming,,2025.1.1,60.39555460584366,2025-10-12 12h36.23.788203 +0530,
book,2,2,0,1.0266666666666666,0.7809363999404013,,,,,,,,,,,,0,2,2,0,,,,,3.2094742003828287,,3.197516300249845,3.2094742003828287,3.2094742003828287,3.9938581003807485,1.0266666666666666,0.7809363999404013,,,,,,,,,,,,,,,p1,001,2025-10-12_12h36.16.647,word_priming,,2025.1.1,60.39555460584366,2025-10-12 12h36.23.788203 +0530,
laptop,3,3,0,1.0266666666666666,0.7613606001250446,,,,,,,,,,,,0,3,3,5,,,,,4.00914019998163,,3.9984205001965165,4.00914019998163,4.00914019998163,4.776305000297725,1.0266666666666666,0.7613606001250446,,,,,,,,,,,,,,,p1,001,2025-10-12_12h36.16.647,word_priming,,2025.1.1,60.39555460584366,2025-10-12 12h36.23.788203 +0530,
board ,4,4,0,1.0266666666666666,0.8602309999987483,,,,,,,,,,,,0,4,4,4,,,,,4.8076718002557755,,4.7821030002087355,4.8076718002557755,4.8076718002557755,5.6584936999715865,1.0266666666666666,0.8602309999987483,,,,,,,,,,,,,,,p1,001,2025-10-12_12h36.16.647,word_priming,,2025.1.1,60.39555460584366,2025-10-12 12h36.23.788203 +0530,
mouse,5,5,0,1.0266666666666666,1.0796329001896083,,,,,,,,,,,,0,5,5,8,,,,,5.690328100230545,,5.662154100369662,5.690328100230545,5.690328100230545,6.757961600087583,1.0266666666666666,1.0796329001896083,,,,,,,,,,,,,,,p1,001,2025-10-12_12h36.16.647,word_priming,,2025.1.1,60.39555460584366,2025-10-12 12h36.23.788203 +0530,
case,6,6,0,1.0266666666666666,1.3123959000222385,,,,,,,,,,,,0,6,6,10,,,,,6.7726623001508415,,6.761120300274342,6.7726623001508415,6.7726623001508415,8.089758600108325,1.0266666666666666,1.3123959000222385,,,,,,,,,,,,,,,p1,001,2025-10-12_12h36.16.647,word_priming,,2025.1.1,60.39555460584366,2025-10-12 12h36.23.788203 +0530,
pastry,7,7,0,1.0266666666666666,1.2100427998229861,,,,,,,,,,,,0,7,7,9,,,,,8.121288600377738,,8.095362999942154,8.121288600377738,8.121288600377738,9.322069799993187,1.0266666666666666,1.2100427998229861,,,,,,,,,,,,,,,p1,001,2025-10-12_12h36.16.647,word_priming,,2025.1.1,60.39555460584366,2025-10-12 12h36.23.788203 +0530,
T-shirt,8,8,0,1.0266666666666666,0.9097486999817193,,,,,,,,,,,,0,8,8,7,,,,,9.35263380035758,,9.328768500126898,9.35263380035758,9.35263380035758,10.254242100287229,1.0266666666666666,0.9097486999817193,,,,,,,,,,,,,,,p1,001,2025-10-12_12h36.16.647,word_priming,,2025.1.1,60.39555460584366,2025-10-12 12h36.23.788203 +0530,
chart,9,9,0,1.0266666666666666,0.862328099552542,,,,,,,,,,,,0,9,9,6,,,,,10.269244200084358,,10.257552400231361,10.269244200084358,10.269244200084358,11.137147800065577,1.0266666666666666,0.862328099552542,,,,,,,,,,,,,,,p1,001,2025-10-12_12h36.16.647,word_priming,,2025.1.1,60.39555460584366,2025-10-12 12h36.23.788203 +0530,
keys,10,10,0,1.0266666666666666,0.9301567999646068,,,,,,,,,,,,0,10,10,13,,,,,11.151654799934477,,11.1403565001674,11.151654799934477,11.151654799934477,12.085663700010628,1.0266666666666666,0.9301567999646068,,,,,,,,,,,,,,,p1,001,2025-10-12_12h36.16.647,word_priming,,2025.1.1,60.39555460584366,2025-10-12 12h36.23.788203 +0530,
phone,11,11,0,1.0266666666666666,0.8634872999973595,,,,,,,,,,,,0,11,11,2,,,,,12.10094640031457,,12.088684299960732,12.10094640031457,12.10094640031457,12.968258700333536,1.0266666666666666,0.8634872999973595,,,,,,,,,,,,,,,p1,001,2025-10-12_12h36.16.647,word_priming,,2025.1.1,60.39555460584366,2025-10-12 12h36.23.788203 +0530,
marble,12,12,0,1.0266666666666666,0.9293607999570668,,,,,,,,,,,,0,12,12,3,,,,,12.983175700064749,,12.971721000038087,12.983175700064749,12.983175700064749,13.917813600040972,1.0266666666666666,0.9293607999570668,,,,,,,,,,,,,,,p1,001,2025-10-12_12h36.16.647,word_priming,,2025.1.1,60.39555460584366,2025-10-12 12h36.23.788203 +0530,
cruise,13,13,0,1.8933333333333333,2.061699700076133,,,,,,,,,,,,0,13,13,11,,,,,13.932379400357604,,13.921289999969304,13.932379400357604,13.932379400357604,15.998900800012052,1.8933333333333333,2.061699700076133,,,,,,,,,,,,,,,p1,001,2025-10-12_12h36.16.647,word_priming,,2025.1.1,60.39555460584366,2025-10-12 12h36.23.788203 +0530,
poster,14,14,0,1.8933333333333333,1.529156900011003,,,,,,,,,,,,0,14,14,14,,,,,16.013532100245357,,16.002289100084454,16.013532100245357,16.013532100245357,17.546968100126833,1.8933333333333333,1.529156900011003,,,,,,,,,,,,,,,p1,001,2025-10-12_12h36.16.647,word_priming,,2025.1.1,60.39555460584366,2025-10-12 12h36.23.788203 +0530,
keys,15,0,1,1.2666666666666666,1.7793816002085805,,,,,,,,,,,,1,0,15,13,,,,,17.562023700214922,,17.55013919994235,17.562023700214922,17.562023700214922,19.345491300337017,1.2666666666666666,1.7793816002085805,,,,,,,,,,,,,,,p1,001,2025-10-12_12h36.16.647,word_priming,,2025.1.1,60.39555460584366,2025-10-12 12h36.23.788203 +0530,
mouse,16,1,1,1.2666666666666666,1.31271420000121,,,,,,,,,,,,1,1,16,8,,,,,19.360276500228792,,19.348907000385225,19.360276500228792,19.360276500228792,20.677010100334883,1.2666666666666666,1.31271420000121,,,,,,,,,,,,,,,p1,001,2025-10-12_12h36.16.647,word_priming,,2025.1.1,60.39555460584366,2025-10-12 12h36.23.788203 +0530,
T-shirt,17,2,1,1.2666666666666666,0.7465150998905301,,,,,,,,,,,,1,2,17,7,,,,,20.692248200066388,,20.680364300031215,20.692248200066388,20.692248200066388,21.44366110023111,1.2666666666666666,0.7465150998905301,,,,,,,,,,,,,,,p1,001,2025-10-12_12h36.16.647,word_priming,,2025.1.1,60.39555460584366,2025-10-12 12h36.23.788203 +0530,
case,18,3,1,1.6066666666666667,1.1454651998355985,,,,,,,,,,,,1,3,18,10,,,,,21.458091900218278,,21.446727599948645,21.458091900218278,21.458091900218278,22.60812530014664,1.6066666666666667,1.1454651998355985,,,,,,,,,,,,,,,p1,001,2025-10-12_12h36.16.647,word_priming,,2025.1.1,60.39555460584366,2025-10-12 12h36.23.788203 +0530,
pastry,19,4,1,1.2533333333333334,1.0805669003166258,,,,,,,,,,,,1,4,19,9,,,,,22.62369990022853,,22.610878699924797,22.62369990022853,22.62369990022853,23.70687930006534,1.2533333333333334,1.0805669003166258,,,,,,,,,,,,,,,p1,001,2025-10-12_12h36.16.647,word_priming,,2025.1.1,60.39555460584366,2025-10-12 12h36.23.788203 +0530,
marble,20,5,1,1.5733333333333333,0.9970092000439763,,,,,,,,,,,,1,5,20,3,,,,,23.72308010002598,,23.710568100214005,23.72308010002598,23.72308010002598,24.723210300318897,1.5733333333333333,0.9970092000439763,,,,,,,,,,,,,,,p1,001,2025-10-12_12h36.16.647,word_priming,,2025.1.1,60.39555460584366,2025-10-12 12h36.23.788203 +0530,
phone,21,6,1,1.88,1.0125180999748409,,,,,,,,,,,,1,6,21,2,,,,,24.73849630029872,,24.72652620030567,24.73849630029872,24.73849630029872,25.755719400011003,1.88,1.0125180999748409,,,,,,,,,,,,,,,p1,001,2025-10-12_12h36.16.647,word_priming,,2025.1.1,60.39555460584366,2025-10-12 12h36.23.788203 +0530,
board ,22,7,1,1.74,0.9459218997508287,,,,,,,,,,,,1,7,22,4,,,,,25.77056990005076,,25.759300200268626,25.77056990005076,25.77056990005076,26.72168630035594,1.74,0.9459218997508287,,,,,,,,,,,,,,,p1,001,2025-10-12_12h36.16.647,word_priming,,2025.1.1,60.39555460584366,2025-10-12 12h36.23.788203 +0530,
cruise,23,8,1,1.74,0.662321800366044,,,,,,,,,,,,1,8,23,11,,,,,26.736281600315124,,26.725142600014806,26.736281600315124,26.736281600315124,27.40429970016703,1.74,0.662321800366044,,,,,,,,,,,,,,,p1,001,2025-10-12_12h36.16.647,word_priming,,2025.1.1,60.39555460584366,2025-10-12 12h36.23.788203 +0530,
police,24,9,1,1.74,0.6793680996634066,,,,,,,,,,,,1,9,24,12,,,,,27.41892830003053,,27.407721700146794,27.41892830003053,27.41892830003053,28.103357000276446,1.74,0.6793680996634066,,,,,,,,,,,,,,,p1,001,2025-10-12_12h36.16.647,word_priming,,2025.1.1,60.39555460584366,2025-10-12 12h36.23.788203 +0530,
chart,25,10,1,1.74,0.6298646996729076,,,,,,,,,,,,1,10,25,6,,,,,28.118276600260288,,28.106834300328046,28.118276600260288,28.118276600260288,28.751921700313687,1.74,0.6298646996729076,,,,,,,,,,,,,,,p1,001,2025-10-12_12h36.16.647,word_priming,,2025.1.1,60.39555460584366,2025-10-12 12h36.23.788203 +0530,
laptop,26,11,1,1.74,0.6145349000580609,,,,,,,,,,,,1,11,26,5,,,,,28.768147100228816,,28.754938800353557,28.768147100228816,28.768147100228816,29.38533980026841,1.74,0.6145349000580609,,,,,,,,,,,,,,,p1,001,2025-10-12_12h36.16.647,word_priming,,2025.1.1,60.39555460584366,2025-10-12 12h36.23.788203 +0530,
poster,27,12,1,1.74,0.5630290997214615,,,,,,,,,,,,1,12,27,14,,,,,29.400535700377077,,29.388681600335985,29.400535700377077,29.400535700377077,29.96731650037691,1.74,0.5630290997214615,,,,,,,,,,,,,,,p1,001,2025-10-12_12h36.16.647,word_priming,,2025.1.1,60.39555460584366,2025-10-12 12h36.23.788203 +0530,
book,28,13,1,1.74,0.6805235003121197,,,,,,,,,,,,1,13,28,0,,,,,29.983103500213474,,29.970381299965084,29.983103500213474,29.983103500213474,30.667415300384164,1.74,0.6805235003121197,,,,,,,,,,,,,,,p1,001,2025-10-12_12h36.16.647,word_priming,,2025.1.1,60.39555460584366,2025-10-12 12h36.23.788203 +0530,
cushion,29,14,1,1.74,0.563291700091213,,,,,,,,,,,,1,14,29,1,,,,,30.698854600079358,,30.670812900178134,30.698854600079358,30.698854600079358,31.250039900187403,1.74,0.563291700091213,,,,,,,,,,,,,,,p1,001,2025-10-12_12h36.16.647,word_priming,,2025.1.1,60.39555460584366,2025-10-12 12h36.23.788203 +0530,
T-shirt,30,0,2,1.74,0.9472380997613072,,,,,,,,,,,,2,0,30,7,,,,,31.265246000140905,,31.25320910010487,31.265246000140905,31.265246000140905,32.21594340028241,1.74,0.9472380997613072,,,,,,,,,,,,,,,p1,001,2025-10-12_12h36.16.647,word_priming,,2025.1.1,60.39555460584366,2025-10-12 12h36.23.788203 +0530,
mouse,31,1,2,1.74,0.6966523001901805,,,,,,,,,,,,2,1,31,8,,,,,32.231574499979615,,32.219495499972254,32.231574499979615,32.231574499979615,32.93137599993497,1.74,0.6966523001901805,,,,,,,,,,,,,,,p1,001,2025-10-12_12h36.16.647,word_priming,,2025.1.1,60.39555460584366,2025-10-12 12h36.23.788203 +0530,
marble,32,2,2,1.74,0.6814147001132369,,,,,,,,,,,,2,2,32,3,,,,,32.94686629995704,,32.93416130030528,32.94686629995704,32.94686629995704,33.63034290028736,1.74,0.6814147001132369,,,,,,,,,,,,,,,p1,001,2025-10-12_12h36.16.647,word_priming,,2025.1.1,60.39555460584366,2025-10-12 12h36.23.788203 +0530,
chart,33,3,2,1.5666666666666667,1.0302750999107957,,,,,,,,,,,,2,3,33,6,,,,,33.64615450007841,,33.63413570029661,33.64615450007841,33.64615450007841,34.68019220000133,1.5666666666666667,1.0302750999107957,,,,,,,,,,,,,,,p1,001,2025-10-12_12h36.16.647,word_priming,,2025.1.1,60.39555460584366,2025-10-12 12h36.23.788203 +0530,
keys,34,4,2,1.5666666666666667,0.5964277996681631,,,,,,,,,,,,2,4,34,13,,,,,34.69508949993178,,34.68336600018665,34.69508949993178,34.69508949993178,35.29546880023554,1.5666666666666667,0.5964277996681631,,,,,,,,,,,,,,,p1,001,2025-10-12_12h36.16.647,word_priming,,2025.1.1,60.39555460584366,2025-10-12 12h36.23.788203 +0530,
pastry,35,5,2,1.5666666666666667,0.6467418000102043,,,,,,,,,,,,2,5,35,9,,,,,35.311180599965155,,35.299008999951184,35.311180599965155,35.311180599965155,35.96166210016236,1.5666666666666667,0.6467418000102043,,,,,,,,,,,,,,,p1,001,2025-10-12_12h36.16.647,word_priming,,2025.1.1,60.39555460584366,2025-10-12 12h36.23.788203 +0530,
cruise,36,6,2,1.5666666666666667,0.6472511999309063,,,,,,,,,,,,2,6,36,11,,,,,35.97724140016362,,35.96516100037843,35.97724140016362,35.97724140016362,36.62843480007723,1.5666666666666667,0.6472511999309063,,,,,,,,,,,,,,,p1,001,2025-10-12_12h36.16.647,word_priming,,2025.1.1,60.39555460584366,2025-10-12 12h36.23.788203 +0530,
case,37,7,2,1.5666666666666667,0.6965278997085989,,,,,,,,,,,,2,7,37,10,,,,,36.643357099965215,,36.63147830031812,36.643357099965215,36.643357099965215,37.3442815002054,1.5666666666666667,0.6965278997085989,,,,,,,,,,,,,,,p1,001,2025-10-12_12h36.16.647,word_priming,,2025.1.1,60.39555460584366,2025-10-12 12h36.23.788203 +0530,
phone,38,8,2,1.5666666666666667,0.6128596998751163,,,,,,,,,,,,2,8,38,2,,,,,37.35916540026665,,37.34792770026252,37.35916540026665,37.35916540026665,37.97664050012827,1.5666666666666667,0.6128596998751163,,,,,,,,,,,,,,,p1,001,2025-10-12_12h36.16.647,word_priming,,2025.1.1,60.39555460584366,2025-10-12 12h36.23.788203 +0530,
laptop,39,9,2,1.5666666666666667,0.6633498999290168,,,,,,,,,,,,2,9,39,5,,,,,37.99189960025251,,37.98017340013757,37.99189960025251,37.99189960025251,38.65915790013969,1.5666666666666667,0.6633498999290168,,,,,,,,,,,,,,,p1,001,2025-10-12_12h36.16.647,word_priming,,2025.1.1,60.39555460584366,2025-10-12 12h36.23.788203 +0530,
police,40,10,2,1.5666666666666667,0.6304279002361,,,,,,,,,,,,2,10,40,12,,,,,38.674496800173074,,38.66256090020761,38.674496800173074,38.674496800173074,39.30909270001575,1.5666666666666667,0.6304279002361,,,,,,,,,,,,,,,p1,001,2025-10-12_12h36.16.647,word_priming,,2025.1.1,60.39555460584366,2025-10-12 12h36.23.788203 +0530,
board ,41,11,2,1.5666666666666667,0.6290540997870266,,,,,,,,,,,,2,11,41,4,,,,,39.34045530017465,,39.3127668001689,39.34045530017465,39.34045530017465,39.95769420033321,1.5666666666666667,0.6290540997870266,,,,,,,,,,,,,,,p1,001,2025-10-12_12h36.16.647,word_priming,,2025.1.1,60.39555460584366,2025-10-12 12h36.23.788203 +0530,
book,42,12,2,1.5666666666666667,0.69752709986642,,,,,,,,,,,,2,12,42,0,,,,,39.98916340013966,,39.960709100123495,39.98916340013966,39.98916340013966,40.673449700232595,1.5666666666666667,0.69752709986642,,,,,,,,,,,,,,,p1,001,2025-10-12_12h36.16.647,word_priming,,2025.1.1,60.39555460584366,2025-10-12 12h36.23.788203 +0530,
poster,43,13,2,1.5666666666666667,0.7137080999091268,,,,,,,,,,,,2,13,43,14,,,,,40.689257400110364,,40.67672160034999,40.689257400110364,40.689257400110364,41.40626160008833,1.5666666666666667,0.7137080999091268,,,,,,,,,,,,,,,p1,001,2025-10-12_12h36.16.647,word_priming,,2025.1.1,60.39555460584366,2025-10-12 12h36.23.788203 +0530,
cushion,44,14,2,1.5666666666666667,0.7134636999107897,,,,,,,,,,,,2,14,44,1,,,,,41.42214399995282,,41.409676200244576,41.42214399995282,41.42214399995282,42.139234700240195,1.5666666666666667,0.7134636999107897,,,,,,,,,,,,,,,p1,001,2025-10-12_12h36.16.647,word_priming,,2025.1.1,60.39555460584366,2025-10-12 12h36.23.788203 +0530,
board ,45,0,3,1.5666666666666667,0.6967611997388303,,,,,,,,,,,,3,0,45,4,,,,,42.1544519001618,,42.14263859996572,42.1544519001618,42.1544519001618,42.85502770030871,1.5666666666666667,0.6967611997388303,,,,,,,,,,,,,,,p1,001,2025-10-12_12h36.16.647,word_priming,,2025.1.1,60.39555460584366,2025-10-12 12h36.23.788203 +0530,
keys,46,1,3,1.5666666666666667,0.8309470000676811,,,,,,,,,,,,3,1,46,13,,,,,42.872383600100875,,42.8579024001956,42.872383600100875,42.872383600100875,43.70450850017369,1.5666666666666667,0.8309470000676811,,,,,,,,,,,,,,,p1,001,2025-10-12_12h36.16.647,word_priming,,2025.1.1,60.39555460584366,2025-10-12 12h36.23.788203 +0530,
cushion,47,2,3,1.5666666666666667,0.64704310009256,,,,,,,,,,,,3,2,47,1,,,,,43.719549800269306,,43.708008100278676,43.719549800269306,43.719549800269306,44.37063250038773,1.5666666666666667,0.64704310009256,,,,,,,,,,,,,,,p1,001,2025-10-12_12h36.16.647,word_priming,,2025.1.1,60.39555460584366,2025-10-12 12h36.23.788203 +0530,
book,48,3,3,1.5666666666666667,0.6805716999806464,,,,,,,,,,,,3,3,48,0,,,,,44.385544900316745,,44.373773800209165,44.385544900316745,44.385544900316745,45.06905509997159,1.5666666666666667,0.6805716999806464,,,,,,,,,,,,,,,p1,001,2025-10-12_12h36.16.647,word_priming,,2025.1.1,60.39555460584366,2025-10-12 12h36.23.788203 +0530,
mouse,49,4,3,1.5666666666666667,0.7975564999505877,,,,,,,,,,,,3,4,49,8,,,,,45.08494159998372,,45.07247920008376,45.08494159998372,45.08494159998372,45.88559970026836,1.5666666666666667,0.7975564999505877,,,,,,,,,,,,,,,p1,001,2025-10-12_12h36.16.647,word_priming,,2025.1.1,60.39555460584366,2025-10-12 12h36.23.788203 +0530,
case,50,5,3,1.5666666666666667,0.6963439998216927,,,,,,,,,,,,3,5,50,10,,,,,45.916835700161755,,45.88956280006096,45.916835700161755,45.916835700161755,46.601083000190556,1.5666666666666667,0.6963439998216927,,,,,,,,,,,,,,,p1,001,2025-10-12_12h36.16.647,word_priming,,2025.1.1,60.39555460584366,2025-10-12 12h36.23.788203 +0530,
poster,51,6,3,1.5666666666666667,1.0632731998339295,,,,,,,,,,,,3,6,51,14,,,,,46.616956900339574,,46.60431049996987,46.616956900339574,46.616956900339574,47.683155400212854,1.5666666666666667,1.0632731998339295,,,,,,,,,,,,,,,p1,001,2025-10-12_12h36.16.647,word_priming,,2025.1.1,60.39555460584366,2025-10-12 12h36.23.788203 +0530,
chart,52,7,3,1.5666666666666667,0.7967936997301877,,,,,,,,,,,,3,7,52,6,,,,,47.69894650019705,,47.68647720012814,47.69894650019705,47.69894650019705,48.499410199932754,1.5666666666666667,0.7967936997301877,,,,,,,,,,,,,,,p1,001,2025-10-12_12h36.16.647,word_priming,,2025.1.1,60.39555460584366,2025-10-12 12h36.23.788203 +0530,
phone,53,8,3,1.5666666666666667,0.7289990996941924,,,,,,,,,,,,3,8,53,2,,,,,48.53080750023946,,48.503532300237566,48.53080750023946,48.53080750023946,49.24846150027588,1.5666666666666667,0.7289990996941924,,,,,,,,,,,,,,,p1,001,2025-10-12_12h36.16.647,word_priming,,2025.1.1,60.39555460584366,2025-10-12 12h36.23.788203 +0530,
police,54,9,3,1.5666666666666667,0.7310815001837909,,,,,,,,,,,,3,9,54,12,,,,,49.264072000049055,,49.252144100144506,49.264072000049055,49.264072000049055,49.99856770038605,1.5666666666666667,0.7310815001837909,,,,,,,,,,,,,,,p1,001,2025-10-12_12h36.16.647,word_priming,,2025.1.1,60.39555460584366,2025-10-12 12h36.23.788203 +0530,
marble,55,10,3,1.5666666666666667,0.8125144001096487,,,,,,,,,,,,3,10,55,3,,,,,50.013374200090766,,50.001908400096,50.013374200090766,50.013374200090766,50.831076400354505,1.5666666666666667,0.8125144001096487,,,,,,,,,,,,,,,p1,001,2025-10-12_12h36.16.647,word_priming,,2025.1.1,60.39555460584366,2025-10-12 12h36.23.788203 +0530,
T-shirt,56,11,3,1.5666666666666667,0.7631940999999642,,,,,,,,,,,,3,11,56,7,,,,,50.845918599981815,,50.83450530003756,50.845918599981815,50.845918599981815,51.612679900135845,1.5666666666666667,0.7631940999999642,,,,,,,,,,,,,,,p1,001,2025-10-12_12h36.16.647,word_priming,,2025.1.1,60.39555460584366,2025-10-12 12h36.23.788203 +0530,
pastry,57,12,3,1.5666666666666667,0.6798879001289606,,,,,,,,,,,,3,12,57,9,,,,,51.628456600010395,,51.61634760024026,51.628456600010395,51.628456600010395,52.31191990012303,1.5666666666666667,0.6798879001289606,,,,,,,,,,,,,,,p1,001,2025-10-12_12h36.16.647,word_priming,,2025.1.1,60.39555460584366,2025-10-12 12h36.23.788203 +0530,
cruise,58,13,3,1.5666666666666667,0.6314236996695399,,,,,,,,,,,,3,13,58,11,,,,,52.32774590002373,,52.31511990027502,52.32774590002373,52.32774590002373,52.96141350036487,1.5666666666666667,0.6314236996695399,,,,,,,,,,,,,,,p1,001,2025-10-12_12h36.16.647,word_priming,,2025.1.1,60.39555460584366,2025-10-12 12h36.23.788203 +0530,
laptop,59,14,3,1.5666666666666667,0.6469518998637795,,,,,,,,,,,,3,14,59,5,,,,,52.97709530033171,,52.96479910006747,52.97709530033171,52.97709530033171,53.62757090013474,1.5666666666666667,0.6469518998637795,,,,,,,,,,,,,,,p1,001,2025-10-12_12h36.16.647,word_priming,,2025.1.1,60.39555460584366,2025-10-12 12h36.23.788203 +0530,
chart,60,0,4,1.5666666666666667,0.7801831997931004,,,,,,,,,,,,4,0,60,6,,,,,53.64305830001831,,53.631180100142956,53.64305830001831,53.64305830001831,54.42661790037528,1.5666666666666667,0.7801831997931004,,,,,,,,,,,,,,,p1,001,2025-10-12_12h36.16.647,word_priming,,2025.1.1,60.39555460584366,2025-10-12 12h36.23.788203 +0530,
board ,61,1,4,1.5666666666666667,0.6469239997677505,,,,,,,,,,,,4,1,61,4,,,,,54.44239560002461,,54.430298699997365,54.44239560002461,54.44239560002461,55.093293000012636,1.5666666666666667,0.6469239997677505,,,,,,,,,,,,,,,p1,001,2025-10-12_12h36.16.647,word_priming,,2025.1.1,60.39555460584366,2025-10-12 12h36.23.788203 +0530,
cushion,62,2,4,1.5666666666666667,0.8134010001085699,,,,,,,,,,,,4,2,62,1,,,,,55.10848380019888,,55.096846300177276,55.10848380019888,55.10848380019888,55.92505310010165,1.5666666666666667,0.8134010001085699,,,,,,,,,,,,,,,p1,001,2025-10-12_12h36.16.647,word_priming,,2025.1.1,60.39555460584366,2025-10-12 12h36.23.788203 +0530,
T-shirt,63,3,4,1.5666666666666667,0.6806994997896254,,,,,,,,,,,,4,3,63,7,,,,,55.94138059997931,,55.92838010005653,55.94138059997931,55.94138059997931,56.625160600058734,1.5666666666666667,0.6806994997896254,,,,,,,,,,,,,,,p1,001,2025-10-12_12h36.16.647,word_priming,,2025.1.1,60.39555460584366,2025-10-12 12h36.23.788203 +0530,
case,64,4,4,1.5666666666666667,0.9462476000189781,,,,,,,,,,,,4,4,64,10,,,,,56.64011490019038,,56.62821870017797,56.64011490019038,56.64011490019038,57.590939800255,1.5666666666666667,0.9462476000189781,,,,,,,,,,,,,,,p1,001,2025-10-12_12h36.16.647,word_priming,,2025.1.1,60.39555460584366,2025-10-12 12h36.23.788203 +0530,
phone,65,5,4,1.5666666666666667,0.5135038001462817,,,,,,,,,,,,4,5,65,2,,,,,57.60586360003799,,57.59451090032235,57.60586360003799,57.60586360003799,58.12360820034519,1.5666666666666667,0.5135038001462817,,,,,,,,,,,,,,,p1,001,2025-10-12_12h36.16.647,word_priming,,2025.1.1,60.39555460584366,2025-10-12 12h36.23.788203 +0530,
cruise,66,6,4,1.5666666666666667,0.5637222998775542,,,,,,,,,,,,4,6,66,11,,,,,58.13867310015485,,58.12692900002003,58.13867310015485,58.13867310015485,58.70649889996275,1.5666666666666667,0.5637222998775542,,,,,,,,,,,,,,,p1,001,2025-10-12_12h36.16.647,word_priming,,2025.1.1,60.39555460584366,2025-10-12 12h36.23.788203 +0530,
book,67,7,4,1.5666666666666667,0.6137614999897778,,,,,,,,,,,,4,7,67,0,,,,,58.72142830025405,,58.70954499999061,58.72142830025405,58.72142830025405,59.33870400022715,1.5666666666666667,0.6137614999897778,,,,,,,,,,,,,,,p1,001,2025-10-12_12h36.16.647,word_priming,,2025.1.1,60.39555460584366,2025-10-12 12h36.23.788203 +0530,
mouse,68,8,4,1.5666666666666667,0.563240900170058,,,,,,,,,,,,4,8,68,8,,,,,59.354116700123996,,59.34196980018169,59.354116700123996,59.354116700123996,59.92205030005425,1.5666666666666667,0.563240900170058,,,,,,,,,,,,,,,p1,001,2025-10-12_12h36.16.647,word_priming,,2025.1.1,60.39555460584366,2025-10-12 12h36.23.788203 +0530,
keys,69,9,4,1.5666666666666667,0.6299948999658227,,,,,,,,,,,,4,9,69,13,,,,,59.9369105999358,,59.92511860001832,59.9369105999358,59.9369105999358,60.57132870005444,1.5666666666666667,0.6299948999658227,,,,,,,,,,,,,,,p1,001,2025-10-12_12h36.16.647,word_priming,,2025.1.1,60.39555460584366,2025-10-12 12h36.23.788203 +0530,
pastry,70,10,4,1.5666666666666667,0.5626571998000145,,,,,,,,,,,,4,10,70,9,,,,,60.58621839992702,,60.57485630037263,60.58621839992702,60.58621839992702,61.154218200128525,1.5666666666666667,0.5626571998000145,,,,,,,,,,,,,,,p1,001,2025-10-12_12h36.16.647,word_priming,,2025.1.1,60.39555460584366,2025-10-12 12h36.23.788203 +0530,
laptop,71,11,4,1.5666666666666667,0.629347899928689,,,,,,,,,,,,4,11,71,5,,,,,61.185574300121516,,61.15796530013904,61.185574300121516,61.185574300121516,61.80262160021812,1.5666666666666667,0.629347899928689,,,,,,,,,,,,,,,p1,001,2025-10-12_12h36.16.647,word_priming,,2025.1.1,60.39555460584366,2025-10-12 12h36.23.788203 +0530,
poster,72,12,4,1.5666666666666667,0.6152841998264194,,,,,,,,,,,,4,12,72,14,,,,,61.818379499949515,,61.80594230024144,61.818379499949515,61.818379499949515,62.43542500026524,1.5666666666666667,0.6152841998264194,,,,,,,,,,,,,,,p1,001,2025-10-12_12h36.16.647,word_priming,,2025.1.1,60.39555460584366,2025-10-12 12h36.23.788203 +0530,
police,73,13,4,1.5666666666666667,0.5643191998824477,,,,,,,,,,,,4,13,73,12,,,,,62.45113980025053,,62.438881600275636,62.45113980025053,62.45113980025053,63.0190747003071,1.5666666666666667,0.5643191998824477,,,,,,,,,,,,,,,p1,001,2025-10-12_12h36.16.647,word_priming,,2025.1.1,60.39555460584366,2025-10-12 12h36.23.788203 +0530,
marble,74,14,4,1.5666666666666667,0.5969675001688302,,,,,,,,,,,,4,14,74,3,,,,,63.03380910027772,,63.022431700024754,63.03380910027772,63.03380910027772,63.63497469993308,1.5666666666666667,0.5969675001688302,,,,,,,,,,,,,,,p1,001,2025-10-12_12h36.16.647,word_priming,,2025.1.1,60.39555460584366,2025-10-12 12h36.23.788203 +0530,
mouse,75,0,5,1.5666666666666667,0.5967660001479089,,,,,,,,,,,,5,0,75,8,,,,,63.64999910024926,,63.63852690020576,63.64999910024926,63.64999910024926,64.25074770022184,1.5666666666666667,0.5967660001479089,,,,,,,,,,,,,,,p1,001,2025-10-12_12h36.16.647,word_priming,,2025.1.1,60.39555460584366,2025-10-12 12h36.23.788203 +0530,
board ,76,1,5,1.5666666666666667,0.6630671001039445,,,,,,,,,,,,5,1,76,4,,,,,64.265939200297,,64.25462010037154,64.265939200297,64.265939200297,64.93339020013809,1.5666666666666667,0.6630671001039445,,,,,,,,,,,,,,,p1,001,2025-10-12_12h36.16.647,word_priming,,2025.1.1,60.39555460584366,2025-10-12 12h36.23.788203 +0530,
phone,77,2,5,1.5666666666666667,0.6305153002031147,,,,,,,,,,,,5,2,77,2,,,,,64.94858180033043,,64.93674940010533,64.94858180033043,64.94858180033043,65.58306690026075,1.5666666666666667,0.6305153002031147,,,,,,,,,,,,,,,p1,001,2025-10-12_12h36.16.647,word_priming,,2025.1.1,60.39555460584366,2025-10-12 12h36.23.788203 +0530,
cruise,78,3,5,1.5666666666666667,0.7130876001901925,,,,,,,,,,,,5,3,78,11,,,,,65.59796690009534,,65.58645300008357,65.59796690009534,65.59796690009534,66.31563160009682,1.5666666666666667,0.7130876001901925,,,,,,,,,,,,,,,p1,001,2025-10-12_12h36.16.647,word_priming,,2025.1.1,60.39555460584366,2025-10-12 12h36.23.788203 +0530,
pastry,79,4,5,1.5666666666666667,0.4963454003445804,,,,,,,,,,,,5,4,79,9,,,,,66.33056680019945,,66.31906250026077,66.33056680019945,66.33056680019945,66.83202920015901,1.5666666666666667,0.4963454003445804,,,,,,,,,,,,,,,p1,001,2025-10-12_12h36.16.647,word_priming,,2025.1.1,60.39555460584366,2025-10-12 12h36.23.788203 +0530,
keys,80,5,5,1.5666666666666667,0.6299022999592125,,,,,,,,,,,,5,5,80,13,,,,,66.84673250000924,,66.83533050026745,66.84673250000924,66.84673250000924,67.48087790003046,1.5666666666666667,0.6299022999592125,,,,,,,,,,,,,,,p1,001,2025-10-12_12h36.16.647,word_priming,,2025.1.1,60.39555460584366,2025-10-12 12h36.23.788203 +0530,
cushion,81,6,5,1.5666666666666667,0.5802295999601483,,,,,,,,,,,,5,6,81,1,,,,,67.4961111000739,,67.48423490021378,67.4961111000739,67.4961111000739,68.0809393003583,1.5666666666666667,0.5802295999601483,,,,,,,,,,,,,,,p1,001,2025-10-12_12h36.16.647,word_priming,,2025.1.1,60.39555460584366,2025-10-12 12h36.23.788203 +0530,
chart,82,7,5,1.5666666666666667,0.7465880000963807,,,,,,,,,,,,5,7,82,6,,,,,68.09565829997882,,68.08421140024439,68.09565829997882,68.09565829997882,68.84643879998475,1.5666666666666667,0.7465880000963807,,,,,,,,,,,,,,,p1,001,2025-10-12_12h36.16.647,word_priming,,2025.1.1,60.39555460584366,2025-10-12 12h36.23.788203 +0530,
laptop,83,8,5,1.5666666666666667,0.6464646002277732,,,,,,,,,,,,5,8,83,5,,,,,68.8620128002949,,68.8494959003292,68.8620128002949,68.8620128002949,69.51259970013052,1.5666666666666667,0.6464646002277732,,,,,,,,,,,,,,,p1,001,2025-10-12_12h36.16.647,word_priming,,2025.1.1,60.39555460584366,2025-10-12 12h36.23.788203 +0530,
case,84,9,5,1.5666666666666667,0.5467439000494778,,,,,,,,,,,,5,9,84,10,,,,,69.52722509996966,,69.5160282002762,69.52722509996966,69.52722509996966,70.07862550020218,1.5666666666666667,0.5467439000494778,,,,,,,,,,,,,,,p1,001,2025-10-12_12h36.16.647,word_priming,,2025.1.1,60.39555460584366,2025-10-12 12h36.23.788203 +0530,
police,85,10,5,1.5666666666666667,0.5971710998564959,,,,,,,,,,,,5,10,85,12,,,,,70.09360270015895,,70.08209430007264,70.09360270015895,70.09360270015895,70.69485750002787,1.5666666666666667,0.5971710998564959,,,,,,,,,,,,,,,p1,001,2025-10-12_12h36.16.647,word_priming,,2025.1.1,60.39555460584366,2025-10-12 12h36.23.788203 +0530,
marble,86,11,5,1.5666666666666667,0.6794714001007378,,,,,,,,,,,,5,11,86,3,,,,,70.70984800020233,,70.69808200001717,70.70984800020233,70.70984800020233,71.39382030023262,1.5666666666666667,0.6794714001007378,,,,,,,,,,,,,,,p1,001,2025-10-12_12h36.16.647,word_priming,,2025.1.1,60.39555460584366,2025-10-12 12h36.23.788203 +0530,
T-shirt,87,12,5,1.5666666666666667,0.579965100158006,,,,,,,,,,,,5,12,87,7,,,,,71.40931549994275,,71.3971680002287,71.40931549994275,71.40931549994275,71.99275850038975,1.5666666666666667,0.579965100158006,,,,,,,,,,,,,,,p1,001,2025-10-12_12h36.16.647,word_priming,,2025.1.1,60.39555460584366,2025-10-12 12h36.23.788203 +0530,
book,88,13,5,1.5666666666666667,0.5970907998271286,,,,,,,,,,,,5,13,88,0,,,,,72.00857210019603,,71.99578440003097,72.00857210019603,72.00857210019603,72.60903300018981,1.5666666666666667,0.5970907998271286,,,,,,,,,,,,,,,p1,001,2025-10-12_12h36.16.647,word_priming,,2025.1.1,60.39555460584366,2025-10-12 12h36.23.788203 +0530,
poster,89,14,5,1.5666666666666667,0.6633474002592266,,,,,,,,,,,,5,14,89,14,,,,,72.62443009996787,,72.61281000031158,72.62443009996787,72.62443009996787,73.29156920034438,1.5666666666666667,0.6633474002592266,,,,,,,,,,,,,,,p1,001,2025-10-12_12h36.16.647,word_priming,,2025.1.1,60.39555460584366,2025-10-12 12h36.23.788203 +0530,
poster,90,0,6,1.5666666666666667,0.6165130999870598,,,,,,,,,,,,6,0,90,14,,,,,73.30789800034836,,73.29259500000626,73.30789800034836,73.30789800034836,73.92485700035468,1.5666666666666667,0.6165130999870598,,,,,,,,,,,,,,,p1,001,2025-10-12_12h36.16.647,word_priming,,2025.1.1,60.39555460584366,2025-10-12 12h36.23.788203 +0530,
laptop,91,1,6,1.5666666666666667,0.7297351001761854,,,,,,,,,,,,6,1,91,5,,,,,73.93984390003607,,73.92824040027335,73.93984390003607,73.93984390003607,74.6739495000802,1.5666666666666667,0.7297351001761854,,,,,,,,,,,,,,,p1,001,2025-10-12_12h36.16.647,word_priming,,2025.1.1,60.39555460584366,2025-10-12 12h36.23.788203 +0530,
cruise,92,2,6,1.5666666666666667,0.7796704000793397,,,,,,,,,,,,6,2,92,11,,,,,74.6889738002792,,74.67729600006714,74.6889738002792,74.6889738002792,75.4726913003251,1.5666666666666667,0.7796704000793397,,,,,,,,,,,,,,,p1,001,2025-10-12_12h36.16.647,word_priming,,2025.1.1,60.39555460584366,2025-10-12 12h36.23.788203 +0530,
cushion,93,3,6,1.46,0.9473712998442352,,,,,,,,,,,,6,3,93,1,,,,,75.48832420026883,,75.47602450009435,75.48832420026883,75.48832420026883,76.43815150018781,1.46,0.9473712998442352,,,,,,,,,,,,,,,p1,001,2025-10-12_12h36.16.647,word_priming,,2025.1.1,60.39555460584366,2025-10-12 12h36.23.788203 +0530,
board ,94,4,6,1.46,0.5979324001818895,,,,,,,,,,,,6,4,94,4,,,,,76.45393160032108,,76.44148480007425,76.45393160032108,76.45393160032108,77.05495320027694,1.46,0.5979324001818895,,,,,,,,,,,,,,,p1,001,2025-10-12_12h36.16.647,word_priming,,2025.1.1,60.39555460584366,2025-10-12 12h36.23.788203 +0530,
marble,95,5,6,1.46,0.6137636001221836,,,,,,,,,,,,6,5,95,3,,,,,77.07009880011901,,77.05826430022717,77.07009880011901,77.07009880011901,77.68780039995909,1.46,0.6137636001221836,,,,,,,,,,,,,,,p1,001,2025-10-12_12h36.16.647,word_priming,,2025.1.1,60.39555460584366,2025-10-12 12h36.23.788203 +0530,
pastry,96,6,6,1.46,0.6296780002303421,,,,,,,,,,,,6,6,96,9,,,,,77.70317310001701,,77.6909186001867,77.70317310001701,77.70317310001701,78.33745930017903,1.46,0.6296780002303421,,,,,,,,,,,,,,,p1,001,2025-10-12_12h36.16.647,word_priming,,2025.1.1,60.39555460584366,2025-10-12 12h36.23.788203 +0530,
mouse,97,7,6,1.46,0.5468762996606529,,,,,,,,,,,,6,7,97,8,,,,,78.3520384002477,,78.34093620022759,78.3520384002477,78.3520384002477,78.90227930014953,1.46,0.5468762996606529,,,,,,,,,,,,,,,p1,001,2025-10-12_12h36.16.647,word_priming,,2025.1.1,60.39555460584366,2025-10-12 12h36.23.788203 +0530,
book,98,8,6,1.46,0.6473216996528208,,,,,,,,,,,,6,8,98,0,,,,,78.91817620024085,,78.90537700010464,78.91817620024085,78.91817620024085,79.56915430026129,1.46,0.6473216996528208,,,,,,,,,,,,,,,p1,001,2025-10-12_12h36.16.647,word_priming,,2025.1.1,60.39555460584366,2025-10-12 12h36.23.788203 +0530,
chart,99,9,6,1.46,0.6633309000171721,,,,,,,,,,,,6,9,99,6,,,,,79.58446280006319,,79.57239670027047,79.58446280006319,79.58446280006319,80.25231910031289,1.46,0.6633309000171721,,,,,,,,,,,,,,,p1,001,2025-10-12_12h36.16.647,word_priming,,2025.1.1,60.39555460584366,2025-10-12 12h36.23.788203 +0530,
phone,100,10,6,1.46,0.679179800208658,,,,,,,,,,,,6,10,100,2,,,,,80.26680620014668,,80.25579870026559,80.26680620014668,80.26680620014668,80.95075049996376,1.46,0.679179800208658,,,,,,,,,,,,,,,p1,001,2025-10-12_12h36.16.647,word_priming,,2025.1.1,60.39555460584366,2025-10-12 12h36.23.788203 +0530,
keys,101,11,6,1.46,0.5802318998612463,,,,,,,,,,,,6,11,101,13,,,,,80.9661527001299,,80.95386240025982,80.9661527001299,80.9661527001299,81.54996900027618,1.46,0.5802318998612463,,,,,,,,,,,,,,,p1,001,2025-10-12_12h36.16.647,word_priming,,2025.1.1,60.39555460584366,2025-10-12 12h36.23.788203 +0530,
T-shirt,102,12,6,1.46,0.5983335003256798,,,,,,,,,,,,6,12,102,7,,,,,81.56556020025164,,81.55333960009739,81.56556020025164,81.56556020025164,82.1669911001809,1.46,0.5983335003256798,,,,,,,,,,,,,,,p1,001,2025-10-12_12h36.16.647,word_priming,,2025.1.1,60.39555460584366,2025-10-12 12h36.23.788203 +0530,
case,103,13,6,1.46,0.6131927999667823,,,,,,,,,,,,6,13,103,10,,,,,82.18178280023858,,82.16980209993199,82.18178280023858,82.18178280023858,82.79976190021262,1.46,0.6131927999667823,,,,,,,,,,,,,,,p1,001,2025-10-12_12h36.16.647,word_priming,,2025.1.1,60.39555460584366,2025-10-12 12h36.23.788203 +0530,
police,104,14,6,1.46,0.5636045997962356,,,,,,,,,,,,6,14,104,12,,,,,82.81428770022467,,82.80320140020922,82.81428770022467,82.81428770022467,83.38223360013217,1.46,0.5636045997962356,,,,,,,,,,,,,,,p1,001,2025-10-12_12h36.16.647,word_priming,,2025.1.1,60.39555460584366,2025-10-12 12h36.23.788203 +0530,
police,105,0,7,1.46,0.515333800110966,,,,,,,,,,,,7,0,105,12,,,,,83.39704299997538,,83.38335100002587,83.39704299997538,83.39704299997538,83.91476410022005,1.46,0.515333800110966,,,,,,,,,,,,,,,p1,001,2025-10-12_12h36.16.647,word_priming,,2025.1.1,60.39555460584366,2025-10-12 12h36.23.788203 +0530,
poster,106,1,7,1.46,0.7630392001010478,,,,,,,,,,,,7,1,106,14,,,,,83.94639910012484,,83.91855330020189,83.94639910012484,83.94639910012484,84.69799700006843,1.46,0.7630392001010478,,,,,,,,,,,,,,,p1,001,2025-10-12_12h36.16.647,word_priming,,2025.1.1,60.39555460584366,2025-10-12 12h36.23.788203 +0530,
board ,107,2,7,1.46,0.7460174998268485,,,,,,,,,,,,7,2,107,4,,,,,84.71246990002692,,84.70135940006003,84.71246990002692,84.71246990002692,85.46258580032736,1.46,0.7460174998268485,,,,,,,,,,,,,,,p1,001,2025-10-12_12h36.16.647,word_priming,,2025.1.1,60.39555460584366,2025-10-12 12h36.23.788203 +0530,
chart,108,3,7,1.46,0.5974301998503506,,,,,,,,,,,,7,3,108,6,,,,,85.478438900318,,85.46587159996852,85.478438900318,85.478438900318,86.07965800026432,1.46,0.5974301998503506,,,,,,,,,,,,,,,p1,001,2025-10-12_12h36.16.647,word_priming,,2025.1.1,60.39555460584366,2025-10-12 12h36.23.788203 +0530,
book,109,4,7,1.46,1.2127378000877798,,,,,,,,,,,,7,4,109,0,,,,,86.09446760034189,,86.08271470014006,86.09446760034189,86.09446760034189,87.31101950025186,1.46,1.2127378000877798,,,,,,,,,,,,,,,p1,001,2025-10-12_12h36.16.647,word_priming,,2025.1.1,60.39555460584366,2025-10-12 12h36.23.788203 +0530,
marble,110,5,7,1.46,1.0972943999804556,,,,,,,,,,,,7,5,110,3,,,,,87.32650600001216,,87.31456150021404,87.32650600001216,87.32650600001216,88.42707360023633,1.46,1.0972943999804556,,,,,,,,,,,,,,,p1,001,2025-10-12_12h36.16.647,word_priming,,2025.1.1,60.39555460584366,2025-10-12 12h36.23.788203 +0530,
pastry,111,6,7,1.46,0.7797186998650432,,,,,,,,,,,,7,6,111,9,,,,,88.44221660029143,,88.43038760032505,88.44221660029143,88.44221660029143,89.22594300005585,1.46,0.7797186998650432,,,,,,,,,,,,,,,p1,001,2025-10-12_12h36.16.647,word_priming,,2025.1.1,60.39555460584366,2025-10-12 12h36.23.788203 +0530,
mouse,112,7,7,1.46,0.6809507999569178,,,,,,,,,,,,7,7,112,8,,,,,89.25743769994006,,89.22927789995447,89.25743769994006,89.25743769994006,89.92510060034692,1.46,0.6809507999569178,,,,,,,,,,,,,,,p1,001,2025-10-12_12h36.16.647,word_priming,,2025.1.1,60.39555460584366,2025-10-12 12h36.23.788203 +0530,
keys,113,8,7,1.46,0.6646778997965157,,,,,,,,,,,,7,8,113,13,,,,,89.94094200013205,,89.92795150028542,89.94094200013205,89.94094200013205,90.60846060002223,1.46,0.6646778997965157,,,,,,,,,,,,,,,p1,001,2025-10-12_12h36.16.647,word_priming,,2025.1.1,60.39555460584366,2025-10-12 12h36.23.788203 +0530,
phone,114,9,7,1.46,0.6796451997943223,,,,,,,,,,,,7,9,114,2,,,,,90.63965520029888,,90.6121108001098,90.63965520029888,90.63965520029888,91.30738650029525,1.46,0.6796451997943223,,,,,,,,,,,,,,,p1,001,2025-10-12_12h36.16.647,word_priming,,2025.1.1,60.39555460584366,2025-10-12 12h36.23.788203 +0530,
laptop,115,10,7,1.46,0.6137316999956965,,,,,,,,,,,,7,10,115,5,,,,,91.3225834001787,,91.31067880010232,91.3225834001787,91.3225834001787,91.93996260035783,1.46,0.6137316999956965,,,,,,,,,,,,,,,p1,001,2025-10-12_12h36.16.647,word_priming,,2025.1.1,60.39555460584366,2025-10-12 12h36.23.788203 +0530,
cushion,116,11,7,1.46,0.6469680997543037,,,,,,,,,,,,7,11,116,1,,,,,91.95530349994078,,91.94332280009985,91.95530349994078,91.95530349994078,92.60592250013724,1.46,0.6469680997543037,,,,,,,,,,,,,,,p1,001,2025-10-12_12h36.16.647,word_priming,,2025.1.1,60.39555460584366,2025-10-12 12h36.23.788203 +0530,
T-shirt,117,12,7,1.46,0.6642869999632239,,,,,,,,,,,,7,12,117,7,,,,,92.62135400017723,,92.60883190017194,92.62135400017723,92.62135400017723,93.28893280029297,1.46,0.6642869999632239,,,,,,,,,,,,,,,p1,001,2025-10-12_12h36.16.647,word_priming,,2025.1.1,60.39555460584366,2025-10-12 12h36.23.788203 +0530,
cruise,118,13,7,1.46,0.6795924999751151,,,,,,,,,,,,7,13,118,11,,,,,93.30393510032445,,93.29226960008964,93.30393510032445,93.30393510032445,93.98837250005454,1.46,0.6795924999751151,,,,,,,,,,,,,,,p1,001,2025-10-12_12h36.16.647,word_priming,,2025.1.1,60.39555460584366,2025-10-12 12h36.23.788203 +0530,
case,119,14,7,1.46,0.6463752002455294,,,,,,,,,,,,7,14,119,10,,,,,94.0032719001174,,93.991394800134,94.0032719001174,94.0032719001174,94.65346630010754,1.46,0.6463752002455294,,,,,,,,,,,,,,,p1,001,2025-10-12_12h36.16.647,word_priming,,2025.1.1,60.39555460584366,2025-10-12 12h36.23.788203 +0530,
police,120,0,8,1.46,0.5815459000878036,,,,,,,,,,,,8,0,120,12,,,,,94.66934030037373,,94.6567911002785,94.66934030037373,94.66934030037373,95.25360510032624,1.46,0.5815459000878036,,,,,,,,,,,,,,,p1,001,2025-10-12_12h36.16.647,word_priming,,2025.1.1,60.39555460584366,2025-10-12 12h36.23.788203 +0530,
chart,121,1,8,1.46,0.6295296000316739,,,,,,,,,,,,8,1,121,6,,,,,95.26885380037129,,95.25677959993482,95.26885380037129,95.26885380037129,95.90301960008219,1.46,0.6295296000316739,,,,,,,,,,,,,,,p1,001,2025-10-12_12h36.16.647,word_priming,,2025.1.1,60.39555460584366,2025-10-12 12h36.23.788203 +0530,
marble,122,2,8,1.46,0.6298015997745097,,,,,,,,,,,,8,2,122,3,,,,,95.91802139999345,,95.90654450003058,95.91802139999345,95.91802139999345,96.55222439998761,1.46,0.6298015997745097,,,,,,,,,,,,,,,p1,001,2025-10-12_12h36.16.647,word_priming,,2025.1.1,60.39555460584366,2025-10-12 12h36.23.788203 +0530,
cruise,123,3,8,1.46,0.6136372000910342,,,,,,,,,,,,8,3,123,11,,,,,96.56738730007783,,96.55578120006248,96.56738730007783,96.56738730007783,97.18508980004117,1.46,0.6136372000910342,,,,,,,,,,,,,,,p1,001,2025-10-12_12h36.16.647,word_priming,,2025.1.1,60.39555460584366,2025-10-12 12h36.23.788203 +0530,
phone,124,4,8,1.46,0.6303531001321971,,,,,,,,,,,,8,4,124,2,,,,,97.20012170029804,,97.18863290036097,97.20012170029804,97.20012170029804,97.83445330010727,1.46,0.6303531001321971,,,,,,,,,,,,,,,p1,001,2025-10-12_12h36.16.647,word_priming,,2025.1.1,60.39555460584366,2025-10-12 12h36.23.788203 +0530,
laptop,125,5,8,1.46,0.6298014000058174,,,,,,,,,,,,8,5,125,5,,,,,97.84967239992693,,97.83796970034018,97.84967239992693,97.84967239992693,98.48385740024969,1.46,0.6298014000058174,,,,,,,,,,,,,,,p1,001,2025-10-12_12h36.16.647,word_priming,,2025.1.1,60.39555460584366,2025-10-12 12h36.23.788203 +0530,
book,126,6,8,1.46,0.6131779002025723,,,,,,,,,,,,8,6,126,0,,,,,98.49886819999665,,98.48695289995521,98.49886819999665,98.49886819999665,99.11622920027003,1.46,0.6131779002025723,,,,,,,,,,,,,,,p1,001,2025-10-12_12h36.16.647,word_priming,,2025.1.1,60.39555460584366,2025-10-12 12h36.23.788203 +0530,
T-shirt,127,7,8,1.46,0.563866900280118,,,,,,,,,,,,8,7,127,7,,,,,99.13150150002912,,99.11974110035226,99.13150150002912,99.13150150002912,99.69938619993627,1.46,0.563866900280118,,,,,,,,,,,,,,,p1,001,2025-10-12_12h36.16.647,word_priming,,2025.1.1,60.39555460584366,2025-10-12 12h36.23.788203 +0530,
cushion,128,8,8,1.32,1.2790060001425445,,,,,,,,,,,,8,8,128,1,,,,,99.71444190014154,,99.70283660013229,99.71444190014154,99.71444190014154,100.9977644002065,1.32,1.2790060001425445,,,,,,,,,,,,,,,p1,001,2025-10-12_12h36.16.647,word_priming,,2025.1.1,60.39555460584366,2025-10-12 12h36.23.788203 +0530,
board ,129,9,8,1.2333333333333334,0.9800965003669262,,,,,,,,,,,,8,9,129,4,,,,,101.01300440030172,,101.00109900021926,101.01300440030172,101.01300440030172,101.99697950016707,1.2333333333333334,0.9800965003669262,,,,,,,,,,,,,,,p1,001,2025-10-12_12h36.16.647,word_priming,,2025.1.1,60.39555460584366,2025-10-12 12h36.23.788203 +0530,
case,130,10,8,1.2333333333333334,0.6798412995412946,,,,,,,,,,,,8,10,130,10,,,,,102.01202969998121,,102.00032420037314,102.01202969998121,102.01202969998121,102.69552330020815,1.2333333333333334,0.6798412995412946,,,,,,,,,,,,,,,p1,001,2025-10-12_12h36.16.647,word_priming,,2025.1.1,60.39555460584366,2025-10-12 12h36.23.788203 +0530,
keys,131,11,8,1.2333333333333334,0.631273899693042,,,,,,,,,,,,8,11,131,13,,,,,102.71138110011816,,102.69872940005735,102.71138110011816,102.71138110011816,103.34589460026473,1.2333333333333334,0.631273899693042,,,,,,,,,,,,,,,p1,001,2025-10-12_12h36.16.647,word_priming,,2025.1.1,60.39555460584366,2025-10-12 12h36.23.788203 +0530,
mouse,132,12,8,1.2333333333333334,0.6127941999584436,,,,,,,,,,,,8,12,132,8,,,,,103.36072320025414,,103.34931650012732,103.36072320025414,103.36072320025414,103.97867430001497,1.2333333333333334,0.6127941999584436,,,,,,,,,,,,,,,p1,001,2025-10-12_12h36.16.647,word_priming,,2025.1.1,60.39555460584366,2025-10-12 12h36.23.788203 +0530,
poster,133,13,8,1.2333333333333334,0.5969980000518262,,,,,,,,,,,,8,13,133,14,,,,,103.99340949999169,,103.98197550000623,103.99340949999169,103.99340949999169,104.59463110007346,1.2333333333333334,0.5969980000518262,,,,,,,,,,,,,,,p1,001,2025-10-12_12h36.16.647,word_priming,,2025.1.1,60.39555460584366,2025-10-12 12h36.23.788203 +0530,
pastry,134,14,8,1.2333333333333334,0.5972439995966852,,,,,,,,,,,,8,14,134,9,,,,,104.6094951000996,,104.59794840030372,104.6094951000996,104.6094951000996,105.21086010010913,1.2333333333333334,0.5972439995966852,,,,,,,,,,,,,,,p1,001,2025-10-12_12h36.16.647,word_priming,,2025.1.1,60.39555460584366,2025-10-12 12h36.23.788203 +0530,
board ,135,0,9,1.2333333333333334,0.5463390001095831,,,,,,,,,,,,9,0,135,4,,,,,105.22569370036945,,105.21396550023928,105.22569370036945,105.22569370036945,105.77599700028077,1.2333333333333334,0.5463390001095831,,,,,,,,,,,,,,,p1,001,2025-10-12_12h36.16.647,word_priming,,2025.1.1,60.39555460584366,2025-10-12 12h36.23.788203 +0530,
T-shirt,136,1,9,1.2333333333333334,0.5970697999000549,,,,,,,,,,,,9,1,136,7,,,,,105.80817309999838,,105.77996930014342,105.80817309999838,105.80817309999838,106.39283010037616,1.2333333333333334,0.5970697999000549,,,,,,,,,,,,,,,p1,001,2025-10-12_12h36.16.647,word_priming,,2025.1.1,60.39555460584366,2025-10-12 12h36.23.788203 +0530,
chart,137,2,9,1.2333333333333334,0.630044300109148,,,,,,,,,,,,9,2,137,6,,,,,106.40784420026466,,106.39612010028213,106.40784420026466,106.40784420026466,107.04198450036347,1.2333333333333334,0.630044300109148,,,,,,,,,,,,,,,p1,001,2025-10-12_12h36.16.647,word_priming,,2025.1.1,60.39555460584366,2025-10-12 12h36.23.788203 +0530,
keys,138,3,9,1.2333333333333334,0.6797474999912083,,,,,,,,,,,,9,3,138,13,,,,,107.05703940009698,,107.04559370037168,107.05703940009698,107.05703940009698,107.74147449992597,1.2333333333333334,0.6797474999912083,,,,,,,,,,,,,,,p1,001,2025-10-12_12h36.16.647,word_priming,,2025.1.1,60.39555460584366,2025-10-12 12h36.23.788203 +0530,
pastry,139,4,9,1.2333333333333334,0.6792014995589852,,,,,,,,,,,,9,4,139,9,,,,,107.75641330005601,,107.74494150001556,107.75641330005601,107.75641330005601,108.44134620018303,1.2333333333333334,0.6792014995589852,,,,,,,,,,,,,,,p1,001,2025-10-12_12h36.16.647,word_priming,,2025.1.1,60.39555460584366,2025-10-12 12h36.23.788203 +0530,
cruise,140,5,9,1.2333333333333334,0.6794406999833882,,,,,,,,,,,,9,5,140,11,,,,,108.45582340005785,,108.44457030016929,108.45582340005785,108.45582340005785,109.14040590031072,1.2333333333333334,0.6794406999833882,,,,,,,,,,,,,,,p1,001,2025-10-12_12h36.16.647,word_priming,,2025.1.1,60.39555460584366,2025-10-12 12h36.23.788203 +0530,
cushion,141,6,9,1.2333333333333334,0.762659200001508,,,,,,,,,,,,9,6,141,1,,,,,109.1550576002337,,109.14359460026026,109.1550576002337,109.1550576002337,109.92216990003362,1.2333333333333334,0.762659200001508,,,,,,,,,,,,,,,p1,001,2025-10-12_12h36.16.647,word_priming,,2025.1.1,60.39555460584366,2025-10-12 12h36.23.788203 +0530,
police,142,7,9,1.2333333333333334,0.6795997000299394,,,,,,,,,,,,9,7,142,12,,,,,109.93753870017827,,109.9258506000042,109.93753870017827,109.93753870017827,110.62109220027924,1.2333333333333334,0.6795997000299394,,,,,,,,,,,,,,,p1,001,2025-10-12_12h36.16.647,word_priming,,2025.1.1,60.39555460584366,2025-10-12 12h36.23.788203 +0530,
case,143,8,9,1.2333333333333334,0.8148294999264181,,,,,,,,,,,,9,8,143,10,,,,,110.63688600016758,,110.62408620025963,110.63688600016758,110.63688600016758,111.45425950037315,1.2333333333333334,0.8148294999264181,,,,,,,,,,,,,,,p1,001,2025-10-12_12h36.16.647,word_priming,,2025.1.1,60.39555460584366,2025-10-12 12h36.23.788203 +0530,
mouse,144,9,9,1.2333333333333334,0.7299514999613166,,,,,,,,,,,,9,9,144,8,,,,,111.46948830038309,,111.45756980031729,111.46948830038309,111.46948830038309,112.20328290015459,1.2333333333333334,0.7299514999613166,,,,,,,,,,,,,,,p1,001,2025-10-12_12h36.16.647,word_priming,,2025.1.1,60.39555460584366,2025-10-12 12h36.23.788203 +0530,
laptop,145,10,9,1.2333333333333334,0.7636111001484096,,,,,,,,,,,,9,10,145,5,,,,,112.21863890020177,,112.20665500033647,112.21863890020177,112.21863890020177,112.98544090008363,1.2333333333333334,0.7636111001484096,,,,,,,,,,,,,,,p1,001,2025-10-12_12h36.16.647,word_priming,,2025.1.1,60.39555460584366,2025-10-12 12h36.23.788203 +0530,
poster,146,11,9,1.2333333333333334,0.7137851999141276,,,,,,,,,,,,9,11,146,14,,,,,113.00166320009157,,112.98887010011822,113.00166320009157,113.00166320009157,113.71911580022424,1.2333333333333334,0.7137851999141276,,,,,,,,,,,,,,,p1,001,2025-10-12_12h36.16.647,word_priming,,2025.1.1,60.39555460584366,2025-10-12 12h36.23.788203 +0530,
book,147,12,9,1.2333333333333334,0.6297032004222274,,,,,,,,,,,,9,12,147,0,,,,,113.73381939996034,,113.72259340016171,113.73381939996034,113.73381939996034,114.36799640022218,1.2333333333333334,0.6297032004222274,,,,,,,,,,,,,,,p1,001,2025-10-12_12h36.16.647,word_priming,,2025.1.1,60.39555460584366,2025-10-12 12h36.23.788203 +0530,
phone,148,13,9,1.2333333333333334,0.6141444998793304,,,,,,,,,,,,9,13,148,2,,,,,114.38315040012822,,114.3712490000762,114.38315040012822,114.38315040012822,115.00032280012965,1.2333333333333334,0.6141444998793304,,,,,,,,,,,,,,,p1,001,2025-10-12_12h36.16.647,word_priming,,2025.1.1,60.39555460584366,2025-10-12 12h36.23.788203 +0530,
marble,149,14,9,1.2333333333333334,0.6806807001121342,,,,,,,,,,,,9,14,149,3,,,,,115.01593030011281,,115.00396830029786,115.01593030011281,115.01593030011281,115.70020680036396,1.2333333333333334,0.6806807001121342,,,,,,,,,,,,,,,p1,001,2025-10-12_12h36.16.647,word_priming,,2025.1.1,60.39555460584366,2025-10-12 12h36.23.788203 +0530,
chart,150,0,10,1.2333333333333334,0.7465873998589814,,,,,,,,,,,,10,0,150,6,,,,,115.71540490025654,,115.70353020029142,115.71540490025654,115.71540490025654,116.46578310010955,1.2333333333333334,0.7465873998589814,,,,,,,,,,,,,,,p1,001,2025-10-12_12h36.16.647,word_priming,,2025.1.1,60.39555460584366,2025-10-12 12h36.23.788203 +0530,
keys,151,1,10,1.2333333333333334,0.6965119000524282,,,,,,,,,,,,10,1,151,13,,,,,116.48111890023574,,116.46918220026419,116.48111890023574,116.48111890023574,117.18230800004676,1.2333333333333334,0.6965119000524282,,,,,,,,,,,,,,,p1,001,2025-10-12_12h36.16.647,word_priming,,2025.1.1,60.39555460584366,2025-10-12 12h36.23.788203 +0530,
police,152,2,10,1.2333333333333334,0.6960641001351178,,,,,,,,,,,,10,2,152,12,,,,,117.21364780003205,,117.18603220023215,117.21364780003205,117.21364780003205,117.89724860014394,1.2333333333333334,0.6960641001351178,,,,,,,,,,,,,,,p1,001,2025-10-12_12h36.16.647,word_priming,,2025.1.1,60.39555460584366,2025-10-12 12h36.23.788203 +0530,
phone,153,3,10,1.2333333333333334,0.6806256999261677,,,,,,,,,,,,10,3,153,2,,,,,117.91305680014193,,117.90059720026329,117.91305680014193,117.91305680014193,118.5971880001016,1.2333333333333334,0.6806256999261677,,,,,,,,,,,,,,,p1,001,2025-10-12_12h36.16.647,word_priming,,2025.1.1,60.39555460584366,2025-10-12 12h36.23.788203 +0530,
laptop,154,4,10,1.2333333333333334,0.647068599704653,,,,,,,,,,,,10,4,154,5,,,,,118.61232600035146,,118.60053370008245,118.61232600035146,118.61232600035146,119.26269270014018,1.2333333333333334,0.647068599704653,,,,,,,,,,,,,,,p1,001,2025-10-12_12h36.16.647,word_priming,,2025.1.1,60.39555460584366,2025-10-12 12h36.23.788203 +0530,
pastry,155,5,10,1.2333333333333334,0.664257200434804,,,,,,,,,,,,10,5,155,9,,,,,119.27834700001404,,119.26599320024252,119.27834700001404,119.27834700001404,119.94517480023205,1.2333333333333334,0.664257200434804,,,,,,,,,,,,,,,p1,001,2025-10-12_12h36.16.647,word_priming,,2025.1.1,60.39555460584366,2025-10-12 12h36.23.788203 +0530,
cruise,156,6,10,1.2333333333333334,0.746232199948281,,,,,,,,,,,,10,6,156,11,,,,,119.96101690037176,,119.94920419994742,119.96101690037176,119.96101690037176,120.71178770018741,1.2333333333333334,0.746232199948281,,,,,,,,,,,,,,,p1,001,2025-10-12_12h36.16.647,word_priming,,2025.1.1,60.39555460584366,2025-10-12 12h36.23.788203 +0530,
marble,157,7,10,1.2333333333333334,0.6969900000840425,,,,,,,,,,,,10,7,157,3,,,,,120.72689410019666,,120.71512529999018,120.72689410019666,120.72689410019666,121.42697210004553,1.2333333333333334,0.6969900000840425,,,,,,,,,,,,,,,p1,001,2025-10-12_12h36.16.647,word_priming,,2025.1.1,60.39555460584366,2025-10-12 12h36.23.788203 +0530,
book,158,8,10,1.2333333333333334,0.6475574001669884,,,,,,,,,,,,10,8,158,0,,,,,121.4428968001157,,121.4300884003751,121.4428968001157,121.4428968001157,122.09401730028912,1.2333333333333334,0.6475574001669884,,,,,,,,,,,,,,,p1,001,2025-10-12_12h36.16.647,word_priming,,2025.1.1,60.39555460584366,2025-10-12 12h36.23.788203 +0530,
T-shirt,159,9,10,1.2333333333333334,0.7951969001442194,,,,,,,,,,,,10,9,159,7,,,,,122.10890130000189,,122.09774070000276,122.10890130000189,122.10890130000189,122.91017890023068,1.2333333333333334,0.7951969001442194,,,,,,,,,,,,,,,p1,001,2025-10-12_12h36.16.647,word_priming,,2025.1.1,60.39555460584366,2025-10-12 12h36.23.788203 +0530,
case,160,10,10,1.2333333333333334,1.5448614000342786,,,,,,,,,,,,10,10,160,10,,,,,122.92472600005567,,122.9133848999627,122.92472600005567,122.92472600005567,124.47496210038662,1.2333333333333334,1.5448614000342786,,,,,,,,,,,,,,,p1,001,2025-10-12_12h36.16.647,word_priming,,2025.1.1,60.39555460584366,2025-10-12 12h36.23.788203 +0530,
cushion,161,11,10,1.2333333333333334,0.6796213001944125,,,,,,,,,,,,10,11,161,1,,,,,124.48986710002646,,124.47856190009043,124.48986710002646,124.48986710002646,125.17431360017508,1.2333333333333334,0.6796213001944125,,,,,,,,,,,,,,,p1,001,2025-10-12_12h36.16.647,word_priming,,2025.1.1,60.39555460584366,2025-10-12 12h36.23.788203 +0530,
board ,162,12,10,1.2333333333333334,0.6623133001849055,,,,,,,,,,,,10,12,162,4,,,,,125.1893106000498,,125.17797509999946,125.1893106000498,125.1893106000498,125.85646250005811,1.2333333333333334,0.6623133001849055,,,,,,,,,,,,,,,p1,001,2025-10-12_12h36.16.647,word_priming,,2025.1.1,60.39555460584366,2025-10-12 12h36.23.788203 +0530,
poster,163,13,10,1.2333333333333334,0.6815622001886368,,,,,,,,,,,,10,13,163,14,,,,,125.87277790019289,,125.85944870021194,125.87277790019289,125.87277790019289,126.55539460014552,1.2333333333333334,0.6815622001886368,,,,,,,,,,,,,,,p1,001,2025-10-12_12h36.16.647,word_priming,,2025.1.1,60.39555460584366,2025-10-12 12h36.23.788203 +0530,
mouse,164,14,10,1.2333333333333334,1.063694900367409,,,,,,,,,,,,10,14,164,8,,,,,126.57138250023127,,126.558534800075,126.57138250023127,126.57138250023127,127.63848190009594,1.2333333333333334,1.063694900367409,,,,,,,,,,,,,,,p1,001,2025-10-12_12h36.16.647,word_priming,,2025.1.1,60.39555460584366,2025-10-12 12h36.23.788203 +0530,
mouse,165,0,11,1.2333333333333334,0.9321738998405635,,,,,,,,,,,,11,0,165,8,,,,,127.65379230026156,,127.63976050028577,127.65379230026156,127.65379230026156,128.5867419000715,1.2333333333333334,0.9321738998405635,,,,,,,,,,,,,,,p1,001,2025-10-12_12h36.16.647,word_priming,,2025.1.1,60.39555460584366,2025-10-12 12h36.23.788203 +0530,
chart,166,1,11,1.2333333333333334,0.7469786996953189,,,,,,,,,,,,11,1,166,6,,,,,128.60243920003995,,128.5903859003447,128.60243920003995,128.60243920003995,129.35309900017455,1.2333333333333334,0.7469786996953189,,,,,,,,,,,,,,,p1,001,2025-10-12_12h36.16.647,word_priming,,2025.1.1,60.39555460584366,2025-10-12 12h36.23.788203 +0530,
keys,167,2,11,1.2333333333333334,0.714508100412786,,,,,,,,,,,,11,2,167,13,,,,,129.3682218999602,,129.35642979992554,129.3682218999602,129.3682218999602,130.08612110000104,1.2333333333333334,0.714508100412786,,,,,,,,,,,,,,,p1,001,2025-10-12_12h36.16.647,word_priming,,2025.1.1,60.39555460584366,2025-10-12 12h36.23.788203 +0530,
cruise,168,3,11,1.2333333333333334,0.7304118000902236,,,,,,,,,,,,11,3,168,11,,,,,130.1011095000431,,130.08959829993546,130.1011095000431,130.1011095000431,130.8347853999585,1.2333333333333334,0.7304118000902236,,,,,,,,,,,,,,,p1,001,2025-10-12_12h36.16.647,word_priming,,2025.1.1,60.39555460584366,2025-10-12 12h36.23.788203 +0530,
poster,169,4,11,1.2333333333333334,0.8634736002422869,,,,,,,,,,,,11,4,169,14,,,,,130.85035640001297,,130.83813170017675,130.85035640001297,130.85035640001297,131.71780250035226,1.2333333333333334,0.8634736002422869,,,,,,,,,,,,,,,p1,001,2025-10-12_12h36.16.647,word_priming,,2025.1.1,60.39555460584366,2025-10-12 12h36.23.788203 +0530,
pastry,170,5,11,1.2333333333333334,0.928855899721384,,,,,,,,,,,,11,5,170,9,,,,,131.73270480008796,,131.7213167003356,131.73270480008796,131.73270480008796,132.66707270033658,1.2333333333333334,0.928855899721384,,,,,,,,,,,,,,,p1,001,2025-10-12_12h36.16.647,word_priming,,2025.1.1,60.39555460584366,2025-10-12 12h36.23.788203 +0530,
laptop,171,6,11,1.2333333333333334,0.7623397000133991,,,,,,,,,,,,11,6,171,5,,,,,132.68178650038317,,132.6706122001633,132.68178650038317,132.68178650038317,133.44913880014792,1.2333333333333334,0.7623397000133991,,,,,,,,,,,,,,,p1,001,2025-10-12_12h36.16.647,word_priming,,2025.1.1,60.39555460584366,2025-10-12 12h36.23.788203 +0530,
T-shirt,172,7,11,1.2333333333333334,0.6629511001519859,,,,,,,,,,,,11,7,172,7,,,,,133.46434559999034,,133.45250190002844,133.46434559999034,133.46434559999034,134.13116870028898,1.2333333333333334,0.6629511001519859,,,,,,,,,,,,,,,p1,001,2025-10-12_12h36.16.647,word_priming,,2025.1.1,60.39555460584366,2025-10-12 12h36.23.788203 +0530,
book,173,8,11,1.2333333333333334,0.7636695001274347,,,,,,,,,,,,11,8,173,0,,,,,134.14703140035272,,134.1340550002642,134.14703140035272,134.14703140035272,134.9142833002843,1.2333333333333334,0.7636695001274347,,,,,,,,,,,,,,,p1,001,2025-10-12_12h36.16.647,word_priming,,2025.1.1,60.39555460584366,2025-10-12 12h36.23.788203 +0530,
police,174,9,11,1.2333333333333334,0.6132895001210272,,,,,,,,,,,,11,9,174,12,,,,,134.9295709002763,,134.91780650010332,134.9295709002763,134.9295709002763,135.54702580021694,1.2333333333333334,0.6132895001210272,,,,,,,,,,,,,,,p1,001,2025-10-12_12h36.16.647,word_priming,,2025.1.1,60.39555460584366,2025-10-12 12h36.23.788203 +0530,
case,175,10,11,1.2333333333333334,0.5817021997645497,,,,,,,,,,,,11,10,175,10,,,,,135.56226810021326,,135.55007839994505,135.56226810021326,135.56226810021326,136.14653480006382,1.2333333333333334,0.5817021997645497,,,,,,,,,,,,,,,p1,001,2025-10-12_12h36.16.647,word_priming,,2025.1.1,60.39555460584366,2025-10-12 12h36.23.788203 +0530,
board ,176,11,11,1.2333333333333334,1.229469500016421,,,,,,,,,,,,11,11,176,4,,,,,136.1617876002565,,136.15017400030047,136.1617876002565,136.1617876002565,137.3958283001557,1.2333333333333334,1.229469500016421,,,,,,,,,,,,,,,p1,001,2025-10-12_12h36.16.647,word_priming,,2025.1.1,60.39555460584366,2025-10-12 12h36.23.788203 +0530,
marble,177,12,11,1.2333333333333334,0.6459543001838028,,,,,,,,,,,,11,12,177,3,,,,,137.4104070002213,,137.39928320003673,137.4104070002213,137.4104070002213,138.06179750012234,1.2333333333333334,0.6459543001838028,,,,,,,,,,,,,,,p1,001,2025-10-12_12h36.16.647,word_priming,,2025.1.1,60.39555460584366,2025-10-12 12h36.23.788203 +0530,
cushion,178,13,11,1.2333333333333334,0.645876900292933,,,,,,,,,,,,11,13,178,1,,,,,138.07641259999946,,138.06533330027014,138.07641259999946,138.07641259999946,138.72666770033538,1.2333333333333334,0.645876900292933,,,,,,,,,,,,,,,p1,001,2025-10-12_12h36.16.647,word_priming,,2025.1.1,60.39555460584366,2025-10-12 12h36.23.788203 +0530,
phone,179,14,11,1.2333333333333334,0.5143229998648167,,,,,,,,,,,,11,14,179,2,,,,,138.74245960032567,,138.7306232000701,138.74245960032567,138.74245960032567,139.26018849993125,1.2333333333333334,0.5143229998648167,,,,,,,,,,,,,,,p1,001,2025-10-12_12h36.16.647,word_priming,,2025.1.1,60.39555460584366,2025-10-12 12h36.23.788203 +0530,
case,180,0,12,1.2333333333333334,0.6329737999476492,,,,,,,,,,,,12,0,180,10,,,,,139.27530690003186,,139.26275470014662,139.27530690003186,139.27530690003186,139.90960460016504,1.2333333333333334,0.6329737999476492,,,,,,,,,,,,,,,p1,001,2025-10-12_12h36.16.647,word_priming,,2025.1.1,60.39555460584366,2025-10-12 12h36.23.788203 +0530,
keys,181,1,12,1.2333333333333334,0.563994400203228,,,,,,,,,,,,12,1,181,13,,,,,139.9247095999308,,139.9122637002729,139.9247095999308,139.9247095999308,140.49288470018655,1.2333333333333334,0.563994400203228,,,,,,,,,,,,,,,p1,001,2025-10-12_12h36.16.647,word_priming,,2025.1.1,60.39555460584366,2025-10-12 12h36.23.788203 +0530,
cruise,182,2,12,1.2333333333333334,0.4799883998930454,,,,,,,,,,,,12,2,182,11,,,,,140.50738320033997,,140.49637990025803,140.50738320033997,140.50738320033997,140.99228580016643,1.2333333333333334,0.4799883998930454,,,,,,,,,,,,,,,p1,001,2025-10-12_12h36.16.647,word_priming,,2025.1.1,60.39555460584366,2025-10-12 12h36.23.788203 +0530,
book,183,3,12,1.2333333333333334,0.5631748996675014,,,,,,,,,,,,12,3,183,0,,,,,141.00705340038985,,140.9956268002279,141.00705340038985,141.00705340038985,141.5747484001331,1.2333333333333334,0.5631748996675014,,,,,,,,,,,,,,,p1,001,2025-10-12_12h36.16.647,word_priming,,2025.1.1,60.39555460584366,2025-10-12 12h36.23.788203 +0530,
cushion,184,4,12,1.2333333333333334,0.38069309992715716,,,,,,,,,,,,12,4,184,1,,,,,141.58964330004528,,141.57817350002006,141.58964330004528,141.58964330004528,141.9737738003023,1.2333333333333334,0.38069309992715716,,,,,,,,,,,,,,,p1,001,2025-10-12_12h36.16.647,word_priming,,2025.1.1,60.39555460584366,2025-10-12 12h36.23.788203 +0530,
police,185,5,12,1.2333333333333334,0.29740280006080866,,,,,,,,,,,,12,5,185,12,,,,,141.98953540017828,,141.97708029998466,141.98953540017828,141.98953540017828,142.2901783999987,1.2333333333333334,0.29740280006080866,,,,,,,,,,,,,,,p1,001,2025-10-12_12h36.16.647,word_priming,,2025.1.1,60.39555460584366,2025-10-12 12h36.23.788203 +0530,
chart,186,6,12,1.2333333333333334,0.2137337001040578,,,,,,,,,,,,12,6,186,6,,,,,142.3055972000584,,142.2933390000835,142.3055972000584,142.3055972000584,142.52383430022746,1.2333333333333334,0.2137337001040578,,,,,,,,,,,,,,,p1,001,2025-10-12_12h36.16.647,word_priming,,2025.1.1,60.39555460584366,2025-10-12 12h36.23.788203 +0530,
laptop,187,7,12,1.2333333333333334,0.1965085999108851,,,,,,,,,,,,12,7,187,5,,,,,142.5387591002509,,142.5271431999281,142.5387591002509,142.5387591002509,142.74030780000612,1.2333333333333334,0.1965085999108851,,,,,,,,,,,,,,,p1,001,2025-10-12_12h36.16.647,word_priming,,2025.1.1,60.39555460584366,2025-10-12 12h36.23.788203 +0530,
board ,188,8,12,1.2333333333333334,0.21357589960098267,,,,,,,,,,,,12,8,188,4,,,,,142.7551559000276,,142.74360330030322,142.7551559000276,142.7551559000276,142.9730359003879,1.2333333333333334,0.21357589960098267,,,,,,,,,,,,,,,p1,001,2025-10-12_12h36.16.647,word_priming,,2025.1.1,60.39555460584366,2025-10-12 12h36.23.788203 +0530,
pastry,189,9,12,1.2333333333333334,0.21370160020887852,,,,,,,,,,,,12,9,189,9,,,,,142.98826920008287,,142.97637540008873,142.98826920008287,142.98826920008287,143.2061753999442,1.2333333333333334,0.21370160020887852,,,,,,,,,,,,,,,p1,001,2025-10-12_12h36.16.647,word_priming,,2025.1.1,60.39555460584366,2025-10-12 12h36.23.788203 +0530,
phone,190,10,12,1.2333333333333334,0.19804760022088885,,,,,,,,,,,,12,10,190,2,,,,,143.22136780014262,,143.20942540001124,143.22136780014262,143.22136780014262,143.4221320003271,1.2333333333333334,0.19804760022088885,,,,,,,,,,,,,,,p1,001,2025-10-12_12h36.16.647,word_priming,,2025.1.1,60.39555460584366,2025-10-12 12h36.23.788203 +0530,
marble,191,11,12,1.2333333333333334,0.4476725999265909,,,,,,,,,,,,12,11,191,3,,,,,143.43789000017568,,143.42581590032205,143.43789000017568,143.43789000017568,143.88860050030053,1.2333333333333334,0.4476725999265909,,,,,,,,,,,,,,,p1,001,2025-10-12_12h36.16.647,word_priming,,2025.1.1,60.39555460584366,2025-10-12 12h36.23.788203 +0530,
poster,192,12,12,1.2333333333333334,0.41503109969198704,,,,,,,,,,,,12,12,192,14,,,,,143.9048301000148,,143.89134520012885,143.9048301000148,143.9048301000148,144.32123900018632,1.2333333333333334,0.41503109969198704,,,,,,,,,,,,,,,p1,001,2025-10-12_12h36.16.647,word_priming,,2025.1.1,60.39555460584366,2025-10-12 12h36.23.788203 +0530,
mouse,193,13,12,1.2333333333333334,0.3986944002099335,,,,,,,,,,,,12,13,193,8,,,,,144.33694300008938,,144.32430380024016,144.33694300008938,144.33694300008938,144.7381080002524,1.2333333333333334,0.3986944002099335,,,,,,,,,,,,,,,p1,001,2025-10-12_12h36.16.647,word_priming,,2025.1.1,60.39555460584366,2025-10-12 12h36.23.788203 +0530,
T-shirt,194,14,12,1.2333333333333334,0.3971385001204908,,,,,,,,,,,,12,14,194,7,,,,,144.75333750015125,,144.7414637999609,144.75333750015125,144.75333750015125,145.15423829993233,1.2333333333333334,0.3971385001204908,,,,,,,,,,,,,,,p1,001,2025-10-12_12h36.16.647,word_priming,,2025.1.1,60.39555460584366,2025-10-12 12h36.23.788203 +0530,
mouse,195,0,13,1.2333333333333334,0.36306900018826127,,,,,,,,,,,,13,0,195,8,,,,,145.16951540019363,,145.15774659998715,145.16951540019363,145.16951540019363,145.5375462002121,1.2333333333333334,0.36306900018826127,,,,,,,,,,,,,,,p1,001,2025-10-12_12h36.16.647,word_priming,,2025.1.1,60.39555460584366,2025-10-12 12h36.23.788203 +0530,
laptop,196,1,13,1.2333333333333334,0.3306053001433611,,,,,,,,,,,,13,1,196,5,,,,,145.55225050030276,,145.54085880005732,145.55225050030276,145.55225050030276,145.8874886003323,1.2333333333333334,0.3306053001433611,,,,,,,,,,,,,,,p1,001,2025-10-12_12h36.16.647,word_priming,,2025.1.1,60.39555460584366,2025-10-12 12h36.23.788203 +0530,
cruise,197,2,13,1.2333333333333334,0.41228319983929396,,,,,,,,,,,,13,2,197,11,,,,,145.91828440036625,,145.89156160037965,145.91828440036625,145.91828440036625,146.3200544002466,1.2333333333333334,0.41228319983929396,,,,,,,,,,,,,,,p1,001,2025-10-12_12h36.16.647,word_priming,,2025.1.1,60.39555460584366,2025-10-12 12h36.23.788203 +0530,
case,198,3,13,1.2333333333333334,0.36388689978048205,,,,,,,,,,,,13,3,198,10,,,,,146.33506030030549,,146.3230699999258,146.33506030030549,146.33506030030549,146.70272340020165,1.2333333333333334,0.36388689978048205,,,,,,,,,,,,,,,p1,001,2025-10-12_12h36.16.647,word_priming,,2025.1.1,60.39555460584366,2025-10-12 12h36.23.788203 +0530,
chart,199,4,13,1.2333333333333334,0.3145641000010073,,,,,,,,,,,,13,4,199,6,,,,,146.71793960034847,,146.70612720027566,146.71793960034847,146.71793960034847,147.0361337000504,1.2333333333333334,0.3145641000010073,,,,,,,,,,,,,,,p1,001,2025-10-12_12h36.16.647,word_priming,,2025.1.1,60.39555460584366,2025-10-12 12h36.23.788203 +0530,
book,200,5,13,1.2333333333333334,0.3134128004312515,,,,,,,,,,,,13,5,200,0,,,,,147.05100780026987,,147.0390824000351,147.05100780026987,147.05100780026987,147.36869150027633,1.2333333333333334,0.3134128004312515,,,,,,,,,,,,,,,p1,001,2025-10-12_12h36.16.647,word_priming,,2025.1.1,60.39555460584366,2025-10-12 12h36.23.788203 +0530,
poster,201,6,13,1.2333333333333334,0.31361710000783205,,,,,,,,,,,,13,6,201,14,,,,,147.38399390038103,,147.372183999978,147.38399390038103,147.38399390038103,147.7015398000367,1.2333333333333334,0.31361710000783205,,,,,,,,,,,,,,,p1,001,2025-10-12_12h36.16.647,word_priming,,2025.1.1,60.39555460584366,2025-10-12 12h36.23.788203 +0530,
phone,202,7,13,1.2333333333333334,0.33050959976390004,,,,,,,,,,,,13,7,202,2,,,,,147.7168050003238,,147.7048955000937,147.7168050003238,147.7168050003238,148.0507919001393,1.2333333333333334,0.33050959976390004,,,,,,,,,,,,,,,p1,001,2025-10-12_12h36.16.647,word_priming,,2025.1.1,60.39555460584366,2025-10-12 12h36.23.788203 +0530,
police,203,8,13,1.2333333333333334,0.4318835996091366,,,,,,,,,,,,13,8,203,12,,,,,148.0666154003702,,148.05405510030687,148.0666154003702,148.0666154003702,148.5010712002404,1.2333333333333334,0.4318835996091366,,,,,,,,,,,,,,,p1,001,2025-10-12_12h36.16.647,word_priming,,2025.1.1,60.39555460584366,2025-10-12 12h36.23.788203 +0530,
T-shirt,204,9,13,1.2333333333333334,0.4639200000092387,,,,,,,,,,,,13,9,204,7,,,,,148.5161906001158,,148.50447050016373,148.5161906001158,148.5161906001158,148.9839189001359,1.2333333333333334,0.4639200000092387,,,,,,,,,,,,,,,p1,001,2025-10-12_12h36.16.647,word_priming,,2025.1.1,60.39555460584366,2025-10-12 12h36.23.788203 +0530,
keys,205,10,13,1.2333333333333334,0.3972554001957178,,,,,,,,,,,,13,10,205,13,,,,,148.999060400296,,148.98720910027623,148.999060400296,148.999060400296,149.40008980035782,1.2333333333333334,0.3972554001957178,,,,,,,,,,,,,,,p1,001,2025-10-12_12h36.16.647,word_priming,,2025.1.1,60.39555460584366,2025-10-12 12h36.23.788203 +0530,
pastry,206,11,13,1.2333333333333334,0.44756990019232035,,,,,,,,,,,,13,11,206,9,,,,,149.4153503002599,,149.4033878003247,149.4153503002599,149.4153503002599,149.86629800032824,1.2333333333333334,0.44756990019232035,,,,,,,,,,,,,,,p1,001,2025-10-12_12h36.16.647,word_priming,,2025.1.1,60.39555460584366,2025-10-12 12h36.23.788203 +0530,
board ,207,12,13,1.2333333333333334,0.5305328001268208,,,,,,,,,,,,13,12,207,4,,,,,149.88181510008872,,149.8694199002348,149.88181510008872,149.88181510008872,150.41516900015995,1.2333333333333334,0.5305328001268208,,,,,,,,,,,,,,,p1,001,2025-10-12_12h36.16.647,word_priming,,2025.1.1,60.39555460584366,2025-10-12 12h36.23.788203 +0530,
marble,208,13,13,1.2333333333333334,0.5144341997802258,,,,,,,,,,,,13,13,208,3,,,,,150.43097710004076,,150.41849509999156,150.43097710004076,150.43097710004076,150.9485182003118,1.2333333333333334,0.5144341997802258,,,,,,,,,,,,,,,p1,001,2025-10-12_12h36.16.647,word_priming,,2025.1.1,60.39555460584366,2025-10-12 12h36.23.788203 +0530,
cushion,209,14,13,1.2333333333333334,0.44681069999933243,,,,,,,,,,,,13,14,209,1,,,,,150.96374860033393,,150.95186730008572,150.96374860033393,150.96374860033393,151.41507680015638,1.2333333333333334,0.44681069999933243,,,,,,,,,,,,,,,p1,001,2025-10-12_12h36.16.647,word_priming,,2025.1.1,60.39555460584366,2025-10-12 12h36.23.788203 +0530,
laptop,210,0,14,1.2333333333333334,0.42970950016751885,,,,,,,,,,,,14,0,210,5,,,,,151.44650710001588,,151.41839900007471,151.44650710001588,151.44650710001588,151.86388250021264,1.2333333333333334,0.42970950016751885,,,,,,,,,,,,,,,p1,001,2025-10-12_12h36.16.647,word_priming,,2025.1.1,60.39555460584366,2025-10-12 12h36.23.788203 +0530,
poster,211,1,14,1.2333333333333334,0.46330830035731196,,,,,,,,,,,,14,1,211,14,,,,,151.89563210029155,,151.86762800021097,151.89563210029155,151.89563210029155,152.34739080024883,1.2333333333333334,0.46330830035731196,,,,,,,,,,,,,,,p1,001,2025-10-12_12h36.16.647,word_priming,,2025.1.1,60.39555460584366,2025-10-12 12h36.23.788203 +0530,
case,212,2,14,1.2333333333333334,0.546081299893558,,,,,,,,,,,,14,2,212,10,,,,,152.36233630031347,,152.35065239993855,152.36233630031347,152.36233630031347,152.91368530038744,1.2333333333333334,0.546081299893558,,,,,,,,,,,,,,,p1,001,2025-10-12_12h36.16.647,word_priming,,2025.1.1,60.39555460584366,2025-10-12 12h36.23.788203 +0530,
phone,213,3,14,1.2333333333333334,0.4298354000784457,,,,,,,,,,,,14,3,213,2,,,,,152.9283277001232,,152.91703280014917,152.9283277001232,152.9283277001232,153.36303080013022,1.2333333333333334,0.4298354000784457,,,,,,,,,,,,,,,p1,001,2025-10-12_12h36.16.647,word_priming,,2025.1.1,60.39555460584366,2025-10-12 12h36.23.788203 +0530,
mouse,214,4,14,1.2333333333333334,0.48036930011585355,,,,,,,,,,,,14,4,214,8,,,,,153.37800290016457,,153.36646779999137,153.37800290016457,153.37800290016457,153.86238180007786,1.2333333333333334,0.48036930011585355,,,,,,,,,,,,,,,p1,001,2025-10-12_12h36.16.647,word_priming,,2025.1.1,60.39555460584366,2025-10-12 12h36.23.788203 +0530,
cruise,215,5,14,1.2333333333333334,0.44654039992019534,,,,,,,,,,,,14,5,215,11,,,,,153.87759760022163,,153.86568710021675,153.87759760022163,153.87759760022163,154.32856790022925,1.2333333333333334,0.44654039992019534,,,,,,,,,,,,,,,p1,001,2025-10-12_12h36.16.647,word_priming,,2025.1.1,60.39555460584366,2025-10-12 12h36.23.788203 +0530,
cushion,216,6,14,1.2333333333333334,0.38084089988842607,,,,,,,,,,,,14,6,216,1,,,,,154.34376120008528,,154.3321835002862,154.34376120008528,154.34376120008528,154.7280691000633,1.2333333333333334,0.38084089988842607,,,,,,,,,,,,,,,p1,001,2025-10-12_12h36.16.647,word_priming,,2025.1.1,60.39555460584366,2025-10-12 12h36.23.788203 +0530,
marble,217,7,14,1.2333333333333334,0.3972733998671174,,,,,,,,,,,,14,7,217,3,,,,,154.74346080003306,,154.73179580038413,154.74346080003306,154.74346080003306,155.14462990034372,1.2333333333333334,0.3972733998671174,,,,,,,,,,,,,,,p1,001,2025-10-12_12h36.16.647,word_priming,,2025.1.1,60.39555460584366,2025-10-12 12h36.23.788203 +0530,
chart,218,8,14,1.2333333333333334,0.36387760005891323,,,,,,,,,,,,14,8,218,6,,,,,155.15980220027268,,155.1477109999396,155.15980220027268,155.15980220027268,155.52746730018407,1.2333333333333334,0.36387760005891323,,,,,,,,,,,,,,,p1,001,2025-10-12_12h36.16.647,word_priming,,2025.1.1,60.39555460584366,2025-10-12 12h36.23.788203 +0530,
pastry,219,9,14,1.2333333333333334,0.34686619974672794,,,,,,,,,,,,14,9,219,9,,,,,155.54256330011413,,155.53128100000322,155.54256330011413,155.54256330011413,155.89373200014234,1.2333333333333334,0.34686619974672794,,,,,,,,,,,,,,,p1,001,2025-10-12_12h36.16.647,word_priming,,2025.1.1,60.39555460584366,2025-10-12 12h36.23.788203 +0530,
keys,220,10,14,1.2333333333333334,0.34939710004255176,,,,,,,,,,,,14,10,220,13,,,,,155.90891250036657,,155.89632320031524,155.90891250036657,155.90891250036657,156.2597757000476,1.2333333333333334,0.34939710004255176,,,,,,,,,,,,,,,p1,001,2025-10-12_12h36.16.647,word_priming,,2025.1.1,60.39555460584366,2025-10-12 12h36.23.788203 +0530,
book,221,11,14,1.2333333333333334,0.39731619972735643,,,,,,,,,,,,14,11,221,0,,,,,156.27545140031725,,156.26296390034258,156.27545140031725,156.27545140031725,156.6765652000904,1.2333333333333334,0.39731619972735643,,,,,,,,,,,,,,,p1,001,2025-10-12_12h36.16.647,word_priming,,2025.1.1,60.39555460584366,2025-10-12 12h36.23.788203 +0530,
police,222,12,14,1.2333333333333334,0.34570590034127235,,,,,,,,,,,,14,12,222,12,,,,,156.70752150006592,,156.680516500026,156.70752150006592,156.70752150006592,157.04192790016532,1.2333333333333334,0.34570590034127235,,,,,,,,,,,,,,,p1,001,2025-10-12_12h36.16.647,word_priming,,2025.1.1,60.39555460584366,2025-10-12 12h36.23.788203 +0530,
board ,223,13,14,1.2333333333333334,0.3141352999955416,,,,,,,,,,,,14,13,223,4,,,,,157.0579348001629,,157.04551109997556,157.0579348001629,157.0579348001629,157.37554060015827,1.2333333333333334,0.3141352999955416,,,,,,,,,,,,,,,p1,001,2025-10-12_12h36.16.647,word_priming,,2025.1.1,60.39555460584366,2025-10-12 12h36.23.788203 +0530,
T-shirt,224,14,14,1.2333333333333334,0.39651940017938614,,,,,,,,,,,,14,14,224,7,,,,,157.3907420001924,,157.3792209001258,157.3907420001924,157.3907420001924,157.79120400035754,1.2333333333333334,0.39651940017938614,,,,,,,,,,,,,,,p1,001,2025-10-12_12h36.16.647,word_priming,,2025.1.1,60.39555460584366,2025-10-12 12h36.23.788203 +0530,
,0,0,0,,,T_hi_t,Tshirt,old ,Tshirt,"[np.float64(-0.44166666666666665), np.float64(-0.0016666666666666668), np.float64(0.01)]","[np.float64(-0.29833333333333334), np.float64(0.03333333333333333), np.float64(-0.2916666666666667)]","[1, 1, 1]","[0, 0, 0]","[0, 0, 0]","[0.18512000003829598, 2.115653000306338, 6.094968700315803]","[None, None, 'text_3']",,,,,0,0,0,2,157.82547170016915,,,,,,,,157.80710209999233,157.82547170016915,157.82547170016915,157.82547170016915,0.015906599815934896,163.9023368000053,Tshirt,"[np.float64(-0.44166666666666665), np.float64(-0.0016666666666666668), np.float64(0.01)]","[np.float64(-0.29833333333333334), np.float64(0.03333333333333333), np.float64(-0.2916666666666667)]","[1, 1, 1]","[0, 0, 0]","[0, 0, 0]","[0.18512000003829598, 2.115653000306338, 6.094968700315803]","[None, None, 'text_3']",p1,001,2025-10-12_12h36.16.647,word_priming,,2025.1.1,60.39555460584366,2025-10-12 12h36.23.788203 +0530,
,1,1,0,,,K_y_,Keys,old ,Keys,[np.float64(0.01)],[np.float64(-0.2916666666666667)],[1],[0],[0],[3.3753526997752488],['text_3'],,,,,0,1,1,8,163.917562100105,,,,,,,,163.90686749992892,163.917562100105,163.917562100105,163.917562100105,0.004323799628764391,167.28249819995835,Keys,[np.float64(0.01)],[np.float64(-0.2916666666666667)],[1],[0],[0],[3.3753526997752488],['text_3'],p1,001,2025-10-12_12h36.16.647,word_priming,,2025.1.1,60.39555460584366,2025-10-12 12h36.23.788203 +0530,
,2,2,0,,,_o_rd,Board,old ,,[np.float64(0.01)],[np.float64(-0.2916666666666667)],[1],[0],[0],[7.057053300086409],['text_3'],,,,,0,2,2,10,167.29762560036033,,,,,,,,167.28521240036935,167.29762560036033,167.29762560036033,167.29762560036033,0.0025808997452259064,174.34255040017888,,[np.float64(0.01)],[np.float64(-0.2916666666666667)],[1],[0],[0],[7.057053300086409],['text_3'],p1,001,2025-10-12_12h36.16.647,word_priming,,2025.1.1,60.39555460584366,2025-10-12 12h36.23.788203 +0530,
,3,3,0,,,v_s_,vase,new,vase,[np.float64(0.01)],[np.float64(-0.2916666666666667)],[1],[0],[0],[2.7761015999130905],['text_3'],,,,,0,3,3,17,174.3573537999764,,,,,,,,174.34667530003935,174.3573537999764,174.3573537999764,174.3573537999764,0.004005899652838707,177.12308070017025,vase,[np.float64(0.01)],[np.float64(-0.2916666666666667)],[1],[0],[0],[2.7761015999130905],['text_3'],p1,001,2025-10-12_12h36.16.647,word_priming,,2025.1.1,60.39555460584366,2025-10-12 12h36.23.788203 +0530,
,4,4,0,,,bo_t_e,bottle,new,bottle,[np.float64(0.01)],[np.float64(-0.2916666666666667)],[1],[0],[0],[5.425184200052172],['text_3'],,,,,0,4,4,18,177.13807080034167,,,,,,,,177.1258154003881,177.13807080034167,177.13807080034167,177.13807080034167,0.0026191002689301968,182.55129820015281,bottle,[np.float64(0.01)],[np.float64(-0.2916666666666667)],[1],[0],[0],[5.425184200052172],['text_3'],p1,001,2025-10-12_12h36.16.647,word_priming,,2025.1.1,60.39555460584366,2025-10-12 12h36.23.788203 +0530,
,5,5,0,,,p_nc_l,pencil,new,pencil,[np.float64(0.01)],[np.float64(-0.2916666666666667)],[1],[0],[0],[2.894227699842304],['text_3'],,,,,0,5,5,16,182.56579970009625,,,,,,,,182.5540861999616,182.56579970009625,182.56579970009625,182.56579970009625,0.0026731998659670353,185.4486229000613,pencil,[np.float64(0.01)],[np.float64(-0.2916666666666667)],[1],[0],[0],[2.894227699842304],['text_3'],p1,001,2025-10-12_12h36.16.647,word_priming,,2025.1.1,60.39555460584366,2025-10-12 12h36.23.788203 +0530,
,6,6,0,,,_ou_se,mouse,old ,mouse,[np.float64(0.01)],[np.float64(-0.2916666666666667)],[1],[0],[0],[7.8217174001038074],['text_3'],,,,,0,6,6,3,185.46311660017818,,,,,,,,185.45153820002452,185.46311660017818,185.46311660017818,185.46311660017818,0.0027992003597319126,193.2735635000281,mouse,[np.float64(0.01)],[np.float64(-0.2916666666666667)],[1],[0],[0],[7.8217174001038074],['text_3'],p1,001,2025-10-12_12h36.16.647,word_priming,,2025.1.1,60.39555460584366,2025-10-12 12h36.23.788203 +0530,
,7,7,0,,,_oo_,book,old ,book,[np.float64(0.01)],[np.float64(-0.2916666666666667)],[1],[0],[0],[3.277505800127983],['text_3'],,,,,0,7,7,13,193.28869060007855,,,,,,,,193.2761896001175,193.28869060007855,193.28869060007855,193.28869060007855,0.0025087003596127033,196.55400869995356,book,[np.float64(0.01)],[np.float64(-0.2916666666666667)],[1],[0],[0],[3.277505800127983],['text_3'],p1,001,2025-10-12_12h36.16.647,word_priming,,2025.1.1,60.39555460584366,2025-10-12 12h36.23.788203 +0530,
,8,8,0,,,l_pt_p,laptop,old ,laptop,[np.float64(0.01)],[np.float64(-0.2916666666666667)],[1],[0],[0],[3.393997900187969],['text_3'],,,,,0,8,8,0,196.56882610032335,,,,,,,,196.5566811002791,196.56882610032335,196.56882610032335,196.56882610032335,0.002557199914008379,199.95100520038977,laptop,[np.float64(0.01)],[np.float64(-0.2916666666666667)],[1],[0],[0],[3.393997900187969],['text_3'],p1,001,2025-10-12_12h36.16.647,word_priming,,2025.1.1,60.39555460584366,2025-10-12 12h36.23.788203 +0530,
,9,9,0,,,_ha_t,chart,old ,chart,[np.float64(0.01)],[np.float64(-0.2916666666666667)],[1],[0],[0],[3.6426503001712263],['text_3'],,,,,0,9,9,1,199.96546979993582,,,,,,,,199.9537603002973,199.96546979993582,199.96546979993582,199.96546979993582,0.0026386999525129795,203.59674410009757,chart,[np.float64(0.01)],[np.float64(-0.2916666666666667)],[1],[0],[0],[3.6426503001712263],['text_3'],p1,001,2025-10-12_12h36.16.647,word_priming,,2025.1.1,60.39555460584366,2025-10-12 12h36.23.788203 +0530,
,10,10,0,,,_a_bl_,Marble,old ,marble,[np.float64(0.01)],[np.float64(-0.2916666666666667)],[1],[0],[0],[5.025483699981123],['text_3'],,,,,0,10,10,11,203.61164190014824,,,,,,,,203.5994478003122,203.61164190014824,203.61164190014824,203.61164190014824,0.0025844997726380825,208.62526840018108,marble,[np.float64(0.01)],[np.float64(-0.2916666666666667)],[1],[0],[0],[5.025483699981123],['text_3'],p1,001,2025-10-12_12h36.16.647,word_priming,,2025.1.1,60.39555460584366,2025-10-12 12h36.23.788203 +0530,
,11,11,0,,,c_m_ra,camera,new,camera,[np.float64(0.01)],[np.float64(-0.2916666666666667)],[1],[0],[0],[4.708478599786758],['text_3'],,,,,0,11,11,19,208.64034260017797,,,,,,,,208.627961399965,208.64034260017797,208.64034260017797,208.64034260017797,0.0025774999521672726,213.33678160002455,camera,[np.float64(0.01)],[np.float64(-0.2916666666666667)],[1],[0],[0],[4.708478599786758],['text_3'],p1,001,2025-10-12_12h36.16.647,word_priming,,2025.1.1,60.39555460584366,2025-10-12 12h36.23.788203 +0530,
,12,12,0,,,c_s_,case,old ,case,[np.float64(0.01)],[np.float64(-0.2916666666666667)],[1],[0],[0],[2.761126700323075],['text_3'],,,,,0,12,12,5,213.35218180017546,,,,,,,,213.339156600181,213.35218180017546,213.35218180017546,213.35218180017546,0.002257599961012602,216.1006289003417,case,[np.float64(0.01)],[np.float64(-0.2916666666666667)],[1],[0],[0],[2.761126700323075],['text_3'],p1,001,2025-10-12_12h36.16.647,word_priming,,2025.1.1,60.39555460584366,2025-10-12 12h36.23.788203 +0530,
,13,13,0,,,ta_l_,table,new,table,[np.float64(0.01)],[np.float64(-0.2916666666666667)],[1],[0],[0],[4.143338099587709],['text_3'],,,,,0,13,13,15,216.11622540000826,,,,,,,,216.10332270013168,216.11622540000826,216.11622540000826,216.11622540000826,0.0025784000754356384,220.2470141001977,table,[np.float64(0.01)],[np.float64(-0.2916666666666667)],[1],[0],[0],[4.143338099587709],['text_3'],p1,001,2025-10-12_12h36.16.647,word_priming,,2025.1.1,60.39555460584366,2025-10-12 12h36.23.788203 +0530,
,14,14,0,,,_ru_s_,cruise,old ,cruise,[np.float64(0.01)],[np.float64(-0.2916666666666667)],[1],[0],[0],[3.7930223997682333],['text_3'],,,,,0,14,14,6,220.26213940000162,,,,,,,,220.24987270031124,220.26213940000162,220.26213940000162,220.26213940000162,0.002744300290942192,224.04326019994915,cruise,[np.float64(0.01)],[np.float64(-0.2916666666666667)],[1],[0],[0],[3.7930223997682333],['text_3'],p1,001,2025-10-12_12h36.16.647,word_priming,,2025.1.1,60.39555460584366,2025-10-12 12h36.23.788203 +0530,
,15,15,0,,,P_li_e,Police,old ,police,[np.float64(0.01)],[np.float64(-0.2916666666666667)],[1],[0],[0],[2.892302699852735],['text_3'],,,,,0,15,15,7,224.07405790034682,,,,,,,,224.04813560005277,224.07405790034682,224.07405790034682,224.07405790034682,0.004763500299304724,226.94080750038847,police,[np.float64(0.01)],[np.float64(-0.2916666666666667)],[1],[0],[0],[2.892302699852735],['text_3'],p1,001,2025-10-12_12h36.16.647,word_priming,,2025.1.1,60.39555460584366,2025-10-12 12h36.23.788203 +0530,
,16,16,0,,,_ho_e,Phone,old ,phone,[np.float64(0.01)],[np.float64(-0.2916666666666667)],[1],[0],[0],[8.322340200189501],['text_3'],,,,,0,16,16,12,226.95552990026772,,,,,,,,226.9435884002596,226.95552990026772,226.95552990026772,226.95552990026772,0.0026676999405026436,235.26631470024586,phone,[np.float64(0.01)],[np.float64(-0.2916666666666667)],[1],[0],[0],[8.322340200189501],['text_3'],p1,001,2025-10-12_12h36.16.647,word_priming,,2025.1.1,60.39555460584366,2025-10-12 12h36.23.788203 +0530,
,17,17,0,,,P_str_,pastry,old ,pastry,[np.float64(0.01)],[np.float64(-0.2916666666666667)],[1],[0],[0],[3.1763510000891984],['text_3'],,,,,0,17,17,4,235.28055910021067,,,,,,,,235.26908410014585,235.28055910021067,235.28055910021067,235.28055910021067,0.002640599850565195,238.4458218002692,pastry,[np.float64(0.01)],[np.float64(-0.2916666666666667)],[1],[0],[0],[3.1763510000891984],['text_3'],p1,001,2025-10-12_12h36.16.647,word_priming,,2025.1.1,60.39555460584366,2025-10-12 12h36.23.788203 +0530,
,18,18,0,,,P_st_r,Poster,old ,poster,[np.float64(0.01)],[np.float64(-0.2916666666666667)],[1],[0],[0],[5.95722009986639],['text_3'],,,,,0,18,18,9,238.46076120017096,,,,,,,,238.4485695003532,238.46076120017096,238.46076120017096,238.46076120017096,0.0026205996982753277,244.40617630025372,poster,[np.float64(0.01)],[np.float64(-0.2916666666666667)],[1],[0],[0],[5.95722009986639],['text_3'],p1,001,2025-10-12_12h36.16.647,word_priming,,2025.1.1,60.39555460584366,2025-10-12 12h36.23.788203 +0530,
,19,19,0,,,c_s_io_,cushion,old ,cushion,[np.float64(0.01)],[np.float64(-0.2916666666666667)],[1],[0],[0],[4.758834899868816],['text_3'],,,,,0,19,19,14,244.42162450030446,,,,,,,,244.4088938999921,244.42162450030446,244.42162450030446,244.42162450030446,0.0025909999385476112,249.1681270999834,cushion,[np.float64(0.01)],[np.float64(-0.2916666666666667)],[1],[0],[0],[4.758834899868816],['text_3'],p1,001,2025-10-12_12h36.16.647,word_priming,,2025.1.1,60.39555460584366,2025-10-12 12h36.23.788203 +0530,
,20,0,1,,,v_s_,vase,new,vase,[np.float64(0.01)],[np.float64(-0.2916666666666667)],[1],[0],[0],[2.8783788001164794],['text_3'],,,,,1,0,20,17,249.18364310031757,,,,,,,,249.17049010004848,249.18364310031757,249.18364310031757,249.18364310031757,0.002248600125312805,252.04926470015198,vase,[np.float64(0.01)],[np.float64(-0.2916666666666667)],[1],[0],[0],[2.8783788001164794],['text_3'],p1,001,2025-10-12_12h36.16.647,word_priming,,2025.1.1,60.39555460584366,2025-10-12 12h36.23.788203 +0530,
,21,1,1,,,_ru_s_,cruise,old ,cruise,[np.float64(0.01)],[np.float64(-0.2916666666666667)],[1],[0],[0],[4.043062000069767],['text_3'],,,,,1,1,21,6,252.06409050012007,,,,,,,,252.0523058003746,252.06409050012007,252.06409050012007,252.06409050012007,0.0029251002706587315,256.0957757001743,cruise,[np.float64(0.01)],[np.float64(-0.2916666666666667)],[1],[0],[0],[4.043062000069767],['text_3'],p1,001,2025-10-12_12h36.16.647,word_priming,,2025.1.1,60.39555460584366,2025-10-12 12h36.23.788203 +0530,
,22,2,1,,,c_s_io_,cushion,old ,cushion,[np.float64(0.01)],[np.float64(-0.2916666666666667)],[1],[0],[0],[3.991893599741161],['text_3'],,,,,1,2,22,14,256.1262870002538,,,,,,,,256.0987272001803,256.1262870002538,256.1262870002538,256.1262870002538,0.002836700063198805,260.0910469000228,cushion,[np.float64(0.01)],[np.float64(-0.2916666666666667)],[1],[0],[0],[3.991893599741161],['text_3'],p1,001,2025-10-12_12h36.16.647,word_priming,,2025.1.1,60.39555460584366,2025-10-12 12h36.23.788203 +0530,
,23,3,1,,,T_hi_t,Tshirt,old ,tshirt,[np.float64(0.01)],[np.float64(-0.2916666666666667)],[1],[0],[0],[4.642488100100309],['text_3'],,,,,1,3,23,2,260.1061696000397,,,,,,,,260.09376229997724,260.1061696000397,260.1061696000397,260.1061696000397,0.0026018000207841396,264.7366769001819,tshirt,[np.float64(0.01)],[np.float64(-0.2916666666666667)],[1],[0],[0],[4.642488100100309],['text_3'],p1,001,2025-10-12_12h36.16.647,word_priming,,2025.1.1,60.39555460584366,2025-10-12 12h36.23.788203 +0530,
,24,4,1,,,K_y_,Keys,old ,keys,[np.float64(0.01)],[np.float64(-0.2916666666666667)],[1],[0],[0],[2.8433205001056194],['text_3'],,,,,1,4,24,8,264.75155290029943,,,,,,,,264.7392715001479,264.75155290029943,264.75155290029943,264.75155290029943,0.002482800278812647,267.58306840015575,keys,[np.float64(0.01)],[np.float64(-0.2916666666666667)],[1],[0],[0],[2.8433205001056194],['text_3'],p1,001,2025-10-12_12h36.16.647,word_priming,,2025.1.1,60.39555460584366,2025-10-12 12h36.23.788203 +0530,
,25,5,1,,,P_str_,pastry,old ,pastry,[np.float64(0.01)],[np.float64(-0.2916666666666667)],[1],[0],[0],[3.2601830000057817],['text_3'],,,,,1,5,25,4,267.59889370016754,,,,,,,,267.5862897001207,267.59889370016754,267.59889370016754,267.59889370016754,0.0030872998759150505,270.8471073000692,pastry,[np.float64(0.01)],[np.float64(-0.2916666666666667)],[1],[0],[0],[3.2601830000057817],['text_3'],p1,001,2025-10-12_12h36.16.647,word_priming,,2025.1.1,60.39555460584366,2025-10-12 12h36.23.788203 +0530,
,26,6,1,,,c_s_,case,old ,case,[np.float64(0.01)],[np.float64(-0.2916666666666667)],[1],[0],[0],[2.3106194003485143],['text_3'],,,,,1,6,26,5,270.8622471000999,,,,,,,,270.85021470021456,270.8622471000999,270.8622471000999,270.8622471000999,0.0028989999555051327,273.1612486001104,case,[np.float64(0.01)],[np.float64(-0.2916666666666667)],[1],[0],[0],[2.3106194003485143],['text_3'],p1,001,2025-10-12_12h36.16.647,word_priming,,2025.1.1,60.39555460584366,2025-10-12 12h36.23.788203 +0530,
,27,7,1,,,p_nc_l,pencil,new,pencil,[np.float64(0.01)],[np.float64(-0.2916666666666667)],[1],[0],[0],[4.893725499976426],['text_3'],,,,,1,7,27,16,273.1766786002554,,,,,,,,273.16360320011154,273.1766786002554,273.1766786002554,273.1766786002554,0.0022571003064513206,278.05776320025325,pencil,[np.float64(0.01)],[np.float64(-0.2916666666666667)],[1],[0],[0],[4.893725499976426],['text_3'],p1,001,2025-10-12_12h36.16.647,word_priming,,2025.1.1,60.39555460584366,2025-10-12 12h36.23.788203 +0530,
,28,8,1,,,P_st_r,Poster,old ,pastry,[np.float64(0.01)],[np.float64(-0.2916666666666667)],[1],[0],[0],[5.240775600075722],['text_3'],,,,,1,8,28,9,278.0716849002056,,,,,,,,278.0606746999547,278.0716849002056,278.0716849002056,278.0716849002056,0.002800299786031246,283.30193260032684,pastry,[np.float64(0.01)],[np.float64(-0.2916666666666667)],[1],[0],[0],[5.240775600075722],['text_3'],p1,001,2025-10-12_12h36.16.647,word_priming,,2025.1.1,60.39555460584366,2025-10-12 12h36.23.788203 +0530,
,29,9,1,,,_a_bl_,Marble,old ,marble,[np.float64(0.01)],[np.float64(-0.2916666666666667)],[1],[0],[0],[5.074816300068051],['text_3'],,,,,1,9,29,11,283.31657130038366,,,,,,,,283.3046575002372,283.31657130038366,283.31657130038366,283.31657130038366,0.0026060999371111393,288.37993609998375,marble,[np.float64(0.01)],[np.float64(-0.2916666666666667)],[1],[0],[0],[5.074816300068051],['text_3'],p1,001,2025-10-12_12h36.16.647,word_priming,,2025.1.1,60.39555460584366,2025-10-12 12h36.23.788203 +0530,
,30,10,1,,,bo_t_e,bottle,new,bottle,[np.float64(0.01)],[np.float64(-0.2916666666666667)],[1],[0],[0],[3.626773400232196],['text_3'],,,,,1,10,30,18,288.3949872003868,,,,,,,,288.3826158000156,288.3949872003868,288.3949872003868,288.3949872003868,0.002553599886596203,292.0098526002839,bottle,[np.float64(0.01)],[np.float64(-0.2916666666666667)],[1],[0],[0],[3.626773400232196],['text_3'],p1,001,2025-10-12_12h36.16.647,word_priming,,2025.1.1,60.39555460584366,2025-10-12 12h36.23.788203 +0530,
,31,11,1,,,_ho_e,Phone,old ,phone,[np.float64(0.01)],[np.float64(-0.2916666666666667)],[1],[0],[0],[6.756174799986184],['text_3'],,,,,1,11,31,12,292.0246023000218,,,,,,,,292.01277370005846,292.0246023000218,292.0246023000218,292.0246023000218,0.0028156000189483166,298.76944010006264,phone,[np.float64(0.01)],[np.float64(-0.2916666666666667)],[1],[0],[0],[6.756174799986184],['text_3'],p1,001,2025-10-12_12h36.16.647,word_priming,,2025.1.1,60.39555460584366,2025-10-12 12h36.23.788203 +0530,
,32,12,1,,,_oo_,book,old ,book,[np.float64(0.01)],[np.float64(-0.2916666666666667)],[1],[0],[0],[2.79507609969005],['text_3'],,,,,1,12,32,13,298.7845997000113,,,,,,,,298.77182790031657,298.7845997000113,298.7845997000113,298.7845997000113,0.0022629001177847385,301.56738050002605,book,[np.float64(0.01)],[np.float64(-0.2916666666666667)],[1],[0],[0],[2.79507609969005],['text_3'],p1,001,2025-10-12_12h36.16.647,word_priming,,2025.1.1,60.39555460584366,2025-10-12 12h36.23.788203 +0530,
,33,13,1,,,_o_rd,Board,old ,,[np.float64(0.01)],[np.float64(-0.2916666666666667)],[1],[0],[0],[4.941613300237805],['text_3'],,,,,1,13,33,10,301.5818513999693,,,,,,,,301.5700544002466,301.5818513999693,301.5818513999693,301.5818513999693,0.0025601000525057316,306.51214649993926,,[np.float64(0.01)],[np.float64(-0.2916666666666667)],[1],[0],[0],[4.941613300237805],['text_3'],p1,001,2025-10-12_12h36.16.647,word_priming,,2025.1.1,60.39555460584366,2025-10-12 12h36.23.788203 +0530,
,34,14,1,,,_ha_t,chart,old ,chart,[np.float64(0.01)],[np.float64(-0.2916666666666667)],[1],[0],[0],[3.459416599944234],['text_3'],,,,,1,14,34,1,306.5270393001847,,,,,,,,306.51490850001574,306.5270393001847,306.5270393001847,306.5270393001847,0.002644999884068966,309.97482170024887,chart,[np.float64(0.01)],[np.float64(-0.2916666666666667)],[1],[0],[0],[3.459416599944234],['text_3'],p1,001,2025-10-12_12h36.16.647,word_priming,,2025.1.1,60.39555460584366,2025-10-12 12h36.23.788203 +0530,
,35,15,1,,,l_pt_p,laptop,old ,laptop,[np.float64(0.01)],[np.float64(-0.2916666666666667)],[1],[0],[0],[3.8107623998075724],['text_3'],,,,,1,15,35,0,309.99026150023565,,,,,,,,309.9776182002388,309.99026150023565,309.99026150023565,309.99026150023565,0.0026839999482035637,313.78887950023636,laptop,[np.float64(0.01)],[np.float64(-0.2916666666666667)],[1],[0],[0],[3.8107623998075724],['text_3'],p1,001,2025-10-12_12h36.16.647,word_priming,,2025.1.1,60.39555460584366,2025-10-12 12h36.23.788203 +0530,
,36,16,1,,,c_m_ra,camera,new,camera,[np.float64(0.01)],[np.float64(-0.2916666666666667)],[1],[0],[0],[3.076528700068593],['text_3'],,,,,1,16,36,19,313.80320800002664,,,,,,,,313.7916240999475,313.80320800002664,313.80320800002664,313.80320800002664,0.0026308000087738037,316.8686561002396,camera,[np.float64(0.01)],[np.float64(-0.2916666666666667)],[1],[0],[0],[3.076528700068593],['text_3'],p1,001,2025-10-12_12h36.16.647,word_priming,,2025.1.1,60.39555460584366,2025-10-12 12h36.23.788203 +0530,
,37,17,1,,,P_li_e,Police,old ,police,[np.float64(0.01)],[np.float64(-0.2916666666666667)],[1],[0],[0],[2.9434933001175523],['text_3'],,,,,1,17,37,7,316.883550000377,,,,,,,,316.87137620011345,316.883550000377,316.883550000377,316.883550000377,0.0026064999401569366,319.8153768000193,police,[np.float64(0.01)],[np.float64(-0.2916666666666667)],[1],[0],[0],[2.9434933001175523],['text_3'],p1,001,2025-10-12_12h36.16.647,word_priming,,2025.1.1,60.39555460584366,2025-10-12 12h36.23.788203 +0530,
,38,18,1,,,_ou_se,mouse,old ,mouse,[np.float64(0.01)],[np.float64(-0.2916666666666667)],[1],[0],[0],[5.208172500133514],['text_3'],,,,,1,18,38,3,319.83059780020267,,,,,,,,319.81805710028857,319.83059780020267,319.83059780020267,319.83059780020267,0.002562700305134058,325.02673440007493,mouse,[np.float64(0.01)],[np.float64(-0.2916666666666667)],[1],[0],[0],[5.208172500133514],['text_3'],p1,001,2025-10-12_12h36.16.647,word_priming,,2025.1.1,60.39555460584366,2025-10-12 12h36.23.788203 +0530,
,39,19,1,,,ta_l_,table,new,table,[np.float64(0.01)],[np.float64(-0.2916666666666667)],[1],[0],[0],[4.642023399937898],['text_3'],,,,,1,19,39,15,325.0421142000705,,,,,,,,325.02961680013686,325.0421142000705,325.0421142000705,325.0421142000705,0.002765599638223648,329.67215980030596,table,[np.float64(0.01)],[np.float64(-0.2916666666666667)],[1],[0],[0],[4.642023399937898],['text_3'],p1,001,2025-10-12_12h36.16.647,word_priming,,2025.1.1,60.39555460584366,2025-10-12 12h36.23.788203 +0530,
,40,0,2,,,_o_rd,Board,old ,,[np.float64(0.01)],[np.float64(-0.2916666666666667)],[1],[0],[0],[2.0943044000305235],['text_3'],,,,,2,0,40,10,329.68741040024906,,,,,,,,329.6748207001947,329.68741040024906,329.68741040024906,329.68741040024906,0.002537399996072054,331.76965330028906,,[np.float64(0.01)],[np.float64(-0.2916666666666667)],[1],[0],[0],[2.0943044000305235],['text_3'],p1,001,2025-10-12_12h36.16.647,word_priming,,2025.1.1,60.39555460584366,2025-10-12 12h36.23.788203 +0530,
,41,1,2,,,_ho_e,Phone,old ,phone,[np.float64(-0.043333333333333335)],[np.float64(-0.30333333333333334)],[1],[0],[0],[7.208351799752563],['text_3'],,,,,2,1,41,12,331.785396900028,,,,,,,,331.77234280016273,331.785396900028,331.785396900028,331.785396900028,0.0025727003812789917,338.981228900142,phone,[np.float64(-0.043333333333333335)],[np.float64(-0.30333333333333334)],[1],[0],[0],[7.208351799752563],['text_3'],p1,001,2025-10-12_12h36.16.647,word_priming,,2025.1.1,60.39555460584366,2025-10-12 12h36.23.788203 +0530,
,42,2,2,,,l_pt_p,laptop,old ,laptop,[np.float64(-0.043333333333333335)],[np.float64(-0.30333333333333334)],[1],[0],[0],[4.20812699990347],['text_3'],,,,,2,2,42,0,338.9949658000842,,,,,,,,338.9841784001328,338.9949658000842,338.9949658000842,338.9949658000842,0.002834899816662073,343.19283540034667,laptop,[np.float64(-0.043333333333333335)],[np.float64(-0.30333333333333334)],[1],[0],[0],[4.20812699990347],['text_3'],p1,001,2025-10-12_12h36.16.647,word_priming,,2025.1.1,60.39555460584366,2025-10-12 12h36.23.788203 +0530,
,43,3,2,,,P_str_,pastry,old ,pastry,[np.float64(-0.043333333333333335)],[np.float64(-0.30333333333333334)],[1],[0],[0],[3.7592372000217438],['text_3'],,,,,2,3,43,4,343.2075092000887,,,,,,,,343.19555689999834,343.2075092000887,343.2075092000887,343.2075092000887,0.002605999819934368,346.9553313003853,pastry,[np.float64(-0.043333333333333335)],[np.float64(-0.30333333333333334)],[1],[0],[0],[3.7592372000217438],['text_3'],p1,001,2025-10-12_12h36.16.647,word_priming,,2025.1.1,60.39555460584366,2025-10-12 12h36.23.788203 +0530,
,44,4,2,,,c_m_ra,camera,new,camera,[np.float64(-0.043333333333333335)],[np.float64(-0.30333333333333334)],[1],[0],[0],[3.8596002003178],['text_3'],,,,,2,4,44,19,346.970415700227,,,,,,,,346.9582903999835,346.970415700227,346.970415700227,346.970415700227,0.002845499664545059,350.81843390036374,camera,[np.float64(-0.043333333333333335)],[np.float64(-0.30333333333333334)],[1],[0],[0],[3.8596002003178],['text_3'],p1,001,2025-10-12_12h36.16.647,word_priming,,2025.1.1,60.39555460584366,2025-10-12 12h36.23.788203 +0530,
,45,5,2,,,p_nc_l,pencil,new,pencil,[np.float64(-0.043333333333333335)],[np.float64(-0.30333333333333334)],[1],[0],[0],[5.0929411998949945],['text_3'],,,,,2,5,45,16,350.8333355002105,,,,,,,,350.8211272000335,350.8333355002105,350.8333355002105,350.8333355002105,0.00257789995521307,355.91464350000024,pencil,[np.float64(-0.043333333333333335)],[np.float64(-0.30333333333333334)],[1],[0],[0],[5.0929411998949945],['text_3'],p1,001,2025-10-12_12h36.16.647,word_priming,,2025.1.1,60.39555460584366,2025-10-12 12h36.23.788203 +0530,
,46,6,2,,,P_li_e,Police,old ,police,[np.float64(-0.043333333333333335)],[np.float64(-0.30333333333333334)],[1],[0],[0],[3.574823800008744],['text_3'],,,,,2,6,46,7,355.92833330016583,,,,,,,,355.9172498001717,355.92833330016583,355.92833330016583,355.92833330016583,0.002494999673217535,359.49263110011816,police,[np.float64(-0.043333333333333335)],[np.float64(-0.30333333333333334)],[1],[0],[0],[3.574823800008744],['text_3'],p1,001,2025-10-12_12h36.16.647,word_priming,,2025.1.1,60.39555460584366,2025-10-12 12h36.23.788203 +0530,
,47,7,2,,,c_s_io_,cushion,old ,cushion,[np.float64(-0.043333333333333335)],[np.float64(-0.30333333333333334)],[1],[0],[0],[4.17608330026269],['text_3'],,,,,2,7,47,14,359.50808780035004,,,,,,,,359.4953360003419,359.50808780035004,359.50808780035004,359.50808780035004,0.0025885002687573433,363.6720040999353,cushion,[np.float64(-0.043333333333333335)],[np.float64(-0.30333333333333334)],[1],[0],[0],[4.17608330026269],['text_3'],p1,001,2025-10-12_12h36.16.647,word_priming,,2025.1.1,60.39555460584366,2025-10-12 12h36.23.788203 +0530,
,48,8,2,,,T_hi_t,Tshirt,old ,tshirt,[np.float64(-0.043333333333333335)],[np.float64(-0.30333333333333334)],[1],[0],[0],[4.209494000300765],['text_3'],,,,,2,8,48,2,363.68730610003695,,,,,,,,363.67468470009044,363.68730610003695,363.68730610003695,363.68730610003695,0.0025633997283875942,367.8847958003171,tshirt,[np.float64(-0.043333333333333335)],[np.float64(-0.30333333333333334)],[1],[0],[0],[4.209494000300765],['text_3'],p1,001,2025-10-12_12h36.16.647,word_priming,,2025.1.1,60.39555460584366,2025-10-12 12h36.23.788203 +0530,
,49,9,2,,,bo_t_e,bottle,new,bottle,[np.float64(-0.043333333333333335)],[np.float64(-0.30333333333333334)],[1],[0],[0],[4.042534300126135],['text_3'],,,,,2,9,49,18,367.91594230011106,,,,,,,,367.88814140018076,367.91594230011106,367.91594230011106,367.91594230011106,0.003184900153428316,371.9312671003863,bottle,[np.float64(-0.043333333333333335)],[np.float64(-0.30333333333333334)],[1],[0],[0],[4.042534300126135],['text_3'],p1,001,2025-10-12_12h36.16.647,word_priming,,2025.1.1,60.39555460584366,2025-10-12 12h36.23.788203 +0530,
,50,10,2,,,_ru_s_,cruise,old ,cruise,[np.float64(-0.043333333333333335)],[np.float64(-0.30333333333333334)],[1],[0],[0],[3.6097159003838897],['text_3'],,,,,2,10,50,6,371.94578000018373,,,,,,,,371.934179100208,371.94578000018373,371.94578000018373,371.94578000018373,0.0027979002334177494,375.54449130035937,cruise,[np.float64(-0.043333333333333335)],[np.float64(-0.30333333333333334)],[1],[0],[0],[3.6097159003838897],['text_3'],p1,001,2025-10-12_12h36.16.647,word_priming,,2025.1.1,60.39555460584366,2025-10-12 12h36.23.788203 +0530,
,51,11,2,,,P_st_r,Poster,old ,pastry,[np.float64(-0.043333333333333335)],[np.float64(-0.30333333333333334)],[1],[0],[0],[3.0759242000058293],['text_3'],,,,,2,11,51,9,375.5589284002781,,,,,,,,375.54735499992967,375.5589284002781,375.5589284002781,375.5589284002781,0.0027426001615822315,378.6238808003254,pastry,[np.float64(-0.043333333333333335)],[np.float64(-0.30333333333333334)],[1],[0],[0],[3.0759242000058293],['text_3'],p1,001,2025-10-12_12h36.16.647,word_priming,,2025.1.1,60.39555460584366,2025-10-12 12h36.23.788203 +0530,
,52,12,2,,,K_y_,Keys,old ,keys,[np.float64(-0.043333333333333335)],[np.float64(-0.30333333333333334)],[1],[0],[0],[3.3931289999745786],['text_3'],,,,,2,12,52,8,378.6391887003556,,,,,,,,378.626364600379,378.6391887003556,378.6391887003556,378.6391887003556,0.0023725000210106373,382.0201060003601,keys,[np.float64(-0.043333333333333335)],[np.float64(-0.30333333333333334)],[1],[0],[0],[3.3931289999745786],['text_3'],p1,001,2025-10-12_12h36.16.647,word_priming,,2025.1.1,60.39555460584366,2025-10-12 12h36.23.788203 +0530,
,53,13,2,,,v_s_,vase,new,vase,[np.float64(-0.043333333333333335)],[np.float64(-0.30333333333333334)],[1],[0],[0],[2.7445948999375105],['text_3'],,,,,2,13,53,17,382.0358180999756,,,,,,,,382.02272680029273,382.0358180999756,382.0358180999756,382.0358180999756,0.002503700088709593,384.7679228000343,vase,[np.float64(-0.043333333333333335)],[np.float64(-0.30333333333333334)],[1],[0],[0],[2.7445948999375105],['text_3'],p1,001,2025-10-12_12h36.16.647,word_priming,,2025.1.1,60.39555460584366,2025-10-12 12h36.23.788203 +0530,
,54,14,2,,,_ha_t,chart,old ,chart,[np.float64(-0.043333333333333335)],[np.float64(-0.30333333333333334)],[1],[0],[0],[5.92413379997015],['text_3'],,,,,2,14,54,1,384.7831087000668,,,,,,,,384.77057640021667,384.7831087000668,384.7831087000668,384.7831087000668,0.002538600005209446,390.695331600029,chart,[np.float64(-0.043333333333333335)],[np.float64(-0.30333333333333334)],[1],[0],[0],[5.92413379997015],['text_3'],p1,001,2025-10-12_12h36.16.647,word_priming,,2025.1.1,60.39555460584366,2025-10-12 12h36.23.788203 +0530,
,55,15,2,,,c_s_,case,old ,case,[np.float64(-0.043333333333333335)],[np.float64(-0.30333333333333334)],[1],[0],[0],[2.4278422999195755],['text_3'],,,,,2,15,55,5,390.71061090007424,,,,,,,,390.6978124002926,390.71061090007424,390.71061090007424,390.71061090007424,0.0023658000864088535,393.12627130001783,case,[np.float64(-0.043333333333333335)],[np.float64(-0.30333333333333334)],[1],[0],[0],[2.4278422999195755],['text_3'],p1,001,2025-10-12_12h36.16.647,word_priming,,2025.1.1,60.39555460584366,2025-10-12 12h36.23.788203 +0530,
,56,16,2,,,_ou_se,mouse,old ,mouse,[np.float64(-0.043333333333333335)],[np.float64(-0.30333333333333334)],[1],[0],[0],[2.9440130996517837],['text_3'],,,,,2,16,56,3,393.14150170003995,,,,,,,,393.12925180001184,393.14150170003995,393.14150170003995,393.14150170003995,0.002864500042051077,396.0738918003626,mouse,[np.float64(-0.043333333333333335)],[np.float64(-0.30333333333333334)],[1],[0],[0],[2.9440130996517837],['text_3'],p1,001,2025-10-12_12h36.16.647,word_priming,,2025.1.1,60.39555460584366,2025-10-12 12h36.23.788203 +0530,
,57,17,2,,,_oo_,book,old ,book,[np.float64(-0.043333333333333335)],[np.float64(-0.30333333333333334)],[1],[0],[0],[2.477355799637735],['text_3'],,,,,2,17,57,13,396.0886710002087,,,,,,,,396.0762933003716,396.0886710002087,396.0886710002087,396.0886710002087,0.0022880001924932003,398.5542935002595,book,[np.float64(-0.043333333333333335)],[np.float64(-0.30333333333333334)],[1],[0],[0],[2.477355799637735],['text_3'],p1,001,2025-10-12_12h36.16.647,word_priming,,2025.1.1,60.39555460584366,2025-10-12 12h36.23.788203 +0530,
,58,18,2,,,_a_bl_,Marble,old ,marble,[np.float64(-0.043333333333333335)],[np.float64(-0.30333333333333334)],[1],[0],[0],[4.1263207998126745],['text_3'],,,,,2,18,58,11,398.5694872001186,,,,,,,,398.55697889998555,398.5694872001186,398.5694872001186,398.5694872001186,0.0025667999871075153,402.68394590029493,marble,[np.float64(-0.043333333333333335)],[np.float64(-0.30333333333333334)],[1],[0],[0],[4.1263207998126745],['text_3'],p1,001,2025-10-12_12h36.16.647,word_priming,,2025.1.1,60.39555460584366,2025-10-12 12h36.23.788203 +0530,
,59,19,2,,,ta_l_,table,new,table,[np.float64(-0.043333333333333335)],[np.float64(-0.30333333333333334)],[1],[0],[0],[3.726391399744898],['text_3'],,,,,2,19,59,15,402.69877220038325,,,,,,,,402.6867770003155,402.69877220038325,402.69877220038325,402.69877220038325,0.0026654996909201145,406.4138238001615,table,[np.float64(-0.043333333333333335)],[np.float64(-0.30333333333333334)],[1],[0],[0],[3.726391399744898],['text_3'],p1,001,2025-10-12_12h36.16.647,word_priming,,2025.1.1,60.39555460584366,2025-10-12 12h36.23.788203 +0530,
,60,0,3,,,c_s_io_,cushion,old ,cushion,[np.float64(-0.043333333333333335)],[np.float64(-0.30333333333333334)],[1],[0],[0],[4.142775099724531],['text_3'],,,,,3,0,60,14,406.4284359002486,,,,,,,,406.4165857001208,406.4284359002486,406.4284359002486,406.4284359002486,0.0026455000042915344,410.5600155000575,cushion,[np.float64(-0.043333333333333335)],[np.float64(-0.30333333333333334)],[1],[0],[0],[4.142775099724531],['text_3'],p1,001,2025-10-12_12h36.16.647,word_priming,,2025.1.1,60.39555460584366,2025-10-12 12h36.23.788203 +0530,
,61,1,3,,,P_str_,pastry,old ,pastry,[np.float64(-0.043333333333333335)],[np.float64(-0.30333333333333334)],[1],[0],[0],[3.609213599935174],['text_3'],,,,,3,1,61,4,410.590914899949,,,,,,,,410.56280079996213,410.590914899949,410.590914899949,410.590914899949,0.0026768003590404987,414.1726906001568,pastry,[np.float64(-0.043333333333333335)],[np.float64(-0.30333333333333334)],[1],[0],[0],[3.609213599935174],['text_3'],p1,001,2025-10-12_12h36.16.647,word_priming,,2025.1.1,60.39555460584366,2025-10-12 12h36.23.788203 +0530,
,62,2,3,,,v_s_,vase,new,vase,[np.float64(-0.043333333333333335)],[np.float64(-0.30333333333333334)],[1],[0],[0],[2.4278078000061214],['text_3'],,,,,3,2,62,17,414.18744320003316,,,,,,,,414.1751054003835,414.18744320003316,414.18744320003316,414.18744320003316,0.0022546001709997654,416.6036081002094,vase,[np.float64(-0.043333333333333335)],[np.float64(-0.30333333333333334)],[1],[0],[0],[2.4278078000061214],['text_3'],p1,001,2025-10-12_12h36.16.647,word_priming,,2025.1.1,60.39555460584366,2025-10-12 12h36.23.788203 +0530,
,63,3,3,,,ta_l_,table,new,table,[np.float64(-0.043333333333333335)],[np.float64(-0.30333333333333334)],[1],[0],[0],[2.960230099968612],['text_3'],,,,,3,3,63,15,416.6184410001151,,,,,,,,416.60649530030787,416.6184410001151,416.6184410001151,416.6184410001151,0.0027707996778190136,419.56738990033045,table,[np.float64(-0.043333333333333335)],[np.float64(-0.30333333333333334)],[1],[0],[0],[2.960230099968612],['text_3'],p1,001,2025-10-12_12h36.16.647,word_priming,,2025.1.1,60.39555460584366,2025-10-12 12h36.23.788203 +0530,
,64,4,3,,,c_s_,case,old ,,[np.float64(-0.043333333333333335)],[np.float64(-0.30333333333333334)],[1],[0],[0],[0.6132146003656089],['text_3'],,,,,3,4,64,5,419.58209930034354,,,,,,,,419.5697799003683,419.58209930034354,419.58209930034354,419.58209930034354,0.0022722999565303326,420.18366550002247,,[np.float64(-0.043333333333333335)],[np.float64(-0.30333333333333334)],[1],[0],[0],[0.6132146003656089],['text_3'],p1,001,2025-10-12_12h36.16.647,word_priming,,2025.1.1,60.39555460584366,2025-10-12 12h36.23.788203 +0530,
,65,5,3,,,P_st_r,Poster,old ,pastry,[np.float64(-0.043333333333333335)],[np.float64(-0.30333333333333334)],[1],[0],[0],[4.0919118002057076],['text_3'],,,,,3,5,65,9,420.1981713999994,,,,,,,,420.1863840003498,420.1981713999994,420.1981713999994,420.1981713999994,0.0026051001623272896,424.27898060018197,pastry,[np.float64(-0.043333333333333335)],[np.float64(-0.30333333333333334)],[1],[0],[0],[4.0919118002057076],['text_3'],p1,001,2025-10-12_12h36.16.647,word_priming,,2025.1.1,60.39555460584366,2025-10-12 12h36.23.788203 +0530,
,66,6,3,,,K_y_,Keys,old ,keys,[np.float64(-0.043333333333333335)],[np.float64(-0.30333333333333334)],[1],[0],[0],[2.5284122000448406],['text_3'],,,,,3,6,66,8,424.2941161002964,,,,,,,,424.2813665000722,424.2941161002964,424.2941161002964,424.2941161002964,0.002266800031065941,426.8104527001269,keys,[np.float64(-0.043333333333333335)],[np.float64(-0.30333333333333334)],[1],[0],[0],[2.5284122000448406],['text_3'],p1,001,2025-10-12_12h36.16.647,word_priming,,2025.1.1,60.39555460584366,2025-10-12 12h36.23.788203 +0530,
,67,7,3,,,_ha_t,chart,old ,chart,[np.float64(-0.043333333333333335)],[np.float64(-0.30333333333333334)],[1],[0],[0],[2.8929304997436702],['text_3'],,,,,3,7,67,1,426.8405920001678,,,,,,,,426.8140589003451,426.8405920001678,426.8405920001678,426.8405920001678,0.003494699951261282,429.70767930010334,chart,[np.float64(-0.043333333333333335)],[np.float64(-0.30333333333333334)],[1],[0],[0],[2.8929304997436702],['text_3'],p1,001,2025-10-12_12h36.16.647,word_priming,,2025.1.1,60.39555460584366,2025-10-12 12h36.23.788203 +0530,
,68,8,3,,,P_li_e,Police,old ,police,[np.float64(-0.043333333333333335)],[np.float64(-0.30333333333333334)],[1],[0],[0],[2.8430679999291897],['text_3'],,,,,3,8,68,7,429.7220878000371,,,,,,,,429.71035649999976,429.7220878000371,429.7220878000371,429.7220878000371,0.002563000191003084,432.55411759996787,police,[np.float64(-0.043333333333333335)],[np.float64(-0.30333333333333334)],[1],[0],[0],[2.8430679999291897],['text_3'],p1,001,2025-10-12_12h36.16.647,word_priming,,2025.1.1,60.39555460584366,2025-10-12 12h36.23.788203 +0530,
,69,9,3,,,_oo_,book,old ,book,[np.float64(-0.043333333333333335)],[np.float64(-0.30333333333333334)],[1],[0],[0],[4.027112700045109],['text_3'],,,,,3,9,69,13,432.56935570016503,,,,,,,,432.55649750027806,432.56935570016503,432.56935570016503,432.56935570016503,0.0022641001269221306,436.5843417001888,book,[np.float64(-0.043333333333333335)],[np.float64(-0.30333333333333334)],[1],[0],[0],[4.027112700045109],['text_3'],p1,001,2025-10-12_12h36.16.647,word_priming,,2025.1.1,60.39555460584366,2025-10-12 12h36.23.788203 +0530,
,70,10,3,,,_ru_s_,cruise,old ,cruise,[np.float64(-0.043333333333333335)],[np.float64(-0.30333333333333334)],[1],[0],[0],[3.325439800042659],['text_3'],,,,,3,10,70,6,436.5986858000979,,,,,,,,436.5870161000639,436.5986858000979,436.5986858000979,436.5986858000979,0.0025589000433683395,439.91318419994786,cruise,[np.float64(-0.043333333333333335)],[np.float64(-0.30333333333333334)],[1],[0],[0],[3.325439800042659],['text_3'],p1,001,2025-10-12_12h36.16.647,word_priming,,2025.1.1,60.39555460584366,2025-10-12 12h36.23.788203 +0530,
,71,11,3,,,_o_rd,Board,old ,,[np.float64(-0.043333333333333335)],[np.float64(-0.30333333333333334)],[1],[0],[0],[2.8121428000740707],['text_3'],,,,,3,11,71,10,439.92865590006113,,,,,,,,439.9159627002664,439.92865590006113,439.92865590006113,439.92865590006113,0.0026651998050510883,442.72882470022887,,[np.float64(-0.043333333333333335)],[np.float64(-0.30333333333333334)],[1],[0],[0],[2.8121428000740707],['text_3'],p1,001,2025-10-12_12h36.16.647,word_priming,,2025.1.1,60.39555460584366,2025-10-12 12h36.23.788203 +0530,
,72,12,3,,,c_m_ra,camera,new,camera,[np.float64(-0.043333333333333335)],[np.float64(-0.30333333333333334)],[1],[0],[0],[3.4256303003057837],['text_3'],,,,,3,12,72,19,442.7427783003077,,,,,,,,442.7314879000187,442.7427783003077,442.7427783003077,442.7427783003077,0.0025475998409092426,446.1578464000486,camera,[np.float64(-0.043333333333333335)],[np.float64(-0.30333333333333334)],[1],[0],[0],[3.4256303003057837],['text_3'],p1,001,2025-10-12_12h36.16.647,word_priming,,2025.1.1,60.39555460584366,2025-10-12 12h36.23.788203 +0530,
,73,13,3,,,_a_bl_,Marble,old ,marble,[np.float64(-0.043333333333333335)],[np.float64(-0.30333333333333334)],[1],[0],[0],[4.242484400048852],['text_3'],,,,,3,13,73,11,446.1725288000889,,,,,,,,446.16069900011644,446.1725288000889,446.1725288000889,446.1725288000889,0.002737300004810095,450.4038975001313,marble,[np.float64(-0.043333333333333335)],[np.float64(-0.30333333333333334)],[1],[0],[0],[4.242484400048852],['text_3'],p1,001,2025-10-12_12h36.16.647,word_priming,,2025.1.1,60.39555460584366,2025-10-12 12h36.23.788203 +0530,
,74,14,3,,,_ho_e,Phone,old ,phone,[np.float64(-0.043333333333333335)],[np.float64(-0.30333333333333334)],[1],[0],[0],[3.3592862002551556],['text_3'],,,,,3,14,74,12,450.41832890035585,,,,,,,,450.40656269993633,450.41832890035585,450.41832890035585,450.41832890035585,0.0025474997237324715,453.766566300299,phone,[np.float64(-0.043333333333333335)],[np.float64(-0.30333333333333334)],[1],[0],[0],[3.3592862002551556],['text_3'],p1,001,2025-10-12_12h36.16.647,word_priming,,2025.1.1,60.39555460584366,2025-10-12 12h36.23.788203 +0530,
,75,15,3,,,_ou_se,mouse,old ,mouse,[np.float64(-0.043333333333333335)],[np.float64(-0.30333333333333334)],[1],[0],[0],[3.8269762001000345],['text_3'],,,,,3,15,75,3,453.7816762002185,,,,,,,,453.76928050024435,453.7816762002185,453.7816762002185,453.7816762002185,0.0026031997986137867,457.59699280001223,mouse,[np.float64(-0.043333333333333335)],[np.float64(-0.30333333333333334)],[1],[0],[0],[3.8269762001000345],['text_3'],p1,001,2025-10-12_12h36.16.647,word_priming,,2025.1.1,60.39555460584366,2025-10-12 12h36.23.788203 +0530,
,76,16,3,,,p_nc_l,pencil,new,pencil,[np.float64(-0.043333333333333335)],[np.float64(-0.30333333333333334)],[1],[0],[0],[3.6585786999203265],['text_3'],,,,,3,16,76,16,457.6276521999389,,,,,,,,457.59976760018617,457.6276521999389,457.6276521999389,457.6276521999389,0.0026615001261234283,461.2590829003602,pencil,[np.float64(-0.043333333333333335)],[np.float64(-0.30333333333333334)],[1],[0],[0],[3.6585786999203265],['text_3'],p1,001,2025-10-12_12h36.16.647,word_priming,,2025.1.1,60.39555460584366,2025-10-12 12h36.23.788203 +0530,
,77,17,3,,,bo_t_e,bottle,new,botttle,[np.float64(-0.043333333333333335)],[np.float64(-0.30333333333333334)],[1],[0],[0],[5.141496999654919],['text_3'],,,,,3,17,77,18,461.2742769001052,,,,,,,,461.26176220038906,461.2742769001052,461.2742769001052,461.2742769001052,0.0025649000890552998,466.40403270022944,botttle,[np.float64(-0.043333333333333335)],[np.float64(-0.30333333333333334)],[1],[0],[0],[5.141496999654919],['text_3'],p1,001,2025-10-12_12h36.16.647,word_priming,,2025.1.1,60.39555460584366,2025-10-12 12h36.23.788203 +0530,
,78,18,3,,,l_pt_p,laptop,old ,laptop,[np.float64(-0.043333333333333335)],[np.float64(-0.30333333333333334)],[1],[0],[0],[4.226457200013101],['text_3'],,,,,3,18,78,0,466.4192280001007,,,,,,,,466.40680560003966,466.4192280001007,466.4192280001007,466.4192280001007,0.0026591001078486443,470.6340165003203,laptop,[np.float64(-0.043333333333333335)],[np.float64(-0.30333333333333334)],[1],[0],[0],[4.226457200013101],['text_3'],p1,001,2025-10-12_12h36.16.647,word_priming,,2025.1.1,60.39555460584366,2025-10-12 12h36.23.788203 +0530,
,79,19,3,,,T_hi_t,Tshirt,old ,tshirt,[np.float64(-0.043333333333333335)],[np.float64(-0.30333333333333334)],[1],[0],[0],[4.5084002004005015],['text_3'],,,,,3,19,79,2,470.6643210002221,,,,,,,,470.6369562000036,470.6643210002221,470.6643210002221,470.6643210002221,0.0028260000981390476,475.1461302000098,tshirt,[np.float64(-0.043333333333333335)],[np.float64(-0.30333333333333334)],[1],[0],[0],[4.5084002004005015],['text_3'],p1,001,2025-10-12_12h36.16.647,word_priming,,2025.1.1,60.39555460584366,2025-10-12 12h36.23.788203 +0530,
,80,0,4,,,c_m_ra,camera,new,camera,[np.float64(-0.043333333333333335)],[np.float64(-0.30333333333333334)],[1],[0],[0],[3.0438780998811126],['text_3'],,,,,4,0,80,19,475.17623190023005,,,,,,,,475.14906580001116,475.17623190023005,475.17623190023005,475.17623190023005,0.002823200076818466,478.19374680006877,camera,[np.float64(-0.043333333333333335)],[np.float64(-0.30333333333333334)],[1],[0],[0],[3.0438780998811126],['text_3'],p1,001,2025-10-12_12h36.16.647,word_priming,,2025.1.1,60.39555460584366,2025-10-12 12h36.23.788203 +0530,
,81,1,4,,,T_hi_t,Tshirt,old ,tshirt,[np.float64(-0.043333333333333335)],[np.float64(-0.30333333333333334)],[1],[0],[0],[3.958390900399536],['text_3'],,,,,4,1,81,2,478.2235840000212,,,,,,,,478.196437000297,478.2235840000212,478.2235840000212,478.2235840000212,0.0025762002915143967,482.1556033003144,tshirt,[np.float64(-0.043333333333333335)],[np.float64(-0.30333333333333334)],[1],[0],[0],[3.958390900399536],['text_3'],p1,001,2025-10-12_12h36.16.647,word_priming,,2025.1.1,60.39555460584366,2025-10-12 12h36.23.788203 +0530,
,82,2,4,,,c_s_io_,cushion,old ,cushion,[np.float64(-0.043333333333333335)],[np.float64(-0.30333333333333334)],[1],[0],[0],[3.6927412999793887],['text_3'],,,,,4,2,82,14,482.1702964003198,,,,,,,,482.15856270026416,482.1702964003198,482.1702964003198,482.1702964003198,0.0028456002473831177,485.8520909999497,cushion,[np.float64(-0.043333333333333335)],[np.float64(-0.30333333333333334)],[1],[0],[0],[3.6927412999793887],['text_3'],p1,001,2025-10-12_12h36.16.647,word_priming,,2025.1.1,60.39555460584366,2025-10-12 12h36.23.788203 +0530,
,83,3,4,,,_ha_t,chart,old ,chart,[np.float64(-0.043333333333333335)],[np.float64(-0.30333333333333334)],[1],[0],[0],[2.8100083000026643],['text_3'],,,,,4,3,83,1,485.8665245003067,,,,,,,,485.8547623003833,485.8665245003067,485.8665245003067,485.8665245003067,0.002535299863666296,488.66556130023673,chart,[np.float64(-0.043333333333333335)],[np.float64(-0.30333333333333334)],[1],[0],[0],[2.8100083000026643],['text_3'],p1,001,2025-10-12_12h36.16.647,word_priming,,2025.1.1,60.39555460584366,2025-10-12 12h36.23.788203 +0530,
,84,4,4,,,_oo_,book,old ,book,[np.float64(-0.043333333333333335)],[np.float64(-0.30333333333333334)],[1],[0],[0],[2.794182099867612],['text_3'],,,,,4,4,84,13,488.6805948000401,,,,,,,,488.66821090038866,488.6805948000401,488.6805948000401,488.6805948000401,0.002520499750971794,491.46321610035375,book,[np.float64(-0.043333333333333335)],[np.float64(-0.30333333333333334)],[1],[0],[0],[2.794182099867612],['text_3'],p1,001,2025-10-12_12h36.16.647,word_priming,,2025.1.1,60.39555460584366,2025-10-12 12h36.23.788203 +0530,
,85,5,4,,,_ho_e,Phone,old ,phone,[np.float64(-0.043333333333333335)],[np.float64(-0.30333333333333334)],[1],[0],[0],[4.175371199846268],['text_3'],,,,,4,5,85,12,491.49416130036116,,,,,,,,491.4663248001598,491.49416130036116,491.49416130036116,491.49416130036116,0.002980099990963936,495.6424984000623,phone,[np.float64(-0.043333333333333335)],[np.float64(-0.30333333333333334)],[1],[0],[0],[4.175371199846268],['text_3'],p1,001,2025-10-12_12h36.16.647,word_priming,,2025.1.1,60.39555460584366,2025-10-12 12h36.23.788203 +0530,
,86,6,4,,,P_str_,pastry,old ,pastry,[np.float64(-0.043333333333333335)],[np.float64(-0.30333333333333334)],[1],[0],[0],[3.7257042001001537],['text_3'],,,,,4,6,86,4,495.6570129999891,,,,,,,,495.6452428000048,495.6570129999891,495.6570129999891,495.6570129999891,0.00262079993262887,499.3717634002678,pastry,[np.float64(-0.043333333333333335)],[np.float64(-0.30333333333333334)],[1],[0],[0],[3.7257042001001537],['text_3'],p1,001,2025-10-12_12h36.16.647,word_priming,,2025.1.1,60.39555460584366,2025-10-12 12h36.23.788203 +0530,
,87,7,4,,,P_st_r,Poster,old ,,[np.float64(-0.043333333333333335)],[np.float64(-0.30333333333333334)],[1],[0],[0],[0.9299006997607648],['text_3'],,,,,4,7,87,9,499.38669850025326,,,,,,,,499.37453859997913,499.38669850025326,499.38669850025326,499.38669850025326,0.002648100256919861,500.3052492002025,,[np.float64(-0.043333333333333335)],[np.float64(-0.30333333333333334)],[1],[0],[0],[0.9299006997607648],['text_3'],p1,001,2025-10-12_12h36.16.647,word_priming,,2025.1.1,60.39555460584366,2025-10-12 12h36.23.788203 +0530,
,88,8,4,,,_o_rd,Board,old ,,[np.float64(-0.043333333333333335)],[np.float64(-0.30333333333333334)],[1],[0],[0],[1.328046000096947],['text_3'],,,,,4,8,88,10,500.33546690037474,,,,,,,,500.30795310018584,500.33546690037474,500.33546690037474,500.33546690037474,0.0025877999141812325,501.6368220001459,,[np.float64(-0.043333333333333335)],[np.float64(-0.30333333333333334)],[1],[0],[0],[1.328046000096947],['text_3'],p1,001,2025-10-12_12h36.16.647,word_priming,,2025.1.1,60.39555460584366,2025-10-12 12h36.23.788203 +0530,
,89,9,4,,,_ou_se,mouse,old ,mouse,[np.float64(-0.043333333333333335)],[np.float64(-0.30333333333333334)],[1],[0],[0],[3.708943299949169],['text_3'],,,,,4,9,89,3,501.6510708001442,,,,,,,,501.63971929997206,501.6510708001442,501.6510708001442,501.6510708001442,0.002787599805742502,505.3494899002835,mouse,[np.float64(-0.043333333333333335)],[np.float64(-0.30333333333333334)],[1],[0],[0],[3.708943299949169],['text_3'],p1,001,2025-10-12_12h36.16.647,word_priming,,2025.1.1,60.39555460584366,2025-10-12 12h36.23.788203 +0530,
,90,10,4,,,v_s_,vase,new,vase,[np.float64(-0.043333333333333335)],[np.float64(-0.30333333333333334)],[1],[0],[0],[3.443330599926412],['text_3'],,,,,4,10,90,17,505.36412429995835,,,,,,,,505.3518774001859,505.36412429995835,505.36412429995835,505.36412429995835,0.0022700997069478035,508.79613699996844,vase,[np.float64(-0.043333333333333335)],[np.float64(-0.30333333333333334)],[1],[0],[0],[3.443330599926412],['text_3'],p1,001,2025-10-12_12h36.16.647,word_priming,,2025.1.1,60.39555460584366,2025-10-12 12h36.23.788203 +0530,
,91,11,4,,,P_li_e,Police,old ,police,[np.float64(-0.043333333333333335)],[np.float64(-0.30333333333333334)],[1],[0],[0],[4.791355099994689],['text_3'],,,,,4,11,91,7,508.8107043001801,,,,,,,,508.79942589998245,508.8107043001801,508.8107043001801,508.8107043001801,0.0031451997347176075,513.5916230999865,police,[np.float64(-0.043333333333333335)],[np.float64(-0.30333333333333334)],[1],[0],[0],[4.791355099994689],['text_3'],p1,001,2025-10-12_12h36.16.647,word_priming,,2025.1.1,60.39555460584366,2025-10-12 12h36.23.788203 +0530,
,92,12,4,,,l_pt_p,laptop,old ,laptop,[np.float64(-0.043333333333333335)],[np.float64(-0.30333333333333334)],[1],[0],[0],[4.4579865001142025],['text_3'],,,,,4,12,92,0,513.6224756999873,,,,,,,,513.5946409003809,513.6224756999873,513.6224756999873,513.6224756999873,0.0029067001305520535,518.0534757999703,laptop,[np.float64(-0.043333333333333335)],[np.float64(-0.30333333333333334)],[1],[0],[0],[4.4579865001142025],['text_3'],p1,001,2025-10-12_12h36.16.647,word_priming,,2025.1.1,60.39555460584366,2025-10-12 12h36.23.788203 +0530,
,93,13,4,,,ta_l_,table,new,table,[np.float64(-0.043333333333333335)],[np.float64(-0.30333333333333334)],[1],[0],[0],[3.9264707998372614],['text_3'],,,,,4,13,93,15,518.0682689002715,,,,,,,,518.0561210000888,518.0682689002715,518.0682689002715,518.0682689002715,0.0025267000310122967,521.9834528001957,table,[np.float64(-0.043333333333333335)],[np.float64(-0.30333333333333334)],[1],[0],[0],[3.9264707998372614],['text_3'],p1,001,2025-10-12_12h36.16.647,word_priming,,2025.1.1,60.39555460584366,2025-10-12 12h36.23.788203 +0530,
,94,14,4,,,_ru_s_,cruise,old ,cruise,[np.float64(-0.043333333333333335)],[np.float64(-0.30333333333333334)],[1],[0],[0],[3.675892600324005],['text_3'],,,,,4,14,94,6,521.9977048002183,,,,,,,,521.9861522000283,521.9977048002183,521.9977048002183,521.9977048002183,0.0025829998776316643,525.6628912999295,cruise,[np.float64(-0.043333333333333335)],[np.float64(-0.30333333333333334)],[1],[0],[0],[3.675892600324005],['text_3'],p1,001,2025-10-12_12h36.16.647,word_priming,,2025.1.1,60.39555460584366,2025-10-12 12h36.23.788203 +0530,
,95,15,4,,,p_nc_l,pencil,new,pencil,[np.float64(-0.043333333333333335)],[np.float64(-0.30333333333333334)],[1],[0],[0],[3.7590608997270465],['text_3'],,,,,4,15,95,16,525.6774532999843,,,,,,,,525.665594200138,525.6774532999843,525.6774532999843,525.6774532999843,0.002585299778729677,529.4255141001195,pencil,[np.float64(-0.043333333333333335)],[np.float64(-0.30333333333333334)],[1],[0],[0],[3.7590608997270465],['text_3'],p1,001,2025-10-12_12h36.16.647,word_priming,,2025.1.1,60.39555460584366,2025-10-12 12h36.23.788203 +0530,
,96,16,4,,,bo_t_e,bottle,new,bottle,[np.float64(-0.043333333333333335)],[np.float64(-0.30333333333333334)],[1],[0],[0],[3.0099658998660743],['text_3'],,,,,4,16,96,18,529.440361100249,,,,,,,,529.4282084000297,529.440361100249,529.440361100249,529.440361100249,0.0025797998532652855,532.4390265000984,bottle,[np.float64(-0.043333333333333335)],[np.float64(-0.30333333333333334)],[1],[0],[0],[3.0099658998660743],['text_3'],p1,001,2025-10-12_12h36.16.647,word_priming,,2025.1.1,60.39555460584366,2025-10-12 12h36.23.788203 +0530,
,97,17,4,,,c_s_,case,old ,case,[np.float64(-0.043333333333333335)],[np.float64(-0.30333333333333334)],[1],[0],[0],[2.195242699701339],['text_3'],,,,,4,17,97,5,532.4540166002698,,,,,,,,532.441615300253,532.4540166002698,532.4540166002698,532.4540166002698,0.0024735000915825367,534.6377151003107,case,[np.float64(-0.043333333333333335)],[np.float64(-0.30333333333333334)],[1],[0],[0],[2.195242699701339],['text_3'],p1,001,2025-10-12_12h36.16.647,word_priming,,2025.1.1,60.39555460584366,2025-10-12 12h36.23.788203 +0530,
,98,18,4,,,K_y_,Keys,old ,keys,[np.float64(-0.043333333333333335)],[np.float64(-0.30333333333333334)],[1],[0],[0],[2.426771199796349],['text_3'],,,,,4,18,98,8,534.6519015002996,,,,,,,,534.6401975001208,534.6519015002996,534.6519015002996,534.6519015002996,0.002369699999690056,537.0678508002311,keys,[np.float64(-0.043333333333333335)],[np.float64(-0.30333333333333334)],[1],[0],[0],[2.426771199796349],['text_3'],p1,001,2025-10-12_12h36.16.647,word_priming,,2025.1.1,60.39555460584366,2025-10-12 12h36.23.788203 +0530,
,99,19,4,,,_a_bl_,Marble,old ,marble,[np.float64(-0.043333333333333335)],[np.float64(-0.30333333333333334)],[1],[0],[0],[6.323520299978554],['text_3'],,,,,4,19,99,11,537.0828162999824,,,,,,,,537.0706134000793,537.0828162999824,537.0828162999824,537.0828162999824,0.002649600151926279,543.3950248002075,marble,[np.float64(-0.043333333333333335)],[np.float64(-0.30333333333333334)],[1],[0],[0],[6.323520299978554],['text_3'],p1,001,2025-10-12_12h36.16.647,word_priming,,2025.1.1,60.39555460584366,2025-10-12 12h36.23.788203 +0530,
,100,0,5,,,P_str_,pastry,old ,pastry,[np.float64(-0.043333333333333335)],[np.float64(-0.30333333333333334)],[1],[0],[0],[4.242530100047588],['text_3'],,,,,5,0,100,4,543.4099086001515,,,,,,,,543.3979462003335,543.4099086001515,543.4099086001515,543.4099086001515,0.00280330004170537,547.6413501999341,pastry,[np.float64(-0.043333333333333335)],[np.float64(-0.30333333333333334)],[1],[0],[0],[4.242530100047588],['text_3'],p1,001,2025-10-12_12h36.16.647,word_priming,,2025.1.1,60.39555460584366,2025-10-12 12h36.23.788203 +0530,
,101,1,5,,,_ho_e,Phone,old ,phone,[np.float64(-0.043333333333333335)],[np.float64(-0.30333333333333334)],[1],[0],[0],[5.024335499852896],['text_3'],,,,,5,1,101,12,547.655756500084,,,,,,,,547.6440074001439,547.655756500084,547.655756500084,547.655756500084,0.0025419997982680798,552.6692305002362,phone,[np.float64(-0.043333333333333335)],[np.float64(-0.30333333333333334)],[1],[0],[0],[5.024335499852896],['text_3'],p1,001,2025-10-12_12h36.16.647,word_priming,,2025.1.1,60.39555460584366,2025-10-12 12h36.23.788203 +0530,
,102,2,5,,,bo_t_e,bottle,new,bottle,[np.float64(-0.043333333333333335)],[np.float64(-0.30333333333333334)],[1],[0],[0],[3.126846699975431],['text_3'],,,,,5,2,102,18,552.6840890003368,,,,,,,,552.6721403002739,552.6840890003368,552.6840890003368,552.6840890003368,0.002779199741780758,555.7998851002194,bottle,[np.float64(-0.043333333333333335)],[np.float64(-0.30333333333333334)],[1],[0],[0],[3.126846699975431],['text_3'],p1,001,2025-10-12_12h36.16.647,word_priming,,2025.1.1,60.39555460584366,2025-10-12 12h36.23.788203 +0530,
,103,3,5,,,ta_l_,table,new,table,[np.float64(-0.043333333333333335)],[np.float64(-0.30333333333333334)],[1],[0],[0],[3.7596955001354218],['text_3'],,,,,5,3,103,15,555.8143585999496,,,,,,,,555.8027650001459,555.8143585999496,555.8143585999496,555.8143585999496,0.0027625001966953278,559.5633654003032,table,[np.float64(-0.043333333333333335)],[np.float64(-0.30333333333333334)],[1],[0],[0],[3.7596955001354218],['text_3'],p1,001,2025-10-12_12h36.16.647,word_priming,,2025.1.1,60.39555460584366,2025-10-12 12h36.23.788203 +0530,
,104,4,5,,,c_s_,case,old ,case,[np.float64(-0.043333333333333335)],[np.float64(-0.30333333333333334)],[1],[0],[0],[5.523698300123215],['text_3'],,,,,5,4,104,5,559.5937262000516,,,,,,,,559.5657133003697,559.5937262000516,559.5937262000516,559.5937262000516,0.0022360999137163162,565.0903163999319,case,[np.float64(-0.043333333333333335)],[np.float64(-0.30333333333333334)],[1],[0],[0],[5.523698300123215],['text_3'],p1,001,2025-10-12_12h36.16.647,word_priming,,2025.1.1,60.39555460584366,2025-10-12 12h36.23.788203 +0530,
,105,5,5,,,_a_bl_,Marble,old ,marble,[np.float64(-0.043333333333333335)],[np.float64(-0.30333333333333334)],[1],[0],[0],[5.691403300035745],['text_3'],,,,,5,5,105,11,565.1051754001528,,,,,,,,565.0930107999593,565.1051754001528,565.1051754001528,565.1051754001528,0.002571000251919031,570.7853372003883,marble,[np.float64(-0.043333333333333335)],[np.float64(-0.30333333333333334)],[1],[0],[0],[5.691403300035745],['text_3'],p1,001,2025-10-12_12h36.16.647,word_priming,,2025.1.1,60.39555460584366,2025-10-12 12h36.23.788203 +0530,
,106,6,5,,,_ou_se,mouse,old ,mouse,[np.float64(-0.043333333333333335)],[np.float64(-0.30333333333333334)],[1],[0],[0],[6.223281799815595],['text_3'],,,,,5,6,106,3,570.7995958002284,,,,,,,,570.787999600172,570.7995958002284,570.7995958002284,570.7995958002284,0.0025471001863479614,577.012216000352,mouse,[np.float64(-0.043333333333333335)],[np.float64(-0.30333333333333334)],[1],[0],[0],[6.223281799815595],['text_3'],p1,001,2025-10-12_12h36.16.647,word_priming,,2025.1.1,60.39555460584366,2025-10-12 12h36.23.788203 +0530,
,107,7,5,,,_o_rd,Board,old ,,[],[],[],[],[],[],[],,,,,5,7,107,10,577.0267424001358,,,,,,,,577.0149771999568,577.0267424001358,577.0267424001358,577.0267424001358,0.0026464001275599003,587.0181528003886,,[],[],[],[],[],[],[],p1,001,2025-10-12_12h36.16.647,word_priming,,2025.1.1,60.39555460584366,2025-10-12 12h36.23.788203 +0530,
,108,8,5,,,K_y_,Keys,old ,keys,[np.float64(-0.043333333333333335)],[np.float64(-0.30333333333333334)],[1],[0],[0],[3.128158999606967],['text_3'],,,,,5,8,108,8,587.0334849003702,,,,,,,,587.0206241002306,587.0334849003702,587.0334849003702,587.0334849003702,0.008291800040751696,590.149708900135,keys,[np.float64(-0.043333333333333335)],[np.float64(-0.30333333333333334)],[1],[0],[0],[3.128158999606967],['text_3'],p1,001,2025-10-12_12h36.16.647,word_priming,,2025.1.1,60.39555460584366,2025-10-12 12h36.23.788203 +0530,
,109,9,5,,,c_s_io_,cushion,old ,cushion,[np.float64(-0.043333333333333335)],[np.float64(-0.30333333333333334)],[1],[0],[0],[4.807845300063491],['text_3'],,,,,5,9,109,14,590.1805219002999,,,,,,,,590.152457700111,590.1805219002999,590.1805219002999,590.1805219002999,0.002638000063598156,594.9612964000553,cushion,[np.float64(-0.043333333333333335)],[np.float64(-0.30333333333333334)],[1],[0],[0],[4.807845300063491],['text_3'],p1,001,2025-10-12_12h36.16.647,word_priming,,2025.1.1,60.39555460584366,2025-10-12 12h36.23.788203 +0530,
,110,10,5,,,_ru_s_,cruise,old ,cruise,[np.float64(-0.043333333333333335)],[np.float64(-0.30333333333333334)],[1],[0],[0],[3.4094871999695897],['text_3'],,,,,5,10,110,6,594.9757396001369,,,,,,,,594.9640087001026,594.9757396001369,594.9757396001369,594.9757396001369,0.002576800063252449,598.3744594003074,cruise,[np.float64(-0.043333333333333335)],[np.float64(-0.30333333333333334)],[1],[0],[0],[3.4094871999695897],['text_3'],p1,001,2025-10-12_12h36.16.647,word_priming,,2025.1.1,60.39555460584366,2025-10-12 12h36.23.788203 +0530,
,111,11,5,,,l_pt_p,laptop,old ,laptop,[np.float64(-0.043333333333333335)],[np.float64(-0.30333333333333334)],[1],[0],[0],[3.442924799863249],['text_3'],,,,,5,11,111,0,598.389022000134,,,,,,,,598.3771302001551,598.389022000134,598.389022000134,598.389022000134,0.0025486000813543797,601.8210316002369,laptop,[np.float64(-0.043333333333333335)],[np.float64(-0.30333333333333334)],[1],[0],[0],[3.442924799863249],['text_3'],p1,001,2025-10-12_12h36.16.647,word_priming,,2025.1.1,60.39555460584366,2025-10-12 12h36.23.788203 +0530,
,112,12,5,,,p_nc_l,pencil,new,pencil,[np.float64(-0.043333333333333335)],[np.float64(-0.30333333333333334)],[1],[0],[0],[6.3230449999682605],['text_3'],,,,,5,12,112,16,601.8355980999768,,,,,,,,601.8238563002087,601.8355980999768,601.8355980999768,601.8355980999768,0.002710700035095215,608.1478689000942,pencil,[np.float64(-0.043333333333333335)],[np.float64(-0.30333333333333334)],[1],[0],[0],[6.3230449999682605],['text_3'],p1,001,2025-10-12_12h36.16.647,word_priming,,2025.1.1,60.39555460584366,2025-10-12 12h36.23.788203 +0530,
,113,13,5,,,_oo_,book,old ,book,[np.float64(-0.043333333333333335)],[np.float64(-0.30333333333333334)],[1],[0],[0],[3.743764199782163],['text_3'],,,,,5,13,113,13,608.1627413001843,,,,,,,,608.1502601001412,608.1627413001843,608.1627413001843,608.1627413001843,0.0022756000980734825,611.8949883999303,book,[np.float64(-0.043333333333333335)],[np.float64(-0.30333333333333334)],[1],[0],[0],[3.743764199782163],['text_3'],p1,001,2025-10-12_12h36.16.647,word_priming,,2025.1.1,60.39555460584366,2025-10-12 12h36.23.788203 +0530,
,114,14,5,,,_ha_t,chart,old ,chart,[np.float64(-0.043333333333333335)],[np.float64(-0.30333333333333334)],[1],[0],[0],[3.3092037001624703],['text_3'],,,,,5,14,114,1,611.9090202003717,,,,,,,,611.8976110001095,611.9090202003717,611.9090202003717,611.9090202003717,0.002508200239390135,615.2077834000811,chart,[np.float64(-0.043333333333333335)],[np.float64(-0.30333333333333334)],[1],[0],[0],[3.3092037001624703],['text_3'],p1,001,2025-10-12_12h36.16.647,word_priming,,2025.1.1,60.39555460584366,2025-10-12 12h36.23.788203 +0530,
,115,15,5,,,P_li_e,Police,old ,police,[np.float64(-0.043333333333333335)],[np.float64(-0.30333333333333334)],[1],[0],[0],[3.7590477000921965],['text_3'],,,,,5,15,115,7,615.2224356001243,,,,,,,,615.2107927002944,615.2224356001243,615.2224356001243,615.2224356001243,0.0028943996876478195,618.9708477002569,police,[np.float64(-0.043333333333333335)],[np.float64(-0.30333333333333334)],[1],[0],[0],[3.7590477000921965],['text_3'],p1,001,2025-10-12_12h36.16.647,word_priming,,2025.1.1,60.39555460584366,2025-10-12 12h36.23.788203 +0530,
,116,16,5,,,v_s_,vase,new,vase,[np.float64(-0.043333333333333335)],[np.float64(-0.30333333333333334)],[1],[0],[0],[2.5271302997134626],['text_3'],,,,,5,16,116,17,618.9853358003311,,,,,,,,618.9732365002856,618.9853358003311,618.9853358003311,618.9853358003311,0.002279900014400482,621.5013667000458,vase,[np.float64(-0.043333333333333335)],[np.float64(-0.30333333333333334)],[1],[0],[0],[2.5271302997134626],['text_3'],p1,001,2025-10-12_12h36.16.647,word_priming,,2025.1.1,60.39555460584366,2025-10-12 12h36.23.788203 +0530,
,117,17,5,,,T_hi_t,Tshirt,old ,tshirt,[np.float64(-0.043333333333333335)],[np.float64(-0.30333333333333334)],[1],[0],[0],[4.175652700010687],['text_3'],,,,,5,17,117,2,621.5326332999393,,,,,,,,621.5047050002031,621.5326332999393,621.5326332999393,621.5326332999393,0.0032238997519016266,625.6813819999807,tshirt,[np.float64(-0.043333333333333335)],[np.float64(-0.30333333333333334)],[1],[0],[0],[4.175652700010687],['text_3'],p1,001,2025-10-12_12h36.16.647,word_priming,,2025.1.1,60.39555460584366,2025-10-12 12h36.23.788203 +0530,
,118,18,5,,,c_m_ra,camera,new,camera,[np.float64(-0.043333333333333335)],[np.float64(-0.30333333333333334)],[1],[0],[0],[3.0261413999833167],['text_3'],,,,,5,18,118,19,625.695376700256,,,,,,,,625.6841221000068,625.695376700256,625.695376700256,625.695376700256,0.0026179002597928047,628.7112596002407,camera,[np.float64(-0.043333333333333335)],[np.float64(-0.30333333333333334)],[1],[0],[0],[3.0261413999833167],['text_3'],p1,001,2025-10-12_12h36.16.647,word_priming,,2025.1.1,60.39555460584366,2025-10-12 12h36.23.788203 +0530,
,119,19,5,,,P_st_r,Poster,old ,pastry,[np.float64(-0.043333333333333335)],[np.float64(-0.30333333333333334)],[1],[0],[0],[3.8259298000484705],['text_3'],,,,,5,19,119,9,628.7258505001664,,,,,,,,628.7139118001796,628.7258505001664,628.7258505001664,628.7258505001664,0.002530699595808983,632.540856400039,pastry,[np.float64(-0.043333333333333335)],[np.float64(-0.30333333333333334)],[1],[0],[0],[3.8259298000484705],['text_3'],p1,001,2025-10-12_12h36.16.647,word_priming,,2025.1.1,60.39555460584366,2025-10-12 12h36.23.788203 +0530,
,120,0,6,,,_ou_se,mouse,old ,mouse,[np.float64(-0.043333333333333335)],[np.float64(-0.30333333333333334)],[1],[0],[0],[5.507646099664271],['text_3'],,,,,6,0,120,3,632.555291000288,,,,,,,,632.5435043000616,632.555291000288,632.555291000288,632.555291000288,0.00253130029886961,638.0521777002141,mouse,[np.float64(-0.043333333333333335)],[np.float64(-0.30333333333333334)],[1],[0],[0],[5.507646099664271],['text_3'],p1,001,2025-10-12_12h36.16.647,word_priming,,2025.1.1,60.39555460584366,2025-10-12 12h36.23.788203 +0530,
,121,1,6,,,p_nc_l,pencil,new,pencil,[np.float64(-0.043333333333333335)],[np.float64(-0.30333333333333334)],[1],[0],[0],[4.541434600017965],['text_3'],,,,,6,1,121,16,638.0666105002165,,,,,,,,638.0551236001775,638.0666105002165,638.0666105002165,638.0666105002165,0.002821799833327532,642.5975947999395,pencil,[np.float64(-0.043333333333333335)],[np.float64(-0.30333333333333334)],[1],[0],[0],[4.541434600017965],['text_3'],p1,001,2025-10-12_12h36.16.647,word_priming,,2025.1.1,60.39555460584366,2025-10-12 12h36.23.788203 +0530,
,122,2,6,,,_ha_t,chart,old ,chart,[np.float64(-0.043333333333333335)],[np.float64(-0.30333333333333334)],[1],[0],[0],[2.6106670000590384],['text_3'],,,,,6,2,122,1,642.6283752000891,,,,,,,,642.6006293999963,642.6283752000891,642.6283752000891,642.6283752000891,0.002911800052970648,645.2123362002894,chart,[np.float64(-0.043333333333333335)],[np.float64(-0.30333333333333334)],[1],[0],[0],[2.6106670000590384],['text_3'],p1,001,2025-10-12_12h36.16.647,word_priming,,2025.1.1,60.39555460584366,2025-10-12 12h36.23.788203 +0530,
,123,3,6,,,K_y_,Keys,old ,keys,[np.float64(-0.043333333333333335)],[np.float64(-0.30333333333333334)],[1],[0],[0],[2.7100734002888203],['text_3'],,,,,6,3,123,8,645.2423306000419,,,,,,,,645.2147039002739,645.2423306000419,645.2423306000419,645.2423306000419,0.0022446000948548317,647.9258118001744,keys,[np.float64(-0.043333333333333335)],[np.float64(-0.30333333333333334)],[1],[0],[0],[2.7100734002888203],['text_3'],p1,001,2025-10-12_12h36.16.647,word_priming,,2025.1.1,60.39555460584366,2025-10-12 12h36.23.788203 +0530,
,124,4,6,,,_ho_e,Phone,old ,phone,[np.float64(-0.043333333333333335)],[np.float64(-0.30333333333333334)],[1],[0],[0],[4.5079331998713315],['text_3'],,,,,6,4,124,12,647.9559538001195,,,,,,,,647.9290482001379,647.9559538001195,647.9559538001195,647.9559538001195,0.0031073996797204018,652.4380532000214,phone,[np.float64(-0.043333333333333335)],[np.float64(-0.30333333333333334)],[1],[0],[0],[4.5079331998713315],['text_3'],p1,001,2025-10-12_12h36.16.647,word_priming,,2025.1.1,60.39555460584366,2025-10-12 12h36.23.788203 +0530,
,125,5,6,,,_oo_,book,old ,book,[np.float64(-0.043333333333333335)],[np.float64(-0.30333333333333334)],[1],[0],[0],[2.644477399997413],['text_3'],,,,,6,5,125,13,652.4523655003868,,,,,,,,652.4404506003484,652.4523655003868,652.4523655003868,652.4523655003868,0.0022632000036537647,655.0859761000611,book,[np.float64(-0.043333333333333335)],[np.float64(-0.30333333333333334)],[1],[0],[0],[2.644477399997413],['text_3'],p1,001,2025-10-12_12h36.16.647,word_priming,,2025.1.1,60.39555460584366,2025-10-12 12h36.23.788203 +0530,
,126,6,6,,,c_m_ra,camera,new,camera,[np.float64(-0.043333333333333335)],[np.float64(-0.30333333333333334)],[1],[0],[0],[3.1921814996749163],['text_3'],,,,,6,6,126,19,655.1160455001518,,,,,,,,655.0889959000051,655.1160455001518,655.1160455001518,655.1160455001518,0.002893899567425251,658.2822464001365,camera,[np.float64(-0.043333333333333335)],[np.float64(-0.30333333333333334)],[1],[0],[0],[3.1921814996749163],['text_3'],p1,001,2025-10-12_12h36.16.647,word_priming,,2025.1.1,60.39555460584366,2025-10-12 12h36.23.788203 +0530,
,127,7,6,,,_a_bl_,Marble,old ,marble,[np.float64(-0.043333333333333335)],[np.float64(-0.30333333333333334)],[1],[0],[0],[5.523809200152755],['text_3'],,,,,6,7,127,11,658.312806500122,,,,,,,,658.2852402999997,658.312806500122,658.312806500122,658.312806500122,0.00286679994314909,663.8101159003563,marble,[np.float64(-0.043333333333333335)],[np.float64(-0.30333333333333334)],[1],[0],[0],[5.523809200152755],['text_3'],p1,001,2025-10-12_12h36.16.647,word_priming,,2025.1.1,60.39555460584366,2025-10-12 12h36.23.788203 +0530,
,128,8,6,,,v_s_,vase,new,vase,[np.float64(-0.043333333333333335)],[np.float64(-0.30333333333333334)],[1],[0],[0],[2.510493999812752],['text_3'],,,,,6,8,128,17,663.8246801001951,,,,,,,,663.8124967003241,663.8246801001951,663.8246801001951,663.8246801001951,0.0022633997723460197,666.3240987001918,vase,[np.float64(-0.043333333333333335)],[np.float64(-0.30333333333333334)],[1],[0],[0],[2.510493999812752],['text_3'],p1,001,2025-10-12_12h36.16.647,word_priming,,2025.1.1,60.39555460584366,2025-10-12 12h36.23.788203 +0530,
,129,9,6,,,c_s_io_,cushion,old ,cushion,[np.float64(-0.043333333333333335)],[np.float64(-0.30333333333333334)],[1],[0],[0],[3.9086023001000285],['text_3'],,,,,6,9,129,14,666.3389652003534,,,,,,,,666.3268914003856,666.3389652003534,666.3389652003534,666.3389652003534,0.002679800149053335,670.2365968003869,cushion,[np.float64(-0.043333333333333335)],[np.float64(-0.30333333333333334)],[1],[0],[0],[3.9086023001000285],['text_3'],p1,001,2025-10-12_12h36.16.647,word_priming,,2025.1.1,60.39555460584366,2025-10-12 12h36.23.788203 +0530,
,130,10,6,,,ta_l_,table,new,table,[np.float64(-0.043333333333333335)],[np.float64(-0.30333333333333334)],[1],[0],[0],[3.660098799970001],['text_3'],,,,,6,10,130,15,670.2514059999958,,,,,,,,670.2392621999606,670.2514059999958,670.2514059999958,670.2514059999958,0.002548099961131811,673.9003769000992,table,[np.float64(-0.043333333333333335)],[np.float64(-0.30333333333333334)],[1],[0],[0],[3.660098799970001],['text_3'],p1,001,2025-10-12_12h36.16.647,word_priming,,2025.1.1,60.39555460584366,2025-10-12 12h36.23.788203 +0530,
,131,11,6,,,l_pt_p,laptop,old ,laptop,[np.float64(-0.043333333333333335)],[np.float64(-0.30333333333333334)],[1],[0],[0],[4.441688099876046],['text_3'],,,,,6,11,131,0,673.9302656003274,,,,,,,,673.9030725001357,673.9302656003274,673.9302656003274,673.9302656003274,0.0025762002915143967,678.3458320000209,laptop,[np.float64(-0.043333333333333335)],[np.float64(-0.30333333333333334)],[1],[0],[0],[4.441688099876046],['text_3'],p1,001,2025-10-12_12h36.16.647,word_priming,,2025.1.1,60.39555460584366,2025-10-12 12h36.23.788203 +0530,
,132,12,6,,,bo_t_e,bottle,new,bottle,[np.float64(-0.043333333333333335)],[np.float64(-0.30333333333333334)],[1],[0],[0],[3.4933170001022518],['text_3'],,,,,6,12,132,18,678.3766888002865,,,,,,,,678.3484741002321,678.3766888002865,678.3766888002865,678.3766888002865,0.0025287000462412834,681.8428792003542,bottle,[np.float64(-0.043333333333333335)],[np.float64(-0.30333333333333334)],[1],[0],[0],[3.4933170001022518],['text_3'],p1,001,2025-10-12_12h36.16.647,word_priming,,2025.1.1,60.39555460584366,2025-10-12 12h36.23.788203 +0530,
,133,13,6,,,T_hi_t,Tshirt,old ,tshirt,[np.float64(-0.043333333333333335)],[np.float64(-0.30333333333333334)],[1],[0],[0],[3.458670800086111],['text_3'],,,,,6,13,133,2,681.8724277000874,,,,,,,,681.8455189000815,681.8724277000874,681.8724277000874,681.8724277000874,0.0025251000188291073,685.3052964000963,tshirt,[np.float64(-0.043333333333333335)],[np.float64(-0.30333333333333334)],[1],[0],[0],[3.458670800086111],['text_3'],p1,001,2025-10-12_12h36.16.647,word_priming,,2025.1.1,60.39555460584366,2025-10-12 12h36.23.788203 +0530,
,134,14,6,,,P_li_e,Police,old ,police,[np.float64(-0.043333333333333335)],[np.float64(-0.30333333333333334)],[1],[0],[0],[2.644483800046146],['text_3'],,,,,6,14,134,7,685.3199709001929,,,,,,,,685.3079610001296,685.3199709001929,685.3199709001929,685.3199709001929,0.0025474000722169876,687.9535604999401,police,[np.float64(-0.043333333333333335)],[np.float64(-0.30333333333333334)],[1],[0],[0],[2.644483800046146],['text_3'],p1,001,2025-10-12_12h36.16.647,word_priming,,2025.1.1,60.39555460584366,2025-10-12 12h36.23.788203 +0530,
,135,15,6,,,c_s_,case,old ,case,[np.float64(-0.043333333333333335)],[np.float64(-0.30333333333333334)],[1],[0],[0],[2.4095151000656188],['text_3'],,,,,6,15,135,5,687.9830816001631,,,,,,,,687.9561920003034,687.9830816001631,687.9830816001631,687.9830816001631,0.0024812002666294575,690.3668190999888,case,[np.float64(-0.043333333333333335)],[np.float64(-0.30333333333333334)],[1],[0],[0],[2.4095151000656188],['text_3'],p1,001,2025-10-12_12h36.16.647,word_priming,,2025.1.1,60.39555460584366,2025-10-12 12h36.23.788203 +0530,
,136,16,6,,,P_str_,pastry,old ,pastry,[np.float64(-0.043333333333333335)],[np.float64(-0.30333333333333334)],[1],[0],[0],[3.6443954999558628],['text_3'],,,,,6,16,136,4,690.381632400211,,,,,,,,690.3695060000755,690.381632400211,690.381632400211,690.381632400211,0.00257459981366992,694.0150224999525,pastry,[np.float64(-0.043333333333333335)],[np.float64(-0.30333333333333334)],[1],[0],[0],[3.6443954999558628],['text_3'],p1,001,2025-10-12_12h36.16.647,word_priming,,2025.1.1,60.39555460584366,2025-10-12 12h36.23.788203 +0530,
,137,17,6,,,_ru_s_,cruise,old ,cruise,[np.float64(-0.043333333333333335)],[np.float64(-0.30333333333333334)],[1],[0],[0],[3.8405873998999596],['text_3'],,,,,6,17,137,6,694.0445533003658,,,,,,,,694.0176953999326,694.0445533003658,694.0445533003658,694.0445533003658,0.0025563999079167843,697.8594228001311,cruise,[np.float64(-0.043333333333333335)],[np.float64(-0.30333333333333334)],[1],[0],[0],[3.8405873998999596],['text_3'],p1,001,2025-10-12_12h36.16.647,word_priming,,2025.1.1,60.39555460584366,2025-10-12 12h36.23.788203 +0530,
,138,18,6,,,P_st_r,Poster,old ,pastry,[np.float64(-0.043333333333333335)],[np.float64(-0.30333333333333334)],[1],[0],[0],[3.8255993998609483],['text_3'],,,,,6,18,138,9,697.8741740002297,,,,,,,,697.8623580001295,697.8741740002297,697.8741740002297,697.8741740002297,0.0028225998394191265,701.6890891003422,pastry,[np.float64(-0.043333333333333335)],[np.float64(-0.30333333333333334)],[1],[0],[0],[3.8255993998609483],['text_3'],p1,001,2025-10-12_12h36.16.647,word_priming,,2025.1.1,60.39555460584366,2025-10-12 12h36.23.788203 +0530,
,139,19,6,,,_o_rd,Board,old ,,[np.float64(-0.043333333333333335)],[np.float64(-0.30333333333333334)],[1],[0],[0],[1.2280749999918044],['text_3'],,,,,6,19,139,10,701.7038087002002,,,,,,,,701.6917143003084,701.7038087002002,701.7038087002002,701.7038087002002,0.002508999779820442,702.9209322002716,,[np.float64(-0.043333333333333335)],[np.float64(-0.30333333333333334)],[1],[0],[0],[1.2280749999918044],['text_3'],p1,001,2025-10-12_12h36.16.647,word_priming,,2025.1.1,60.39555460584366,2025-10-12 12h36.23.788203 +0530,
,140,0,7,,,P_li_e,Police,old ,police,[np.float64(-0.043333333333333335)],[np.float64(-0.30333333333333334)],[1],[0],[0],[3.4439191999845207],['text_3'],,,,,7,0,140,7,702.9361423002556,,,,,,,,702.9236102001742,702.9361423002556,702.9361423002556,702.9361423002556,0.0025591999292373657,706.3687121002004,police,[np.float64(-0.043333333333333335)],[np.float64(-0.30333333333333334)],[1],[0],[0],[3.4439191999845207],['text_3'],p1,001,2025-10-12_12h36.16.647,word_priming,,2025.1.1,60.39555460584366,2025-10-12 12h36.23.788203 +0530,
,141,1,7,,,c_s_io_,cushion,old ,cushion,[np.float64(-0.043333333333333335)],[np.float64(-0.30333333333333334)],[1],[0],[0],[5.140017699915916],['text_3'],,,,,7,1,141,14,706.3989260001108,,,,,,,,706.3714412003756,706.3989260001108,706.3989260001108,706.3989260001108,0.0025992998853325844,711.5126094003208,cushion,[np.float64(-0.043333333333333335)],[np.float64(-0.30333333333333334)],[1],[0],[0],[5.140017699915916],['text_3'],p1,001,2025-10-12_12h36.16.647,word_priming,,2025.1.1,60.39555460584366,2025-10-12 12h36.23.788203 +0530,
,142,2,7,,,P_str_,pastry,old ,pastry,[np.float64(-0.043333333333333335)],[np.float64(-0.30333333333333334)],[1],[0],[0],[3.5766299995593727],['text_3'],,,,,7,2,142,4,711.5273643000983,,,,,,,,711.5152515000664,711.5273643000983,711.5273643000983,711.5273643000983,0.0025182003155350685,715.0930270003155,pastry,[np.float64(-0.043333333333333335)],[np.float64(-0.30333333333333334)],[1],[0],[0],[3.5766299995593727],['text_3'],p1,001,2025-10-12_12h36.16.647,word_priming,,2025.1.1,60.39555460584366,2025-10-12 12h36.23.788203 +0530,
,143,3,7,,,c_s_,case,old ,case,[np.float64(-0.043333333333333335)],[np.float64(-0.30333333333333334)],[1],[0],[0],[2.3771867002360523],['text_3'],,,,,7,3,143,5,715.1236574002542,,,,,,,,715.0954101001844,715.1236574002542,715.1236574002542,715.1236574002542,0.002263799775391817,717.4737937999889,case,[np.float64(-0.043333333333333335)],[np.float64(-0.30333333333333334)],[1],[0],[0],[2.3771867002360523],['text_3'],p1,001,2025-10-12_12h36.16.647,word_priming,,2025.1.1,60.39555460584366,2025-10-12 12h36.23.788203 +0530,
,144,4,7,,,_ho_e,Phone,old ,phone,[np.float64(-0.043333333333333335)],[np.float64(-0.30333333333333334)],[1],[0],[0],[4.441884699743241],['text_3'],,,,,7,4,144,12,717.5044377003796,,,,,,,,717.4767435002141,717.5044377003796,717.5044377003796,717.5044377003796,0.0028396002016961575,721.919802499935,phone,[np.float64(-0.043333333333333335)],[np.float64(-0.30333333333333334)],[1],[0],[0],[4.441884699743241],['text_3'],p1,001,2025-10-12_12h36.16.647,word_priming,,2025.1.1,60.39555460584366,2025-10-12 12h36.23.788203 +0530,
,145,5,7,,,c_m_ra,camera,new,camera,[np.float64(-0.043333333333333335)],[np.float64(-0.30333333333333334)],[1],[0],[0],[3.893048300407827],['text_3'],,,,,7,5,145,19,721.9494940000586,,,,,,,,721.9226947999559,721.9494940000586,721.9494940000586,721.9494940000586,0.0027787000872194767,725.8169105001725,camera,[np.float64(-0.043333333333333335)],[np.float64(-0.30333333333333334)],[1],[0],[0],[3.893048300407827],['text_3'],p1,001,2025-10-12_12h36.16.647,word_priming,,2025.1.1,60.39555460584366,2025-10-12 12h36.23.788203 +0530,
,146,6,7,,,_o_rd,Board,old ,,[np.float64(-0.043333333333333335)],[np.float64(-0.30333333333333334)],[1],[0],[0],[1.1430885000154376],['text_3'],,,,,7,6,146,10,725.846582100261,,,,,,,,725.8196192001924,725.846582100261,725.846582100261,725.846582100261,0.0025971997529268265,726.9639138001949,,[np.float64(-0.043333333333333335)],[np.float64(-0.30333333333333334)],[1],[0],[0],[1.1430885000154376],['text_3'],p1,001,2025-10-12_12h36.16.647,word_priming,,2025.1.1,60.39555460584366,2025-10-12 12h36.23.788203 +0530,
,147,7,7,,,p_nc_l,pencil,new,pencil,[np.float64(-0.043333333333333335)],[np.float64(-0.30333333333333334)],[1],[0],[0],[4.359192899893969],['text_3'],,,,,7,7,147,16,726.9787973002531,,,,,,,,726.9665691000409,726.9787973002531,726.9787973002531,726.9787973002531,0.002536100335419178,731.3269486003555,pencil,[np.float64(-0.043333333333333335)],[np.float64(-0.30333333333333334)],[1],[0],[0],[4.359192899893969],['text_3'],p1,001,2025-10-12_12h36.16.647,word_priming,,2025.1.1,60.39555460584366,2025-10-12 12h36.23.788203 +0530,
,148,8,7,,,_ru_s_,cruise,old ,cruise,[np.float64(-0.043333333333333335)],[np.float64(-0.30333333333333334)],[1],[0],[0],[3.759502600412816],['text_3'],,,,,7,8,148,6,731.3576890002005,,,,,,,,731.3295787000097,731.3576890002005,731.3576890002005,731.3576890002005,0.002505000215023756,735.090277499985,cruise,[np.float64(-0.043333333333333335)],[np.float64(-0.30333333333333334)],[1],[0],[0],[3.759502600412816],['text_3'],p1,001,2025-10-12_12h36.16.647,word_priming,,2025.1.1,60.39555460584366,2025-10-12 12h36.23.788203 +0530,
,149,9,7,,,T_hi_t,Tshirt,old ,tshirt,[np.float64(-0.043333333333333335)],[np.float64(-0.30333333333333334)],[1],[0],[0],[3.509297200012952],['text_3'],,,,,7,9,149,2,735.1201671999879,,,,,,,,735.0929245003499,735.1201671999879,735.1201671999879,735.1201671999879,0.002530400175601244,738.6034167003818,tshirt,[np.float64(-0.043333333333333335)],[np.float64(-0.30333333333333334)],[1],[0],[0],[3.509297200012952],['text_3'],p1,001,2025-10-12_12h36.16.647,word_priming,,2025.1.1,60.39555460584366,2025-10-12 12h36.23.788203 +0530,
,150,10,7,,,v_s_,vase,new,vase,[np.float64(-0.043333333333333335)],[np.float64(-0.30333333333333334)],[1],[0],[0],[2.426817299798131],['text_3'],,,,,7,10,150,17,738.6338556003757,,,,,,,,738.6057782000862,738.6338556003757,738.6338556003757,738.6338556003757,0.0022435998544096947,741.0337920002639,vase,[np.float64(-0.043333333333333335)],[np.float64(-0.30333333333333334)],[1],[0],[0],[2.426817299798131],['text_3'],p1,001,2025-10-12_12h36.16.647,word_priming,,2025.1.1,60.39555460584366,2025-10-12 12h36.23.788203 +0530,
,151,11,7,,,ta_l_,table,new,table,[np.float64(-0.043333333333333335)],[np.float64(-0.30333333333333334)],[1],[0],[0],[2.993732700124383],['text_3'],,,,,7,11,151,15,741.0482411999255,,,,,,,,741.0364101002924,741.0482411999255,741.0482411999255,741.0482411999255,0.0024895002134144306,744.031366799958,table,[np.float64(-0.043333333333333335)],[np.float64(-0.30333333333333334)],[1],[0],[0],[2.993732700124383],['text_3'],p1,001,2025-10-12_12h36.16.647,word_priming,,2025.1.1,60.39555460584366,2025-10-12 12h36.23.788203 +0530,
,152,12,7,,,bo_t_e,bottle,new,bottle,[np.float64(-0.043333333333333335)],[np.float64(-0.30333333333333334)],[1],[0],[0],[3.2933005997911096],['text_3'],,,,,7,12,152,18,744.0453147999942,,,,,,,,744.0340225002728,744.0453147999942,744.0453147999942,744.0453147999942,0.0025368002243340015,747.3285408001393,bottle,[np.float64(-0.043333333333333335)],[np.float64(-0.30333333333333334)],[1],[0],[0],[3.2933005997911096],['text_3'],p1,001,2025-10-12_12h36.16.647,word_priming,,2025.1.1,60.39555460584366,2025-10-12 12h36.23.788203 +0530,
,153,13,7,,,_ou_se,mouse,old ,mouse,[np.float64(-0.043333333333333335)],[np.float64(-0.30333333333333334)],[1],[0],[0],[5.007238800171763],['text_3'],,,,,7,13,153,3,747.3584084003232,,,,,,,,747.3312134002335,747.3584084003232,747.3584084003232,747.3584084003232,0.002558399923145771,752.3396838000044,mouse,[np.float64(-0.043333333333333335)],[np.float64(-0.30333333333333334)],[1],[0],[0],[5.007238800171763],['text_3'],p1,001,2025-10-12_12h36.16.647,word_priming,,2025.1.1,60.39555460584366,2025-10-12 12h36.23.788203 +0530,
,154,14,7,,,_ha_t,chart,old ,chart,[np.float64(-0.043333333333333335)],[np.float64(-0.30333333333333334)],[1],[0],[0],[2.6940128998830914],['text_3'],,,,,7,14,154,1,752.3702396000735,,,,,,,,752.3422990003601,752.3702396000735,752.3702396000735,752.3702396000735,0.0024987999349832535,755.0375320003368,chart,[np.float64(-0.043333333333333335)],[np.float64(-0.30333333333333334)],[1],[0],[0],[2.6940128998830914],['text_3'],p1,001,2025-10-12_12h36.16.647,word_priming,,2025.1.1,60.39555460584366,2025-10-12 12h36.23.788203 +0530,
,155,15,7,,,P_st_r,Poster,old ,pastry,[np.float64(-0.043333333333333335)],[np.float64(-0.30333333333333334)],[1],[0],[0],[3.292770099826157],['text_3'],,,,,7,15,155,9,755.0677058999427,,,,,,,,755.040209800005,755.0677058999427,755.0677058999427,755.0677058999427,0.0025597000494599342,758.3342099003494,pastry,[np.float64(-0.043333333333333335)],[np.float64(-0.30333333333333334)],[1],[0],[0],[3.292770099826157],['text_3'],p1,001,2025-10-12_12h36.16.647,word_priming,,2025.1.1,60.39555460584366,2025-10-12 12h36.23.788203 +0530,
,156,16,7,,,_a_bl_,Marble,old ,marble,[np.float64(-0.043333333333333335)],[np.float64(-0.30333333333333334)],[1],[0],[0],[4.491360399872065],['text_3'],,,,,7,16,156,11,758.3642779001966,,,,,,,,758.3368607000448,758.3642779001966,758.3642779001966,758.3642779001966,0.0025347000919282436,762.8294612001628,marble,[np.float64(-0.043333333333333335)],[np.float64(-0.30333333333333334)],[1],[0],[0],[4.491360399872065],['text_3'],p1,001,2025-10-12_12h36.16.647,word_priming,,2025.1.1,60.39555460584366,2025-10-12 12h36.23.788203 +0530,
,157,17,7,,,_oo_,book,old ,book,[np.float64(-0.043333333333333335)],[np.float64(-0.30333333333333334)],[1],[0],[0],[3.809535900130868],['text_3'],,,,,7,17,157,13,762.843427600339,,,,,,,,762.8318505999632,762.843427600339,762.843427600339,762.843427600339,0.0022724000737071037,766.6426312001422,book,[np.float64(-0.043333333333333335)],[np.float64(-0.30333333333333334)],[1],[0],[0],[3.809535900130868],['text_3'],p1,001,2025-10-12_12h36.16.647,word_priming,,2025.1.1,60.39555460584366,2025-10-12 12h36.23.788203 +0530,
,158,18,7,,,l_pt_p,laptop,old ,laptop,[np.float64(-0.043333333333333335)],[np.float64(-0.30333333333333334)],[1],[0],[0],[3.774822600185871],['text_3'],,,,,7,18,158,0,766.6725731999613,,,,,,,,766.6456426000223,766.6725731999613,766.6725731999613,766.6725731999613,0.0028972001746296883,770.4217250002548,laptop,[np.float64(-0.043333333333333335)],[np.float64(-0.30333333333333334)],[1],[0],[0],[3.774822600185871],['text_3'],p1,001,2025-10-12_12h36.16.647,word_priming,,2025.1.1,60.39555460584366,2025-10-12 12h36.23.788203 +0530,
,159,19,7,,,K_y_,Keys,old ,keys,[np.float64(-0.043333333333333335)],[np.float64(-0.30333333333333334)],[1],[0],[0],[3.6086348998360336],['text_3'],,,,,7,19,159,8,770.4521898003295,,,,,,,,770.4247268000618,770.4521898003295,770.4521898003295,770.4521898003295,0.002889199648052454,774.0346329002641,keys,[np.float64(-0.043333333333333335)],[np.float64(-0.30333333333333334)],[1],[0],[0],[3.6086348998360336],['text_3'],p1,001,2025-10-12_12h36.16.647,word_priming,,2025.1.1,60.39555460584366,2025-10-12 12h36.23.788203 +0530,
,160,0,8,,,K_y_,Keys,old ,keys,[np.float64(-0.043333333333333335)],[np.float64(-0.30333333333333334)],[1],[0],[0],[3.693894799798727],['text_3'],,,,,8,0,160,8,774.0490129999816,,,,,,,,774.0351698999293,774.0490129999816,774.0490129999816,774.0490129999816,0.0004142001271247864,777.7303476002999,keys,[np.float64(-0.043333333333333335)],[np.float64(-0.30333333333333334)],[1],[0],[0],[3.693894799798727],['text_3'],p1,001,2025-10-12_12h36.16.647,word_priming,,2025.1.1,60.39555460584366,2025-10-12 12h36.23.788203 +0530,
,161,1,8,,,ta_l_,table,new,table,[np.float64(-0.043333333333333335)],[np.float64(-0.30333333333333334)],[1],[0],[0],[2.99377050017938],['text_3'],,,,,8,1,161,15,777.7453597001731,,,,,,,,777.7329889000393,777.7453597001731,777.7453597001731,777.7453597001731,0.0025228001177310944,780.7280640001409,table,[np.float64(-0.043333333333333335)],[np.float64(-0.30333333333333334)],[1],[0],[0],[2.99377050017938],['text_3'],p1,001,2025-10-12_12h36.16.647,word_priming,,2025.1.1,60.39555460584366,2025-10-12 12h36.23.788203 +0530,
,162,2,8,,,v_s_,vase,new,vase,[np.float64(-0.043333333333333335)],[np.float64(-0.30333333333333334)],[1],[0],[0],[3.6097573000006378],['text_3'],,,,,8,2,162,17,780.7425875002518,,,,,,,,780.7304148003459,780.7425875002518,780.7425875002518,780.7425875002518,0.0022405004128813744,784.3417231999338,vase,[np.float64(-0.043333333333333335)],[np.float64(-0.30333333333333334)],[1],[0],[0],[3.6097573000006378],['text_3'],p1,001,2025-10-12_12h36.16.647,word_priming,,2025.1.1,60.39555460584366,2025-10-12 12h36.23.788203 +0530,
,163,3,8,,,T_hi_t,Tshirt,old ,tshirt,[np.float64(-0.043333333333333335)],[np.float64(-0.30333333333333334)],[1],[0],[0],[4.391884699929506],['text_3'],,,,,8,3,163,2,784.3712443001568,,,,,,,,784.3443991001695,784.3712443001568,784.3712443001568,784.3712443001568,0.002552499994635582,788.7375659001991,tshirt,[np.float64(-0.043333333333333335)],[np.float64(-0.30333333333333334)],[1],[0],[0],[4.391884699929506],['text_3'],p1,001,2025-10-12_12h36.16.647,word_priming,,2025.1.1,60.39555460584366,2025-10-12 12h36.23.788203 +0530,
,164,4,8,,,_ru_s_,cruise,old ,cruise,[np.float64(-0.043333333333333335)],[np.float64(-0.30333333333333334)],[1],[0],[0],[5.72247469983995],['text_3'],,,,,8,4,164,6,788.7674724999815,,,,,,,,788.740534900222,788.7674724999815,788.7674724999815,788.7674724999815,0.002853399608284235,794.4643013002351,cruise,[np.float64(-0.043333333333333335)],[np.float64(-0.30333333333333334)],[1],[0],[0],[5.72247469983995],['text_3'],p1,001,2025-10-12_12h36.16.647,word_priming,,2025.1.1,60.39555460584366,2025-10-12 12h36.23.788203 +0530,
,165,5,8,,,_oo_,book,old ,book,[],[],[],[],[],[],[],,,,,8,5,165,13,794.4788375003263,,,,,,,,794.4666581000201,794.4788375003263,794.4788375003263,794.4788375003263,0.0022410997189581394,804.4700200003572,book,[],[],[],[],[],[],[],p1,001,2025-10-12_12h36.16.647,word_priming,,2025.1.1,60.39555460584366,2025-10-12 12h36.23.788203 +0530,
,166,6,8,,,_ha_t,chart,old ,chart,[np.float64(-0.043333333333333335)],[np.float64(-0.30333333333333334)],[1],[0],[0],[5.6915315999649465],['text_3'],,,,,8,6,166,1,804.4856660999358,,,,,,,,804.4727464001626,804.4856660999358,804.4856660999358,804.4856660999358,0.00833550002425909,810.1656267000362,chart,[np.float64(-0.043333333333333335)],[np.float64(-0.30333333333333334)],[1],[0],[0],[5.6915315999649465],['text_3'],p1,001,2025-10-12_12h36.16.647,word_priming,,2025.1.1,60.39555460584366,2025-10-12 12h36.23.788203 +0530,
,167,7,8,,,c_s_,case,old ,case,[np.float64(-0.043333333333333335)],[np.float64(-0.30333333333333334)],[1],[0],[0],[4.142472499981523],['text_3'],,,,,8,7,167,5,810.1959649003111,,,,,,,,810.1682450002991,810.1959649003111,810.1959649003111,810.1959649003111,0.0024985000491142273,814.3120312001556,case,[np.float64(-0.043333333333333335)],[np.float64(-0.30333333333333334)],[1],[0],[0],[4.142472499981523],['text_3'],p1,001,2025-10-12_12h36.16.647,word_priming,,2025.1.1,60.39555460584366,2025-10-12 12h36.23.788203 +0530,
,168,8,8,,,c_m_ra,camera,new,camera,[np.float64(-0.043333333333333335)],[np.float64(-0.30333333333333334)],[1],[0],[0],[4.890948500018567],['text_3'],,,,,8,8,168,19,814.3424375001341,,,,,,,,814.3148499000818,814.3424375001341,814.3424375001341,814.3424375001341,0.0026940996758639812,819.2071152999997,camera,[np.float64(-0.043333333333333335)],[np.float64(-0.30333333333333334)],[1],[0],[0],[4.890948500018567],['text_3'],p1,001,2025-10-12_12h36.16.647,word_priming,,2025.1.1,60.39555460584366,2025-10-12 12h36.23.788203 +0530,
,169,9,8,,,bo_t_e,bottle,new,bottle,[np.float64(-0.043333333333333335)],[np.float64(-0.30333333333333334)],[1],[0],[0],[3.825488300062716],['text_3'],,,,,8,9,169,18,819.2374911000952,,,,,,,,819.2097722999752,819.2374911000952,819.2374911000952,819.2374911000952,0.002542099915444851,823.0365834003314,bottle,[np.float64(-0.043333333333333335)],[np.float64(-0.30333333333333334)],[1],[0],[0],[3.825488300062716],['text_3'],p1,001,2025-10-12_12h36.16.647,word_priming,,2025.1.1,60.39555460584366,2025-10-12 12h36.23.788203 +0530,
,170,10,8,,,_a_bl_,Marble,old ,marble,[np.float64(-0.043333333333333335)],[np.float64(-0.30333333333333334)],[1],[0],[0],[4.12498899968341],['text_3'],,,,,8,10,170,11,823.0672177001834,,,,,,,,823.0392432999797,823.0672177001834,823.0672177001834,823.0672177001834,0.0025426996871829033,827.1655679000542,marble,[np.float64(-0.043333333333333335)],[np.float64(-0.30333333333333334)],[1],[0],[0],[4.12498899968341],['text_3'],p1,001,2025-10-12_12h36.16.647,word_priming,,2025.1.1,60.39555460584366,2025-10-12 12h36.23.788203 +0530,
,171,11,8,,,l_pt_p,laptop,old ,laptop,[np.float64(-0.043333333333333335)],[np.float64(-0.30333333333333334)],[1],[0],[0],[4.308293299749494],['text_3'],,,,,8,11,171,0,827.195619000122,,,,,,,,827.1682176999748,827.195619000122,827.195619000122,827.195619000122,0.0025332998484373093,831.4778964002617,laptop,[np.float64(-0.043333333333333335)],[np.float64(-0.30333333333333334)],[1],[0],[0],[4.308293299749494],['text_3'],p1,001,2025-10-12_12h36.16.647,word_priming,,2025.1.1,60.39555460584366,2025-10-12 12h36.23.788203 +0530,
,172,12,8,,,c_s_io_,cushion,old ,cushion,[np.float64(-0.043333333333333335)],[np.float64(-0.30333333333333334)],[1],[0],[0],[5.108406899962574],['text_3'],,,,,8,12,172,14,831.5086016999558,,,,,,,,831.4806260000914,831.5086016999558,831.5086016999558,831.5086016999558,0.0026062997058033943,836.5904060001485,cushion,[np.float64(-0.043333333333333335)],[np.float64(-0.30333333333333334)],[1],[0],[0],[5.108406899962574],['text_3'],p1,001,2025-10-12_12h36.16.647,word_priming,,2025.1.1,60.39555460584366,2025-10-12 12h36.23.788203 +0530,
,173,13,8,,,P_str_,pastry,old ,pastry,[np.float64(-0.043333333333333335)],[np.float64(-0.30333333333333334)],[1],[0],[0],[3.5916238999925554],['text_3'],,,,,8,13,173,4,836.6196636003442,,,,,,,,836.5930898999795,836.6196636003442,836.6196636003442,836.6196636003442,0.002550399862229824,840.1860659001395,pastry,[np.float64(-0.043333333333333335)],[np.float64(-0.30333333333333334)],[1],[0],[0],[3.5916238999925554],['text_3'],p1,001,2025-10-12_12h36.16.647,word_priming,,2025.1.1,60.39555460584366,2025-10-12 12h36.23.788203 +0530,
,174,14,8,,,P_st_r,Poster,old ,poster,[np.float64(-0.043333333333333335)],[np.float64(-0.30333333333333334)],[1],[0],[0],[3.6428203997202218],['text_3'],,,,,8,14,174,9,840.2161016003229,,,,,,,,840.188761500176,840.2161016003229,840.2161016003229,840.2161016003229,0.0025817002169787884,843.8329708003439,poster,[np.float64(-0.043333333333333335)],[np.float64(-0.30333333333333334)],[1],[0],[0],[3.6428203997202218],['text_3'],p1,001,2025-10-12_12h36.16.647,word_priming,,2025.1.1,60.39555460584366,2025-10-12 12h36.23.788203 +0530,
,175,15,8,,,_ou_se,mouse,old ,mouse,[np.float64(-0.043333333333333335)],[np.float64(-0.30333333333333334)],[1],[0],[0],[3.4590420997701585],['text_3'],,,,,8,15,175,3,843.8632555003278,,,,,,,,843.835663900245,843.8632555003278,843.8632555003278,843.8632555003278,0.002561999950557947,847.2960807001218,mouse,[np.float64(-0.043333333333333335)],[np.float64(-0.30333333333333334)],[1],[0],[0],[3.4590420997701585],['text_3'],p1,001,2025-10-12_12h36.16.647,word_priming,,2025.1.1,60.39555460584366,2025-10-12 12h36.23.788203 +0530,
,176,16,8,,,_o_rd,Board,old ,,[np.float64(-0.043333333333333335)],[np.float64(-0.30333333333333334)],[1],[0],[0],[1.4277435997501016],['text_3'],,,,,8,16,176,10,847.3264029002748,,,,,,,,847.2987474002875,847.3264029002748,847.3264029002748,847.3264029002748,0.0025380002334713936,848.7278740000911,,[np.float64(-0.043333333333333335)],[np.float64(-0.30333333333333334)],[1],[0],[0],[1.4277435997501016],['text_3'],p1,001,2025-10-12_12h36.16.647,word_priming,,2025.1.1,60.39555460584366,2025-10-12 12h36.23.788203 +0530,
,177,17,8,,,_ho_e,Phone,old ,phone,[np.float64(-0.043333333333333335)],[np.float64(-0.30333333333333334)],[1],[0],[0],[4.3595640999265015],['text_3'],,,,,8,17,177,12,848.7420473000966,,,,,,,,848.7305278000422,848.7420473000966,848.7420473000966,848.7420473000966,0.0025312998332083225,853.0914680003189,phone,[np.float64(-0.043333333333333335)],[np.float64(-0.30333333333333334)],[1],[0],[0],[4.3595640999265015],['text_3'],p1,001,2025-10-12_12h36.16.647,word_priming,,2025.1.1,60.39555460584366,2025-10-12 12h36.23.788203 +0530,
,178,18,8,,,p_nc_l,pencil,new,pencil,[np.float64(-0.043333333333333335)],[np.float64(-0.30333333333333334)],[1],[0],[0],[4.290553600061685],['text_3'],,,,,8,18,178,16,853.1208826000802,,,,,,,,853.0941456002183,853.1208826000802,853.1208826000802,853.1208826000802,0.0025496003217995167,857.3860849002376,pencil,[np.float64(-0.043333333333333335)],[np.float64(-0.30333333333333334)],[1],[0],[0],[4.290553600061685],['text_3'],p1,001,2025-10-12_12h36.16.647,word_priming,,2025.1.1,60.39555460584366,2025-10-12 12h36.23.788203 +0530,
,179,19,8,,,P_li_e,Police,old ,police,[np.float64(-0.043333333333333335)],[np.float64(-0.30333333333333334)],[1],[0],[0],[2.959666999988258],['text_3'],,,,,8,19,179,7,857.4165330003016,,,,,,,,857.3887756001204,857.4165330003016,857.4165330003016,857.4165330003016,0.0025717997923493385,860.3498925999738,police,[np.float64(-0.043333333333333335)],[np.float64(-0.30333333333333334)],[1],[0],[0],[2.959666999988258],['text_3'],p1,001,2025-10-12_12h36.16.647,word_priming,,2025.1.1,60.39555460584366,2025-10-12 12h36.23.788203 +0530,
,180,0,9,,,c_s_,case,old ,case,[np.float64(-0.043333333333333335)],[np.float64(-0.30333333333333334)],[1],[0],[0],[3.476514299865812],['text_3'],,,,,9,0,180,5,860.3803811999969,,,,,,,,860.3525188001804,860.3803811999969,860.3803811999969,860.3803811999969,0.0025043999776244164,863.8304750001989,case,[np.float64(-0.043333333333333335)],[np.float64(-0.30333333333333334)],[1],[0],[0],[3.476514299865812],['text_3'],p1,001,2025-10-12_12h36.16.647,word_priming,,2025.1.1,60.39555460584366,2025-10-12 12h36.23.788203 +0530,
,181,1,9,,,P_st_r,Poster,old ,poster,[np.float64(-0.043333333333333335)],[np.float64(-0.30333333333333334)],[1],[0],[0],[3.3752505001612008],['text_3'],,,,,9,1,181,9,863.8602949003689,,,,,,,,863.8331833002158,863.8602949003689,863.8602949003689,863.8602949003689,0.0025983997620642185,867.209847799968,poster,[np.float64(-0.043333333333333335)],[np.float64(-0.30333333333333334)],[1],[0],[0],[3.3752505001612008],['text_3'],p1,001,2025-10-12_12h36.16.647,word_priming,,2025.1.1,60.39555460584366,2025-10-12 12h36.23.788203 +0530,
,182,2,9,,,P_li_e,Police,old ,police,[np.float64(-0.043333333333333335)],[np.float64(-0.30333333333333334)],[1],[0],[0],[2.742782900109887],['text_3'],,,,,9,2,182,7,867.2403528001159,,,,,,,,867.2124964999966,867.2403528001159,867.2403528001159,867.2403528001159,0.0025232001207768917,869.9566846000962,police,[np.float64(-0.043333333333333335)],[np.float64(-0.30333333333333334)],[1],[0],[0],[2.742782900109887],['text_3'],p1,001,2025-10-12_12h36.16.647,word_priming,,2025.1.1,60.39555460584366,2025-10-12 12h36.23.788203 +0530,
,183,3,9,,,ta_l_,table,new,table,[np.float64(-0.043333333333333335)],[np.float64(-0.30333333333333334)],[1],[0],[0],[3.7762653999961913],['text_3'],,,,,9,3,183,15,869.9710731003433,,,,,,,,869.9593144999817,869.9710731003433,869.9710731003433,869.9710731003433,0.002511899918317795,873.7370106000453,table,[np.float64(-0.043333333333333335)],[np.float64(-0.30333333333333334)],[1],[0],[0],[3.7762653999961913],['text_3'],p1,001,2025-10-12_12h36.16.647,word_priming,,2025.1.1,60.39555460584366,2025-10-12 12h36.23.788203 +0530,
,184,4,9,,,P_str_,pastry,old ,pastry,[np.float64(-0.043333333333333335)],[np.float64(-0.30333333333333334)],[1],[0],[0],[4.940220599994063],['text_3'],,,,,9,4,184,4,873.7663850001991,,,,,,,,873.7396714002825,873.7663850001991,873.7663850001991,873.7663850001991,0.002544999588280916,878.6813457999378,pastry,[np.float64(-0.043333333333333335)],[np.float64(-0.30333333333333334)],[1],[0],[0],[4.940220599994063],['text_3'],p1,001,2025-10-12_12h36.16.647,word_priming,,2025.1.1,60.39555460584366,2025-10-12 12h36.23.788203 +0530,
,185,5,9,,,_ru_s_,cruise,old ,cruise,[np.float64(-0.043333333333333335)],[np.float64(-0.30333333333333334)],[1],[0],[0],[3.35957819968462],['text_3'],,,,,9,5,185,6,878.6958242002875,,,,,,,,878.6840224000625,878.6958242002875,878.6958242002875,878.6958242002875,0.0025557000190019608,882.0450224000961,cruise,[np.float64(-0.043333333333333335)],[np.float64(-0.30333333333333334)],[1],[0],[0],[3.35957819968462],['text_3'],p1,001,2025-10-12_12h36.16.647,word_priming,,2025.1.1,60.39555460584366,2025-10-12 12h36.23.788203 +0530,
,186,6,9,,,T_hi_t,Tshirt,old ,tshirt,[np.float64(-0.043333333333333335)],[np.float64(-0.30333333333333334)],[1],[0],[0],[3.4925176999531686],['text_3'],,,,,9,6,186,2,882.0755330999382,,,,,,,,882.0476786000654,882.0755330999382,882.0755330999382,882.0755330999382,0.0025300998240709305,885.5416279002093,tshirt,[np.float64(-0.043333333333333335)],[np.float64(-0.30333333333333334)],[1],[0],[0],[3.4925176999531686],['text_3'],p1,001,2025-10-12_12h36.16.647,word_priming,,2025.1.1,60.39555460584366,2025-10-12 12h36.23.788203 +0530,
,187,7,9,,,c_m_ra,camera,new,camera,[np.float64(-0.043333333333333335)],[np.float64(-0.30333333333333334)],[1],[0],[0],[3.3095041001215577],['text_3'],,,,,9,7,187,19,885.5713494000956,,,,,,,,885.5442818002775,885.5713494000956,885.5713494000956,885.5713494000956,0.0025327997282147408,888.8552884999663,camera,[np.float64(-0.043333333333333335)],[np.float64(-0.30333333333333334)],[1],[0],[0],[3.3095041001215577],['text_3'],p1,001,2025-10-12_12h36.16.647,word_priming,,2025.1.1,60.39555460584366,2025-10-12 12h36.23.788203 +0530,
,188,8,9,,,v_s_,vase,new,vase,[np.float64(-0.043333333333333335)],[np.float64(-0.30333333333333334)],[1],[0],[0],[2.4597724000923336],['text_3'],,,,,9,8,188,17,888.8856525002047,,,,,,,,888.8577209999785,888.8856525002047,888.8856525002047,888.8856525002047,0.002307500224560499,891.3189424001612,vase,[np.float64(-0.043333333333333335)],[np.float64(-0.30333333333333334)],[1],[0],[0],[2.4597724000923336],['text_3'],p1,001,2025-10-12_12h36.16.647,word_priming,,2025.1.1,60.39555460584366,2025-10-12 12h36.23.788203 +0530,
,189,9,9,,,c_s_io_,cushion,old ,cushion,[np.float64(-0.043333333333333335)],[np.float64(-0.30333333333333334)],[1],[0],[0],[3.7925876998342574],['text_3'],,,,,9,9,189,14,891.3493077000603,,,,,,,,891.3216447001323,891.3493077000603,891.3493077000603,891.3493077000603,0.002583499997854233,895.1156871002167,cushion,[np.float64(-0.043333333333333335)],[np.float64(-0.30333333333333334)],[1],[0],[0],[3.7925876998342574],['text_3'],p1,001,2025-10-12_12h36.16.647,word_priming,,2025.1.1,60.39555460584366,2025-10-12 12h36.23.788203 +0530,
,190,10,9,,,p_nc_l,pencil,new,pencil,[np.float64(-0.043333333333333335)],[np.float64(-0.30333333333333334)],[1],[0],[0],[4.225599000230432],['text_3'],,,,,9,10,190,16,895.1453543002717,,,,,,,,895.1183865000494,895.1453543002717,895.1453543002717,895.1453543002717,0.0025822999887168407,899.345465300139,pencil,[np.float64(-0.043333333333333335)],[np.float64(-0.30333333333333334)],[1],[0],[0],[4.225599000230432],['text_3'],p1,001,2025-10-12_12h36.16.647,word_priming,,2025.1.1,60.39555460584366,2025-10-12 12h36.23.788203 +0530,
,191,11,9,,,bo_t_e,bottle,new,bottle,[np.float64(-0.043333333333333335)],[np.float64(-0.30333333333333334)],[1],[0],[0],[5.8564773998223245],['text_3'],,,,,9,11,191,18,899.3750963001512,,,,,,,,899.348128200043,899.3750963001512,899.3750963001512,899.3750963001512,0.002545400056988001,905.2061180002056,bottle,[np.float64(-0.043333333333333335)],[np.float64(-0.30333333333333334)],[1],[0],[0],[5.8564773998223245],['text_3'],p1,001,2025-10-12_12h36.16.647,word_priming,,2025.1.1,60.39555460584366,2025-10-12 12h36.23.788203 +0530,
,192,12,9,,,_ha_t,chart,old ,chart,[np.float64(-0.043333333333333335)],[np.float64(-0.30333333333333334)],[1],[0],[0],[3.5082713002339005],['text_3'],,,,,9,12,192,1,905.2361046001315,,,,,,,,905.2087656999938,905.2361046001315,905.2361046001315,905.2361046001315,0.002526099793612957,908.71852340037,chart,[np.float64(-0.043333333333333335)],[np.float64(-0.30333333333333334)],[1],[0],[0],[3.5082713002339005],['text_3'],p1,001,2025-10-12_12h36.16.647,word_priming,,2025.1.1,60.39555460584366,2025-10-12 12h36.23.788203 +0530,
,193,13,9,,,_ou_se,mouse,old ,mouse,[],[],[],[],[],[],[],,,,,9,13,193,3,908.749228599947,,,,,,,,908.7211782000959,908.749228599947,908.749228599947,908.749228599947,0.0025371001102030277,918.7240039999597,mouse,[],[],[],[],[],[],[],p1,001,2025-10-12_12h36.16.647,word_priming,,2025.1.1,60.39555460584366,2025-10-12 12h36.23.788203 +0530,
,194,14,9,,,_o_rd,Board,old ,,[np.float64(-0.025)],[np.float64(-0.30333333333333334)],[1],[0],[0],[1.8122657001949847],['text_3'],,,,,9,14,194,10,918.7395210000686,,,,,,,,918.7267132000998,918.7395210000686,918.7395210000686,918.7395210000686,0.008074599783867598,920.5404952000827,,[np.float64(-0.025)],[np.float64(-0.30333333333333334)],[1],[0],[0],[1.8122657001949847],['text_3'],p1,001,2025-10-12_12h36.16.647,word_priming,,2025.1.1,60.39555460584366,2025-10-12 12h36.23.788203 +0530,
,195,15,9,,,_oo_,book,old ,book,[np.float64(-0.025)],[np.float64(-0.30333333333333334)],[1],[0],[0],[2.7270822999998927],['text_3'],,,,,9,15,195,13,920.5544492001645,,,,,,,,920.5428678002208,920.5544492001645,920.5544492001645,920.5544492001645,0.00224840035662055,923.2714407001622,book,[np.float64(-0.025)],[np.float64(-0.30333333333333334)],[1],[0],[0],[2.7270822999998927],['text_3'],p1,001,2025-10-12_12h36.16.647,word_priming,,2025.1.1,60.39555460584366,2025-10-12 12h36.23.788203 +0530,
,196,16,9,,,_ho_e,Phone,old ,phone,[np.float64(-0.03666666666666667)],[np.float64(-0.2966666666666667)],[1],[0],[0],[5.257977599743754],['text_3'],,,,,9,16,196,12,923.3013276001438,,,,,,,,923.2743069999851,923.3013276001438,923.3013276001438,923.3013276001438,0.0027507003396749496,928.5337942000479,phone,[np.float64(-0.03666666666666667)],[np.float64(-0.2966666666666667)],[1],[0],[0],[5.257977599743754],['text_3'],p1,001,2025-10-12_12h36.16.647,word_priming,,2025.1.1,60.39555460584366,2025-10-12 12h36.23.788203 +0530,
,197,17,9,,,_a_bl_,Marble,old ,marble,[np.float64(-0.03666666666666667)],[np.float64(-0.2966666666666667)],[1],[0],[0],[5.07275479985401],['text_3'],,,,,9,17,197,11,928.5633148001507,,,,,,,,928.5364439999685,928.5633148001507,928.5633148001507,928.5633148001507,0.002533700317144394,933.6107340003364,marble,[np.float64(-0.03666666666666667)],[np.float64(-0.2966666666666667)],[1],[0],[0],[5.07275479985401],['text_3'],p1,001,2025-10-12_12h36.16.647,word_priming,,2025.1.1,60.39555460584366,2025-10-12 12h36.23.788203 +0530,
,198,18,9,,,K_y_,Keys,old ,keys,[np.float64(-0.03666666666666667)],[np.float64(-0.2966666666666667)],[1],[0],[0],[2.777016299776733],['text_3'],,,,,9,18,198,8,933.6411337000318,,,,,,,,933.6134262001142,933.6411337000318,933.6411337000318,933.6411337000318,0.002573399804532528,936.3919578003697,keys,[np.float64(-0.03666666666666667)],[np.float64(-0.2966666666666667)],[1],[0],[0],[2.777016299776733],['text_3'],p1,001,2025-10-12_12h36.16.647,word_priming,,2025.1.1,60.39555460584366,2025-10-12 12h36.23.788203 +0530,
,199,19,9,,,l_pt_p,laptop,old ,laptop,[np.float64(-0.03666666666666667)],[np.float64(-0.2966666666666667)],[1],[0],[0],[3.591972699854523],['text_3'],,,,,9,19,199,0,936.4215937000699,,,,,,,,936.3946934002452,936.4215937000699,936.4215937000699,936.4215937000699,0.0026213000528514385,939.9881942002103,laptop,[np.float64(-0.03666666666666667)],[np.float64(-0.2966666666666667)],[1],[0],[0],[3.591972699854523],['text_3'],p1,001,2025-10-12_12h36.16.647,word_priming,,2025.1.1,60.39555460584366,2025-10-12 12h36.23.788203 +0530,
,200,0,10,,,v_s_,vase,new,vase,[np.float64(-0.03666666666666667)],[np.float64(-0.2966666666666667)],[1],[0],[0],[2.4598341998644173],['text_3'],,,,,10,0,200,17,940.0186503003351,,,,,,,,939.9906347002834,940.0186503003351,940.0186503003351,940.0186503003351,0.0023266002535820007,942.4519966002554,vase,[np.float64(-0.03666666666666667)],[np.float64(-0.2966666666666667)],[1],[0],[0],[2.4598341998644173],['text_3'],p1,001,2025-10-12_12h36.16.647,word_priming,,2025.1.1,60.39555460584366,2025-10-12 12h36.23.788203 +0530,
,201,1,10,,,_ru_s_,cruise,old ,cruise,[np.float64(-0.03666666666666667)],[np.float64(-0.2966666666666667)],[1],[0],[0],[3.459624100010842],['text_3'],,,,,10,1,201,6,942.4824339002371,,,,,,,,942.454653300345,942.4824339002371,942.4824339002371,942.4824339002371,0.0025391997769474983,945.9158055000007,cruise,[np.float64(-0.03666666666666667)],[np.float64(-0.2966666666666667)],[1],[0],[0],[3.459624100010842],['text_3'],p1,001,2025-10-12_12h36.16.647,word_priming,,2025.1.1,60.39555460584366,2025-10-12 12h36.23.788203 +0530,
,202,2,10,,,_a_bl_,Marble,old ,marble,[np.float64(-0.03666666666666667)],[np.float64(-0.2966666666666667)],[1],[0],[0],[4.7572500999085605],['text_3'],,,,,10,2,202,11,945.9454388003796,,,,,,,,945.9184604999609,945.9454388003796,945.9454388003796,945.9454388003796,0.0025360998697578907,950.6772517003119,marble,[np.float64(-0.03666666666666667)],[np.float64(-0.2966666666666667)],[1],[0],[0],[4.7572500999085605],['text_3'],p1,001,2025-10-12_12h36.16.647,word_priming,,2025.1.1,60.39555460584366,2025-10-12 12h36.23.788203 +0530,
,203,3,10,,,_o_rd,Board,old ,,[np.float64(-0.03666666666666667)],[np.float64(-0.2966666666666667)],[1],[0],[0],[1.3441880997270346],['text_3'],,,,,10,3,203,10,950.707068500109,,,,,,,,950.6799449999817,950.707068500109,950.707068500109,950.707068500109,0.002574400044977665,952.0256697000004,,[np.float64(-0.03666666666666667)],[np.float64(-0.2966666666666667)],[1],[0],[0],[1.3441880997270346],['text_3'],p1,001,2025-10-12_12h36.16.647,word_priming,,2025.1.1,60.39555460584366,2025-10-12 12h36.23.788203 +0530,
,204,4,10,,,c_s_io_,cushion,old ,cushion,[np.float64(-0.03666666666666667)],[np.float64(-0.2966666666666667)],[1],[0],[0],[3.4759050998836756],['text_3'],,,,,10,4,204,14,952.0400626002811,,,,,,,,952.028953100089,952.0400626002811,952.0400626002811,952.0400626002811,0.0031600003130733967,955.5064089000225,cushion,[np.float64(-0.03666666666666667)],[np.float64(-0.2966666666666667)],[1],[0],[0],[3.4759050998836756],['text_3'],p1,001,2025-10-12_12h36.16.647,word_priming,,2025.1.1,60.39555460584366,2025-10-12 12h36.23.788203 +0530,
,205,5,10,,,K_y_,Keys,old ,keys,[np.float64(-0.03666666666666667)],[np.float64(-0.2966666666666667)],[1],[0],[0],[2.576748500112444],['text_3'],,,,,10,5,205,8,955.5356609001756,,,,,,,,955.5088053001091,955.5356609001756,955.5356609001756,955.5356609001756,0.0022813999094069004,958.0871079000644,keys,[np.float64(-0.03666666666666667)],[np.float64(-0.2966666666666667)],[1],[0],[0],[2.576748500112444],['text_3'],p1,001,2025-10-12_12h36.16.647,word_priming,,2025.1.1,60.39555460584366,2025-10-12 12h36.23.788203 +0530,
,206,6,10,,,l_pt_p,laptop,old ,laptop,[np.float64(-0.03666666666666667)],[np.float64(-0.2966666666666667)],[1],[0],[0],[3.591976599767804],['text_3'],,,,,10,6,206,0,958.1169000002556,,,,,,,,958.0898094000295,958.1169000002556,958.1169000002556,958.1169000002556,0.002583499997854233,961.6833970001899,laptop,[np.float64(-0.03666666666666667)],[np.float64(-0.2966666666666667)],[1],[0],[0],[3.591976599767804],['text_3'],p1,001,2025-10-12_12h36.16.647,word_priming,,2025.1.1,60.39555460584366,2025-10-12 12h36.23.788203 +0530,
,207,7,10,,,_ho_e,Phone,old ,phone,[np.float64(-0.03666666666666667)],[np.float64(-0.2966666666666667)],[1],[0],[0],[3.591836200095713],['text_3'],,,,,10,7,207,12,961.7136498000473,,,,,,,,961.686061500106,961.7136498000473,961.7136498000473,961.7136498000473,0.0025296001695096493,965.2794771003537,phone,[np.float64(-0.03666666666666667)],[np.float64(-0.2966666666666667)],[1],[0],[0],[3.591836200095713],['text_3'],p1,001,2025-10-12_12h36.16.647,word_priming,,2025.1.1,60.39555460584366,2025-10-12 12h36.23.788203 +0530,
,208,8,10,,,_ha_t,chart,old ,chart,[np.float64(-0.03666666666666667)],[np.float64(-0.2966666666666667)],[1],[0],[0],[3.3591080997139215],['text_3'],,,,,10,8,208,1,965.3099289000966,,,,,,,,965.2821559002623,965.3099289000966,965.3099289000966,965.3099289000966,0.0025586001574993134,968.6428277003579,chart,[np.float64(-0.03666666666666667)],[np.float64(-0.2966666666666667)],[1],[0],[0],[3.3591080997139215],['text_3'],p1,001,2025-10-12_12h36.16.647,word_priming,,2025.1.1,60.39555460584366,2025-10-12 12h36.23.788203 +0530,
,209,9,10,,,c_m_ra,camera,new,camera,[np.float64(-0.03666666666666667)],[np.float64(-0.2966666666666667)],[1],[0],[0],[3.0762676997110248],['text_3'],,,,,10,9,209,19,968.6735129002482,,,,,,,,968.6455340003595,968.6735129002482,968.6735129002482,968.6735129002482,0.0025781001895666122,971.7234406000935,camera,[np.float64(-0.03666666666666667)],[np.float64(-0.2966666666666667)],[1],[0],[0],[3.0762676997110248],['text_3'],p1,001,2025-10-12_12h36.16.647,word_priming,,2025.1.1,60.39555460584366,2025-10-12 12h36.23.788203 +0530,
,210,10,10,,,_ou_se,mouse,old ,mouse,[np.float64(-0.03666666666666667)],[np.float64(-0.2966666666666667)],[1],[0],[0],[3.142255899962038],['text_3'],,,,,10,10,210,3,971.7538834000006,,,,,,,,971.7263565999456,971.7538834000006,971.7538834000006,971.7538834000006,0.0028003002516925335,974.8702199002728,mouse,[np.float64(-0.03666666666666667)],[np.float64(-0.2966666666666667)],[1],[0],[0],[3.142255899962038],['text_3'],p1,001,2025-10-12_12h36.16.647,word_priming,,2025.1.1,60.39555460584366,2025-10-12 12h36.23.788203 +0530,
,211,11,10,,,T_hi_t,Tshirt,old ,tshirt,[np.float64(-0.03666666666666667)],[np.float64(-0.2966666666666667)],[1],[0],[0],[3.7095296001061797],['text_3'],,,,,10,11,211,2,974.9009461002424,,,,,,,,974.8728794003837,974.9009461002424,974.9009461002424,974.9009461002424,0.002540500368922949,978.5840336000547,tshirt,[np.float64(-0.03666666666666667)],[np.float64(-0.2966666666666667)],[1],[0],[0],[3.7095296001061797],['text_3'],p1,001,2025-10-12_12h36.16.647,word_priming,,2025.1.1,60.39555460584366,2025-10-12 12h36.23.788203 +0530,
,212,12,10,,,P_st_r,Poster,old ,poster,[np.float64(-0.03666666666666667)],[np.float64(-0.2966666666666667)],[1],[0],[0],[2.8100760001689196],['text_3'],,,,,10,12,212,9,978.6137809003703,,,,,,,,978.586812700145,978.6137809003703,978.6137809003703,978.6137809003703,0.00266330037266016,981.3985236003064,poster,[np.float64(-0.03666666666666667)],[np.float64(-0.2966666666666667)],[1],[0],[0],[2.8100760001689196],['text_3'],p1,001,2025-10-12_12h36.16.647,word_priming,,2025.1.1,60.39555460584366,2025-10-12 12h36.23.788203 +0530,
,213,13,10,,,p_nc_l,pencil,new,pencil,[np.float64(-0.03666666666666667)],[np.float64(-0.2966666666666667)],[1],[0],[0],[3.9073242996819317],['text_3'],,,,,10,13,213,16,981.4276543003507,,,,,,,,981.4012521002442,981.4276543003507,981.4276543003507,981.4276543003507,0.0026167999021708965,985.3101977999322,pencil,[np.float64(-0.03666666666666667)],[np.float64(-0.2966666666666667)],[1],[0],[0],[3.9073242996819317],['text_3'],p1,001,2025-10-12_12h36.16.647,word_priming,,2025.1.1,60.39555460584366,2025-10-12 12h36.23.788203 +0530,
,214,14,10,,,P_li_e,Police,old ,police,[np.float64(-0.03666666666666667)],[np.float64(-0.2966666666666667)],[1],[0],[0],[2.659320400096476],['text_3'],,,,,10,14,214,7,985.3403834002092,,,,,,,,985.3131580003537,985.3403834002092,985.3403834002092,985.3403834002092,0.002843800000846386,987.9740929002874,police,[np.float64(-0.03666666666666667)],[np.float64(-0.2966666666666667)],[1],[0],[0],[2.659320400096476],['text_3'],p1,001,2025-10-12_12h36.16.647,word_priming,,2025.1.1,60.39555460584366,2025-10-12 12h36.23.788203 +0530,
,215,15,10,,,ta_l_,table,new,table,[np.float64(-0.03666666666666667)],[np.float64(-0.2966666666666667)],[1],[0],[0],[5.173950099851936],['text_3'],,,,,10,15,215,15,988.0037960000336,,,,,,,,987.9768142001703,988.0037960000336,988.0037960000336,988.0037960000336,0.002606700174510479,993.1523919003084,table,[np.float64(-0.03666666666666667)],[np.float64(-0.2966666666666667)],[1],[0],[0],[5.173950099851936],['text_3'],p1,001,2025-10-12_12h36.16.647,word_priming,,2025.1.1,60.39555460584366,2025-10-12 12h36.23.788203 +0530,
,216,16,10,,,bo_t_e,bottle,new,bottle,[np.float64(-0.03666666666666667)],[np.float64(-0.2966666666666667)],[1],[0],[0],[4.458416400011629],['text_3'],,,,,10,16,216,18,993.1826512999833,,,,,,,,993.1553464001045,993.1826512999833,993.1826512999833,993.1826512999833,0.0028259004466235638,997.6153947999701,bottle,[np.float64(-0.03666666666666667)],[np.float64(-0.2966666666666667)],[1],[0],[0],[4.458416400011629],['text_3'],p1,001,2025-10-12_12h36.16.647,word_priming,,2025.1.1,60.39555460584366,2025-10-12 12h36.23.788203 +0530,
,217,17,10,,,P_str_,pastry,old ,pastry,[np.float64(-0.03666666666666667)],[np.float64(-0.2966666666666667)],[1],[0],[0],[3.124791099689901],['text_3'],,,,,10,17,217,4,997.6443417002447,,,,,,,,997.6180777000263,997.6443417002447,997.6443417002447,997.6443417002447,0.002564100082963705,1000.7444922002032,pastry,[np.float64(-0.03666666666666667)],[np.float64(-0.2966666666666667)],[1],[0],[0],[3.124791099689901],['text_3'],p1,001,2025-10-12_12h36.16.647,word_priming,,2025.1.1,60.39555460584366,2025-10-12 12h36.23.788203 +0530,
,218,18,10,,,_oo_,book,old ,book ,[np.float64(-0.03666666666666667)],[np.float64(-0.2966666666666667)],[1],[0],[0],[3.0091796997003257],['text_3'],,,,,10,18,218,13,1000.7744442000985,,,,,,,,1000.7468636003323,1000.7744442000985,1000.7744442000985,1000.7744442000985,0.00225309981033206,1003.7577520003542,book ,[np.float64(-0.03666666666666667)],[np.float64(-0.2966666666666667)],[1],[0],[0],[3.0091796997003257],['text_3'],p1,001,2025-10-12_12h36.16.647,word_priming,,2025.1.1,60.39555460584366,2025-10-12 12h36.23.788203 +0530,
,219,19,10,,,c_s_,case,old ,case,[np.float64(-0.03666666666666667)],[np.float64(-0.2966666666666667)],[1],[0],[0],[2.8112155999988317],['text_3'],,,,,10,19,219,5,1003.7723882999271,,,,,,,,1003.760117799975,1003.7723882999271,1003.7723882999271,1003.7723882999271,0.0022467998787760735,1006.5729694999754,case,[np.float64(-0.03666666666666667)],[np.float64(-0.2966666666666667)],[1],[0],[0],[2.8112155999988317],['text_3'],p1,001,2025-10-12_12h36.16.647,word_priming,,2025.1.1,60.39555460584366,2025-10-12 12h36.23.788203 +0530,
,220,0,11,,,l_pt_p,laptop,old ,laptop,[np.float64(-0.03666666666666667)],[np.float64(-0.2966666666666667)],[1],[0],[0],[4.15834470000118],['text_3'],,,,,11,0,220,0,1006.6026498000138,,,,,,,,1006.5756764002144,1006.6026498000138,1006.6026498000138,1006.6026498000138,0.0025785001926124096,1010.7356964000501,laptop,[np.float64(-0.03666666666666667)],[np.float64(-0.2966666666666667)],[1],[0],[0],[4.15834470000118],['text_3'],p1,001,2025-10-12_12h36.16.647,word_priming,,2025.1.1,60.39555460584366,2025-10-12 12h36.23.788203 +0530,
,221,1,11,,,_oo_,book,old ,,[np.float64(-0.03666666666666667)],[np.float64(-0.2966666666666667)],[1],[0],[0],[1.0770025998353958],['text_3'],,,,,11,1,221,13,1010.7645708001219,,,,,,,,1010.7384099001065,1010.7645708001219,1010.7645708001219,1010.7645708001219,0.0025853998959064484,1011.8170684999786,,[np.float64(-0.03666666666666667)],[np.float64(-0.2966666666666667)],[1],[0],[0],[1.0770025998353958],['text_3'],p1,001,2025-10-12_12h36.16.647,word_priming,,2025.1.1,60.39555460584366,2025-10-12 12h36.23.788203 +0530,
,222,2,11,,,_ho_e,Phone,old ,phone,[np.float64(-0.03666666666666667)],[np.float64(-0.2966666666666667)],[1],[0],[0],[6.139958600047976],['text_3'],,,,,11,2,222,12,1011.8310899999924,,,,,,,,1011.8197286003269,1011.8310899999924,1011.8310899999924,1011.8310899999924,0.0025439998134970665,1017.9614075999707,phone,[np.float64(-0.03666666666666667)],[np.float64(-0.2966666666666667)],[1],[0],[0],[6.139958600047976],['text_3'],p1,001,2025-10-12_12h36.16.647,word_priming,,2025.1.1,60.39555460584366,2025-10-12 12h36.23.788203 +0530,
,223,3,11,,,bo_t_e,bottle,new,bottle,[np.float64(-0.03666666666666667)],[np.float64(-0.2966666666666667)],[1],[0],[0],[3.990481900051236],['text_3'],,,,,11,3,223,18,1017.9915793002583,,,,,,,,1017.9646677002311,1017.9915793002583,1017.9915793002583,1017.9915793002583,0.0031183999963104725,1021.9568291003816,bottle,[np.float64(-0.03666666666666667)],[np.float64(-0.2966666666666667)],[1],[0],[0],[3.990481900051236],['text_3'],p1,001,2025-10-12_12h36.16.647,word_priming,,2025.1.1,60.39555460584366,2025-10-12 12h36.23.788203 +0530,
,224,4,11,,,P_li_e,Police,old ,police,[np.float64(-0.03666666666666667)],[np.float64(-0.2966666666666667)],[1],[0],[0],[3.9090367001481354],['text_3'],,,,,11,4,224,7,1021.98748610029,,,,,,,,1021.9595355000347,1021.98748610029,1021.98748610029,1021.98748610029,0.0025911000557243824,1025.8702863003127,police,[np.float64(-0.03666666666666667)],[np.float64(-0.2966666666666667)],[1],[0],[0],[3.9090367001481354],['text_3'],p1,001,2025-10-12_12h36.16.647,word_priming,,2025.1.1,60.39555460584366,2025-10-12 12h36.23.788203 +0530,
,225,5,11,,,_ha_t,chart,old ,chart,[np.float64(-0.03666666666666667)],[np.float64(-0.2966666666666667)],[1],[0],[0],[4.108608200214803],['text_3'],,,,,11,5,225,1,1025.900344000198,,,,,,,,1025.872971100267,1025.900344000198,1025.900344000198,1025.900344000198,0.002544200047850609,1029.9832921000198,chart,[np.float64(-0.03666666666666667)],[np.float64(-0.2966666666666667)],[1],[0],[0],[4.108608200214803],['text_3'],p1,001,2025-10-12_12h36.16.647,word_priming,,2025.1.1,60.39555460584366,2025-10-12 12h36.23.788203 +0530,
,226,6,11,,,p_nc_l,pencil,new,pencil,[np.float64(-0.03666666666666667)],[np.float64(-0.2966666666666667)],[1],[0],[0],[4.057356500066817],['text_3'],,,,,11,6,226,16,1030.012402600143,,,,,,,,1029.986246400047,1030.012402600143,1030.012402600143,1030.012402600143,0.0028260000981390476,1034.0453452002257,pencil,[np.float64(-0.03666666666666667)],[np.float64(-0.2966666666666667)],[1],[0],[0],[4.057356500066817],['text_3'],p1,001,2025-10-12_12h36.16.647,word_priming,,2025.1.1,60.39555460584366,2025-10-12 12h36.23.788203 +0530,
,227,7,11,,,c_s_io_,cushion,old ,cushion,[np.float64(-0.03666666666666667)],[np.float64(-0.2966666666666667)],[1],[0],[0],[4.758239599876106],['text_3'],,,,,11,7,227,14,1034.0756128001958,,,,,,,,1034.0481573003344,1034.0756128001958,1034.0756128001958,1034.0756128001958,0.0026639001443982124,1038.808092399966,cushion,[np.float64(-0.03666666666666667)],[np.float64(-0.2966666666666667)],[1],[0],[0],[4.758239599876106],['text_3'],p1,001,2025-10-12_12h36.16.647,word_priming,,2025.1.1,60.39555460584366,2025-10-12 12h36.23.788203 +0530,
,228,8,11,,,P_str_,pastry,old ,pastry,[np.float64(-0.03666666666666667)],[np.float64(-0.2966666666666667)],[1],[0],[0],[4.17399450019002],['text_3'],,,,,11,8,228,4,1038.8376275999472,,,,,,,,1038.811099700164,1038.8376275999472,1038.8376275999472,1038.8376275999472,0.002893500030040741,1042.9867954002693,pastry,[np.float64(-0.03666666666666667)],[np.float64(-0.2966666666666667)],[1],[0],[0],[4.17399450019002],['text_3'],p1,001,2025-10-12_12h36.16.647,word_priming,,2025.1.1,60.39555460584366,2025-10-12 12h36.23.788203 +0530,
,229,9,11,,,_ou_se,mouse,old ,mouse,[np.float64(-0.03666666666666667)],[np.float64(-0.2966666666666667)],[1],[0],[0],[3.224712800234556],['text_3'],,,,,11,9,229,3,1043.0166592001915,,,,,,,,1042.9894781000912,1043.0166592001915,1043.0166592001915,1043.0166592001915,0.0025654002092778683,1046.2159494999796,mouse,[np.float64(-0.03666666666666667)],[np.float64(-0.2966666666666667)],[1],[0],[0],[3.224712800234556],['text_3'],p1,001,2025-10-12_12h36.16.647,word_priming,,2025.1.1,60.39555460584366,2025-10-12 12h36.23.788203 +0530,
,230,10,11,,,_ru_s_,cruise,old ,cruise,[np.float64(-0.03666666666666667)],[np.float64(-0.2966666666666667)],[1],[0],[0],[3.926204599905759],['text_3'],,,,,11,10,230,6,1046.2467582002282,,,,,,,,1046.2186076003127,1046.2467582002282,1046.2467582002282,1046.2467582002282,0.002539899665862322,1050.1465358999558,cruise,[np.float64(-0.03666666666666667)],[np.float64(-0.2966666666666667)],[1],[0],[0],[3.926204599905759],['text_3'],p1,001,2025-10-12_12h36.16.647,word_priming,,2025.1.1,60.39555460584366,2025-10-12 12h36.23.788203 +0530,
,231,11,11,,,c_m_ra,camera,new,camera,[np.float64(-0.03666666666666667)],[np.float64(-0.2966666666666667)],[1],[0],[0],[3.3258051997981966],['text_3'],,,,,11,11,231,19,1050.1756743001752,,,,,,,,1050.1492542000487,1050.1756743001752,1050.1756743001752,1050.1756743001752,0.002603299915790558,1053.4767845002934,camera,[np.float64(-0.03666666666666667)],[np.float64(-0.2966666666666667)],[1],[0],[0],[3.3258051997981966],['text_3'],p1,001,2025-10-12_12h36.16.647,word_priming,,2025.1.1,60.39555460584366,2025-10-12 12h36.23.788203 +0530,
,232,12,11,,,c_s_,case,old ,case,[np.float64(-0.03666666666666667)],[np.float64(-0.2966666666666667)],[1],[0],[0],[3.0092563000507653],['text_3'],,,,,11,12,232,5,1053.5058286003768,,,,,,,,1053.4791781003587,1053.5058286003768,1053.5058286003768,1053.5058286003768,0.0022769002243876457,1056.490188300144,case,[np.float64(-0.03666666666666667)],[np.float64(-0.2966666666666667)],[1],[0],[0],[3.0092563000507653],['text_3'],p1,001,2025-10-12_12h36.16.647,word_priming,,2025.1.1,60.39555460584366,2025-10-12 12h36.23.788203 +0530,
,233,13,11,,,T_hi_t,Tshirt,old ,tshirt,[np.float64(-0.03666666666666667)],[np.float64(-0.2966666666666667)],[1],[0],[0],[3.326377199962735],['text_3'],,,,,11,13,233,2,1056.5201600003056,,,,,,,,1056.4928759001195,1056.5201600003056,1056.5201600003056,1056.5201600003056,0.0025693001225590706,1059.8209899002686,tshirt,[np.float64(-0.03666666666666667)],[np.float64(-0.2966666666666667)],[1],[0],[0],[3.326377199962735],['text_3'],p1,001,2025-10-12_12h36.16.647,word_priming,,2025.1.1,60.39555460584366,2025-10-12 12h36.23.788203 +0530,
,234,14,11,,,ta_l_,table,new,table,[np.float64(-0.03666666666666667)],[np.float64(-0.2966666666666667)],[1],[0],[0],[4.007733200211078],['text_3'],,,,,11,14,234,15,1059.849497599993,,,,,,,,1059.8236302002333,1059.849497599993,1059.849497599993,1059.849497599993,0.002521299757063389,1063.8331055999734,table,[np.float64(-0.03666666666666667)],[np.float64(-0.2966666666666667)],[1],[0],[0],[4.007733200211078],['text_3'],p1,001,2025-10-12_12h36.16.647,word_priming,,2025.1.1,60.39555460584366,2025-10-12 12h36.23.788203 +0530,
,235,15,11,,,_a_bl_,Marble,old ,mar,[],[],[],[],[],[],[],,,,,11,15,235,11,1063.8622901001945,,,,,,,,1063.8357798000798,1063.8622901001945,1063.8622901001945,1063.8622901001945,0.002557100262492895,1073.8377399002202,mar,[],[],[],[],[],[],[],p1,001,2025-10-12_12h36.16.647,word_priming,,2025.1.1,60.39555460584366,2025-10-12 12h36.23.788203 +0530,
,236,16,11,,,K_y_,Keys,old ,keys,[np.float64(-0.03666666666666667)],[np.float64(-0.2966666666666667)],[1],[0],[0],[3.261043299920857],['text_3'],,,,,11,16,236,8,1073.8533070003614,,,,,,,,1073.84013399994,1073.8533070003614,1073.8533070003614,1073.8533070003614,0.006913700141012669,1077.1029577003792,keys,[np.float64(-0.03666666666666667)],[np.float64(-0.2966666666666667)],[1],[0],[0],[3.261043299920857],['text_3'],p1,001,2025-10-12_12h36.16.647,word_priming,,2025.1.1,60.39555460584366,2025-10-12 12h36.23.788203 +0530,
,237,17,11,,,v_s_,vase,new,vase,[np.float64(-0.03666666666666667)],[np.float64(-0.2966666666666667)],[1],[0],[0],[2.4601944996975362],['text_3'],,,,,11,17,237,17,1077.1332382000983,,,,,,,,1077.105313300155,1077.1332382000983,1077.1332382000983,1077.1332382000983,0.002236700151115656,1079.567254900001,vase,[np.float64(-0.03666666666666667)],[np.float64(-0.2966666666666667)],[1],[0],[0],[2.4601944996975362],['text_3'],p1,001,2025-10-12_12h36.16.647,word_priming,,2025.1.1,60.39555460584366,2025-10-12 12h36.23.788203 +0530,
,238,18,11,,,_o_rd,Board,old ,,[np.float64(-0.03666666666666667)],[np.float64(-0.2966666666666667)],[1],[0],[0],[1.1944630998186767],['text_3'],,,,,11,18,238,10,1079.597247000318,,,,,,,,1079.5698947999626,1079.597247000318,1079.597247000318,1079.597247000318,0.002521699760109186,1080.7661395999603,,[np.float64(-0.03666666666666667)],[np.float64(-0.2966666666666667)],[1],[0],[0],[1.1944630998186767],['text_3'],p1,001,2025-10-12_12h36.16.647,word_priming,,2025.1.1,60.39555460584366,2025-10-12 12h36.23.788203 +0530,
,239,19,11,,,P_st_r,Poster,old ,poster,[np.float64(-0.03666666666666667)],[np.float64(-0.2966666666666667)],[1],[0],[0],[4.290414100047201],['text_3'],,,,,11,19,239,9,1080.7797290002927,,,,,,,,1080.7687825001776,1080.7797290002927,1080.7797290002927,1080.7797290002927,0.0025264001451432705,1085.061001200229,poster,[np.float64(-0.03666666666666667)],[np.float64(-0.2966666666666667)],[1],[0],[0],[4.290414100047201],['text_3'],p1,001,2025-10-12_12h36.16.647,word_priming,,2025.1.1,60.39555460584366,2025-10-12 12h36.23.788203 +0530,
,240,0,12,,,P_st_r,Poster,old ,poster,[np.float64(-0.03666666666666667)],[np.float64(-0.2966666666666667)],[1],[0],[0],[4.094206199981272],['text_3'],,,,,12,0,240,9,1085.0757691003382,,,,,,,,1085.0615685000084,1085.0757691003382,1085.0757691003382,1085.0757691003382,0.00043370015919208527,1089.1575262001716,poster,[np.float64(-0.03666666666666667)],[np.float64(-0.2966666666666667)],[1],[0],[0],[4.094206199981272],['text_3'],p1,001,2025-10-12_12h36.16.647,word_priming,,2025.1.1,60.39555460584366,2025-10-12 12h36.23.788203 +0530,
,241,1,12,,,_o_rd,Board,old ,,[np.float64(-0.03666666666666667)],[np.float64(-0.2966666666666667)],[1],[0],[0],[1.6776068001054227],['text_3'],,,,,12,1,241,10,1089.1880225003697,,,,,,,,1089.160424800124,1089.1880225003697,1089.1880225003697,1089.1880225003697,0.0027831001207232475,1090.8398645999841,,[np.float64(-0.03666666666666667)],[np.float64(-0.2966666666666667)],[1],[0],[0],[1.6776068001054227],['text_3'],p1,001,2025-10-12_12h36.16.647,word_priming,,2025.1.1,60.39555460584366,2025-10-12 12h36.23.788203 +0530,
,242,2,12,,,T_hi_t,Tshirt,old ,tshirt,[np.float64(-0.03666666666666667)],[np.float64(-0.2966666666666667)],[1],[0],[0],[4.557100799866021],['text_3'],,,,,12,2,242,2,1090.869713500142,,,,,,,,1090.842597800307,1090.869713500142,1090.869713500142,1090.869713500142,0.0026155998930335045,1095.4014801001176,tshirt,[np.float64(-0.03666666666666667)],[np.float64(-0.2966666666666667)],[1],[0],[0],[4.557100799866021],['text_3'],p1,001,2025-10-12_12h36.16.647,word_priming,,2025.1.1,60.39555460584366,2025-10-12 12h36.23.788203 +0530,
,243,3,12,,,ta_l_,table,new,table,[np.float64(-0.03666666666666667)],[np.float64(-0.2966666666666667)],[1],[0],[0],[3.5929516004398465],['text_3'],,,,,12,3,243,15,1095.4317741999403,,,,,,,,1095.4040918000974,1095.4317741999403,1095.4317741999403,1095.4317741999403,0.002493700012564659,1098.998849300202,table,[np.float64(-0.03666666666666667)],[np.float64(-0.2966666666666667)],[1],[0],[0],[3.5929516004398465],['text_3'],p1,001,2025-10-12_12h36.16.647,word_priming,,2025.1.1,60.39555460584366,2025-10-12 12h36.23.788203 +0530,
,244,4,12,,,l_pt_p,laptop,old ,laptop,[np.float64(-0.03666666666666667)],[np.float64(-0.2966666666666667)],[1],[0],[0],[4.539713799953461],['text_3'],,,,,12,4,244,0,1099.0280258003622,,,,,,,,1099.0017618001439,1099.0280258003622,1099.0280258003622,1099.0280258003622,0.002795799635350704,1103.5433340999298,laptop,[np.float64(-0.03666666666666667)],[np.float64(-0.2966666666666667)],[1],[0],[0],[4.539713799953461],['text_3'],p1,001,2025-10-12_12h36.16.647,word_priming,,2025.1.1,60.39555460584366,2025-10-12 12h36.23.788203 +0530,
,245,5,12,,,c_s_,case,old ,case,[np.float64(-0.03666666666666667)],[np.float64(-0.2966666666666667)],[1],[0],[0],[2.376661599613726],['text_3'],,,,,12,5,245,5,1103.5733763999306,,,,,,,,1103.5457983999513,1103.5733763999306,1103.5733763999306,1103.5733763999306,0.0023496998474001884,1105.92425739998,case,[np.float64(-0.03666666666666667)],[np.float64(-0.2966666666666667)],[1],[0],[0],[2.376661599613726],['text_3'],p1,001,2025-10-12_12h36.16.647,word_priming,,2025.1.1,60.39555460584366,2025-10-12 12h36.23.788203 +0530,
,246,6,12,,,_ha_t,chart,old ,chart,[np.float64(-0.03666666666666667)],[np.float64(-0.2966666666666667)],[1],[0],[0],[3.0260604000650346],['text_3'],,,,,12,6,246,1,1105.9382832003757,,,,,,,,1105.926868900191,1105.9382832003757,1105.9382832003757,1105.9382832003757,0.0024955999106168747,1108.954741500318,chart,[np.float64(-0.03666666666666667)],[np.float64(-0.2966666666666667)],[1],[0],[0],[3.0260604000650346],['text_3'],p1,001,2025-10-12_12h36.16.647,word_priming,,2025.1.1,60.39555460584366,2025-10-12 12h36.23.788203 +0530,
,247,7,12,,,_ou_se,mouse,old ,mouse,[np.float64(-0.03666666666666667)],[np.float64(-0.2966666666666667)],[1],[0],[0],[4.142262499779463],['text_3'],,,,,12,7,247,3,1108.9843069002964,,,,,,,,1108.9573997999541,1108.9843069002964,1108.9843069002964,1108.9843069002964,0.0025402000173926353,1113.1015002001077,mouse,[np.float64(-0.03666666666666667)],[np.float64(-0.2966666666666667)],[1],[0],[0],[4.142262499779463],['text_3'],p1,001,2025-10-12_12h36.16.647,word_priming,,2025.1.1,60.39555460584366,2025-10-12 12h36.23.788203 +0530,
,248,8,12,,,_ru_s_,cruise,old ,cruise,[np.float64(-0.03666666666666667)],[np.float64(-0.2966666666666667)],[1],[0],[0],[3.6910907002165914],['text_3'],,,,,12,8,248,6,1113.130516400095,,,,,,,,1113.1041542999446,1113.130516400095,1113.130516400095,1113.130516400095,0.002535499632358551,1116.797065900173,cruise,[np.float64(-0.03666666666666667)],[np.float64(-0.2966666666666667)],[1],[0],[0],[3.6910907002165914],['text_3'],p1,001,2025-10-12_12h36.16.647,word_priming,,2025.1.1,60.39555460584366,2025-10-12 12h36.23.788203 +0530,
,249,9,12,,,c_m_ra,camera,new,camera,[np.float64(-0.03666666666666667)],[np.float64(-0.2966666666666667)],[1],[0],[0],[4.091671499889344],['text_3'],,,,,12,9,249,19,1116.826551700011,,,,,,,,1116.7999761002138,1116.826551700011,1116.826551700011,1116.826551700011,0.0027938000857830048,1120.893498700112,camera,[np.float64(-0.03666666666666667)],[np.float64(-0.2966666666666667)],[1],[0],[0],[4.091671499889344],['text_3'],p1,001,2025-10-12_12h36.16.647,word_priming,,2025.1.1,60.39555460584366,2025-10-12 12h36.23.788203 +0530,
,250,10,12,,,bo_t_e,bottle,new,bottle,[np.float64(-0.03666666666666667)],[np.float64(-0.2966666666666667)],[1],[0],[0],[4.107524299994111],['text_3'],,,,,12,10,250,18,1120.9232706003822,,,,,,,,1120.8961485000327,1120.9232706003822,1120.9232706003822,1120.9232706003822,0.0025288998149335384,1125.0054955002852,bottle,[np.float64(-0.03666666666666667)],[np.float64(-0.2966666666666667)],[1],[0],[0],[4.107524299994111],['text_3'],p1,001,2025-10-12_12h36.16.647,word_priming,,2025.1.1,60.39555460584366,2025-10-12 12h36.23.788203 +0530,
,251,11,12,,,v_s_,vase,new,vase,[np.float64(-0.03666666666666667)],[np.float64(-0.2966666666666667)],[1],[0],[0],[2.7594147003255785],['text_3'],,,,,12,11,251,17,1125.0359817999415,,,,,,,,1125.0081502003595,1125.0359817999415,1125.0359817999415,1125.0359817999415,0.002537399996072054,1127.769391100388,vase,[np.float64(-0.03666666666666667)],[np.float64(-0.2966666666666667)],[1],[0],[0],[2.7594147003255785],['text_3'],p1,001,2025-10-12_12h36.16.647,word_priming,,2025.1.1,60.39555460584366,2025-10-12 12h36.23.788203 +0530,
,252,12,12,,,c_s_io_,cushion,old ,cushion,[np.float64(-0.03666666666666667)],[np.float64(-0.2966666666666667)],[1],[0],[0],[4.491755399852991],['text_3'],,,,,12,12,252,14,1127.79951729998,,,,,,,,1127.7723362003453,1127.79951729998,1127.79951729998,1127.79951729998,0.0028327996842563152,1132.2659450001083,cushion,[np.float64(-0.03666666666666667)],[np.float64(-0.2966666666666667)],[1],[0],[0],[4.491755399852991],['text_3'],p1,001,2025-10-12_12h36.16.647,word_priming,,2025.1.1,60.39555460584366,2025-10-12 12h36.23.788203 +0530,
,253,13,12,,,_oo_,book,old ,book,[np.float64(-0.03666666666666667)],[np.float64(-0.2966666666666667)],[1],[0],[0],[3.375365400221199],['text_3'],,,,,12,13,253,13,1132.2954452000558,,,,,,,,1132.2683582003228,1132.2954452000558,1132.2954452000558,1132.2954452000558,0.0022964999079704285,1135.6455641002394,book,[np.float64(-0.03666666666666667)],[np.float64(-0.2966666666666667)],[1],[0],[0],[3.375365400221199],['text_3'],p1,001,2025-10-12_12h36.16.647,word_priming,,2025.1.1,60.39555460584366,2025-10-12 12h36.23.788203 +0530,
,254,14,12,,,_a_bl_,Marble,old ,marble,[np.float64(-0.03666666666666667)],[np.float64(-0.2966666666666667)],[1],[0],[0],[5.22306270012632],['text_3'],,,,,12,14,254,11,1135.6749140000902,,,,,,,,1135.648225700017,1135.6749140000902,1135.6749140000902,1135.6749140000902,0.0025416002608835697,1140.873135900125,marble,[np.float64(-0.03666666666666667)],[np.float64(-0.2966666666666667)],[1],[0],[0],[5.22306270012632],['text_3'],p1,001,2025-10-12_12h36.16.647,word_priming,,2025.1.1,60.39555460584366,2025-10-12 12h36.23.788203 +0530,
,255,15,12,,,_ho_e,Phone,old ,phone,[np.float64(-0.03666666666666667)],[np.float64(-0.2966666666666667)],[1],[0],[0],[4.3740867003798485],['text_3'],,,,,12,15,255,12,1140.903471800033,,,,,,,,1140.8757625003345,1140.903471800033,1140.903471800033,1140.903471800033,0.002508599776774645,1145.2517122002319,phone,[np.float64(-0.03666666666666667)],[np.float64(-0.2966666666666667)],[1],[0],[0],[4.3740867003798485],['text_3'],p1,001,2025-10-12_12h36.16.647,word_priming,,2025.1.1,60.39555460584366,2025-10-12 12h36.23.788203 +0530,
,256,16,12,,,P_str_,pastry,old ,pastry,[np.float64(-0.03666666666666667)],[np.float64(-0.2966666666666667)],[1],[0],[0],[3.726533000357449],['text_3'],,,,,12,16,256,4,1145.281964099966,,,,,,,,1145.254380499944,1145.281964099966,1145.281964099966,1145.281964099966,0.0025550001300871372,1148.9827853003517,pastry,[np.float64(-0.03666666666666667)],[np.float64(-0.2966666666666667)],[1],[0],[0],[3.726533000357449],['text_3'],p1,001,2025-10-12_12h36.16.647,word_priming,,2025.1.1,60.39555460584366,2025-10-12 12h36.23.788203 +0530,
,257,17,12,,,K_y_,Keys,old ,keys,[np.float64(-0.03666666666666667)],[np.float64(-0.2966666666666667)],[1],[0],[0],[2.9917332003824413],['text_3'],,,,,12,17,257,8,1149.0122213000432,,,,,,,,1148.9852643003687,1149.0122213000432,1149.0122213000432,1149.0122213000432,0.002348999958485365,1151.9788941000588,keys,[np.float64(-0.03666666666666667)],[np.float64(-0.2966666666666667)],[1],[0],[0],[2.9917332003824413],['text_3'],p1,001,2025-10-12_12h36.16.647,word_priming,,2025.1.1,60.39555460584366,2025-10-12 12h36.23.788203 +0530,
,258,18,12,,,P_li_e,Police,old ,police,[np.float64(-0.03666666666666667)],[np.float64(-0.2966666666666667)],[1],[0],[0],[3.3089757999405265],['text_3'],,,,,12,18,258,7,1152.0092497002333,,,,,,,,1151.9815716999583,1152.0092497002333,1152.0092497002333,1152.0092497002333,0.0025567999109625816,1155.292454500217,police,[np.float64(-0.03666666666666667)],[np.float64(-0.2966666666666667)],[1],[0],[0],[3.3089757999405265],['text_3'],p1,001,2025-10-12_12h36.16.647,word_priming,,2025.1.1,60.39555460584366,2025-10-12 12h36.23.788203 +0530,
,259,19,12,,,p_nc_l,pencil,new,pencil,[np.float64(-0.03666666666666667)],[np.float64(-0.2966666666666667)],[1],[0],[0],[4.2411730997264385],['text_3'],,,,,12,19,259,16,1155.322855700273,,,,,,,,1155.2952295001596,1155.322855700273,1155.322855700273,1155.322855700273,0.002646099776029587,1159.5382932000794,pencil,[np.float64(-0.03666666666666667)],[np.float64(-0.2966666666666667)],[1],[0],[0],[4.2411730997264385],['text_3'],p1,001,2025-10-12_12h36.16.647,word_priming,,2025.1.1,60.39555460584366,2025-10-12 12h36.23.788203 +0530,
,260,0,13,,,c_m_ra,camera,new,camera,[np.float64(-0.03666666666666667)],[np.float64(-0.2966666666666667)],[1],[0],[0],[3.4920630999840796],['text_3'],,,,,13,0,260,19,1159.5685034003109,,,,,,,,1159.5409949002787,1159.5685034003109,1159.5685034003109,1159.5685034003109,0.002545600291341543,1163.0350402002223,camera,[np.float64(-0.03666666666666667)],[np.float64(-0.2966666666666667)],[1],[0],[0],[3.4920630999840796],['text_3'],p1,001,2025-10-12_12h36.16.647,word_priming,,2025.1.1,60.39555460584366,2025-10-12 12h36.23.788203 +0530,
,261,1,13,,,v_s_,vase,new,vase,[np.float64(-0.03666666666666667)],[np.float64(-0.2966666666666667)],[1],[0],[0],[2.709426600020379],['text_3'],,,,,13,1,261,17,1163.065180100035,,,,,,,,1163.0374102001078,1163.065180100035,1163.065180100035,1163.065180100035,0.0022410000674426556,1165.7487471001223,vase,[np.float64(-0.03666666666666667)],[np.float64(-0.2966666666666667)],[1],[0],[0],[2.709426600020379],['text_3'],p1,001,2025-10-12_12h36.16.647,word_priming,,2025.1.1,60.39555460584366,2025-10-12 12h36.23.788203 +0530,
,262,2,13,,,bo_t_e,bottle,new,bottle,[np.float64(-0.03666666666666667)],[np.float64(-0.2966666666666667)],[1],[0],[0],[4.091059899888933],['text_3'],,,,,13,2,262,18,1165.7782898000441,,,,,,,,1165.75165989995,1165.7782898000441,1165.7782898000441,1165.7782898000441,0.0027787000872194767,1169.8446587002836,bottle,[np.float64(-0.03666666666666667)],[np.float64(-0.2966666666666667)],[1],[0],[0],[4.091059899888933],['text_3'],p1,001,2025-10-12_12h36.16.647,word_priming,,2025.1.1,60.39555460584366,2025-10-12 12h36.23.788203 +0530,
,263,3,13,,,_o_rd,Board,old ,,[np.float64(-0.03666666666666667)],[np.float64(-0.2966666666666667)],[1],[0],[0],[1.3438419997692108],['text_3'],,,,,13,3,263,10,1169.8750045001507,,,,,,,,1169.8474517003633,1169.8750045001507,1169.8750045001507,1169.8750045001507,0.002652099821716547,1171.1932386001572,,[np.float64(-0.03666666666666667)],[np.float64(-0.2966666666666667)],[1],[0],[0],[1.3438419997692108],['text_3'],p1,001,2025-10-12_12h36.16.647,word_priming,,2025.1.1,60.39555460584366,2025-10-12 12h36.23.788203 +0530,
,264,4,13,,,_oo_,book,old ,book,[np.float64(-0.03666666666666667)],[np.float64(-0.2966666666666667)],[1],[0],[0],[2.8609695001505315],['text_3'],,,,,13,4,264,13,1171.2071869000793,,,,,,,,1171.1955937002786,1171.2071869000793,1171.2071869000793,1171.2071869000793,0.002233500126749277,1174.0584876001813,book,[np.float64(-0.03666666666666667)],[np.float64(-0.2966666666666667)],[1],[0],[0],[2.8609695001505315],['text_3'],p1,001,2025-10-12_12h36.16.647,word_priming,,2025.1.1,60.39555460584366,2025-10-12 12h36.23.788203 +0530,
,265,5,13,,,_ou_se,mouse,old ,mouse,[np.float64(-0.03666666666666667)],[np.float64(-0.2966666666666667)],[1],[0],[0],[3.8242215998470783],['text_3'],,,,,13,5,265,3,1174.0873894002289,,,,,,,,1174.0611420003697,1174.0873894002289,1174.0873894002289,1174.0873894002289,0.002536199986934662,1177.8873418001458,mouse,[np.float64(-0.03666666666666667)],[np.float64(-0.2966666666666667)],[1],[0],[0],[3.8242215998470783],['text_3'],p1,001,2025-10-12_12h36.16.647,word_priming,,2025.1.1,60.39555460584366,2025-10-12 12h36.23.788203 +0530,
,266,6,13,,,P_st_r,Poster,old ,poster,[np.float64(-0.03666666666666667)],[np.float64(-0.2966666666666667)],[1],[0],[0],[5.0234252996742725],['text_3'],,,,,13,6,266,9,1177.9170626001433,,,,,,,,1177.8906099000014,1177.9170626001433,1177.9170626001433,1177.9170626001433,0.0031064003705978394,1182.9160426999442,poster,[np.float64(-0.03666666666666667)],[np.float64(-0.2966666666666667)],[1],[0],[0],[5.0234252996742725],['text_3'],p1,001,2025-10-12_12h36.16.647,word_priming,,2025.1.1,60.39555460584366,2025-10-12 12h36.23.788203 +0530,
,267,7,13,,,T_hi_t,Tshirt,old ,tshirt,[np.float64(-0.03666666666666667)],[np.float64(-0.2966666666666667)],[1],[0],[0],[5.40573240024969],['text_3'],,,,,13,7,267,2,1182.9453739002347,,,,,,,,1182.9187509003095,1182.9453739002347,1182.9453739002347,1182.9453739002347,0.0025774999521672726,1188.3264246000908,tshirt,[np.float64(-0.03666666666666667)],[np.float64(-0.2966666666666667)],[1],[0],[0],[5.40573240024969],['text_3'],p1,001,2025-10-12_12h36.16.647,word_priming,,2025.1.1,60.39555460584366,2025-10-12 12h36.23.788203 +0530,
,268,8,13,,,ta_l_,table,new,table,[np.float64(-0.03666666666666667)],[np.float64(-0.2966666666666667)],[1],[0],[0],[4.408214900176972],['text_3'],,,,,13,8,268,15,1188.3564065000974,,,,,,,,1188.3290772000328,1188.3564065000974,1188.3564065000974,1188.3564065000974,0.0025332998484373093,1192.7392362002283,table,[np.float64(-0.03666666666666667)],[np.float64(-0.2966666666666667)],[1],[0],[0],[4.408214900176972],['text_3'],p1,001,2025-10-12_12h36.16.647,word_priming,,2025.1.1,60.39555460584366,2025-10-12 12h36.23.788203 +0530,
,269,9,13,,,p_nc_l,pencil,new,pencil,[np.float64(-0.03666666666666667)],[np.float64(-0.2966666666666667)],[1],[0],[0],[4.008761799894273],['text_3'],,,,,13,9,269,16,1192.769162000157,,,,,,,,1192.7419361001812,1192.769162000157,1192.769162000157,1192.769162000157,0.002580000087618828,1196.7526810001582,pencil,[np.float64(-0.03666666666666667)],[np.float64(-0.2966666666666667)],[1],[0],[0],[4.008761799894273],['text_3'],p1,001,2025-10-12_12h36.16.647,word_priming,,2025.1.1,60.39555460584366,2025-10-12 12h36.23.788203 +0530,
,270,10,13,,,l_pt_p,laptop,old ,laptop,[np.float64(-0.03666666666666667)],[np.float64(-0.2966666666666667)],[1],[0],[0],[4.44009800022468],['text_3'],,,,,13,10,270,0,1196.7819120003842,,,,,,,,1196.7554479003884,1196.7819120003842,1196.7819120003842,1196.7819120003842,0.002650500275194645,1201.197508300189,laptop,[np.float64(-0.03666666666666667)],[np.float64(-0.2966666666666667)],[1],[0],[0],[4.44009800022468],['text_3'],p1,001,2025-10-12_12h36.16.647,word_priming,,2025.1.1,60.39555460584366,2025-10-12 12h36.23.788203 +0530,
,271,11,13,,,_ru_s_,cruise,old ,cruise,[np.float64(-0.03666666666666667)],[np.float64(-0.2966666666666667)],[1],[0],[0],[4.024750600103289],['text_3'],,,,,13,11,271,6,1201.2274119001813,,,,,,,,1201.200198800303,1201.2274119001813,1201.2274119001813,1201.2274119001813,0.0025611002929508686,1205.2269441001117,cruise,[np.float64(-0.03666666666666667)],[np.float64(-0.2966666666666667)],[1],[0],[0],[4.024750600103289],['text_3'],p1,001,2025-10-12_12h36.16.647,word_priming,,2025.1.1,60.39555460584366,2025-10-12 12h36.23.788203 +0530,
,272,12,13,,,P_li_e,Police,old ,police,[np.float64(-0.035)],[np.float64(-0.2966666666666667)],[1],[0],[0],[3.9590357998386025],['text_3'],,,,,13,12,272,7,1205.2561687999405,,,,,,,,1205.2297352002934,1205.2561687999405,1205.2561687999405,1205.2561687999405,0.0026418999768793583,1209.1907347999513,police,[np.float64(-0.035)],[np.float64(-0.2966666666666667)],[1],[0],[0],[3.9590357998386025],['text_3'],p1,001,2025-10-12_12h36.16.647,word_priming,,2025.1.1,60.39555460584366,2025-10-12 12h36.23.788203 +0530,
,273,13,13,,,_a_bl_,Marble,old ,marble,[np.float64(-0.035)],[np.float64(-0.2966666666666667)],[1],[0],[0],[4.872737899888307],['text_3'],,,,,13,13,273,11,1209.2195129003376,,,,,,,,1209.1934066000395,1209.2195129003376,1209.2195129003376,1209.2195129003376,0.0025506000965833664,1214.0681140003726,marble,[np.float64(-0.035)],[np.float64(-0.2966666666666667)],[1],[0],[0],[4.872737899888307],['text_3'],p1,001,2025-10-12_12h36.16.647,word_priming,,2025.1.1,60.39555460584366,2025-10-12 12h36.23.788203 +0530,
,274,14,13,,,_ha_t,chart,old ,chart,[np.float64(-0.035)],[np.float64(-0.2966666666666667)],[1],[0],[0],[3.474537800066173],['text_3'],,,,,13,14,274,1,1214.0980993001722,,,,,,,,1214.0710925003514,1214.0980993001722,1214.0980993001722,1214.0980993001722,0.0028606997802853584,1217.5476102000102,chart,[np.float64(-0.035)],[np.float64(-0.2966666666666667)],[1],[0],[0],[3.474537800066173],['text_3'],p1,001,2025-10-12_12h36.16.647,word_priming,,2025.1.1,60.39555460584366,2025-10-12 12h36.23.788203 +0530,
,275,15,13,,,c_s_io_,cushion,old ,cushion,[np.float64(-0.035)],[np.float64(-0.2966666666666667)],[1],[0],[0],[3.624896999914199],['text_3'],,,,,13,15,275,14,1217.577903599944,,,,,,,,1217.550592200365,1217.577903599944,1217.577903599944,1217.577903599944,0.002864500042051077,1221.1774619002827,cushion,[np.float64(-0.035)],[np.float64(-0.2966666666666667)],[1],[0],[0],[3.624896999914199],['text_3'],p1,001,2025-10-12_12h36.16.647,word_priming,,2025.1.1,60.39555460584366,2025-10-12 12h36.23.788203 +0530,
,276,16,13,,,c_s_,case,old ,case,[np.float64(-0.035)],[np.float64(-0.2966666666666667)],[1],[0],[0],[3.6266656001098454],['text_3'],,,,,13,16,276,5,1221.2069592000917,,,,,,,,1221.1798443002626,1221.2069592000917,1221.2069592000917,1221.2069592000917,0.0022617001086473465,1224.8084901003167,case,[np.float64(-0.035)],[np.float64(-0.2966666666666667)],[1],[0],[0],[3.6266656001098454],['text_3'],p1,001,2025-10-12_12h36.16.647,word_priming,,2025.1.1,60.39555460584366,2025-10-12 12h36.23.788203 +0530,
,277,17,13,,,K_y_,Keys,old ,keys,[np.float64(-0.035)],[np.float64(-0.2966666666666667)],[1],[0],[0],[2.958083299919963],['text_3'],,,,,13,17,277,8,1224.83751580026,,,,,,,,1224.8108721002936,1224.83751580026,1224.83751580026,1224.83751580026,0.0022585997357964516,1227.770945200231,keys,[np.float64(-0.035)],[np.float64(-0.2966666666666667)],[1],[0],[0],[2.958083299919963],['text_3'],p1,001,2025-10-12_12h36.16.647,word_priming,,2025.1.1,60.39555460584366,2025-10-12 12h36.23.788203 +0530,
,278,18,13,,,_ho_e,Phone,old ,phone,[np.float64(-0.035)],[np.float64(-0.2966666666666667)],[1],[0],[0],[4.673561499919742],['text_3'],,,,,13,18,278,12,1227.80101700034,,,,,,,,1227.7744003003463,1227.80101700034,1227.80101700034,1227.80101700034,0.0033368002623319626,1232.449975500349,phone,[np.float64(-0.035)],[np.float64(-0.2966666666666667)],[1],[0],[0],[4.673561499919742],['text_3'],p1,001,2025-10-12_12h36.16.647,word_priming,,2025.1.1,60.39555460584366,2025-10-12 12h36.23.788203 +0530,
,279,19,13,,,P_str_,pastry,old ,pastry,[np.float64(-0.035)],[np.float64(-0.2966666666666667)],[1],[0],[0],[3.9244340998120606],['text_3'],,,,,13,19,279,4,1232.479818700347,,,,,,,,1232.4526606001891,1232.479818700347,1232.479818700347,1232.479818700347,0.0025670998729765415,1236.3787617003545,pastry,[np.float64(-0.035)],[np.float64(-0.2966666666666667)],[1],[0],[0],[3.9244340998120606],['text_3'],p1,001,2025-10-12_12h36.16.647,word_priming,,2025.1.1,60.39555460584366,2025-10-12 12h36.23.788203 +0530,
,280,0,14,,,p_nc_l,pencil,new,pencil,[np.float64(-0.035)],[np.float64(-0.2966666666666667)],[1],[0],[0],[3.9924525003880262],['text_3'],,,,,14,0,280,16,1236.3929026001133,,,,,,,,1236.381255700253,1236.3929026001133,1236.3929026001133,1236.3929026001133,0.002383999992161989,1240.3757142000832,pencil,[np.float64(-0.035)],[np.float64(-0.2966666666666667)],[1],[0],[0],[3.9924525003880262],['text_3'],p1,001,2025-10-12_12h36.16.647,word_priming,,2025.1.1,60.39555460584366,2025-10-12 12h36.23.788203 +0530,
,281,1,14,,,_a_bl_,Marble,old ,marble,[np.float64(-0.035)],[np.float64(-0.2966666666666667)],[1],[0],[0],[4.456931699998677],['text_3'],,,,,14,1,281,11,1240.4046335001476,,,,,,,,1240.378462200053,1240.4046335001476,1240.4046335001476,1240.4046335001476,0.00263109989464283,1244.8374326000921,marble,[np.float64(-0.035)],[np.float64(-0.2966666666666667)],[1],[0],[0],[4.456931699998677],['text_3'],p1,001,2025-10-12_12h36.16.647,word_priming,,2025.1.1,60.39555460584366,2025-10-12 12h36.23.788203 +0530,
,282,2,14,,,K_y_,Keys,old ,keys,[np.float64(-0.035)],[np.float64(-0.2966666666666667)],[1],[0],[0],[6.173468499910086],['text_3'],,,,,14,2,282,8,1244.8674914999865,,,,,,,,1244.839805800002,1244.8674914999865,1244.8674914999865,1244.8674914999865,0.002251099795103073,1251.0153673002496,keys,[np.float64(-0.035)],[np.float64(-0.2966666666666667)],[1],[0],[0],[6.173468499910086],['text_3'],p1,001,2025-10-12_12h36.16.647,word_priming,,2025.1.1,60.39555460584366,2025-10-12 12h36.23.788203 +0530,
,283,3,14,,,_ho_e,Phone,old ,phone,[np.float64(-0.035)],[np.float64(-0.2966666666666667)],[1],[0],[0],[3.758136599790305],['text_3'],,,,,14,3,283,12,1251.0449668001384,,,,,,,,1251.0182873001322,1251.0449668001384,1251.0449668001384,1251.0449668001384,0.0027900999411940575,1254.7784605999477,phone,[np.float64(-0.035)],[np.float64(-0.2966666666666667)],[1],[0],[0],[3.758136599790305],['text_3'],p1,001,2025-10-12_12h36.16.647,word_priming,,2025.1.1,60.39555460584366,2025-10-12 12h36.23.788203 +0530,
,284,4,14,,,c_m_ra,camera,new,camera,[np.float64(-0.035)],[np.float64(-0.2966666666666667)],[1],[0],[0],[4.357006600126624],['text_3'],,,,,14,4,284,19,1254.8078454001807,,,,,,,,1254.7813120000064,1254.8078454001807,1254.8078454001807,1254.8078454001807,0.0027335002087056637,1259.1403962001204,camera,[np.float64(-0.035)],[np.float64(-0.2966666666666667)],[1],[0],[0],[4.357006600126624],['text_3'],p1,001,2025-10-12_12h36.16.647,word_priming,,2025.1.1,60.39555460584366,2025-10-12 12h36.23.788203 +0530,
,285,5,14,,,T_hi_t,Tshirt,old ,tshirt,[np.float64(-0.035)],[np.float64(-0.2966666666666667)],[1],[0],[0],[3.208979799877852],['text_3'],,,,,14,5,285,2,1259.1702291001566,,,,,,,,1259.14319490036,1259.1702291001566,1259.1702291001566,1259.1702291001566,0.0026767998933792114,1262.3542231000029,tshirt,[np.float64(-0.035)],[np.float64(-0.2966666666666667)],[1],[0],[0],[3.208979799877852],['text_3'],p1,001,2025-10-12_12h36.16.647,word_priming,,2025.1.1,60.39555460584366,2025-10-12 12h36.23.788203 +0530,
,286,6,14,,,bo_t_e,bottle,new,bottle,[np.float64(-0.035)],[np.float64(-0.2966666666666667)],[1],[0],[0],[4.074237899854779],['text_3'],,,,,14,6,286,18,1262.3838261002675,,,,,,,,1262.3569879001006,1262.3838261002675,1262.3838261002675,1262.3838261002675,0.0026456997729837894,1266.4332795999944,bottle,[np.float64(-0.035)],[np.float64(-0.2966666666666667)],[1],[0],[0],[4.074237899854779],['text_3'],p1,001,2025-10-12_12h36.16.647,word_priming,,2025.1.1,60.39555460584366,2025-10-12 12h36.23.788203 +0530,
,287,7,14,,,_oo_,book,old ,book,[np.float64(-0.035)],[np.float64(-0.2966666666666667)],[1],[0],[0],[2.826834899839014],['text_3'],,,,,14,7,287,13,1266.4634203002788,,,,,,,,1266.4358095000498,1266.4634203002788,1266.4634203002788,1266.4634203002788,0.002414099872112274,1269.26474829996,book,[np.float64(-0.035)],[np.float64(-0.2966666666666667)],[1],[0],[0],[2.826834899839014],['text_3'],p1,001,2025-10-12_12h36.16.647,word_priming,,2025.1.1,60.39555460584366,2025-10-12 12h36.23.788203 +0530,
,288,8,14,,,_ou_se,mouse,old ,mouse,[np.float64(-0.035)],[np.float64(-0.2966666666666667)],[1],[0],[0],[2.8245993996970356],['text_3'],,,,,14,8,288,3,1269.2937202001922,,,,,,,,1269.2676144000143,1269.2937202001922,1269.2937202001922,1269.2937202001922,0.0026986999437212944,1272.0943002002314,mouse,[np.float64(-0.035)],[np.float64(-0.2966666666666667)],[1],[0],[0],[2.8245993996970356],['text_3'],p1,001,2025-10-12_12h36.16.647,word_priming,,2025.1.1,60.39555460584366,2025-10-12 12h36.23.788203 +0530,
,289,9,14,,,P_li_e,Police,old ,police,[np.float64(-0.035)],[np.float64(-0.2966666666666667)],[1],[0],[0],[2.792228899896145],['text_3'],,,,,14,9,289,7,1272.1234407001175,,,,,,,,1272.097047300078,1272.1234407001175,1272.1234407001175,1272.1234407001175,0.002627700101584196,1274.891357799992,police,[np.float64(-0.035)],[np.float64(-0.2966666666666667)],[1],[0],[0],[2.792228899896145],['text_3'],p1,001,2025-10-12_12h36.16.647,word_priming,,2025.1.1,60.39555460584366,2025-10-12 12h36.23.788203 +0530,
,290,10,14,,,P_str_,pastry,old ,pastry,[np.float64(-0.035)],[np.float64(-0.2966666666666667)],[1],[0],[0],[3.974499700125307],['text_3'],,,,,14,10,290,4,1274.9207115001045,,,,,,,,1274.894181500189,1274.9207115001045,1274.9207115001045,1274.9207115001045,0.0026883003301918507,1278.8707687002607,pastry,[np.float64(-0.035)],[np.float64(-0.2966666666666667)],[1],[0],[0],[3.974499700125307],['text_3'],p1,001,2025-10-12_12h36.16.647,word_priming,,2025.1.1,60.39555460584366,2025-10-12 12h36.23.788203 +0530,
,291,11,14,,,c_s_,case,old ,case,[np.float64(-0.035)],[np.float64(-0.2966666666666667)],[1],[0],[0],[2.926405199803412],['text_3'],,,,,14,11,291,5,1278.900740900077,,,,,,,,1278.8732231003232,1278.900740900077,1278.900740900077,1278.900740900077,0.0023310002870857716,1281.8017155001871,case,[np.float64(-0.035)],[np.float64(-0.2966666666666667)],[1],[0],[0],[2.926405199803412],['text_3'],p1,001,2025-10-12_12h36.16.647,word_priming,,2025.1.1,60.39555460584366,2025-10-12 12h36.23.788203 +0530,
,292,12,14,,,ta_l_,table,new,table,[np.float64(-0.035)],[np.float64(-0.2966666666666667)],[1],[0],[0],[5.755920599680394],['text_3'],,,,,14,12,292,15,1281.8304627002217,,,,,,,,1281.8044787002727,1281.8304627002217,1281.8304627002217,1281.8304627002217,0.002639499958604574,1287.562487900257,table,[np.float64(-0.035)],[np.float64(-0.2966666666666667)],[1],[0],[0],[5.755920599680394],['text_3'],p1,001,2025-10-12_12h36.16.647,word_priming,,2025.1.1,60.39555460584366,2025-10-12 12h36.23.788203 +0530,
,293,13,14,,,v_s_,vase,new,vase,[np.float64(-0.035)],[np.float64(-0.2966666666666667)],[1],[0],[0],[4.091394300106913],['text_3'],,,,,14,13,293,17,1287.5922904000618,,,,,,,,1287.564968300052,1287.5922904000618,1287.5922904000618,1287.5922904000618,0.002350100316107273,1291.6584666999988,vase,[np.float64(-0.035)],[np.float64(-0.2966666666666667)],[1],[0],[0],[4.091394300106913],['text_3'],p1,001,2025-10-12_12h36.16.647,word_priming,,2025.1.1,60.39555460584366,2025-10-12 12h36.23.788203 +0530,
,294,14,14,,,c_s_io_,cushion,old ,cushion,[np.float64(-0.035)],[np.float64(-0.2966666666666667)],[1],[0],[0],[3.707767699845135],['text_3'],,,,,14,14,294,14,1291.6880459999666,,,,,,,,1291.6612554001622,1291.6880459999666,1291.6880459999666,1291.6880459999666,0.0026569999754428864,1295.3711250000633,cushion,[np.float64(-0.035)],[np.float64(-0.2966666666666667)],[1],[0],[0],[3.707767699845135],['text_3'],p1,001,2025-10-12_12h36.16.647,word_priming,,2025.1.1,60.39555460584366,2025-10-12 12h36.23.788203 +0530,
,295,15,14,,,P_st_r,Poster,old ,pastry,[np.float64(-0.035)],[np.float64(-0.2966666666666667)],[1],[0],[0],[6.7724929000250995],['text_3'],,,,,14,15,295,9,1295.400906499941,,,,,,,,1295.3738832003437,1295.400906499941,1295.400906499941,1295.400906499941,0.002624399960041046,1302.1485007000156,pastry,[np.float64(-0.035)],[np.float64(-0.2966666666666667)],[1],[0],[0],[6.7724929000250995],['text_3'],p1,001,2025-10-12_12h36.16.647,word_priming,,2025.1.1,60.39555460584366,2025-10-12 12h36.23.788203 +0530,
,296,16,14,,,l_pt_p,laptop,old ,laptop,[np.float64(-0.035)],[np.float64(-0.2966666666666667)],[1],[0],[0],[3.890318099875003],['text_3'],,,,,14,16,296,0,1302.1774367000908,,,,,,,,1302.1512382002547,1302.1774367000908,1302.1774367000908,1302.1774367000908,0.0026181996800005436,1306.0437183002941,laptop,[np.float64(-0.035)],[np.float64(-0.2966666666666667)],[1],[0],[0],[3.890318099875003],['text_3'],p1,001,2025-10-12_12h36.16.647,word_priming,,2025.1.1,60.39555460584366,2025-10-12 12h36.23.788203 +0530,
,297,17,14,,,_ha_t,chart,old ,chart,[np.float64(-0.035)],[np.float64(-0.2966666666666667)],[1],[0],[0],[4.640888299793005],['text_3'],,,,,14,17,297,1,1306.0732833002694,,,,,,,,1306.0466748001054,1306.0732833002694,1306.0732833002694,1306.0732833002694,0.0028456002473831177,1310.689726700075,chart,[np.float64(-0.035)],[np.float64(-0.2966666666666667)],[1],[0],[0],[4.640888299793005],['text_3'],p1,001,2025-10-12_12h36.16.647,word_priming,,2025.1.1,60.39555460584366,2025-10-12 12h36.23.788203 +0530,
,298,18,14,,,_o_rd,Board,old ,,[np.float64(-0.035)],[np.float64(-0.2966666666666667)],[1],[0],[0],[1.2107658996246755],['text_3'],,,,,14,18,298,10,1310.719382100273,,,,,,,,1310.6927184001543,1310.719382100273,1310.719382100273,1310.719382100273,0.002867299597710371,1311.9056139001623,,[np.float64(-0.035)],[np.float64(-0.2966666666666667)],[1],[0],[0],[1.2107658996246755],['text_3'],p1,001,2025-10-12_12h36.16.647,word_priming,,2025.1.1,60.39555460584366,2025-10-12 12h36.23.788203 +0530,
,299,19,14,,,_ru_s_,cruise,old ,cruise,[np.float64(-0.035)],[np.float64(-0.2966666666666667)],[1],[0],[0],[3.191505199763924],['text_3'],,,,,14,19,299,6,1311.9342420003377,,,,,,,,1311.908349300269,1311.9342420003377,1311.9342420003377,1311.9342420003377,0.0026187999173998833,1315.1020256001502,cruise,[np.float64(-0.035)],[np.float64(-0.2966666666666667)],[1],[0],[0],[3.191505199763924],['text_3'],p1,001,2025-10-12_12h36.16.647,word_priming,,2025.1.1,60.39555460584366,2025-10-12 12h36.23.788203 +0530,
,300,0,15,,,ta_l_,table,new,table,[np.float64(-0.035)],[np.float64(-0.2966666666666667)],[1],[0],[0],[3.2923412998206913],['text_3'],,,,,15,0,300,15,1315.132040000055,,,,,,,,1315.1048520002514,1315.132040000055,1315.132040000055,1315.132040000055,0.0026962999254465103,1318.3993445001543,table,[np.float64(-0.035)],[np.float64(-0.2966666666666667)],[1],[0],[0],[3.2923412998206913],['text_3'],p1,001,2025-10-12_12h36.16.647,word_priming,,2025.1.1,60.39555460584366,2025-10-12 12h36.23.788203 +0530,
,301,1,15,,,P_str_,pastry,old ,pastry,[np.float64(-0.035)],[np.float64(-0.2966666666666667)],[1],[0],[0],[3.7401703000068665],['text_3'],,,,,15,1,301,4,1318.4282714002766,,,,,,,,1318.4021878000349,1318.4282714002766,1318.4282714002766,1318.4282714002766,0.002728300169110298,1322.144511200022,pastry,[np.float64(-0.035)],[np.float64(-0.2966666666666667)],[1],[0],[0],[3.7401703000068665],['text_3'],p1,001,2025-10-12_12h36.16.647,word_priming,,2025.1.1,60.39555460584366,2025-10-12 12h36.23.788203 +0530,
,302,2,15,,,c_m_ra,camera,new,camera,[np.float64(-0.035)],[np.float64(-0.2966666666666667)],[1],[0],[0],[4.091281500179321],['text_3'],,,,,15,2,302,19,1322.1744904001243,,,,,,,,1322.1473370003514,1322.1744904001243,1322.1744904001243,1322.1744904001243,0.0027041002176702023,1326.2407913999632,camera,[np.float64(-0.035)],[np.float64(-0.2966666666666667)],[1],[0],[0],[4.091281500179321],['text_3'],p1,001,2025-10-12_12h36.16.647,word_priming,,2025.1.1,60.39555460584366,2025-10-12 12h36.23.788203 +0530,
,303,3,15,,,T_hi_t,Tshirt,old ,tshirt,[np.float64(-0.035)],[np.float64(-0.2966666666666667)],[1],[0],[0],[3.508588899858296],['text_3'],,,,,15,3,303,2,1326.2707571000792,,,,,,,,1326.243555100169,1326.2707571000792,1326.2707571000792,1326.2707571000792,0.002644900232553482,1329.7543494002894,tshirt,[np.float64(-0.035)],[np.float64(-0.2966666666666667)],[1],[0],[0],[3.508588899858296],['text_3'],p1,001,2025-10-12_12h36.16.647,word_priming,,2025.1.1,60.39555460584366,2025-10-12 12h36.23.788203 +0530,
,304,4,15,,,v_s_,vase,new,vase,[np.float64(-0.035)],[np.float64(-0.2966666666666667)],[1],[0],[0],[3.508173500187695],['text_3'],,,,,15,4,304,17,1329.7834849003702,,,,,,,,1329.7567942999303,1329.7834849003702,1329.7834849003702,1329.7834849003702,0.002324600238353014,1333.2671513003297,vase,[np.float64(-0.035)],[np.float64(-0.2966666666666667)],[1],[0],[0],[3.508173500187695],['text_3'],p1,001,2025-10-12_12h36.16.647,word_priming,,2025.1.1,60.39555460584366,2025-10-12 12h36.23.788203 +0530,
,305,5,15,,,P_li_e,Police,old ,police,[np.float64(-0.035)],[np.float64(-0.2966666666666667)],[1],[0],[0],[5.057285000104457],['text_3'],,,,,15,5,305,7,1333.296922700014,,,,,,,,1333.2700604000129,1333.296922700014,1333.296922700014,1333.296922700014,0.002786099910736084,1338.3295187000185,police,[np.float64(-0.035)],[np.float64(-0.2966666666666667)],[1],[0],[0],[5.057285000104457],['text_3'],p1,001,2025-10-12_12h36.16.647,word_priming,,2025.1.1,60.39555460584366,2025-10-12 12h36.23.788203 +0530,
,306,6,15,,,c_s_,case,old ,case,[np.float64(-0.035)],[np.float64(-0.2966666666666667)],[1],[0],[0],[3.241615700069815],['text_3'],,,,,15,6,306,5,1338.3586761001498,,,,,,,,1338.331942500081,1338.3586761001498,1338.3586761001498,1338.3586761001498,0.00230860011652112,1341.5758267003112,case,[np.float64(-0.035)],[np.float64(-0.2966666666666667)],[1],[0],[0],[3.241615700069815],['text_3'],p1,001,2025-10-12_12h36.16.647,word_priming,,2025.1.1,60.39555460584366,2025-10-12 12h36.23.788203 +0530,
,307,7,15,,,_ho_e,Phone,old ,phone,[np.float64(-0.035)],[np.float64(-0.2966666666666667)],[1],[0],[0],[3.425747100263834],['text_3'],,,,,15,7,307,12,1341.6057120002806,,,,,,,,1341.578633500263,1341.6057120002806,1341.6057120002806,1341.6057120002806,0.002678500022739172,1345.0066101001576,phone,[np.float64(-0.035)],[np.float64(-0.2966666666666667)],[1],[0],[0],[3.425747100263834],['text_3'],p1,001,2025-10-12_12h36.16.647,word_priming,,2025.1.1,60.39555460584366,2025-10-12 12h36.23.788203 +0530,
,308,8,15,,,c_s_io_,cushion,old ,cushion,[np.float64(-0.035)],[np.float64(-0.2966666666666667)],[1],[0],[0],[3.873960700351745],['text_3'],,,,,15,8,308,14,1345.035411900375,,,,,,,,1345.0094188000076,1345.035411900375,1345.035411900375,1345.035411900375,0.0026862001977860928,1348.8856055000797,cushion,[np.float64(-0.035)],[np.float64(-0.2966666666666667)],[1],[0],[0],[3.873960700351745],['text_3'],p1,001,2025-10-12_12h36.16.647,word_priming,,2025.1.1,60.39555460584366,2025-10-12 12h36.23.788203 +0530,
,309,9,15,,,_a_bl_,Marble,old ,marble,[np.float64(-0.035)],[np.float64(-0.2966666666666667)],[1],[0],[0],[4.32381819980219],['text_3'],,,,,15,9,309,11,1348.9151083002798,,,,,,,,1348.8883734000847,1348.9151083002798,1348.9151083002798,1348.9151083002798,0.0026500001549720764,1353.2144663999788,marble,[np.float64(-0.035)],[np.float64(-0.2966666666666667)],[1],[0],[0],[4.32381819980219],['text_3'],p1,001,2025-10-12_12h36.16.647,word_priming,,2025.1.1,60.39555460584366,2025-10-12 12h36.23.788203 +0530,
,310,10,15,,,_oo_,book,old ,book,[np.float64(-0.035)],[np.float64(-0.2966666666666667)],[1],[0],[0],[2.7260249000974],['text_3'],,,,,15,10,310,13,1353.24407720007,,,,,,,,1353.216907300055,1353.24407720007,1353.24407720007,1353.24407720007,0.0023177997209131718,1355.9450533003546,book,[np.float64(-0.035)],[np.float64(-0.2966666666666667)],[1],[0],[0],[2.7260249000974],['text_3'],p1,001,2025-10-12_12h36.16.647,word_priming,,2025.1.1,60.39555460584366,2025-10-12 12h36.23.788203 +0530,
,311,11,15,,,P_st_r,Poster,old ,poster,[np.float64(-0.035)],[np.float64(-0.2966666666666667)],[1],[0],[0],[3.5087337996810675],['text_3'],,,,,15,11,311,9,1355.9742541001178,,,,,,,,1355.9480119999498,1355.9742541001178,1355.9742541001178,1355.9742541001178,0.002831100020557642,1359.4589814003557,poster,[np.float64(-0.035)],[np.float64(-0.2966666666666667)],[1],[0],[0],[3.5087337996810675],['text_3'],p1,001,2025-10-12_12h36.16.647,word_priming,,2025.1.1,60.39555460584366,2025-10-12 12h36.23.788203 +0530,
,312,12,15,,,_ru_s_,cruise,old ,cruise,[np.float64(-0.035)],[np.float64(-0.2966666666666667)],[1],[0],[0],[3.0412518000230193],['text_3'],,,,,15,12,312,6,1359.4881783002056,,,,,,,,1359.4617369002663,1359.4881783002056,1359.4881783002056,1359.4881783002056,0.0026341001503169537,1362.5052635003813,cruise,[np.float64(-0.035)],[np.float64(-0.2966666666666667)],[1],[0],[0],[3.0412518000230193],['text_3'],p1,001,2025-10-12_12h36.16.647,word_priming,,2025.1.1,60.39555460584366,2025-10-12 12h36.23.788203 +0530,
,313,13,15,,,_ha_t,chart,old ,chart,[np.float64(-0.035)],[np.float64(-0.2966666666666667)],[1],[0],[0],[2.691898100078106],['text_3'],,,,,15,13,313,1,1362.5349179999903,,,,,,,,1362.5080124000087,1362.5349179999903,1362.5349179999903,1362.5349179999903,0.002626399975270033,1365.202138100285,chart,[np.float64(-0.035)],[np.float64(-0.2966666666666667)],[1],[0],[0],[2.691898100078106],['text_3'],p1,001,2025-10-12_12h36.16.647,word_priming,,2025.1.1,60.39555460584366,2025-10-12 12h36.23.788203 +0530,
,314,14,15,,,l_pt_p,laptop,old ,laptop,[np.float64(-0.035)],[np.float64(-0.2966666666666667)],[1],[0],[0],[3.4422687003389],['text_3'],,,,,15,14,314,0,1365.2322126999497,,,,,,,,1365.2049219002947,1365.2322126999497,1365.2322126999497,1365.2322126999497,0.0026641003787517548,1368.6494326000102,laptop,[np.float64(-0.035)],[np.float64(-0.2966666666666667)],[1],[0],[0],[3.4422687003389],['text_3'],p1,001,2025-10-12_12h36.16.647,word_priming,,2025.1.1,60.39555460584366,2025-10-12 12h36.23.788203 +0530,
,315,15,15,,,p_nc_l,pencil,new,pencil,[np.float64(-0.035)],[np.float64(-0.2966666666666667)],[1],[0],[0],[3.7749284002929926],['text_3'],,,,,15,15,315,16,1368.6789279002696,,,,,,,,1368.6521650999784,1368.6789279002696,1368.6789279002696,1368.6789279002696,0.0026143998838961124,1372.4293464999646,pencil,[np.float64(-0.035)],[np.float64(-0.2966666666666667)],[1],[0],[0],[3.7749284002929926],['text_3'],p1,001,2025-10-12_12h36.16.647,word_priming,,2025.1.1,60.39555460584366,2025-10-12 12h36.23.788203 +0530,
,316,16,15,,,_ou_se,mouse,old ,mouse,[np.float64(-0.035)],[np.float64(-0.2966666666666667)],[1],[0],[0],[3.8397690998390317],['text_3'],,,,,15,16,316,3,1372.4584037000313,,,,,,,,1372.4321018001065,1372.4584037000313,1372.4584037000313,1372.4584037000313,0.002635799814015627,1376.274162699934,mouse,[np.float64(-0.035)],[np.float64(-0.2966666666666667)],[1],[0],[0],[3.8397690998390317],['text_3'],p1,001,2025-10-12_12h36.16.647,word_priming,,2025.1.1,60.39555460584366,2025-10-12 12h36.23.788203 +0530,
,317,17,15,,,K_y_,Keys,old ,keys,[np.float64(-0.035)],[np.float64(-0.2966666666666667)],[1],[0],[0],[3.2427192996256053],['text_3'],,,,,15,17,317,8,1376.3040136001073,,,,,,,,1376.2768487003632,1376.3040136001073,1376.3040136001073,1376.3040136001073,0.0025649000890552998,1379.5218278001994,keys,[np.float64(-0.035)],[np.float64(-0.2966666666666667)],[1],[0],[0],[3.2427192996256053],['text_3'],p1,001,2025-10-12_12h36.16.647,word_priming,,2025.1.1,60.39555460584366,2025-10-12 12h36.23.788203 +0530,
,318,18,15,,,_o_rd,Board,old ,,[np.float64(-0.035)],[np.float64(-0.2966666666666667)],[1],[0],[0],[2.2090169000439346],['text_3'],,,,,15,18,318,10,1379.5507259001024,,,,,,,,1379.5247762999497,1379.5507259001024,1379.5507259001024,1379.5507259001024,0.0028332998044788837,1381.73605900025,,[np.float64(-0.035)],[np.float64(-0.2966666666666667)],[1],[0],[0],[2.2090169000439346],['text_3'],p1,001,2025-10-12_12h36.16.647,word_priming,,2025.1.1,60.39555460584366,2025-10-12 12h36.23.788203 +0530,
,319,19,15,,,bo_t_e,bottle,new,bottle,[np.float64(-0.035)],[np.float64(-0.2966666666666667)],[1],[0],[0],[2.991978900041431],['text_3'],,,,,15,19,319,18,1381.7652817000635,,,,,,,,1381.7388981003314,1381.7652817000635,1381.7652817000635,1381.7652817000635,0.002699699718505144,1384.7331477003172,bottle,[np.float64(-0.035)],[np.float64(-0.2966666666666667)],[1],[0],[0],[2.991978900041431],['text_3'],p1,001,2025-10-12_12h36.16.647,word_priming,,2025.1.1,60.39555460584366,2025-10-12 12h36.23.788203 +0530,
,320,0,16,,,P_st_r,Poster,old ,poster,[np.float64(-0.035)],[np.float64(-0.2966666666666667)],[1],[0],[0],[3.159053100273013],['text_3'],,,,,16,0,320,9,1384.7627028003335,,,,,,,,1384.7359496001154,1384.7627028003335,1384.7627028003335,1384.7627028003335,0.0026837000623345375,1387.897447500378,poster,[np.float64(-0.035)],[np.float64(-0.2966666666666667)],[1],[0],[0],[3.159053100273013],['text_3'],p1,001,2025-10-12_12h36.16.647,word_priming,,2025.1.1,60.39555460584366,2025-10-12 12h36.23.788203 +0530,
,321,1,16,,,_oo_,book,old ,book,[np.float64(-0.035)],[np.float64(-0.2966666666666667)],[1],[0],[0],[2.9741505002602935],['text_3'],,,,,16,1,321,13,1387.925797500182,,,,,,,,1387.9004870001227,1387.925797500182,1387.925797500182,1387.925797500182,0.002863599918782711,1390.8769574002363,book,[np.float64(-0.035)],[np.float64(-0.2966666666666667)],[1],[0],[0],[2.9741505002602935],['text_3'],p1,001,2025-10-12_12h36.16.647,word_priming,,2025.1.1,60.39555460584366,2025-10-12 12h36.23.788203 +0530,
,322,2,16,,,v_s_,vase,new,vase,[np.float64(-0.035)],[np.float64(-0.2966666666666667)],[1],[0],[0],[2.1601399001665413],['text_3'],,,,,16,2,322,17,1390.906275600195,,,,,,,,1390.879434000235,1390.906275600195,1390.906275600195,1390.906275600195,0.0023499000817537308,1393.04184730025,vase,[np.float64(-0.035)],[np.float64(-0.2966666666666667)],[1],[0],[0],[2.1601399001665413],['text_3'],p1,001,2025-10-12_12h36.16.647,word_priming,,2025.1.1,60.39555460584366,2025-10-12 12h36.23.788203 +0530,
,323,3,16,,,p_nc_l,pencil,new,pencil,[np.float64(-0.035)],[np.float64(-0.2966666666666667)],[1],[0],[0],[4.423845899756998],['text_3'],,,,,16,3,323,16,1393.070804100018,,,,,,,,1393.0446561002173,1393.070804100018,1393.070804100018,1393.070804100018,0.002689199987798929,1397.470869800076,pencil,[np.float64(-0.035)],[np.float64(-0.2966666666666667)],[1],[0],[0],[4.423845899756998],['text_3'],p1,001,2025-10-12_12h36.16.647,word_priming,,2025.1.1,60.39555460584366,2025-10-12 12h36.23.788203 +0530,
,324,4,16,,,_ha_t,chart,old ,chart,[np.float64(-0.035)],[np.float64(-0.2966666666666667)],[1],[0],[0],[3.125098600052297],['text_3'],,,,,16,4,324,1,1397.5003487002105,,,,,,,,1397.4736434002407,1397.5003487002105,1397.5003487002105,1397.5003487002105,0.0026477002538740635,1400.6010770001449,chart,[np.float64(-0.035)],[np.float64(-0.2966666666666667)],[1],[0],[0],[3.125098600052297],['text_3'],p1,001,2025-10-12_12h36.16.647,word_priming,,2025.1.1,60.39555460584366,2025-10-12 12h36.23.788203 +0530,
,325,5,16,,,l_pt_p,laptop,old ,laptop,[np.float64(-0.035)],[np.float64(-0.2966666666666667)],[1],[0],[0],[3.590897799935192],['text_3'],,,,,16,5,325,0,1400.6307895001955,,,,,,,,1400.603862900287,1400.6307895001955,1400.6307895001955,1400.6307895001955,0.0026686000637710094,1404.1970661999658,laptop,[np.float64(-0.035)],[np.float64(-0.2966666666666667)],[1],[0],[0],[3.590897799935192],['text_3'],p1,001,2025-10-12_12h36.16.647,word_priming,,2025.1.1,60.39555460584366,2025-10-12 12h36.23.788203 +0530,
,326,6,16,,,c_s_io_,cushion,old ,cushion,[np.float64(-0.035)],[np.float64(-0.2966666666666667)],[1],[0],[0],[3.4084239001385868],['text_3'],,,,,16,6,326,14,1404.2267189002596,,,,,,,,1404.1998898000456,1404.2267189002596,1404.2267189002596,1404.2267189002596,0.0027058999985456467,1407.6106593003497,cushion,[np.float64(-0.035)],[np.float64(-0.2966666666666667)],[1],[0],[0],[3.4084239001385868],['text_3'],p1,001,2025-10-12_12h36.16.647,word_priming,,2025.1.1,60.39555460584366,2025-10-12 12h36.23.788203 +0530,
,327,7,16,,,c_m_ra,camera,new,camera,[np.float64(-0.035)],[np.float64(-0.2966666666666667)],[1],[0],[0],[2.875187000259757],['text_3'],,,,,16,7,327,19,1407.640370900277,,,,,,,,1407.6135383001529,1407.640370900277,1407.640370900277,1407.640370900277,0.0027648997493088245,1410.4910524999723,camera,[np.float64(-0.035)],[np.float64(-0.2966666666666667)],[1],[0],[0],[2.875187000259757],['text_3'],p1,001,2025-10-12_12h36.16.647,word_priming,,2025.1.1,60.39555460584366,2025-10-12 12h36.23.788203 +0530,
,328,8,16,,,_a_bl_,Marble,old ,marble,[np.float64(-0.035)],[np.float64(-0.2966666666666667)],[1],[0],[0],[4.057703599799424],['text_3'],,,,,16,8,328,11,1410.5209600999951,,,,,,,,1410.4943046001717,1410.5209600999951,1410.5209600999951,1410.5209600999951,0.003136400133371353,1414.5543714002706,marble,[np.float64(-0.035)],[np.float64(-0.2966666666666667)],[1],[0],[0],[4.057703599799424],['text_3'],p1,001,2025-10-12_12h36.16.647,word_priming,,2025.1.1,60.39555460584366,2025-10-12 12h36.23.788203 +0530,
,329,9,16,,,_ho_e,Phone,old ,phone,[np.float64(-0.035)],[np.float64(-0.2966666666666667)],[1],[0],[0],[4.140706600155681],['text_3'],,,,,16,9,329,12,1414.5834327000193,,,,,,,,1414.5571071002632,1414.5834327000193,1414.5834327000193,1414.5834327000193,0.002620300278067589,1418.700148400385,phone,[np.float64(-0.035)],[np.float64(-0.2966666666666667)],[1],[0],[0],[4.140706600155681],['text_3'],p1,001,2025-10-12_12h36.16.647,word_priming,,2025.1.1,60.39555460584366,2025-10-12 12h36.23.788203 +0530,
,330,10,16,,,_ou_se,mouse,old ,mouse,[np.float64(-0.035)],[np.float64(-0.2966666666666667)],[1],[0],[0],[3.35843660030514],['text_3'],,,,,16,10,330,3,1418.7295115003362,,,,,,,,1418.7029198999517,1418.7295115003362,1418.7295115003362,1418.7295115003362,0.002647699788212776,1422.063704899978,mouse,[np.float64(-0.035)],[np.float64(-0.2966666666666667)],[1],[0],[0],[3.35843660030514],['text_3'],p1,001,2025-10-12_12h36.16.647,word_priming,,2025.1.1,60.39555460584366,2025-10-12 12h36.23.788203 +0530,
,331,11,16,,,_ru_s_,cruise,old ,cruise,[np.float64(-0.035)],[np.float64(-0.2966666666666667)],[1],[0],[0],[4.02386590000242],['text_3'],,,,,16,11,331,6,1422.0928297000937,,,,,,,,1422.0664822002873,1422.0928297000937,1422.0928297000937,1422.0928297000937,0.002658999990671873,1426.0926880002953,cruise,[np.float64(-0.035)],[np.float64(-0.2966666666666667)],[1],[0],[0],[4.02386590000242],['text_3'],p1,001,2025-10-12_12h36.16.647,word_priming,,2025.1.1,60.39555460584366,2025-10-12 12h36.23.788203 +0530,
,332,12,16,,,c_s_,case,old ,case,[np.float64(-0.035)],[np.float64(-0.2966666666666667)],[1],[0],[0],[2.609298299998045],['text_3'],,,,,16,12,332,5,1426.1217946000397,,,,,,,,1426.0951392003335,1426.1217946000397,1426.1217946000397,1426.1217946000397,0.002329300157725811,1428.7067754999734,case,[np.float64(-0.035)],[np.float64(-0.2966666666666667)],[1],[0],[0],[2.609298299998045],['text_3'],p1,001,2025-10-12_12h36.16.647,word_priming,,2025.1.1,60.39555460584366,2025-10-12 12h36.23.788203 +0530,
,333,13,16,,,P_li_e,Police,old ,police,[np.float64(-0.035)],[np.float64(-0.2966666666666667)],[1],[0],[0],[2.658312300220132],['text_3'],,,,,16,13,333,7,1428.7363345003687,,,,,,,,1428.7098096003756,1428.7363345003687,1428.7363345003687,1428.7363345003687,0.0029206001199781895,1431.3705140003003,police,[np.float64(-0.035)],[np.float64(-0.2966666666666667)],[1],[0],[0],[2.658312300220132],['text_3'],p1,001,2025-10-12_12h36.16.647,word_priming,,2025.1.1,60.39555460584366,2025-10-12 12h36.23.788203 +0530,
,334,14,16,,,K_y_,Keys,old ,keys,[np.float64(-0.035)],[np.float64(-0.2966666666666667)],[1],[0],[0],[2.6093069999478757],['text_3'],,,,,16,14,334,8,1431.4000113001093,,,,,,,,1431.3730033002794,1431.4000113001093,1431.4000113001093,1431.4000113001093,0.002365599852055311,1433.984663499985,keys,[np.float64(-0.035)],[np.float64(-0.2966666666666667)],[1],[0],[0],[2.6093069999478757],['text_3'],p1,001,2025-10-12_12h36.16.647,word_priming,,2025.1.1,60.39555460584366,2025-10-12 12h36.23.788203 +0530,
,335,15,16,,,_o_rd,Board,old ,,[np.float64(-0.035)],[np.float64(-0.2966666666666667)],[1],[0],[0],[1.1599114001728594],['text_3'],,,,,16,15,335,10,1434.0137980999425,,,,,,,,1433.987504800316,1434.0137980999425,1434.0137980999425,1434.0137980999425,0.00272680027410388,1435.1499233003706,,[np.float64(-0.035)],[np.float64(-0.2966666666666667)],[1],[0],[0],[1.1599114001728594],['text_3'],p1,001,2025-10-12_12h36.16.647,word_priming,,2025.1.1,60.39555460584366,2025-10-12 12h36.23.788203 +0530,
,336,16,16,,,P_str_,pastry,old ,pastry,[np.float64(-0.035)],[np.float64(-0.2966666666666667)],[1],[0],[0],[3.1425439002923667],['text_3'],,,,,16,16,336,4,1435.1791401002556,,,,,,,,1435.1528521999717,1435.1791401002556,1435.1791401002556,1435.1791401002556,0.002777799963951111,1438.2977301003411,pastry,[np.float64(-0.035)],[np.float64(-0.2966666666666667)],[1],[0],[0],[3.1425439002923667],['text_3'],p1,001,2025-10-12_12h36.16.647,word_priming,,2025.1.1,60.39555460584366,2025-10-12 12h36.23.788203 +0530,
,337,17,16,,,T_hi_t,Tshirt,old ,tshirt,[np.float64(-0.035)],[np.float64(-0.2966666666666667)],[1],[0],[0],[3.0912788999266922],['text_3'],,,,,16,17,337,2,1438.3268039003015,,,,,,,,1438.300640300382,1438.3268039003015,1438.3268039003015,1438.3268039003015,0.0027959998697042465,1441.394348999951,tshirt,[np.float64(-0.035)],[np.float64(-0.2966666666666667)],[1],[0],[0],[3.0912788999266922],['text_3'],p1,001,2025-10-12_12h36.16.647,word_priming,,2025.1.1,60.39555460584366,2025-10-12 12h36.23.788203 +0530,
,338,18,16,,,bo_t_e,bottle,new,bottle,[np.float64(-0.035)],[np.float64(-0.2966666666666667)],[1],[0],[0],[3.15758359991014],['text_3'],,,,,16,18,338,18,1441.4232843001373,,,,,,,,1441.3974084001966,1441.4232843001373,1441.4232843001373,1441.4232843001373,0.0029254998080432415,1444.5573814003728,bottle,[np.float64(-0.035)],[np.float64(-0.2966666666666667)],[1],[0],[0],[3.15758359991014],['text_3'],p1,001,2025-10-12_12h36.16.647,word_priming,,2025.1.1,60.39555460584366,2025-10-12 12h36.23.788203 +0530,
,339,19,16,,,ta_l_,table,new,table,[np.float64(-0.035)],[np.float64(-0.2966666666666667)],[1],[0],[0],[3.2913297000341117],['text_3'],,,,,16,19,339,15,1444.5871743001044,,,,,,,,1444.5603593001142,1444.5871743001044,1444.5871743001044,1444.5871743001044,0.002859900239855051,1447.8541207001545,table,[np.float64(-0.035)],[np.float64(-0.2966666666666667)],[1],[0],[0],[3.2913297000341117],['text_3'],p1,001,2025-10-12_12h36.16.647,word_priming,,2025.1.1,60.39555460584366,2025-10-12 12h36.23.788203 +0530,
,340,0,17,,,p_nc_l,pencil,new,pencil,[np.float64(-0.035)],[np.float64(-0.2966666666666667)],[1],[0],[0],[3.7415816001594067],['text_3'],,,,,17,0,340,16,1447.8841138002463,,,,,,,,1447.8571493001655,1447.8841138002463,1447.8841138002463,1447.8841138002463,0.0029124999418854713,1451.6011699000373,pencil,[np.float64(-0.035)],[np.float64(-0.2966666666666667)],[1],[0],[0],[3.7415816001594067],['text_3'],p1,001,2025-10-12_12h36.16.647,word_priming,,2025.1.1,60.39555460584366,2025-10-12 12h36.23.788203 +0530,
,341,1,17,,,bo_t_e,bottle,new,bottle,[np.float64(-0.035)],[np.float64(-0.2966666666666667)],[1],[0],[0],[3.3236115002073348],['text_3'],,,,,17,1,341,18,1451.6305044000037,,,,,,,,1451.6040197000839,1451.6305044000037,1451.6305044000037,1451.6305044000037,0.0027231001295149326,1454.9300443003885,bottle,[np.float64(-0.035)],[np.float64(-0.2966666666666667)],[1],[0],[0],[3.3236115002073348],['text_3'],p1,001,2025-10-12_12h36.16.647,word_priming,,2025.1.1,60.39555460584366,2025-10-12 12h36.23.788203 +0530,
,342,2,17,,,_oo_,book,old ,,[np.float64(-0.035)],[np.float64(-0.2966666666666667)],[1],[0],[0],[1.1945111001841724],['text_3'],,,,,17,2,342,13,1454.960233000107,,,,,,,,1454.93258100003,1454.960233000107,1454.960233000107,1454.960233000107,0.0024500000290572643,1456.1295455000363,,[np.float64(-0.035)],[np.float64(-0.2966666666666667)],[1],[0],[0],[1.1945111001841724],['text_3'],p1,001,2025-10-12_12h36.16.647,word_priming,,2025.1.1,60.39555460584366,2025-10-12 12h36.23.788203 +0530,
,343,3,17,,,P_st_r,Poster,old ,book,[np.float64(-0.035)],[np.float64(-0.2966666666666667)],[1],[0],[0],[1.759298900142312],['text_3'],,,,,17,3,343,9,1456.1587232002057,,,,,,,,1456.132442400325,1456.1587232002057,1456.1587232002057,1456.1587232002057,0.0027739997021853924,1457.8941493001767,book,[np.float64(-0.035)],[np.float64(-0.2966666666666667)],[1],[0],[0],[1.759298900142312],['text_3'],p1,001,2025-10-12_12h36.16.647,word_priming,,2025.1.1,60.39555460584366,2025-10-12 12h36.23.788203 +0530,
,344,4,17,,,ta_l_,table,new,table,[np.float64(-0.035)],[np.float64(-0.2966666666666667)],[1],[0],[0],[6.772245700005442],['text_3'],,,,,17,4,344,15,1457.9233955000527,,,,,,,,1457.8968794001266,1457.9233955000527,1457.9233955000527,1457.9233955000527,0.00261419964954257,1464.6715422002599,table,[np.float64(-0.035)],[np.float64(-0.2966666666666667)],[1],[0],[0],[6.772245700005442],['text_3'],p1,001,2025-10-12_12h36.16.647,word_priming,,2025.1.1,60.39555460584366,2025-10-12 12h36.23.788203 +0530,
,345,5,17,,,c_m_ra,camera,new,camera,[np.float64(-0.035)],[np.float64(-0.2966666666666667)],[1],[0],[0],[3.707562600262463],['text_3'],,,,,17,5,345,19,1464.7007947000675,,,,,,,,1464.67458719993,1464.7007947000675,1464.7007947000675,1464.7007947000675,0.0029325000941753387,1468.3846109001897,camera,[np.float64(-0.035)],[np.float64(-0.2966666666666667)],[1],[0],[0],[3.707562600262463],['text_3'],p1,001,2025-10-12_12h36.16.647,word_priming,,2025.1.1,60.39555460584366,2025-10-12 12h36.23.788203 +0530,
,346,6,17,,,_ou_se,mouse,old ,mouse,[np.float64(-0.035)],[np.float64(-0.2966666666666667)],[1],[0],[0],[3.2575048999860883],['text_3'],,,,,17,6,346,3,1468.4138692002743,,,,,,,,1468.3875505002216,1468.4138692002743,1468.4138692002743,1468.4138692002743,0.0027947002090513706,1471.6474745003507,mouse,[np.float64(-0.035)],[np.float64(-0.2966666666666667)],[1],[0],[0],[3.2575048999860883],['text_3'],p1,001,2025-10-12_12h36.16.647,word_priming,,2025.1.1,60.39555460584366,2025-10-12 12h36.23.788203 +0530,
,347,7,17,,,_a_bl_,Marble,old ,marble,[np.float64(-0.035)],[np.float64(-0.2966666666666667)],[1],[0],[0],[4.8398800999857485],['text_3'],,,,,17,7,347,11,1471.6771786003374,,,,,,,,1471.6502932999283,1471.6771786003374,1471.6771786003374,1471.6771786003374,0.0027076001279056072,1476.4926630002446,marble,[np.float64(-0.035)],[np.float64(-0.2966666666666667)],[1],[0],[0],[4.8398800999857485],['text_3'],p1,001,2025-10-12_12h36.16.647,word_priming,,2025.1.1,60.39555460584366,2025-10-12 12h36.23.788203 +0530,
,348,8,17,,,l_pt_p,laptop,old ,laptop,[np.float64(-0.035)],[np.float64(-0.2966666666666667)],[1],[0],[0],[3.0252820001915097],['text_3'],,,,,17,8,348,0,1476.522558900062,,,,,,,,1476.4954093000852,1476.522558900062,1476.522558900062,1476.522558900062,0.0026271003298461437,1479.5231314003468,laptop,[np.float64(-0.035)],[np.float64(-0.2966666666666667)],[1],[0],[0],[3.0252820001915097],['text_3'],p1,001,2025-10-12_12h36.16.647,word_priming,,2025.1.1,60.39555460584366,2025-10-12 12h36.23.788203 +0530,
,349,9,17,,,P_str_,pastry,old ,pastry,[np.float64(-0.035)],[np.float64(-0.2966666666666667)],[1],[0],[0],[2.8583422997035086],['text_3'],,,,,17,9,349,4,1479.553113100119,,,,,,,,1479.525913100224,1479.553113100119,1479.553113100119,1479.553113100119,0.0026583001017570496,1482.3867359999567,pastry,[np.float64(-0.035)],[np.float64(-0.2966666666666667)],[1],[0],[0],[2.8583422997035086],['text_3'],p1,001,2025-10-12_12h36.16.647,word_priming,,2025.1.1,60.39555460584366,2025-10-12 12h36.23.788203 +0530,
,350,10,17,,,_ha_t,chart,old ,chart,[np.float64(-0.035)],[np.float64(-0.2966666666666667)],[1],[0],[0],[5.00758419977501],['text_3'],,,,,17,10,350,1,1482.4159054001793,,,,,,,,1482.3894859002903,1482.4159054001793,1482.4159054001793,1482.4159054001793,0.0026237000711262226,1487.39953480009,chart,[np.float64(-0.035)],[np.float64(-0.2966666666666667)],[1],[0],[0],[5.00758419977501],['text_3'],p1,001,2025-10-12_12h36.16.647,word_priming,,2025.1.1,60.39555460584366,2025-10-12 12h36.23.788203 +0530,
,351,11,17,,,_ru_s_,cruise,old ,cruise,[np.float64(-0.035)],[np.float64(-0.2966666666666667)],[1],[0],[0],[3.0913991001434624],['text_3'],,,,,17,11,351,6,1487.4281119001098,,,,,,,,1487.4022877002135,1487.4281119001098,1487.4281119001098,1487.4281119001098,0.00263379979878664,1490.4961664001457,cruise,[np.float64(-0.035)],[np.float64(-0.2966666666666667)],[1],[0],[0],[3.0913991001434624],['text_3'],p1,001,2025-10-12_12h36.16.647,word_priming,,2025.1.1,60.39555460584366,2025-10-12 12h36.23.788203 +0530,
,352,12,17,,,P_li_e,Police,old ,police,[np.float64(-0.035)],[np.float64(-0.2966666666666667)],[1],[0],[0],[2.759376599919051],['text_3'],,,,,17,12,352,7,1490.5245596002787,,,,,,,,1490.498944400344,1490.5245596002787,1490.5245596002787,1490.5245596002787,0.0026620998978614807,1493.260788100306,police,[np.float64(-0.035)],[np.float64(-0.2966666666666667)],[1],[0],[0],[2.759376599919051],['text_3'],p1,001,2025-10-12_12h36.16.647,word_priming,,2025.1.1,60.39555460584366,2025-10-12 12h36.23.788203 +0530,
,353,13,17,,,_ho_e,Phone,old ,phone,[np.float64(-0.035)],[np.float64(-0.2966666666666667)],[1],[0],[0],[3.0401813997887075],['text_3'],,,,,17,13,353,12,1493.2895865002647,,,,,,,,1493.2635055999272,1493.2895865002647,1493.2895865002647,1493.2895865002647,0.0025968998670578003,1496.306197100319,phone,[np.float64(-0.035)],[np.float64(-0.2966666666666667)],[1],[0],[0],[3.0401813997887075],['text_3'],p1,001,2025-10-12_12h36.16.647,word_priming,,2025.1.1,60.39555460584366,2025-10-12 12h36.23.788203 +0530,
,354,14,17,,,_o_rd,Board,old ,,[np.float64(-0.035)],[np.float64(-0.2966666666666667)],[1],[0],[0],[8.354061800055206],['text_3'],,,,,17,14,354,10,1496.3362479000352,,,,,,,,1496.3091942002065,1496.3362479000352,1496.3362479000352,1496.3362479000352,0.0028677000664174557,1504.6657103002071,,[np.float64(-0.035)],[np.float64(-0.2966666666666667)],[1],[0],[0],[8.354061800055206],['text_3'],p1,001,2025-10-12_12h36.16.647,word_priming,,2025.1.1,60.39555460584366,2025-10-12 12h36.23.788203 +0530,
,355,15,17,,,v_s_,vase,new,vase,[np.float64(-0.035)],[np.float64(-0.2966666666666667)],[1],[0],[0],[2.4266674001701176],['text_3'],,,,,17,15,355,17,1504.6944161001593,,,,,,,,1504.6679895003326,1504.6944161001593,1504.6944161001593,1504.6944161001593,0.002165299840271473,1507.097695000004,vase,[np.float64(-0.035)],[np.float64(-0.2966666666666667)],[1],[0],[0],[2.4266674001701176],['text_3'],p1,001,2025-10-12_12h36.16.647,word_priming,,2025.1.1,60.39555460584366,2025-10-12 12h36.23.788203 +0530,
,356,16,17,,,c_s_io_,cushion,old ,cushion,[np.float64(-0.035)],[np.float64(-0.2966666666666667)],[1],[0],[0],[5.188413599971682],['text_3'],,,,,17,16,356,14,1507.1257796003483,,,,,,,,1507.1005325000733,1507.1257796003483,1507.1257796003483,1507.1257796003483,0.002719299867749214,1512.291455999948,cushion,[np.float64(-0.035)],[np.float64(-0.2966666666666667)],[1],[0],[0],[5.188413599971682],['text_3'],p1,001,2025-10-12_12h36.16.647,word_priming,,2025.1.1,60.39555460584366,2025-10-12 12h36.23.788203 +0530,
,357,17,17,,,T_hi_t,Tshirt,old ,tshirt,[np.float64(-0.035)],[np.float64(-0.2966666666666667)],[1],[0],[0],[3.807492300402373],['text_3'],,,,,17,17,357,2,1512.3202375001274,,,,,,,,1512.2944042999297,1512.3202375001274,1512.3202375001274,1512.3202375001274,0.002833699807524681,1516.104428099934,tshirt,[np.float64(-0.035)],[np.float64(-0.2966666666666667)],[1],[0],[0],[3.807492300402373],['text_3'],p1,001,2025-10-12_12h36.16.647,word_priming,,2025.1.1,60.39555460584366,2025-10-12 12h36.23.788203 +0530,
,358,18,17,,,c_s_,case,old ,case,[np.float64(-0.035)],[np.float64(-0.2966666666666667)],[1],[0],[0],[2.5586004997603595],['text_3'],,,,,17,18,358,5,1516.1333608999848,,,,,,,,1516.1071729999967,1516.1333608999848,1516.1333608999848,1516.1333608999848,0.002628600224852562,1518.6683196001686,case,[np.float64(-0.035)],[np.float64(-0.2966666666666667)],[1],[0],[0],[2.5586004997603595],['text_3'],p1,001,2025-10-12_12h36.16.647,word_priming,,2025.1.1,60.39555460584366,2025-10-12 12h36.23.788203 +0530,
,359,19,17,,,K_y_,Keys,old ,keys,[np.float64(-0.035)],[np.float64(-0.2966666666666667)],[1],[0],[0],[3.591723999939859],['text_3'],,,,,17,19,359,8,1518.6975460001267,,,,,,,,1518.6707725003362,1518.6975460001267,1518.6975460001267,1518.6975460001267,0.0023345001973211765,1522.265016200021,keys,[np.float64(-0.035)],[np.float64(-0.2966666666666667)],[1],[0],[0],[3.591723999939859],['text_3'],p1,001,2025-10-12_12h36.16.647,word_priming,,2025.1.1,60.39555460584366,2025-10-12 12h36.23.788203 +0530,
,360,0,18,,,_ho_e,Phone,old ,phone ,[np.float64(-0.035)],[np.float64(-0.2966666666666667)],[1],[0],[0],[5.538433600217104],['text_3'],,,,,18,0,360,12,1522.29400610039,,,,,,,,1522.2678887001239,1522.29400610039,1522.29400610039,1522.29400610039,0.002758799586445093,1527.8088744003326,phone ,[np.float64(-0.035)],[np.float64(-0.2966666666666667)],[1],[0],[0],[5.538433600217104],['text_3'],p1,001,2025-10-12_12h36.16.647,word_priming,,2025.1.1,60.39555460584366,2025-10-12 12h36.23.788203 +0530,
,361,1,18,,,p_nc_l,pencil,new,pencil,[np.float64(-0.035)],[np.float64(-0.2966666666666667)],[1],[0],[0],[4.390236500184983],['text_3'],,,,,18,1,361,16,1527.8386157001369,,,,,,,,1527.8116461001337,1527.8386157001369,1527.8386157001369,1527.8386157001369,0.0026561999693512917,1532.2044130000286,pencil,[np.float64(-0.035)],[np.float64(-0.2966666666666667)],[1],[0],[0],[4.390236500184983],['text_3'],p1,001,2025-10-12_12h36.16.647,word_priming,,2025.1.1,60.39555460584366,2025-10-12 12h36.23.788203 +0530,
,362,2,18,,,c_m_ra,camera,new,camera,[np.float64(-0.035)],[np.float64(-0.2966666666666667)],[1],[0],[0],[3.4252848997712135],['text_3'],,,,,18,2,362,19,1532.2335880999453,,,,,,,,1532.2071781000122,1532.2335880999453,1532.2335880999453,1532.2335880999453,0.002643600106239319,1535.6350442003459,camera,[np.float64(-0.035)],[np.float64(-0.2966666666666667)],[1],[0],[0],[3.4252848997712135],['text_3'],p1,001,2025-10-12_12h36.16.647,word_priming,,2025.1.1,60.39555460584366,2025-10-12 12h36.23.788203 +0530,
,363,3,18,,,_ru_s_,cruise,old ,cruise,[np.float64(-0.035)],[np.float64(-0.2966666666666667)],[1],[0],[0],[3.840747599955648],['text_3'],,,,,18,3,363,6,1535.6637441003695,,,,,,,,1535.6378452000208,1535.6637441003695,1535.6637441003695,1535.6637441003695,0.0026719002053141594,1539.481132700108,cruise,[np.float64(-0.035)],[np.float64(-0.2966666666666667)],[1],[0],[0],[3.840747599955648],['text_3'],p1,001,2025-10-12_12h36.16.647,word_priming,,2025.1.1,60.39555460584366,2025-10-12 12h36.23.788203 +0530,
,364,4,18,,,c_s_,case,old ,case,[np.float64(-0.035)],[np.float64(-0.2966666666666667)],[1],[0],[0],[3.5906623997725546],['text_3'],,,,,18,4,364,5,1539.5095544001088,,,,,,,,1539.483807099983,1539.5095544001088,1539.5095544001088,1539.5095544001088,0.0025448999367654324,1543.077040800359,case,[np.float64(-0.035)],[np.float64(-0.2966666666666667)],[1],[0],[0],[3.5906623997725546],['text_3'],p1,001,2025-10-12_12h36.16.647,word_priming,,2025.1.1,60.39555460584366,2025-10-12 12h36.23.788203 +0530,
,365,5,18,,,_ou_se,mouse,old ,mouse,[np.float64(-0.035)],[np.float64(-0.2966666666666667)],[1],[0],[0],[3.7416383996605873],['text_3'],,,,,18,5,365,3,1543.1066083000042,,,,,,,,1543.0798154999502,1543.1066083000042,1543.1066083000042,1543.1066083000042,0.0026516998186707497,1546.8240122999996,mouse,[np.float64(-0.035)],[np.float64(-0.2966666666666667)],[1],[0],[0],[3.7416383996605873],['text_3'],p1,001,2025-10-12_12h36.16.647,word_priming,,2025.1.1,60.39555460584366,2025-10-12 12h36.23.788203 +0530,
,366,6,18,,,K_y_,Keys,old ,keys,[np.float64(-0.035)],[np.float64(-0.2966666666666667)],[1],[0],[0],[2.6250450001098216],['text_3'],,,,,18,6,366,8,1546.853110300377,,,,,,,,1546.826470500324,1546.853110300377,1546.853110300377,1546.853110300377,0.0023302999325096607,1549.4541190001182,keys,[np.float64(-0.035)],[np.float64(-0.2966666666666667)],[1],[0],[0],[2.6250450001098216],['text_3'],p1,001,2025-10-12_12h36.16.647,word_priming,,2025.1.1,60.39555460584366,2025-10-12 12h36.23.788203 +0530,
,367,7,18,,,T_hi_t,Tshirt,old ,tshirt,[np.float64(-0.035)],[np.float64(-0.2966666666666667)],[1],[0],[0],[4.490355799905956],['text_3'],,,,,18,7,367,2,1549.4832832003012,,,,,,,,1549.4570731003769,1549.4832832003012,1549.4832832003012,1549.4832832003012,0.0028210999444127083,1553.9500156999566,tshirt,[np.float64(-0.035)],[np.float64(-0.2966666666666667)],[1],[0],[0],[4.490355799905956],['text_3'],p1,001,2025-10-12_12h36.16.647,word_priming,,2025.1.1,60.39555460584366,2025-10-12 12h36.23.788203 +0530,
,368,8,18,,,v_s_,vase,new,vase,[np.float64(-0.035)],[np.float64(-0.2966666666666667)],[1],[0],[0],[2.3924187002703547],['text_3'],,,,,18,8,368,17,1553.9792601000518,,,,,,,,1553.952484200243,1553.9792601000518,1553.9792601000518,1553.9792601000518,0.002332699950784445,1556.3475071000867,vase,[np.float64(-0.035)],[np.float64(-0.2966666666666667)],[1],[0],[0],[2.3924187002703547],['text_3'],p1,001,2025-10-12_12h36.16.647,word_priming,,2025.1.1,60.39555460584366,2025-10-12 12h36.23.788203 +0530,
,369,9,18,,,P_str_,pastry,old ,pastry,[np.float64(-0.035)],[np.float64(-0.2966666666666667)],[1],[0],[0],[3.241305500268936],['text_3'],,,,,18,9,369,4,1556.3767980001867,,,,,,,,1556.3503207000904,1556.3767980001867,1556.3767980001867,1556.3767980001867,0.0026952996850013733,1559.5942616001703,pastry,[np.float64(-0.035)],[np.float64(-0.2966666666666667)],[1],[0],[0],[3.241305500268936],['text_3'],p1,001,2025-10-12_12h36.16.647,word_priming,,2025.1.1,60.39555460584366,2025-10-12 12h36.23.788203 +0530,
,370,10,18,,,c_s_io_,cushion,old ,cushion,[np.float64(-0.035)],[np.float64(-0.2966666666666667)],[1],[0],[0],[3.8414378999732435],['text_3'],,,,,18,10,370,14,1559.6237570000812,,,,,,,,1559.5971349999309,1559.6237570000812,1559.6237570000812,1559.6237570000812,0.002728599589318037,1563.4413001001813,cushion,[np.float64(-0.035)],[np.float64(-0.2966666666666667)],[1],[0],[0],[3.8414378999732435],['text_3'],p1,001,2025-10-12_12h36.16.647,word_priming,,2025.1.1,60.39555460584366,2025-10-12 12h36.23.788203 +0530,
,371,11,18,,,_ha_t,chart,old ,chart,[np.float64(-0.035)],[np.float64(-0.2966666666666667)],[1],[0],[0],[4.688948600087315],['text_3'],,,,,18,11,371,1,1563.46986870002,,,,,,,,1563.4440518002957,1563.46986870002,1563.46986870002,1563.46986870002,0.002639399841427803,1568.135577000212,chart,[np.float64(-0.035)],[np.float64(-0.2966666666666667)],[1],[0],[0],[4.688948600087315],['text_3'],p1,001,2025-10-12_12h36.16.647,word_priming,,2025.1.1,60.39555460584366,2025-10-12 12h36.23.788203 +0530,
,372,12,18,,,_a_bl_,Marble,old ,marble,[np.float64(-0.035)],[np.float64(-0.2966666666666667)],[1],[0],[0],[4.67325790040195],['text_3'],,,,,18,12,372,11,1568.1656119003892,,,,,,,,1568.139012500178,1568.1656119003892,1568.1656119003892,1568.1656119003892,0.003320499788969755,1572.8148719002493,marble,[np.float64(-0.035)],[np.float64(-0.2966666666666667)],[1],[0],[0],[4.67325790040195],['text_3'],p1,001,2025-10-12_12h36.16.647,word_priming,,2025.1.1,60.39555460584366,2025-10-12 12h36.23.788203 +0530,
,373,13,18,,,bo_t_e,bottle,new,bottle,[np.float64(-0.035)],[np.float64(-0.2966666666666667)],[1],[0],[0],[3.3913610000163317],['text_3'],,,,,18,13,373,18,1572.8441773001105,,,,,,,,1572.817906900309,1572.8441773001105,1572.8441773001105,1572.8441773001105,0.0029162000864744186,1576.2118672002107,bottle,[np.float64(-0.035)],[np.float64(-0.2966666666666667)],[1],[0],[0],[3.3913610000163317],['text_3'],p1,001,2025-10-12_12h36.16.647,word_priming,,2025.1.1,60.39555460584366,2025-10-12 12h36.23.788203 +0530,
,374,14,18,,,P_st_r,Poster,old ,poster,[np.float64(-0.035)],[np.float64(-0.2966666666666667)],[1],[0],[0],[3.756828799843788],['text_3'],,,,,18,14,374,9,1576.2403681003489,,,,,,,,1576.2146777003072,1576.2403681003489,1576.2403681003489,1576.2403681003489,0.002689999993890524,1579.974179700017,poster,[np.float64(-0.035)],[np.float64(-0.2966666666666667)],[1],[0],[0],[3.756828799843788],['text_3'],p1,001,2025-10-12_12h36.16.647,word_priming,,2025.1.1,60.39555460584366,2025-10-12 12h36.23.788203 +0530,
,375,15,18,,,l_pt_p,laptop,old ,laptop,[np.float64(-0.035)],[np.float64(-0.2966666666666667)],[1],[0],[0],[2.958523899782449],['text_3'],,,,,18,15,375,0,1580.0037267003208,,,,,,,,1579.9769625002518,1580.0037267003208,1580.0037267003208,1580.0037267003208,0.0026620998978614807,1582.9381000003777,laptop,[np.float64(-0.035)],[np.float64(-0.2966666666666667)],[1],[0],[0],[2.958523899782449],['text_3'],p1,001,2025-10-12_12h36.16.647,word_priming,,2025.1.1,60.39555460584366,2025-10-12 12h36.23.788203 +0530,
,376,16,18,,,_oo_,book,old ,book,[np.float64(-0.035)],[np.float64(-0.2966666666666667)],[1],[0],[0],[2.6928202998824418],['text_3'],,,,,18,16,376,13,1582.967116500251,,,,,,,,1582.9405702999793,1582.967116500251,1582.967116500251,1582.967116500251,0.0023487000726163387,1585.636052200105,book,[np.float64(-0.035)],[np.float64(-0.2966666666666667)],[1],[0],[0],[2.6928202998824418],['text_3'],p1,001,2025-10-12_12h36.16.647,word_priming,,2025.1.1,60.39555460584366,2025-10-12 12h36.23.788203 +0530,
,377,17,18,,,_o_rd,Board,old ,,[np.float64(-0.035)],[np.float64(-0.2966666666666667)],[1],[0],[0],[1.5763984001241624],['text_3'],,,,,18,17,377,10,1585.664870900102,,,,,,,,1585.6388745000586,1585.664870900102,1585.664870900102,1585.664870900102,0.0026964000426232815,1587.2178968000226,,[np.float64(-0.035)],[np.float64(-0.2966666666666667)],[1],[0],[0],[1.5763984001241624],['text_3'],p1,001,2025-10-12_12h36.16.647,word_priming,,2025.1.1,60.39555460584366,2025-10-12 12h36.23.788203 +0530,
,378,18,18,,,ta_l_,table,new,table,[np.float64(-0.035)],[np.float64(-0.2966666666666667)],[1],[0],[0],[2.7579443003050983],['text_3'],,,,,18,18,378,15,1587.246624100022,,,,,,,,1587.220495400019,1587.246624100022,1587.246624100022,1587.246624100022,0.0024748002178967,1589.9811392999254,table,[np.float64(-0.035)],[np.float64(-0.2966666666666667)],[1],[0],[0],[2.7579443003050983],['text_3'],p1,001,2025-10-12_12h36.16.647,word_priming,,2025.1.1,60.39555460584366,2025-10-12 12h36.23.788203 +0530,
,379,19,18,,,P_li_e,Police,old ,police,[np.float64(-0.035)],[np.float64(-0.2966666666666667)],[1],[0],[0],[3.5905850999988616],['text_3'],,,,,18,19,379,7,1590.0105926003307,,,,,,,,1589.984073200263,1590.0105926003307,1590.0105926003307,1590.0105926003307,0.002790600061416626,1593.5772989001125,police,[np.float64(-0.035)],[np.float64(-0.2966666666666667)],[1],[0],[0],[3.5905850999988616],['text_3'],p1,001,2025-10-12_12h36.16.647,word_priming,,2025.1.1,60.39555460584366,2025-10-12 12h36.23.788203 +0530,
,380,0,19,,,_ha_t,chart,old ,chart,[np.float64(-0.035)],[np.float64(-0.2966666666666667)],[1],[0],[0],[2.875242799986154],['text_3'],,,,,19,0,380,1,1593.607031099964,,,,,,,,1593.5800861003809,1593.607031099964,1593.607031099964,1593.607031099964,0.002656499855220318,1596.458020400256,chart,[np.float64(-0.035)],[np.float64(-0.2966666666666667)],[1],[0],[0],[2.875242799986154],['text_3'],p1,001,2025-10-12_12h36.16.647,word_priming,,2025.1.1,60.39555460584366,2025-10-12 12h36.23.788203 +0530,
,381,1,19,,,P_st_r,Poster,old ,poster,[np.float64(-0.035)],[np.float64(-0.2966666666666667)],[1],[0],[0],[2.874703099951148],['text_3'],,,,,19,1,381,9,1596.4867569003254,,,,,,,,1596.4608187000267,1596.4867569003254,1596.4867569003254,1596.4867569003254,0.0026770997792482376,1599.3381771002896,poster,[np.float64(-0.035)],[np.float64(-0.2966666666666667)],[1],[0],[0],[2.874703099951148],['text_3'],p1,001,2025-10-12_12h36.16.647,word_priming,,2025.1.1,60.39555460584366,2025-10-12 12h36.23.788203 +0530,
,382,2,19,,,c_s_,case,old ,case,[np.float64(-0.035)],[np.float64(-0.2966666666666667)],[1],[0],[0],[2.793002700433135],['text_3'],,,,,19,2,382,5,1599.3679384002462,,,,,,,,1599.3409021003172,1599.3679384002462,1599.3679384002462,1599.3679384002462,0.002609100192785263,1602.136612500064,case,[np.float64(-0.035)],[np.float64(-0.2966666666666667)],[1],[0],[0],[2.793002700433135],['text_3'],p1,001,2025-10-12_12h36.16.647,word_priming,,2025.1.1,60.39555460584366,2025-10-12 12h36.23.788203 +0530,
,383,3,19,,,c_s_io_,cushion,old ,cushion,[np.float64(-0.035)],[np.float64(-0.2966666666666667)],[1],[0],[0],[3.4740769998170435],['text_3'],,,,,19,3,383,14,1602.1648941999301,,,,,,,,1602.1395427002572,1602.1648941999301,1602.1648941999301,1602.1648941999301,0.002772699575871229,1605.6162952999584,cushion,[np.float64(-0.035)],[np.float64(-0.2966666666666667)],[1],[0],[0],[3.4740769998170435],['text_3'],p1,001,2025-10-12_12h36.16.647,word_priming,,2025.1.1,60.39555460584366,2025-10-12 12h36.23.788203 +0530,
,384,4,19,,,K_y_,Keys,old ,keys,[np.float64(-0.035)],[np.float64(-0.2966666666666667)],[1],[0],[0],[2.624443099834025],['text_3'],,,,,19,4,384,8,1605.6455453000963,,,,,,,,1605.6190114002675,1605.6455453000963,1605.6455453000963,1605.6455453000963,0.0025979001075029373,1608.2461144002154,keys,[np.float64(-0.035)],[np.float64(-0.2966666666666667)],[1],[0],[0],[2.624443099834025],['text_3'],p1,001,2025-10-12_12h36.16.647,word_priming,,2025.1.1,60.39555460584366,2025-10-12 12h36.23.788203 +0530,
,385,5,19,,,_ou_se,mouse,old ,mouse,[np.float64(-0.035)],[np.float64(-0.2966666666666667)],[1],[0],[0],[3.3089228002354503],['text_3'],,,,,19,5,385,3,1608.275907299947,,,,,,,,1608.248938600067,1608.275907299947,1608.275907299947,1608.275907299947,0.002707300242036581,1611.560538600199,mouse,[np.float64(-0.035)],[np.float64(-0.2966666666666667)],[1],[0],[0],[3.3089228002354503],['text_3'],p1,001,2025-10-12_12h36.16.647,word_priming,,2025.1.1,60.39555460584366,2025-10-12 12h36.23.788203 +0530,
,386,6,19,,,P_str_,pastry,old ,pastry,[np.float64(-0.035)],[np.float64(-0.2966666666666667)],[1],[0],[0],[3.806957899592817],['text_3'],,,,,19,6,386,4,1611.5890347003005,,,,,,,,1611.5633698999882,1611.5890347003005,1611.5890347003005,1611.5890347003005,0.0027123000472784042,1615.372994699981,pastry,[np.float64(-0.035)],[np.float64(-0.2966666666666667)],[1],[0],[0],[3.806957899592817],['text_3'],p1,001,2025-10-12_12h36.16.647,word_priming,,2025.1.1,60.39555460584366,2025-10-12 12h36.23.788203 +0530,
,387,7,19,,,_oo_,book,old ,book,[np.float64(-0.035)],[np.float64(-0.2966666666666667)],[1],[0],[0],[2.7752144997939467],['text_3'],,,,,19,7,387,13,1615.4018812002614,,,,,,,,1615.3757740999572,1615.4018812002614,1615.4018812002614,1615.4018812002614,0.002661599777638912,1618.1536588999443,book,[np.float64(-0.035)],[np.float64(-0.2966666666666667)],[1],[0],[0],[2.7752144997939467],['text_3'],p1,001,2025-10-12_12h36.16.647,word_priming,,2025.1.1,60.39555460584366,2025-10-12 12h36.23.788203 +0530,
,388,8,19,,,_a_bl_,Marble,old ,marble,[np.float64(-0.035)],[np.float64(-0.2966666666666667)],[1],[0],[0],[4.8392603998072445],['text_3'],,,,,19,8,388,11,1618.1823859000579,,,,,,,,1618.1564221000299,1618.1823859000579,1618.1823859000579,1618.1823859000579,0.0026442999951541424,1622.9983952003531,marble,[np.float64(-0.035)],[np.float64(-0.2966666666666667)],[1],[0],[0],[4.8392603998072445],['text_3'],p1,001,2025-10-12_12h36.16.647,word_priming,,2025.1.1,60.39555460584366,2025-10-12 12h36.23.788203 +0530,
,389,9,19,,,P_li_e,Police,old ,police,[np.float64(-0.035)],[np.float64(-0.2966666666666667)],[1],[0],[0],[3.4077065996825695],['text_3'],,,,,19,9,389,7,1623.0280506000854,,,,,,,,1623.0012242002413,1623.0280506000854,1623.0280506000854,1623.0280506000854,0.0027025998570024967,1626.4116216003895,police,[np.float64(-0.035)],[np.float64(-0.2966666666666667)],[1],[0],[0],[3.4077065996825695],['text_3'],p1,001,2025-10-12_12h36.16.647,word_priming,,2025.1.1,60.39555460584366,2025-10-12 12h36.23.788203 +0530,
,390,10,19,,,p_nc_l,pencil,new,pencil,[np.float64(-0.035)],[np.float64(-0.2966666666666667)],[1],[0],[0],[3.3918666001409292],['text_3'],,,,,19,10,390,16,1626.4411399001256,,,,,,,,1626.4144765003584,1626.4411399001256,1626.4411399001256,1626.4411399001256,0.0027381996624171734,1629.8090695999563,pencil,[np.float64(-0.035)],[np.float64(-0.2966666666666667)],[1],[0],[0],[3.3918666001409292],['text_3'],p1,001,2025-10-12_12h36.16.647,word_priming,,2025.1.1,60.39555460584366,2025-10-12 12h36.23.788203 +0530,
,391,11,19,,,T_hi_t,Tshirt,old ,tshirt,[np.float64(-0.035)],[np.float64(-0.2966666666666667)],[1],[0],[0],[3.3565468001179397],['text_3'],,,,,19,11,391,2,1629.8379275002517,,,,,,,,1629.811868800316,1629.8379275002517,1629.8379275002517,1629.8379275002517,0.002680799923837185,1633.1711302003823,tshirt,[np.float64(-0.035)],[np.float64(-0.2966666666666667)],[1],[0],[0],[3.3565468001179397],['text_3'],p1,001,2025-10-12_12h36.16.647,word_priming,,2025.1.1,60.39555460584366,2025-10-12 12h36.23.788203 +0530,
,392,12,19,,,ta_l_,table,new,table,[np.float64(-0.035)],[np.float64(-0.2966666666666667)],[1],[0],[0],[4.4573833998292685],['text_3'],,,,,19,12,392,15,1633.2011206001043,,,,,,,,1633.1738684000447,1633.2011206001043,1633.2011206001043,1633.2011206001043,0.0026179002597928047,1637.634070600383,table,[np.float64(-0.035)],[np.float64(-0.2966666666666667)],[1],[0],[0],[4.4573833998292685],['text_3'],p1,001,2025-10-12_12h36.16.647,word_priming,,2025.1.1,60.39555460584366,2025-10-12 12h36.23.788203 +0530,
,393,13,19,,,bo_t_e,bottle,new,bottle,[np.float64(-0.035)],[np.float64(-0.2966666666666667)],[1],[0],[0],[3.192124200053513],['text_3'],,,,,19,13,393,18,1637.6627879999578,,,,,,,,1637.636891900096,1637.6627879999578,1637.6627879999578,1637.6627879999578,0.002694300375878811,1640.8318034000695,bottle,[np.float64(-0.035)],[np.float64(-0.2966666666666667)],[1],[0],[0],[3.192124200053513],['text_3'],p1,001,2025-10-12_12h36.16.647,word_priming,,2025.1.1,60.39555460584366,2025-10-12 12h36.23.788203 +0530,
,394,14,19,,,_ru_s_,cruise,old ,cruise,[np.float64(-0.035)],[np.float64(-0.2966666666666667)],[1],[0],[0],[3.1740687997080386],['text_3'],,,,,19,14,394,6,1640.8599919001572,,,,,,,,1640.8346306001768,1640.8599919001572,1640.8599919001572,1640.8599919001572,0.00271050026640296,1644.0114799002185,cruise,[np.float64(-0.035)],[np.float64(-0.2966666666666667)],[1],[0],[0],[3.1740687997080386],['text_3'],p1,001,2025-10-12_12h36.16.647,word_priming,,2025.1.1,60.39555460584366,2025-10-12 12h36.23.788203 +0530,
,395,15,19,,,c_m_ra,camera,new,camera,[np.float64(-0.035)],[np.float64(-0.2966666666666667)],[1],[0],[0],[3.4572976999916136],['text_3'],,,,,19,15,395,19,1644.0407904000022,,,,,,,,1644.0143375000916,1644.0407904000022,1644.0407904000022,1644.0407904000022,0.0027438001707196236,1647.4744184003212,camera,[np.float64(-0.035)],[np.float64(-0.2966666666666667)],[1],[0],[0],[3.4572976999916136],['text_3'],p1,001,2025-10-12_12h36.16.647,word_priming,,2025.1.1,60.39555460584366,2025-10-12 12h36.23.788203 +0530,
,396,16,19,,,l_pt_p,laptop,old ,laptop,[np.float64(-0.035)],[np.float64(-0.2966666666666667)],[1],[0],[0],[3.5915451999753714],['text_3'],,,,,19,16,396,0,1647.503790399991,,,,,,,,1647.477332000155,1647.503790399991,1647.503790399991,1647.503790399991,0.002795299980789423,1651.071628600359,laptop,[np.float64(-0.035)],[np.float64(-0.2966666666666667)],[1],[0],[0],[3.5915451999753714],['text_3'],p1,001,2025-10-12_12h36.16.647,word_priming,,2025.1.1,60.39555460584366,2025-10-12 12h36.23.788203 +0530,
,397,17,19,,,_o_rd,Board,old ,,[np.float64(-0.035)],[np.float64(-0.2966666666666667)],[1],[0],[0],[1.2924249996431172],['text_3'],,,,,19,17,397,10,1651.1002718000673,,,,,,,,1651.0744346999563,1651.1002718000673,1651.1002718000673,1651.1002718000673,0.0026873997412621975,1652.369573800359,,[np.float64(-0.035)],[np.float64(-0.2966666666666667)],[1],[0],[0],[1.2924249996431172],['text_3'],p1,001,2025-10-12_12h36.16.647,word_priming,,2025.1.1,60.39555460584366,2025-10-12 12h36.23.788203 +0530,
,398,18,19,,,v_s_,vase,new,vase,[np.float64(-0.035)],[np.float64(-0.2966666666666667)],[1],[0],[0],[2.558907300233841],['text_3'],,,,,19,18,398,17,1652.3987874002196,,,,,,,,1652.3721218002029,1652.3987874002196,1652.3987874002196,1652.3987874002196,0.002419899683445692,1654.933800900355,vase,[np.float64(-0.035)],[np.float64(-0.2966666666666667)],[1],[0],[0],[2.558907300233841],['text_3'],p1,001,2025-10-12_12h36.16.647,word_priming,,2025.1.1,60.39555460584366,2025-10-12 12h36.23.788203 +0530,
,399,19,19,,,_ho_e,Phone,old ,phone,[np.float64(-0.035)],[np.float64(-0.2966666666666667)],[1],[0],[0],[3.425081000197679],['text_3'],,,,,19,19,399,12,1654.9631515000947,,,,,,,,1654.9367136000656,1654.9631515000947,1654.9631515000947,1654.9631515000947,0.002779100090265274,1658.364583000075,phone,[np.float64(-0.035)],[np.float64(-0.2966666666666667)],[1],[0],[0],[3.425081000197679],['text_3'],p1,001,2025-10-12_12h36.16.647,word_priming,,2025.1.1,60.39555460584366,2025-10-12 12h36.23.788203 +0530,
