study_word,thisN,thisTrialN,thisRepN,slider.response,slider.rt,test_words,reference,old_new,textbox.text,mouse.x,mouse.y,mouse.leftButton,mouse.midButton,mouse.rightButton,mouse.time,mouse.clicked_name,trials.thisRepN,trials.thisTrialN,trials.thisN,trials.thisIndex,trials_2.thisRepN,trials_2.thisTrialN,trials_2.thisN,trials_2.thisIndex,thisRow.t,notes,trial.started,text.started,slider.started,trial.stopped,trials.slider.response,trials.slider.rt,test.started,text_2.started,textbox.started,text_3.started,mouse.started,test.stopped,trials_2.textbox.text,trials_2.mouse.x,trials_2.mouse.y,trials_2.mouse.leftButton,trials_2.mouse.midButton,trials_2.mouse.rightButton,trials_2.mouse.time,trials_2.mouse.clicked_name,participant,session,date,expName,expVersion,psychopyVersion,frameRate,expStart,
board ,0,0,0,1.04,1.7098261998035014,,,,,,,,,,,,0,0,0,4,,,,,0.07719979993999004,,0.03308979980647564,0.07719979993999004,0.07719979993999004,1.7747877999208868,1.04,1.7098261998035014,,,,,,,,,,,,,,,p2,001,2025-10-12_14h28.18.296,word_priming,,2025.1.1,60.160978782174794,2025-10-12 14h28.25.434967 +0530,
police,1,1,0,1.08,0.9896200001239777,,,,,,,,,,,,0,1,1,12,,,,,1.8059290000237525,,1.785708799958229,1.8059290000237525,1.8059290000237525,2.806663899682462,1.08,0.9896200001239777,,,,,,,,,,,,,,,p2,001,2025-10-12_14h28.18.296,word_priming,,2025.1.1,60.160978782174794,2025-10-12 14h28.25.434967 +0530,
pastry,2,2,0,1.08,0.6248744996264577,,,,,,,,,,,,0,2,2,9,,,,,2.8386379000730813,,2.8162197996862233,2.8386379000730813,2.8386379000730813,3.4738237001001835,1.08,0.6248744996264577,,,,,,,,,,,,,,,p2,001,2025-10-12_14h28.18.296,word_priming,,2025.1.1,60.160978782174794,2025-10-12 14h28.25.434967 +0530,
cushion,3,3,0,1.08,0.6720694000832736,,,,,,,,,,,,0,3,3,1,,,,,3.5042500998824835,,3.484894599765539,3.5042500998824835,3.5042500998824835,4.188918699976057,1.08,0.6720694000832736,,,,,,,,,,,,,,,p2,001,2025-10-12_14h28.18.296,word_priming,,2025.1.1,60.160978782174794,2025-10-12 14h28.25.434967 +0530,
phone,4,4,0,1.08,0.7110192999243736,,,,,,,,,,,,0,4,4,2,,,,,4.2206625998951495,,4.195445499848574,4.2206625998951495,4.2206625998951495,4.938381399959326,1.08,0.7110192999243736,,,,,,,,,,,,,,,p2,001,2025-10-12_14h28.18.296,word_priming,,2025.1.1,60.160978782174794,2025-10-12 14h28.25.434967 +0530,
laptop,5,5,0,1.08,0.8107237000949681,,,,,,,,,,,,0,5,5,5,,,,,4.969868300016969,,4.944712699856609,4.969868300016969,4.969868300016969,5.78689939994365,1.08,0.8107237000949681,,,,,,,,,,,,,,,p2,001,2025-10-12_14h28.18.296,word_priming,,2025.1.1,60.160978782174794,2025-10-12 14h28.25.434967 +0530,
case,6,6,0,1.08,0.7144164000637829,,,,,,,,,,,,0,6,6,10,,,,,5.819076099898666,,5.7908886997029185,5.819076099898666,5.819076099898666,6.536275600083172,1.08,0.7144164000637829,,,,,,,,,,,,,,,p2,001,2025-10-12_14h28.18.296,word_priming,,2025.1.1,60.160978782174794,2025-10-12 14h28.25.434967 +0530,
marble,7,7,0,1.08,0.7615038999356329,,,,,,,,,,,,0,7,7,3,,,,,6.568093900103122,,6.542571899946779,6.568093900103122,6.568093900103122,7.335666199680418,1.08,0.7615038999356329,,,,,,,,,,,,,,,p2,001,2025-10-12_14h28.18.296,word_priming,,2025.1.1,60.160978782174794,2025-10-12 14h28.25.434967 +0530,
chart,8,8,0,1.08,0.8952100998722017,,,,,,,,,,,,0,8,8,6,,,,,7.36758100008592,,7.34187120012939,7.36758100008592,7.36758100008592,8.26847040001303,1.08,0.8952100998722017,,,,,,,,,,,,,,,p2,001,2025-10-12_14h28.18.296,word_priming,,2025.1.1,60.160978782174794,2025-10-12 14h28.25.434967 +0530,
mouse,9,9,0,1.08,0.8605980002321303,,,,,,,,,,,,0,9,9,8,,,,,8.30059769982472,,8.27454169979319,8.30059769982472,8.30059769982472,9.167267499957234,1.08,0.8605980002321303,,,,,,,,,,,,,,,p2,001,2025-10-12_14h28.18.296,word_priming,,2025.1.1,60.160978782174794,2025-10-12 14h28.25.434967 +0530,
keys,10,10,0,1.08,0.9121269001625478,,,,,,,,,,,,0,10,10,13,,,,,9.19912499981001,,9.172957200091332,9.19912499981001,9.19912499981001,10.116561899892986,1.08,0.9121269001625478,,,,,,,,,,,,,,,p2,001,2025-10-12_14h28.18.296,word_priming,,2025.1.1,60.160978782174794,2025-10-12 14h28.25.434967 +0530,
book,11,11,0,1.08,0.7781584998592734,,,,,,,,,,,,0,11,11,0,,,,,10.148313299752772,,10.122261299751699,10.148313299752772,10.148313299752772,10.932647199835628,1.08,0.7781584998592734,,,,,,,,,,,,,,,p2,001,2025-10-12_14h28.18.296,word_priming,,2025.1.1,60.160978782174794,2025-10-12 14h28.25.434967 +0530,
cruise,12,12,0,1.08,0.7784911999478936,,,,,,,,,,,,0,12,12,11,,,,,10.963566299993545,,10.938925299793482,10.963566299993545,10.963566299993545,11.748143499717116,1.08,0.7784911999478936,,,,,,,,,,,,,,,p2,001,2025-10-12_14h28.18.296,word_priming,,2025.1.1,60.160978782174794,2025-10-12 14h28.25.434967 +0530,
T-shirt,13,13,0,1.08,0.9071076000109315,,,,,,,,,,,,0,13,13,7,,,,,11.77965970011428,,11.758950499817729,11.77965970011428,11.77965970011428,12.698050600010902,1.08,0.9071076000109315,,,,,,,,,,,,,,,p2,001,2025-10-12_14h28.18.296,word_priming,,2025.1.1,60.160978782174794,2025-10-12 14h28.25.434967 +0530,
poster,14,14,0,1.08,0.7934444998390973,,,,,,,,,,,,0,14,14,14,,,,,12.728609799873084,,12.704302200116217,12.728609799873084,12.728609799873084,13.52976069971919,1.08,0.7934444998390973,,,,,,,,,,,,,,,p2,001,2025-10-12_14h28.18.296,word_priming,,2025.1.1,60.160978782174794,2025-10-12 14h28.25.434967 +0530,
police,15,0,1,1.08,0.5609250999987125,,,,,,,,,,,,1,0,15,12,,,,,13.561410800088197,,13.536762400064617,13.561410800088197,13.561410800088197,14.129439800046384,1.08,0.5609250999987125,,,,,,,,,,,,,,,p2,001,2025-10-12_14h28.18.296,word_priming,,2025.1.1,60.160978782174794,2025-10-12 14h28.25.434967 +0530,
phone,16,1,1,1.08,0.2946446002461016,,,,,,,,,,,,1,1,16,2,,,,,14.160897099878639,,14.136223699897528,14.160897099878639,14.160897099878639,14.462531900033355,1.08,0.2946446002461016,,,,,,,,,,,,,,,p2,001,2025-10-12_14h28.18.296,word_priming,,2025.1.1,60.160978782174794,2025-10-12 14h28.25.434967 +0530,
chart,17,2,1,1.08,0.49477019999176264,,,,,,,,,,,,1,2,17,6,,,,,14.49401480006054,,14.468709599692374,14.49401480006054,14.49401480006054,14.994577399920672,1.08,0.49477019999176264,,,,,,,,,,,,,,,p2,001,2025-10-12_14h28.18.296,word_priming,,2025.1.1,60.160978782174794,2025-10-12 14h28.25.434967 +0530,
mouse,18,3,1,1.08,0.19587690010666847,,,,,,,,,,,,1,3,18,8,,,,,15.027270500082523,,15.00063439970836,15.027270500082523,15.027270500082523,15.227954300120473,1.08,0.19587690010666847,,,,,,,,,,,,,,,p2,001,2025-10-12_14h28.18.296,word_priming,,2025.1.1,60.160978782174794,2025-10-12 14h28.25.434967 +0530,
laptop,19,4,1,1.08,0.19673459976911545,,,,,,,,,,,,1,4,19,5,,,,,15.25973440008238,,15.232404000125825,15.25973440008238,15.25973440008238,15.44586220011115,1.08,0.19673459976911545,,,,,,,,,,,,,,,p2,001,2025-10-12_14h28.18.296,word_priming,,2025.1.1,60.160978782174794,2025-10-12 14h28.25.434967 +0530,
cushion,20,5,1,1.08,0.17796700028702617,,,,,,,,,,,,1,5,20,1,,,,,15.476983599830419,,15.450459599960595,15.476983599830419,15.476983599830419,15.645661499816924,1.08,0.17796700028702617,,,,,,,,,,,,,,,p2,001,2025-10-12_14h28.18.296,word_priming,,2025.1.1,60.160978782174794,2025-10-12 14h28.25.434967 +0530,
marble,21,6,1,1.08,0.1963010998442769,,,,,,,,,,,,1,6,21,3,,,,,15.676078999880701,,15.649882199708372,15.676078999880701,15.676078999880701,15.877341900020838,1.08,0.1963010998442769,,,,,,,,,,,,,,,p2,001,2025-10-12_14h28.18.296,word_priming,,2025.1.1,60.160978782174794,2025-10-12 14h28.25.434967 +0530,
case,22,7,1,1.08,0.1622470999136567,,,,,,,,,,,,1,7,22,10,,,,,15.909101599827409,,15.88354660011828,15.909101599827409,15.909101599827409,16.07720230007544,1.08,0.1622470999136567,,,,,,,,,,,,,,,p2,001,2025-10-12_14h28.18.296,word_priming,,2025.1.1,60.160978782174794,2025-10-12 14h28.25.434967 +0530,
keys,23,8,1,1.08,0.16299410024657845,,,,,,,,,,,,1,8,23,13,,,,,16.108937999699265,,16.082843400072306,16.108937999699265,16.108937999699265,16.276629199739546,1.08,0.16299410024657845,,,,,,,,,,,,,,,p2,001,2025-10-12_14h28.18.296,word_priming,,2025.1.1,60.160978782174794,2025-10-12 14h28.25.434967 +0530,
cruise,24,9,1,1.08,0.16193269984796643,,,,,,,,,,,,1,9,24,11,,,,,16.30891830008477,,16.282889999914914,16.30891830008477,16.30891830008477,16.476997199933976,1.08,0.16193269984796643,,,,,,,,,,,,,,,p2,001,2025-10-12_14h28.18.296,word_priming,,2025.1.1,60.160978782174794,2025-10-12 14h28.25.434967 +0530,
board ,25,10,1,1.08,0.1291891997680068,,,,,,,,,,,,1,10,25,4,,,,,16.508792200125754,,16.483183899894357,16.508792200125754,16.508792200125754,16.64338509971276,1.08,0.1291891997680068,,,,,,,,,,,,,,,p2,001,2025-10-12_14h28.18.296,word_priming,,2025.1.1,60.160978782174794,2025-10-12 14h28.25.434967 +0530,
T-shirt,26,11,1,1.08,0.1938025001436472,,,,,,,,,,,,1,11,26,7,,,,,16.67505529988557,,16.650309099815786,16.67505529988557,16.67505529988557,16.87636819994077,1.08,0.1938025001436472,,,,,,,,,,,,,,,p2,001,2025-10-12_14h28.18.296,word_priming,,2025.1.1,60.160978782174794,2025-10-12 14h28.25.434967 +0530,
poster,27,12,1,1.08,0.1284376997500658,,,,,,,,,,,,1,12,27,14,,,,,16.907829999923706,,16.882788099814206,16.907829999923706,16.907829999923706,17.042832300066948,1.08,0.1284376997500658,,,,,,,,,,,,,,,p2,001,2025-10-12_14h28.18.296,word_priming,,2025.1.1,60.160978782174794,2025-10-12 14h28.25.434967 +0530,
pastry,28,13,1,1.08,0.16189170023426414,,,,,,,,,,,,1,13,28,9,,,,,17.074376800097525,,17.04891759995371,17.074376800097525,17.074376800097525,17.242751699872315,1.08,0.16189170023426414,,,,,,,,,,,,,,,p2,001,2025-10-12_14h28.18.296,word_priming,,2025.1.1,60.160978782174794,2025-10-12 14h28.25.434967 +0530,
book,29,14,1,1.08,0.12939260015264153,,,,,,,,,,,,1,14,29,0,,,,,17.274414099752903,,17.2482998999767,17.274414099752903,17.274414099752903,17.409317799843848,1.08,0.12939260015264153,,,,,,,,,,,,,,,p2,001,2025-10-12_14h28.18.296,word_priming,,2025.1.1,60.160978782174794,2025-10-12 14h28.25.434967 +0530,
board ,30,0,2,1.08,0.16121000004932284,,,,,,,,,,,,2,0,30,4,,,,,17.440900899935514,,17.415647099725902,17.440900899935514,17.440900899935514,17.60836399998516,1.08,0.16121000004932284,,,,,,,,,,,,,,,p2,001,2025-10-12_14h28.18.296,word_priming,,2025.1.1,60.160978782174794,2025-10-12 14h28.25.434967 +0530,
keys,31,1,2,1.08,0.13039059983566403,,,,,,,,,,,,2,1,31,13,,,,,17.64078909996897,,17.61399480002001,17.64078909996897,17.64078909996897,17.77538050012663,1.08,0.13039059983566403,,,,,,,,,,,,,,,p2,001,2025-10-12_14h28.18.296,word_priming,,2025.1.1,60.160978782174794,2025-10-12 14h28.25.434967 +0530,
police,32,2,2,1.08,0.16190569987520576,,,,,,,,,,,,2,2,32,12,,,,,17.807287800125778,,17.781517299823463,17.807287800125778,17.807287800125778,17.97560939984396,1.08,0.16190569987520576,,,,,,,,,,,,,,,p2,001,2025-10-12_14h28.18.296,word_priming,,2025.1.1,60.160978782174794,2025-10-12 14h28.25.434967 +0530,
poster,33,3,2,1.08,0.12771649984642863,,,,,,,,,,,,2,3,33,14,,,,,18.007169499993324,,17.981873800046742,18.007169499993324,18.007169499993324,18.141404599882662,1.08,0.12771649984642863,,,,,,,,,,,,,,,p2,001,2025-10-12_14h28.18.296,word_priming,,2025.1.1,60.160978782174794,2025-10-12 14h28.25.434967 +0530,
case,34,4,2,1.08,0.13059030007570982,,,,,,,,,,,,2,4,34,10,,,,,18.173623099923134,,18.14742049993947,18.173623099923134,18.173623099923134,18.307878099847585,1.08,0.13059030007570982,,,,,,,,,,,,,,,p2,001,2025-10-12_14h28.18.296,word_priming,,2025.1.1,60.160978782174794,2025-10-12 14h28.25.434967 +0530,
cruise,35,5,2,1.08,0.16279829991981387,,,,,,,,,,,,2,5,35,11,,,,,18.33996419981122,,18.31408719997853,18.33996419981122,18.33996419981122,18.50801520003006,1.08,0.16279829991981387,,,,,,,,,,,,,,,p2,001,2025-10-12_14h28.18.296,word_priming,,2025.1.1,60.160978782174794,2025-10-12 14h28.25.434967 +0530,
pastry,36,6,2,1.08,0.16134369978681207,,,,,,,,,,,,2,6,36,9,,,,,18.539874999783933,,18.514607799705118,18.539874999783933,18.539874999783933,18.707643599715084,1.08,0.16134369978681207,,,,,,,,,,,,,,,p2,001,2025-10-12_14h28.18.296,word_priming,,2025.1.1,60.160978782174794,2025-10-12 14h28.25.434967 +0530,
chart,37,7,2,1.08,0.12851350009441376,,,,,,,,,,,,2,7,37,6,,,,,18.739352599717677,,18.71418030001223,18.739352599717677,18.739352599717677,18.874213499948382,1.08,0.12851350009441376,,,,,,,,,,,,,,,p2,001,2025-10-12_14h28.18.296,word_priming,,2025.1.1,60.160978782174794,2025-10-12 14h28.25.434967 +0530,
laptop,38,8,2,1.08,0.16168610006570816,,,,,,,,,,,,2,8,38,5,,,,,18.906145200133324,,18.88045849977061,18.906145200133324,18.906145200133324,19.073805399704725,1.08,0.16168610006570816,,,,,,,,,,,,,,,p2,001,2025-10-12_14h28.18.296,word_priming,,2025.1.1,60.160978782174794,2025-10-12 14h28.25.434967 +0530,
book,39,9,2,1.08,0.16331769991666079,,,,,,,,,,,,2,9,39,0,,,,,19.10594699997455,,19.07937439996749,19.10594699997455,19.10594699997455,19.274002199992537,1.08,0.16331769991666079,,,,,,,,,,,,,,,p2,001,2025-10-12_14h28.18.296,word_priming,,2025.1.1,60.160978782174794,2025-10-12 14h28.25.434967 +0530,
mouse,40,10,2,1.08,0.16199259972199798,,,,,,,,,,,,2,10,40,8,,,,,19.305790999904275,,19.28005659999326,19.305790999904275,19.305790999904275,19.474225900135934,1.08,0.16199259972199798,,,,,,,,,,,,,,,p2,001,2025-10-12_14h28.18.296,word_priming,,2025.1.1,60.160978782174794,2025-10-12 14h28.25.434967 +0530,
cushion,41,11,2,1.08,0.12748940009623766,,,,,,,,,,,,2,11,41,1,,,,,19.505800599697977,,19.480553399771452,19.505800599697977,19.505800599697977,19.640149199869484,1.08,0.12748940009623766,,,,,,,,,,,,,,,p2,001,2025-10-12_14h28.18.296,word_priming,,2025.1.1,60.160978782174794,2025-10-12 14h28.25.434967 +0530,
phone,42,12,2,1.08,0.1285998998209834,,,,,,,,,,,,2,12,42,2,,,,,19.671780100092292,,19.646319299936295,19.671780100092292,19.671780100092292,19.807035699952394,1.08,0.1285998998209834,,,,,,,,,,,,,,,p2,001,2025-10-12_14h28.18.296,word_priming,,2025.1.1,60.160978782174794,2025-10-12 14h28.25.434967 +0530,
T-shirt,43,13,2,1.08,0.19537770003080368,,,,,,,,,,,,2,13,43,7,,,,,19.8384606000036,,19.813314499799162,19.8384606000036,19.8384606000036,20.039861499797553,1.08,0.19537770003080368,,,,,,,,,,,,,,,p2,001,2025-10-12_14h28.18.296,word_priming,,2025.1.1,60.160978782174794,2025-10-12 14h28.25.434967 +0530,
marble,44,14,2,1.08,0.16178870014846325,,,,,,,,,,,,2,14,44,3,,,,,20.07191239995882,,20.04598749987781,20.07191239995882,20.07191239995882,20.239493399858475,1.08,0.16178870014846325,,,,,,,,,,,,,,,p2,001,2025-10-12_14h28.18.296,word_priming,,2025.1.1,60.160978782174794,2025-10-12 14h28.25.434967 +0530,
laptop,45,0,3,1.08,0.12881849985569715,,,,,,,,,,,,3,0,45,5,,,,,20.271257299929857,,20.24573289975524,20.271257299929857,20.271257299929857,20.39051919989288,1.08,0.12881849985569715,,,,,,,,,,,,,,,p2,001,2025-10-12_14h28.18.296,word_priming,,2025.1.1,60.160978782174794,2025-10-12 14h28.25.434967 +0530,
keys,46,1,3,1.08,0.17945999978110194,,,,,,,,,,,,3,1,46,13,,,,,20.42104919999838,,20.394228599965572,20.42104919999838,20.42104919999838,20.605723300017416,1.08,0.17945999978110194,,,,,,,,,,,,,,,p2,001,2025-10-12_14h28.18.296,word_priming,,2025.1.1,60.160978782174794,2025-10-12 14h28.25.434967 +0530,
case,47,2,3,1.08,0.16268609976395965,,,,,,,,,,,,3,2,47,10,,,,,20.63765549985692,,20.611436599865556,20.63765549985692,20.63765549985692,20.806791599839926,1.08,0.16268609976395965,,,,,,,,,,,,,,,p2,001,2025-10-12_14h28.18.296,word_priming,,2025.1.1,60.160978782174794,2025-10-12 14h28.25.434967 +0530,
police,48,3,3,1.08,0.16084700031206012,,,,,,,,,,,,3,3,48,12,,,,,20.83717199973762,,20.813310800120234,20.83717199973762,20.83717199973762,21.005927599966526,1.08,0.16084700031206012,,,,,,,,,,,,,,,p2,001,2025-10-12_14h28.18.296,word_priming,,2025.1.1,60.160978782174794,2025-10-12 14h28.25.434967 +0530,
cruise,49,4,3,1.08,0.16135129984468222,,,,,,,,,,,,3,4,49,11,,,,,21.037384799681604,,21.012124099768698,21.037384799681604,21.037384799681604,21.20535339973867,1.08,0.16135129984468222,,,,,,,,,,,,,,,p2,001,2025-10-12_14h28.18.296,word_priming,,2025.1.1,60.160978782174794,2025-10-12 14h28.25.434967 +0530,
marble,50,5,3,1.08,0.16171849984675646,,,,,,,,,,,,3,5,50,3,,,,,21.236867900006473,,21.211672800127417,21.236867900006473,21.236867900006473,21.40531329996884,1.08,0.16171849984675646,,,,,,,,,,,,,,,p2,001,2025-10-12_14h28.18.296,word_priming,,2025.1.1,60.160978782174794,2025-10-12 14h28.25.434967 +0530,
phone,51,6,3,1.08,0.16213099984452128,,,,,,,,,,,,3,6,51,2,,,,,21.437023799866438,,21.411718199960887,21.437023799866438,21.437023799866438,21.60511939972639,1.08,0.16213099984452128,,,,,,,,,,,,,,,p2,001,2025-10-12_14h28.18.296,word_priming,,2025.1.1,60.160978782174794,2025-10-12 14h28.25.434967 +0530,
poster,52,7,3,1.08,0.16113939974457026,,,,,,,,,,,,3,7,52,14,,,,,21.63685919996351,,21.611445299815387,21.63685919996351,21.63685919996351,21.804771499708295,1.08,0.16113939974457026,,,,,,,,,,,,,,,p2,001,2025-10-12_14h28.18.296,word_priming,,2025.1.1,60.160978782174794,2025-10-12 14h28.25.434967 +0530,
chart,53,8,3,1.08,0.12937489990144968,,,,,,,,,,,,3,8,53,6,,,,,21.83658909983933,,21.810876300092787,21.83658909983933,21.83658909983933,21.971148800104856,1.08,0.12937489990144968,,,,,,,,,,,,,,,p2,001,2025-10-12_14h28.18.296,word_priming,,2025.1.1,60.160978782174794,2025-10-12 14h28.25.434967 +0530,
book,54,9,3,1.08,0.1626011999323964,,,,,,,,,,,,3,9,54,0,,,,,22.004170099738985,,21.976848799735308,22.004170099738985,22.004170099738985,22.171087299939245,1.08,0.1626011999323964,,,,,,,,,,,,,,,p2,001,2025-10-12_14h28.18.296,word_priming,,2025.1.1,60.160978782174794,2025-10-12 14h28.25.434967 +0530,
T-shirt,55,10,3,1.08,0.1279939003288746,,,,,,,,,,,,3,10,55,7,,,,,22.202521699946374,,22.178098099771887,22.202521699946374,22.202521699946374,22.337377300020307,1.08,0.1279939003288746,,,,,,,,,,,,,,,p2,001,2025-10-12_14h28.18.296,word_priming,,2025.1.1,60.160978782174794,2025-10-12 14h28.25.434967 +0530,
mouse,56,11,3,1.08,0.1624452997930348,,,,,,,,,,,,3,11,56,8,,,,,22.3694488001056,,22.34342100005597,22.3694488001056,22.3694488001056,22.53758249990642,1.08,0.1624452997930348,,,,,,,,,,,,,,,p2,001,2025-10-12_14h28.18.296,word_priming,,2025.1.1,60.160978782174794,2025-10-12 14h28.25.434967 +0530,
board ,57,12,3,1.08,0.16223099967464805,,,,,,,,,,,,3,12,57,4,,,,,22.56885530008003,,22.543790000025183,22.56885530008003,22.56885530008003,22.737564399838448,1.08,0.16223099967464805,,,,,,,,,,,,,,,p2,001,2025-10-12_14h28.18.296,word_priming,,2025.1.1,60.160978782174794,2025-10-12 14h28.25.434967 +0530,
cushion,58,13,3,1.08,0.12806260026991367,,,,,,,,,,,,3,13,58,1,,,,,22.76926579978317,,22.74377840012312,22.76926579978317,22.76926579978317,22.903715800028294,1.08,0.12806260026991367,,,,,,,,,,,,,,,p2,001,2025-10-12_14h28.18.296,word_priming,,2025.1.1,60.160978782174794,2025-10-12 14h28.25.434967 +0530,
pastry,59,14,3,1.08,0.1611676001921296,,,,,,,,,,,,3,14,59,9,,,,,22.935255699791014,,22.910232899710536,22.935255699791014,22.935255699791014,23.103528999723494,1.08,0.1611676001921296,,,,,,,,,,,,,,,p2,001,2025-10-12_14h28.18.296,word_priming,,2025.1.1,60.160978782174794,2025-10-12 14h28.25.434967 +0530,
cushion,60,0,4,1.08,0.1283717998303473,,,,,,,,,,,,4,0,60,1,,,,,23.13495559990406,,23.11020139977336,23.13495559990406,23.13495559990406,23.27024899981916,1.08,0.1283717998303473,,,,,,,,,,,,,,,p2,001,2025-10-12_14h28.18.296,word_priming,,2025.1.1,60.160978782174794,2025-10-12 14h28.25.434967 +0530,
marble,61,1,4,1.08,0.16090120002627373,,,,,,,,,,,,4,1,61,3,,,,,23.30166479991749,,23.276566199958324,23.30166479991749,23.30166479991749,23.46973939985037,1.08,0.16090120002627373,,,,,,,,,,,,,,,p2,001,2025-10-12_14h28.18.296,word_priming,,2025.1.1,60.160978782174794,2025-10-12 14h28.25.434967 +0530,
laptop,62,2,4,1.08,0.14534590020775795,,,,,,,,,,,,4,2,62,5,,,,,23.501698799896985,,23.475869100075215,23.501698799896985,23.501698799896985,23.63743959972635,1.08,0.14534590020775795,,,,,,,,,,,,,,,p2,001,2025-10-12_14h28.18.296,word_priming,,2025.1.1,60.160978782174794,2025-10-12 14h28.25.434967 +0530,
police,63,3,4,1.08,0.1467098998837173,,,,,,,,,,,,4,3,63,12,,,,,23.668338799849153,,23.641536799725145,23.668338799849153,23.668338799849153,23.819659299682826,1.08,0.1467098998837173,,,,,,,,,,,,,,,p2,001,2025-10-12_14h28.18.296,word_priming,,2025.1.1,60.160978782174794,2025-10-12 14h28.25.434967 +0530,
mouse,64,4,4,1.08,0.162353599909693,,,,,,,,,,,,4,4,64,8,,,,,23.851521499920636,,23.825759099796414,23.851521499920636,23.851521499920636,24.019362600054592,1.08,0.162353599909693,,,,,,,,,,,,,,,p2,001,2025-10-12_14h28.18.296,word_priming,,2025.1.1,60.160978782174794,2025-10-12 14h28.25.434967 +0530,
pastry,65,5,4,1.08,0.1614282000809908,,,,,,,,,,,,4,5,65,9,,,,,24.050815799739212,,24.02576519967988,24.050815799739212,24.050815799739212,24.218996500130743,1.08,0.1614282000809908,,,,,,,,,,,,,,,p2,001,2025-10-12_14h28.18.296,word_priming,,2025.1.1,60.160978782174794,2025-10-12 14h28.25.434967 +0530,
board ,66,6,4,1.08,0.16217829985544086,,,,,,,,,,,,4,6,66,4,,,,,24.25094569986686,,24.225063200108707,24.25094569986686,24.25094569986686,24.41909099975601,1.08,0.16217829985544086,,,,,,,,,,,,,,,p2,001,2025-10-12_14h28.18.296,word_priming,,2025.1.1,60.160978782174794,2025-10-12 14h28.25.434967 +0530,
book,67,7,4,1.08,0.16156690008938313,,,,,,,,,,,,4,7,67,0,,,,,24.45043159974739,,24.425110399723053,24.45043159974739,24.45043159974739,24.619076800066978,1.08,0.16156690008938313,,,,,,,,,,,,,,,p2,001,2025-10-12_14h28.18.296,word_priming,,2025.1.1,60.160978782174794,2025-10-12 14h28.25.434967 +0530,
case,68,8,4,1.08,0.12982959998771548,,,,,,,,,,,,4,8,68,10,,,,,24.650663999840617,,24.624683399684727,24.650663999840617,24.650663999840617,24.785080600064248,1.08,0.12982959998771548,,,,,,,,,,,,,,,p2,001,2025-10-12_14h28.18.296,word_priming,,2025.1.1,60.160978782174794,2025-10-12 14h28.25.434967 +0530,
T-shirt,69,9,4,1.08,0.164427500218153,,,,,,,,,,,,4,9,69,7,,,,,24.81684029987082,,24.78927280008793,24.81684029987082,24.81684029987082,24.984812200069427,1.08,0.164427500218153,,,,,,,,,,,,,,,p2,001,2025-10-12_14h28.18.296,word_priming,,2025.1.1,60.160978782174794,2025-10-12 14h28.25.434967 +0530,
chart,70,10,4,1.08,0.16262410022318363,,,,,,,,,,,,4,10,70,6,,,,,25.016810900066048,,24.990840999875218,25.016810900066048,25.016810900066048,25.18468749988824,1.08,0.16262410022318363,,,,,,,,,,,,,,,p2,001,2025-10-12_14h28.18.296,word_priming,,2025.1.1,60.160978782174794,2025-10-12 14h28.25.434967 +0530,
poster,71,11,4,1.08,0.162268599960953,,,,,,,,,,,,4,11,71,14,,,,,25.21631219983101,,25.19076809985563,25.21631219983101,25.21631219983101,25.38533760001883,1.08,0.162268599960953,,,,,,,,,,,,,,,p2,001,2025-10-12_14h28.18.296,word_priming,,2025.1.1,60.160978782174794,2025-10-12 14h28.25.434967 +0530,
keys,72,12,4,1.08,0.16063759988173842,,,,,,,,,,,,4,12,72,13,,,,,25.4159264001064,,25.39177400013432,25.4159264001064,25.4159264001064,25.584831399843097,1.08,0.16063759988173842,,,,,,,,,,,,,,,p2,001,2025-10-12_14h28.18.296,word_priming,,2025.1.1,60.160978782174794,2025-10-12 14h28.25.434967 +0530,
phone,73,13,4,1.08,0.16148329991847277,,,,,,,,,,,,4,13,73,2,,,,,25.616390000097454,,25.590945600066334,25.616390000097454,25.616390000097454,25.783991399686784,1.08,0.16148329991847277,,,,,,,,,,,,,,,p2,001,2025-10-12_14h28.18.296,word_priming,,2025.1.1,60.160978782174794,2025-10-12 14h28.25.434967 +0530,
cruise,74,14,4,1.08,0.16133840009570122,,,,,,,,,,,,4,14,74,11,,,,,25.815734999720007,,25.790602199733257,25.815734999720007,25.815734999720007,25.983637399971485,1.08,0.16133840009570122,,,,,,,,,,,,,,,p2,001,2025-10-12_14h28.18.296,word_priming,,2025.1.1,60.160978782174794,2025-10-12 14h28.25.434967 +0530,
T-shirt,75,0,5,1.08,0.16352300019934773,,,,,,,,,,,,5,0,75,7,,,,,26.015893700066954,,25.989894399885088,26.015893700066954,26.015893700066954,26.183925999794155,1.08,0.16352300019934773,,,,,,,,,,,,,,,p2,001,2025-10-12_14h28.18.296,word_priming,,2025.1.1,60.160978782174794,2025-10-12 14h28.25.434967 +0530,
case,76,1,5,1.08,0.14794780034571886,,,,,,,,,,,,5,1,76,10,,,,,26.215222999919206,,26.18762920005247,26.215222999919206,26.215222999919206,26.36743569979444,1.08,0.14794780034571886,,,,,,,,,,,,,,,p2,001,2025-10-12_14h28.18.296,word_priming,,2025.1.1,60.160978782174794,2025-10-12 14h28.25.434967 +0530,
book,77,2,5,1.08,0.16209560027346015,,,,,,,,,,,,5,2,77,0,,,,,26.398850800003856,,26.37300859997049,26.398850800003856,26.398850800003856,26.56664129998535,1.08,0.16209560027346015,,,,,,,,,,,,,,,p2,001,2025-10-12_14h28.18.296,word_priming,,2025.1.1,60.160978782174794,2025-10-12 14h28.25.434967 +0530,
keys,78,3,5,1.08,0.17915060045197606,,,,,,,,,,,,5,3,78,13,,,,,26.598663399927318,,26.5726791000925,26.598663399927318,26.598663399927318,26.767420599702746,1.08,0.17915060045197606,,,,,,,,,,,,,,,p2,001,2025-10-12_14h28.18.296,word_priming,,2025.1.1,60.160978782174794,2025-10-12 14h28.25.434967 +0530,
phone,79,4,5,1.08,0.17964009987190366,,,,,,,,,,,,5,4,79,2,,,,,26.798504199832678,,26.77157220011577,26.798504199832678,26.798504199832678,26.96708869980648,1.08,0.17964009987190366,,,,,,,,,,,,,,,p2,001,2025-10-12_14h28.18.296,word_priming,,2025.1.1,60.160978782174794,2025-10-12 14h28.25.434967 +0530,
mouse,80,5,5,1.08,0.18044580006971955,,,,,,,,,,,,5,5,80,8,,,,,26.997763299848884,,26.971142899710685,26.997763299848884,26.997763299848884,27.182944499887526,1.08,0.18044580006971955,,,,,,,,,,,,,,,p2,001,2025-10-12_14h28.18.296,word_priming,,2025.1.1,60.160978782174794,2025-10-12 14h28.25.434967 +0530,
cushion,81,6,5,1.08,0.16256010020151734,,,,,,,,,,,,5,6,81,1,,,,,27.21430049976334,,27.189038299955428,27.21430049976334,27.21430049976334,27.382823099847883,1.08,0.16256010020151734,,,,,,,,,,,,,,,p2,001,2025-10-12_14h28.18.296,word_priming,,2025.1.1,60.160978782174794,2025-10-12 14h28.25.434967 +0530,
laptop,82,7,5,1.08,0.14519000006839633,,,,,,,,,,,,5,7,82,5,,,,,27.414723299909383,,27.38899919996038,27.414723299909383,27.414723299909383,27.565684400033206,1.08,0.14519000006839633,,,,,,,,,,,,,,,p2,001,2025-10-12_14h28.18.296,word_priming,,2025.1.1,60.160978782174794,2025-10-12 14h28.25.434967 +0530,
police,83,8,5,1.08,0.16203600028529763,,,,,,,,,,,,5,8,83,12,,,,,27.597571999765933,,27.57192760007456,27.597571999765933,27.597571999765933,27.765660499688238,1.08,0.16203600028529763,,,,,,,,,,,,,,,p2,001,2025-10-12_14h28.18.296,word_priming,,2025.1.1,60.160978782174794,2025-10-12 14h28.25.434967 +0530,
poster,84,9,5,1.08,0.16079850029200315,,,,,,,,,,,,5,9,84,14,,,,,27.797098000068218,,27.772653100080788,27.797098000068218,27.797098000068218,27.96518909977749,1.08,0.16079850029200315,,,,,,,,,,,,,,,p2,001,2025-10-12_14h28.18.296,word_priming,,2025.1.1,60.160978782174794,2025-10-12 14h28.25.434967 +0530,
chart,85,10,5,1.08,0.16293129976838827,,,,,,,,,,,,5,10,85,6,,,,,27.997187899891287,,27.971295499708503,27.997187899891287,27.997187899891287,28.165742099750787,1.08,0.16293129976838827,,,,,,,,,,,,,,,p2,001,2025-10-12_14h28.18.296,word_priming,,2025.1.1,60.160978782174794,2025-10-12 14h28.25.434967 +0530,
cruise,86,11,5,1.08,0.1628255001269281,,,,,,,,,,,,5,11,86,11,,,,,28.19686880009249,,28.171805599704385,28.19686880009249,28.19686880009249,28.365185599774122,1.08,0.1628255001269281,,,,,,,,,,,,,,,p2,001,2025-10-12_14h28.18.296,word_priming,,2025.1.1,60.160978782174794,2025-10-12 14h28.25.434967 +0530,
pastry,87,12,5,1.08,0.16119780018925667,,,,,,,,,,,,5,12,87,9,,,,,28.396658499725163,,28.37142390012741,28.396658499725163,28.396658499725163,28.564613199792802,1.08,0.16119780018925667,,,,,,,,,,,,,,,p2,001,2025-10-12_14h28.18.296,word_priming,,2025.1.1,60.160978782174794,2025-10-12 14h28.25.434967 +0530,
marble,88,13,5,1.08,0.16195689979940653,,,,,,,,,,,,5,13,88,3,,,,,28.596572099719197,,28.571105599869043,28.596572099719197,28.596572099719197,28.76422500004992,1.08,0.16195689979940653,,,,,,,,,,,,,,,p2,001,2025-10-12_14h28.18.296,word_priming,,2025.1.1,60.160978782174794,2025-10-12 14h28.25.434967 +0530,
board ,89,14,5,1.08,0.16181210009381175,,,,,,,,,,,,5,14,89,4,,,,,28.79630609974265,,28.770778500009328,28.79630609974265,28.79630609974265,28.96478179981932,1.08,0.16181210009381175,,,,,,,,,,,,,,,p2,001,2025-10-12_14h28.18.296,word_priming,,2025.1.1,60.160978782174794,2025-10-12 14h28.25.434967 +0530,
cushion,90,0,6,1.08,0.1611851998604834,,,,,,,,,,,,6,0,90,1,,,,,28.995837799739093,,28.970908099785447,28.995837799739093,28.995837799739093,29.148447999730706,1.08,0.1611851998604834,,,,,,,,,,,,,,,p2,001,2025-10-12_14h28.18.296,word_priming,,2025.1.1,60.160978782174794,2025-10-12 14h28.25.434967 +0530,
board ,91,1,6,1.08,0.1800572001375258,,,,,,,,,,,,6,1,91,4,,,,,29.17935730004683,,29.15264240000397,29.17935730004683,29.17935730004683,29.36421260004863,1.08,0.1800572001375258,,,,,,,,,,,,,,,p2,001,2025-10-12_14h28.18.296,word_priming,,2025.1.1,60.160978782174794,2025-10-12 14h28.25.434967 +0530,
laptop,92,2,6,1.08,0.16120349988341331,,,,,,,,,,,,6,2,92,5,,,,,29.395727700088173,,29.37041960004717,29.395727700088173,29.395727700088173,29.563788699917495,1.08,0.16120349988341331,,,,,,,,,,,,,,,p2,001,2025-10-12_14h28.18.296,word_priming,,2025.1.1,60.160978782174794,2025-10-12 14h28.25.434967 +0530,
T-shirt,93,3,6,1.08,0.17777529964223504,,,,,,,,,,,,6,3,93,7,,,,,29.5952833998017,,29.570492200087756,29.5952833998017,29.5952833998017,29.764468499924988,1.08,0.17777529964223504,,,,,,,,,,,,,,,p2,001,2025-10-12_14h28.18.296,word_priming,,2025.1.1,60.160978782174794,2025-10-12 14h28.25.434967 +0530,
police,94,4,6,1.08,0.18194299982860684,,,,,,,,,,,,6,4,94,12,,,,,29.795064699836075,,29.7685218998231,29.795064699836075,29.795064699836075,29.9794600000605,1.08,0.18194299982860684,,,,,,,,,,,,,,,p2,001,2025-10-12_14h28.18.296,word_priming,,2025.1.1,60.160978782174794,2025-10-12 14h28.25.434967 +0530,
cruise,95,5,6,1.08,0.16464759968221188,,,,,,,,,,,,6,5,95,11,,,,,30.01278360001743,,29.983621899969876,30.01278360001743,30.01278360001743,30.18009339971468,1.08,0.16464759968221188,,,,,,,,,,,,,,,p2,001,2025-10-12_14h28.18.296,word_priming,,2025.1.1,60.160978782174794,2025-10-12 14h28.25.434967 +0530,
pastry,96,6,6,1.08,0.16110859997570515,,,,,,,,,,,,6,6,96,9,,,,,30.21161329979077,,30.186697099823505,30.21161329979077,30.21161329979077,30.379497999791056,1.08,0.16110859997570515,,,,,,,,,,,,,,,p2,001,2025-10-12_14h28.18.296,word_priming,,2025.1.1,60.160978782174794,2025-10-12 14h28.25.434967 +0530,
book,97,7,6,1.08,0.16219979990273714,,,,,,,,,,,,6,7,97,0,,,,,30.411190200131387,,30.385023099835962,30.411190200131387,30.411190200131387,30.580793399829417,1.08,0.16219979990273714,,,,,,,,,,,,,,,p2,001,2025-10-12_14h28.18.296,word_priming,,2025.1.1,60.160978782174794,2025-10-12 14h28.25.434967 +0530,
keys,98,8,6,1.08,0.16093089990317822,,,,,,,,,,,,6,8,98,13,,,,,30.611010099761188,,30.586423099972308,30.611010099761188,30.611010099761188,30.77989330003038,1.08,0.16093089990317822,,,,,,,,,,,,,,,p2,001,2025-10-12_14h28.18.296,word_priming,,2025.1.1,60.160978782174794,2025-10-12 14h28.25.434967 +0530,
mouse,99,9,6,1.08,0.16137490002438426,,,,,,,,,,,,6,9,99,8,,,,,30.810717099811882,,30.786011199932545,30.810717099811882,30.810717099811882,30.979213600046933,1.08,0.16137490002438426,,,,,,,,,,,,,,,p2,001,2025-10-12_14h28.18.296,word_priming,,2025.1.1,60.160978782174794,2025-10-12 14h28.25.434967 +0530,
marble,100,10,6,1.08,0.16115040006116033,,,,,,,,,,,,6,10,100,3,,,,,31.010500399861485,,30.985532899852842,31.010500399861485,31.010500399861485,31.178748900070786,1.08,0.16115040006116033,,,,,,,,,,,,,,,p2,001,2025-10-12_14h28.18.296,word_priming,,2025.1.1,60.160978782174794,2025-10-12 14h28.25.434967 +0530,
chart,101,11,6,1.08,0.12886730022728443,,,,,,,,,,,,6,11,101,6,,,,,31.210307700093836,,31.185982099734247,31.210307700093836,31.210307700093836,31.344734400045127,1.08,0.12886730022728443,,,,,,,,,,,,,,,p2,001,2025-10-12_14h28.18.296,word_priming,,2025.1.1,60.160978782174794,2025-10-12 14h28.25.434967 +0530,
case,102,12,6,1.08,0.1813187999650836,,,,,,,,,,,,6,12,102,10,,,,,31.37725039990619,,31.34855190012604,31.37725039990619,31.37725039990619,31.546663099899888,1.08,0.1813187999650836,,,,,,,,,,,,,,,p2,001,2025-10-12_14h28.18.296,word_priming,,2025.1.1,60.160978782174794,2025-10-12 14h28.25.434967 +0530,
phone,103,13,6,1.08,0.19317570002749562,,,,,,,,,,,,6,13,103,2,,,,,31.576855899766088,,31.55314840003848,31.576855899766088,31.576855899766088,31.778209900017828,1.08,0.19317570002749562,,,,,,,,,,,,,,,p2,001,2025-10-12_14h28.18.296,word_priming,,2025.1.1,60.160978782174794,2025-10-12 14h28.25.434967 +0530,
poster,104,14,6,1.08,0.16218500025570393,,,,,,,,,,,,6,14,104,14,,,,,31.81012299982831,,31.784522600006312,31.81012299982831,31.81012299982831,31.977862800005823,1.08,0.16218500025570393,,,,,,,,,,,,,,,p2,001,2025-10-12_14h28.18.296,word_priming,,2025.1.1,60.160978782174794,2025-10-12 14h28.25.434967 +0530,
case,105,0,7,1.08,0.16281369980424643,,,,,,,,,,,,7,0,105,10,,,,,32.00992120010778,,31.98340900009498,32.00992120010778,32.00992120010778,32.17758789984509,1.08,0.16281369980424643,,,,,,,,,,,,,,,p2,001,2025-10-12_14h28.18.296,word_priming,,2025.1.1,60.160978782174794,2025-10-12 14h28.25.434967 +0530,
chart,106,1,7,1.08,0.16216580010950565,,,,,,,,,,,,7,1,106,6,,,,,32.209824999794364,,32.18406079988927,32.209824999794364,32.209824999794364,32.3777173999697,1.08,0.16216580010950565,,,,,,,,,,,,,,,p2,001,2025-10-12_14h28.18.296,word_priming,,2025.1.1,60.160978782174794,2025-10-12 14h28.25.434967 +0530,
T-shirt,107,2,7,1.08,0.4947208999656141,,,,,,,,,,,,7,2,107,7,,,,,32.40929269976914,,32.38413859996945,32.40929269976914,32.40929269976914,32.91058359993622,1.08,0.4947208999656141,,,,,,,,,,,,,,,p2,001,2025-10-12_14h28.18.296,word_priming,,2025.1.1,60.160978782174794,2025-10-12 14h28.25.434967 +0530,
phone,108,3,7,1.08,0.4286149004474282,,,,,,,,,,,,7,3,108,2,,,,,32.94234629999846,,32.91682509984821,32.94234629999846,32.94234629999846,33.37682359991595,1.08,0.4286149004474282,,,,,,,,,,,,,,,p2,001,2025-10-12_14h28.18.296,word_priming,,2025.1.1,60.160978782174794,2025-10-12 14h28.25.434967 +0530,
cruise,109,4,7,1.08,0.19442360009998083,,,,,,,,,,,,7,4,109,11,,,,,33.4085618997924,,33.3830912001431,33.4085618997924,33.4085618997924,33.60982749983668,1.08,0.19442360009998083,,,,,,,,,,,,,,,p2,001,2025-10-12_14h28.18.296,word_priming,,2025.1.1,60.160978782174794,2025-10-12 14h28.25.434967 +0530,
marble,110,5,7,1.08,0.1288105002604425,,,,,,,,,,,,7,5,110,3,,,,,33.641348499804735,,33.61644949996844,33.641348499804735,33.641348499804735,33.77609769999981,1.08,0.1288105002604425,,,,,,,,,,,,,,,p2,001,2025-10-12_14h28.18.296,word_priming,,2025.1.1,60.160978782174794,2025-10-12 14h28.25.434967 +0530,
police,111,6,7,1.08,0.19547249982133508,,,,,,,,,,,,7,6,111,12,,,,,33.808079099748284,,33.782232199795544,33.808079099748284,33.808079099748284,34.00960029987618,1.08,0.19547249982133508,,,,,,,,,,,,,,,p2,001,2025-10-12_14h28.18.296,word_priming,,2025.1.1,60.160978782174794,2025-10-12 14h28.25.434967 +0530,
cushion,112,7,7,1.08,0.16232719970867038,,,,,,,,,,,,7,7,112,1,,,,,34.04097459977493,,34.01617190008983,34.04097459977493,34.04097459977493,34.20940619986504,1.08,0.16232719970867038,,,,,,,,,,,,,,,p2,001,2025-10-12_14h28.18.296,word_priming,,2025.1.1,60.160978782174794,2025-10-12 14h28.25.434967 +0530,
pastry,113,8,7,1.08,0.22907780017703772,,,,,,,,,,,,7,8,113,9,,,,,34.24185650004074,,34.21551160002127,34.24185650004074,34.24185650004074,34.47608539974317,1.08,0.22907780017703772,,,,,,,,,,,,,,,p2,001,2025-10-12_14h28.18.296,word_priming,,2025.1.1,60.160978782174794,2025-10-12 14h28.25.434967 +0530,
book,114,9,7,1.08,0.12883569998666644,,,,,,,,,,,,7,9,114,0,,,,,34.507447599899024,,34.48165130009875,34.507447599899024,34.507447599899024,34.64162779971957,1.08,0.12883569998666644,,,,,,,,,,,,,,,p2,001,2025-10-12_14h28.18.296,word_priming,,2025.1.1,60.160978782174794,2025-10-12 14h28.25.434967 +0530,
poster,115,10,7,1.08,0.19653839990496635,,,,,,,,,,,,7,10,115,14,,,,,34.67378559987992,,34.646029899828136,34.67378559987992,34.67378559987992,34.85930499993265,1.08,0.19653839990496635,,,,,,,,,,,,,,,p2,001,2025-10-12_14h28.18.296,word_priming,,2025.1.1,60.160978782174794,2025-10-12 14h28.25.434967 +0530,
keys,116,11,7,1.08,0.19706840021535754,,,,,,,,,,,,7,11,116,13,,,,,34.890490300022066,,34.862997899763286,34.890490300022066,34.890490300022066,35.09225390013307,1.08,0.19706840021535754,,,,,,,,,,,,,,,p2,001,2025-10-12_14h28.18.296,word_priming,,2025.1.1,60.160978782174794,2025-10-12 14h28.25.434967 +0530,
laptop,117,12,7,1.08,0.1609044000506401,,,,,,,,,,,,7,12,117,5,,,,,35.123221799731255,,35.09872830007225,35.123221799731255,35.123221799731255,35.29144789976999,1.08,0.1609044000506401,,,,,,,,,,,,,,,p2,001,2025-10-12_14h28.18.296,word_priming,,2025.1.1,60.160978782174794,2025-10-12 14h28.25.434967 +0530,
board ,118,13,7,1.08,0.16291199997067451,,,,,,,,,,,,7,13,118,4,,,,,35.323186200112104,,35.29758589994162,35.323186200112104,35.323186200112104,35.491611499805,1.08,0.16291199997067451,,,,,,,,,,,,,,,p2,001,2025-10-12_14h28.18.296,word_priming,,2025.1.1,60.160978782174794,2025-10-12 14h28.25.434967 +0530,
mouse,119,14,7,1.08,0.19483190029859543,,,,,,,,,,,,7,14,119,8,,,,,35.52390639996156,,35.497627099975944,35.52390639996156,35.52390639996156,35.72417420009151,1.08,0.19483190029859543,,,,,,,,,,,,,,,p2,001,2025-10-12_14h28.18.296,word_priming,,2025.1.1,60.160978782174794,2025-10-12 14h28.25.434967 +0530,
cushion,120,0,8,1.08,0.1613038000650704,,,,,,,,,,,,8,0,120,1,,,,,35.75620780000463,,35.73071269970387,35.75620780000463,35.75620780000463,35.92420919984579,1.08,0.1613038000650704,,,,,,,,,,,,,,,p2,001,2025-10-12_14h28.18.296,word_priming,,2025.1.1,60.160978782174794,2025-10-12 14h28.25.434967 +0530,
keys,121,1,8,1.08,0.1621995996683836,,,,,,,,,,,,8,1,121,13,,,,,35.95594159979373,,35.92997850012034,35.95594159979373,35.95594159979373,36.10827049985528,1.08,0.1621995996683836,,,,,,,,,,,,,,,p2,001,2025-10-12_14h28.18.296,word_priming,,2025.1.1,60.160978782174794,2025-10-12 14h28.25.434967 +0530,
book,122,2,8,1.08,0.2129739997908473,,,,,,,,,,,,8,2,122,0,,,,,36.139126900117844,,36.112496099900454,36.139126900117844,36.139126900117844,36.35789480013773,1.08,0.2129739997908473,,,,,,,,,,,,,,,p2,001,2025-10-12_14h28.18.296,word_priming,,2025.1.1,60.160978782174794,2025-10-12 14h28.25.434967 +0530,
laptop,123,3,8,1.08,0.16175560001283884,,,,,,,,,,,,8,3,123,5,,,,,36.3887537997216,,36.36398690007627,36.3887537997216,36.3887537997216,36.5570304999128,1.08,0.16175560001283884,,,,,,,,,,,,,,,p2,001,2025-10-12_14h28.18.296,word_priming,,2025.1.1,60.160978782174794,2025-10-12 14h28.25.434967 +0530,
pastry,124,4,8,1.08,0.19457590021193027,,,,,,,,,,,,8,4,124,9,,,,,36.588810599874705,,36.56360419979319,36.588810599874705,36.588810599874705,36.79051929991692,1.08,0.19457590021193027,,,,,,,,,,,,,,,p2,001,2025-10-12_14h28.18.296,word_priming,,2025.1.1,60.160978782174794,2025-10-12 14h28.25.434967 +0530,
mouse,125,5,8,1.08,0.16204169997945428,,,,,,,,,,,,8,5,125,8,,,,,36.82192789996043,,36.79657689994201,36.82192789996043,36.82192789996043,36.98993369983509,1.08,0.16204169997945428,,,,,,,,,,,,,,,p2,001,2025-10-12_14h28.18.296,word_priming,,2025.1.1,60.160978782174794,2025-10-12 14h28.25.434967 +0530,
chart,126,6,8,1.08,0.19502050010487437,,,,,,,,,,,,8,6,126,6,,,,,37.02163999993354,,36.99592169979587,37.02163999993354,37.02163999993354,37.22288249991834,1.08,0.19502050010487437,,,,,,,,,,,,,,,p2,001,2025-10-12_14h28.18.296,word_priming,,2025.1.1,60.160978782174794,2025-10-12 14h28.25.434967 +0530,
phone,127,7,8,1.08,0.16195330023765564,,,,,,,,,,,,8,7,127,2,,,,,37.25470139971003,,37.22969519998878,37.25470139971003,37.25470139971003,37.42229879973456,1.08,0.16195330023765564,,,,,,,,,,,,,,,p2,001,2025-10-12_14h28.18.296,word_priming,,2025.1.1,60.160978782174794,2025-10-12 14h28.25.434967 +0530,
T-shirt,128,8,8,1.08,0.16215750016272068,,,,,,,,,,,,8,8,128,7,,,,,37.45455399993807,,37.42843300011009,37.45455399993807,37.45455399993807,37.62262939987704,1.08,0.16215750016272068,,,,,,,,,,,,,,,p2,001,2025-10-12_14h28.18.296,word_priming,,2025.1.1,60.160978782174794,2025-10-12 14h28.25.434967 +0530,
poster,129,9,8,1.08,0.16174929961562157,,,,,,,,,,,,8,9,129,14,,,,,37.655067099723965,,37.62975749978796,37.655067099723965,37.655067099723965,37.822588900104165,1.08,0.16174929961562157,,,,,,,,,,,,,,,p2,001,2025-10-12_14h28.18.296,word_priming,,2025.1.1,60.160978782174794,2025-10-12 14h28.25.434967 +0530,
case,130,10,8,1.08,0.1959489998407662,,,,,,,,,,,,8,10,130,10,,,,,37.854351699817926,,37.82804160006344,37.854351699817926,37.854351699817926,38.0557307000272,1.08,0.1959489998407662,,,,,,,,,,,,,,,p2,001,2025-10-12_14h28.18.296,word_priming,,2025.1.1,60.160978782174794,2025-10-12 14h28.25.434967 +0530,
police,131,11,8,1.08,0.16213630000129342,,,,,,,,,,,,8,11,131,12,,,,,38.08742540003732,,38.06190939992666,38.08742540003732,38.08742540003732,38.25532099977136,1.08,0.16213630000129342,,,,,,,,,,,,,,,p2,001,2025-10-12_14h28.18.296,word_priming,,2025.1.1,60.160978782174794,2025-10-12 14h28.25.434967 +0530,
cruise,132,12,8,1.08,0.1947412001900375,,,,,,,,,,,,8,12,132,11,,,,,38.28700609970838,,38.26160669978708,38.28700609970838,38.28700609970838,38.48829469969496,1.08,0.1947412001900375,,,,,,,,,,,,,,,p2,001,2025-10-12_14h28.18.296,word_priming,,2025.1.1,60.160978782174794,2025-10-12 14h28.25.434967 +0530,
marble,133,13,8,1.08,0.1615349999628961,,,,,,,,,,,,8,13,133,3,,,,,38.520097999833524,,38.49507319973782,38.520097999833524,38.520097999833524,38.68799250014126,1.08,0.1615349999628961,,,,,,,,,,,,,,,p2,001,2025-10-12_14h28.18.296,word_priming,,2025.1.1,60.160978782174794,2025-10-12 14h28.25.434967 +0530,
board ,134,14,8,1.08,0.19395670015364885,,,,,,,,,,,,8,14,134,4,,,,,38.71953869983554,,38.69492259994149,38.71953869983554,38.71953869983554,38.92085149977356,1.08,0.19395670015364885,,,,,,,,,,,,,,,p2,001,2025-10-12_14h28.18.296,word_priming,,2025.1.1,60.160978782174794,2025-10-12 14h28.25.434967 +0530,
cushion,135,0,9,1.08,0.1620163000188768,,,,,,,,,,,,9,0,135,1,,,,,38.952700099907815,,38.92696650000289,38.952700099907815,38.952700099907815,39.12113349977881,1.08,0.1620163000188768,,,,,,,,,,,,,,,p2,001,2025-10-12_14h28.18.296,word_priming,,2025.1.1,60.160978782174794,2025-10-12 14h28.25.434967 +0530,
keys,136,1,9,1.08,0.16281430004164577,,,,,,,,,,,,9,1,136,13,,,,,39.15258080000058,,39.12671419978142,39.15258080000058,39.15258080000058,39.321057099848986,1.08,0.16281430004164577,,,,,,,,,,,,,,,p2,001,2025-10-12_14h28.18.296,word_priming,,2025.1.1,60.160978782174794,2025-10-12 14h28.25.434967 +0530,
laptop,137,2,9,1.08,0.16124869976192713,,,,,,,,,,,,9,2,137,5,,,,,39.3528808997944,,39.327264999970794,39.3528808997944,39.3528808997944,39.504843699745834,1.08,0.16124869976192713,,,,,,,,,,,,,,,p2,001,2025-10-12_14h28.18.296,word_priming,,2025.1.1,60.160978782174794,2025-10-12 14h28.25.434967 +0530,
poster,138,3,9,1.08,0.24604510003700852,,,,,,,,,,,,9,3,138,14,,,,,39.53575089992955,,39.509090799838305,39.53575089992955,39.53575089992955,39.787138800136745,1.08,0.24604510003700852,,,,,,,,,,,,,,,p2,001,2025-10-12_14h28.18.296,word_priming,,2025.1.1,60.160978782174794,2025-10-12 14h28.25.434967 +0530,
chart,139,4,9,1.08,0.16140880016610026,,,,,,,,,,,,9,4,139,6,,,,,39.81858909968287,,39.79355440009385,39.81858909968287,39.81858909968287,39.98675209982321,1.08,0.16140880016610026,,,,,,,,,,,,,,,p2,001,2025-10-12_14h28.18.296,word_priming,,2025.1.1,60.160978782174794,2025-10-12 14h28.25.434967 +0530,
mouse,140,5,9,1.08,0.16224529966711998,,,,,,,,,,,,9,5,140,8,,,,,40.018633800093085,,39.993062200024724,40.018633800093085,40.018633800093085,40.18686220003292,1.08,0.16224529966711998,,,,,,,,,,,,,,,p2,001,2025-10-12_14h28.18.296,word_priming,,2025.1.1,60.160978782174794,2025-10-12 14h28.25.434967 +0530,
phone,141,6,9,1.08,0.16276000021025538,,,,,,,,,,,,9,6,141,2,,,,,40.218154300004244,,40.19339289981872,40.218154300004244,40.218154300004244,40.386961499694735,1.08,0.16276000021025538,,,,,,,,,,,,,,,p2,001,2025-10-12_14h28.18.296,word_priming,,2025.1.1,60.160978782174794,2025-10-12 14h28.25.434967 +0530,
marble,142,7,9,1.08,0.16185350017622113,,,,,,,,,,,,9,7,142,3,,,,,40.41793379979208,,40.39307889994234,40.41793379979208,40.41793379979208,40.586283300071955,1.08,0.16185350017622113,,,,,,,,,,,,,,,p2,001,2025-10-12_14h28.18.296,word_priming,,2025.1.1,60.160978782174794,2025-10-12 14h28.25.434967 +0530,
board ,143,8,9,1.08,0.1621153997257352,,,,,,,,,,,,9,8,143,4,,,,,40.6179941999726,,40.59239189978689,40.6179941999726,40.6179941999726,40.78648729994893,1.08,0.1621153997257352,,,,,,,,,,,,,,,p2,001,2025-10-12_14h28.18.296,word_priming,,2025.1.1,60.160978782174794,2025-10-12 14h28.25.434967 +0530,
case,144,9,9,1.08,0.19481630017980933,,,,,,,,,,,,9,9,144,10,,,,,40.81796670006588,,40.79209899995476,40.81796670006588,40.81796670006588,41.01921240007505,1.08,0.19481630017980933,,,,,,,,,,,,,,,p2,001,2025-10-12_14h28.18.296,word_priming,,2025.1.1,60.160978782174794,2025-10-12 14h28.25.434967 +0530,
book,145,10,9,1.08,0.16295089991763234,,,,,,,,,,,,9,10,145,0,,,,,41.050954499747604,,41.02468429971486,41.050954499747604,41.050954499747604,41.218850899953395,1.08,0.16295089991763234,,,,,,,,,,,,,,,p2,001,2025-10-12_14h28.18.296,word_priming,,2025.1.1,60.160978782174794,2025-10-12 14h28.25.434967 +0530,
T-shirt,146,11,9,1.08,0.16330350004136562,,,,,,,,,,,,9,11,146,7,,,,,41.2506169998087,,41.22336139995605,41.2506169998087,41.2506169998087,41.4035467999056,1.08,0.16330350004136562,,,,,,,,,,,,,,,p2,001,2025-10-12_14h28.18.296,word_priming,,2025.1.1,60.160978782174794,2025-10-12 14h28.25.434967 +0530,
cruise,147,12,9,1.08,0.1788536999374628,,,,,,,,,,,,9,12,147,11,,,,,41.43410099996254,,41.40781359979883,41.43410099996254,41.43410099996254,41.60319779999554,1.08,0.1788536999374628,,,,,,,,,,,,,,,p2,001,2025-10-12_14h28.18.296,word_priming,,2025.1.1,60.160978782174794,2025-10-12 14h28.25.434967 +0530,
police,148,13,9,1.08,0.17842839984223247,,,,,,,,,,,,9,13,148,12,,,,,41.633920500054955,,41.60794539982453,41.633920500054955,41.633920500054955,41.81813389994204,1.08,0.17842839984223247,,,,,,,,,,,,,,,p2,001,2025-10-12_14h28.18.296,word_priming,,2025.1.1,60.160978782174794,2025-10-12 14h28.25.434967 +0530,
pastry,149,14,9,1.08,0.16294180043041706,,,,,,,,,,,,9,14,149,9,,,,,41.850273199845105,,41.8242317000404,41.850273199845105,41.850273199845105,42.01922809984535,1.08,0.16294180043041706,,,,,,,,,,,,,,,p2,001,2025-10-12_14h28.18.296,word_priming,,2025.1.1,60.160978782174794,2025-10-12 14h28.25.434967 +0530,
police,150,0,10,1.08,0.19440949987620115,,,,,,,,,,,,10,0,150,12,,,,,42.04980879975483,,42.02525410009548,42.04980879975483,42.04980879975483,42.25179999973625,1.08,0.19440949987620115,,,,,,,,,,,,,,,p2,001,2025-10-12_14h28.18.296,word_priming,,2025.1.1,60.160978782174794,2025-10-12 14h28.25.434967 +0530,
case,151,1,10,1.08,0.12947099981829524,,,,,,,,,,,,10,1,151,10,,,,,42.28302379976958,,42.25744500011206,42.28302379976958,42.28302379976958,42.40205590007827,1.08,0.12947099981829524,,,,,,,,,,,,,,,p2,001,2025-10-12_14h28.18.296,word_priming,,2025.1.1,60.160978782174794,2025-10-12 14h28.25.434967 +0530,
marble,152,2,10,1.08,0.19641270022839308,,,,,,,,,,,,10,2,152,3,,,,,42.43295639986172,,42.406346399802715,42.43295639986172,42.43295639986172,42.6343836998567,1.08,0.19641270022839308,,,,,,,,,,,,,,,p2,001,2025-10-12_14h28.18.296,word_priming,,2025.1.1,60.160978782174794,2025-10-12 14h28.25.434967 +0530,
cushion,153,3,10,1.08,0.19401870016008615,,,,,,,,,,,,10,3,153,1,,,,,42.66604120004922,,42.6411270997487,42.66604120004922,42.66604120004922,42.867105199955404,1.08,0.19401870016008615,,,,,,,,,,,,,,,p2,001,2025-10-12_14h28.18.296,word_priming,,2025.1.1,60.160978782174794,2025-10-12 14h28.25.434967 +0530,
T-shirt,154,4,10,1.08,0.16153649985790253,,,,,,,,,,,,10,4,154,7,,,,,42.89915599999949,,42.8736899998039,42.89915599999949,42.89915599999949,43.08167989971116,1.08,0.16153649985790253,,,,,,,,,,,,,,,p2,001,2025-10-12_14h28.18.296,word_priming,,2025.1.1,60.160978782174794,2025-10-12 14h28.25.434967 +0530,
keys,155,5,10,1.08,0.13246169965714216,,,,,,,,,,,,10,5,155,13,,,,,43.11555439978838,,43.08732930012047,43.11555439978838,43.11555439978838,43.25091029983014,1.08,0.13246169965714216,,,,,,,,,,,,,,,p2,001,2025-10-12_14h28.18.296,word_priming,,2025.1.1,60.160978782174794,2025-10-12 14h28.25.434967 +0530,
board ,156,6,10,1.08,0.19466290017589927,,,,,,,,,,,,10,6,156,4,,,,,43.28172149974853,,43.25707249995321,43.28172149974853,43.28172149974853,43.483582300134,1.08,0.19466290017589927,,,,,,,,,,,,,,,p2,001,2025-10-12_14h28.18.296,word_priming,,2025.1.1,60.160978782174794,2025-10-12 14h28.25.434967 +0530,
cruise,157,7,10,1.08,0.1624370003119111,,,,,,,,,,,,10,7,157,11,,,,,43.51498749991879,,43.48967169970274,43.51498749991879,43.51498749991879,43.683255499694496,1.08,0.1624370003119111,,,,,,,,,,,,,,,p2,001,2025-10-12_14h28.18.296,word_priming,,2025.1.1,60.160978782174794,2025-10-12 14h28.25.434967 +0530,
poster,158,8,10,1.08,0.19481039978563786,,,,,,,,,,,,10,8,158,14,,,,,43.71497019985691,,43.6905088997446,43.71497019985691,43.71497019985691,43.916005900129676,1.08,0.19481039978563786,,,,,,,,,,,,,,,p2,001,2025-10-12_14h28.18.296,word_priming,,2025.1.1,60.160978782174794,2025-10-12 14h28.25.434967 +0530,
pastry,159,9,10,1.08,0.1292020999826491,,,,,,,,,,,,10,9,159,9,,,,,43.948166499845684,,43.92205179994926,43.948166499845684,43.948166499845684,44.083175600040704,1.08,0.1292020999826491,,,,,,,,,,,,,,,p2,001,2025-10-12_14h28.18.296,word_priming,,2025.1.1,60.160978782174794,2025-10-12 14h28.25.434967 +0530,
mouse,160,10,10,1.08,0.1619175998494029,,,,,,,,,,,,10,10,160,8,,,,,44.11430010013282,,44.0891680996865,44.11430010013282,44.11430010013282,44.282416299916804,1.08,0.1619175998494029,,,,,,,,,,,,,,,p2,001,2025-10-12_14h28.18.296,word_priming,,2025.1.1,60.160978782174794,2025-10-12 14h28.25.434967 +0530,
laptop,161,11,10,1.08,0.1955850999802351,,,,,,,,,,,,10,11,161,5,,,,,44.31439619977027,,44.288581599947065,44.31439619977027,44.31439619977027,44.5162359001115,1.08,0.1955850999802351,,,,,,,,,,,,,,,p2,001,2025-10-12_14h28.18.296,word_priming,,2025.1.1,60.160978782174794,2025-10-12 14h28.25.434967 +0530,
phone,162,12,10,1.08,0.1941757001914084,,,,,,,,,,,,10,12,162,2,,,,,44.5472627999261,,44.522655699867755,44.5472627999261,44.5472627999261,44.74894899968058,1.08,0.1941757001914084,,,,,,,,,,,,,,,p2,001,2025-10-12_14h28.18.296,word_priming,,2025.1.1,60.160978782174794,2025-10-12 14h28.25.434967 +0530,
chart,163,13,10,1.08,0.1611851998604834,,,,,,,,,,,,10,13,163,6,,,,,44.78074639989063,,44.755772300064564,44.78074639989063,44.78074639989063,44.948194299824536,1.08,0.1611851998604834,,,,,,,,,,,,,,,p2,001,2025-10-12_14h28.18.296,word_priming,,2025.1.1,60.160978782174794,2025-10-12 14h28.25.434967 +0530,
book,164,14,10,1.08,0.16279520001262426,,,,,,,,,,,,10,14,164,0,,,,,44.98039639974013,,44.953812799882144,44.98039639974013,44.98039639974013,45.14870269969106,1.08,0.16279520001262426,,,,,,,,,,,,,,,p2,001,2025-10-12_14h28.18.296,word_priming,,2025.1.1,60.160978782174794,2025-10-12 14h28.25.434967 +0530,
laptop,165,0,11,1.08,0.2282070000655949,,,,,,,,,,,,11,0,165,5,,,,,45.18021749984473,,45.15475849993527,45.18021749984473,45.18021749984473,45.415634099859744,1.08,0.2282070000655949,,,,,,,,,,,,,,,p2,001,2025-10-12_14h28.18.296,word_priming,,2025.1.1,60.160978782174794,2025-10-12 14h28.25.434967 +0530,
T-shirt,166,1,11,1.08,0.16100679989904165,,,,,,,,,,,,11,1,166,7,,,,,45.44658449990675,,45.4217860000208,45.44658449990675,45.44658449990675,45.61516819987446,1.08,0.16100679989904165,,,,,,,,,,,,,,,p2,001,2025-10-12_14h28.18.296,word_priming,,2025.1.1,60.160978782174794,2025-10-12 14h28.25.434967 +0530,
book,167,2,11,1.08,0.17743709962815046,,,,,,,,,,,,11,2,167,0,,,,,45.64637799980119,,45.62085760012269,45.64637799980119,45.64637799980119,45.81563419988379,1.08,0.17743709962815046,,,,,,,,,,,,,,,p2,001,2025-10-12_14h28.18.296,word_priming,,2025.1.1,60.160978782174794,2025-10-12 14h28.25.434967 +0530,
poster,168,3,11,1.08,0.1614932999946177,,,,,,,,,,,,11,3,168,14,,,,,45.84612300014123,,45.82104429975152,45.84612300014123,45.84612300014123,46.013882800005376,1.08,0.1614932999946177,,,,,,,,,,,,,,,p2,001,2025-10-12_14h28.18.296,word_priming,,2025.1.1,60.160978782174794,2025-10-12 14h28.25.434967 +0530,
keys,169,4,11,1.08,0.19556450005620718,,,,,,,,,,,,11,4,169,13,,,,,46.046060299966484,,46.01945659983903,46.046060299966484,46.046060299966484,46.24699130002409,1.08,0.19556450005620718,,,,,,,,,,,,,,,p2,001,2025-10-12_14h28.18.296,word_priming,,2025.1.1,60.160978782174794,2025-10-12 14h28.25.434967 +0530,
chart,170,5,11,1.08,0.1619990998879075,,,,,,,,,,,,11,5,170,6,,,,,46.27913409983739,,46.25352629972622,46.27913409983739,46.27913409983739,46.44667400000617,1.08,0.1619990998879075,,,,,,,,,,,,,,,p2,001,2025-10-12_14h28.18.296,word_priming,,2025.1.1,60.160978782174794,2025-10-12 14h28.25.434967 +0530,
pastry,171,6,11,1.08,0.16322309989482164,,,,,,,,,,,,11,6,171,9,,,,,46.47887249989435,,46.45280729979277,46.47887249989435,46.47887249989435,46.64708560006693,1.08,0.16322309989482164,,,,,,,,,,,,,,,p2,001,2025-10-12_14h28.18.296,word_priming,,2025.1.1,60.160978782174794,2025-10-12 14h28.25.434967 +0530,
phone,172,7,11,1.08,0.1957820001989603,,,,,,,,,,,,11,7,172,2,,,,,46.67885959986597,,46.65310509968549,46.67885959986597,46.67885959986597,46.88043879996985,1.08,0.1957820001989603,,,,,,,,,,,,,,,p2,001,2025-10-12_14h28.18.296,word_priming,,2025.1.1,60.160978782174794,2025-10-12 14h28.25.434967 +0530,
marble,173,8,11,1.08,0.1614347998984158,,,,,,,,,,,,11,8,173,3,,,,,46.911866599693894,,46.88659769995138,46.911866599693894,46.911866599693894,47.079879799857736,1.08,0.1614347998984158,,,,,,,,,,,,,,,p2,001,2025-10-12_14h28.18.296,word_priming,,2025.1.1,60.160978782174794,2025-10-12 14h28.25.434967 +0530,
cruise,174,9,11,1.08,0.17745740013197064,,,,,,,,,,,,11,9,174,11,,,,,47.111304599791765,,47.08653989993036,47.111304599791765,47.111304599791765,47.295810299925506,1.08,0.17745740013197064,,,,,,,,,,,,,,,p2,001,2025-10-12_14h28.18.296,word_priming,,2025.1.1,60.160978782174794,2025-10-12 14h28.25.434967 +0530,
board ,175,10,11,1.08,0.16427369974553585,,,,,,,,,,,,11,10,175,4,,,,,47.32819279981777,,47.29992110002786,47.32819279981777,47.32819279981777,47.48037130013108,1.08,0.16427369974553585,,,,,,,,,,,,,,,p2,001,2025-10-12_14h28.18.296,word_priming,,2025.1.1,60.160978782174794,2025-10-12 14h28.25.434967 +0530,
cushion,176,11,11,1.08,0.19591120025143027,,,,,,,,,,,,11,11,176,1,,,,,47.510807800106704,,47.48443039972335,47.510807800106704,47.510807800106704,47.69697199994698,1.08,0.19591120025143027,,,,,,,,,,,,,,,p2,001,2025-10-12_14h28.18.296,word_priming,,2025.1.1,60.160978782174794,2025-10-12 14h28.25.434967 +0530,
case,177,12,11,1.08,0.19602720020338893,,,,,,,,,,,,11,12,177,10,,,,,47.72775729978457,,47.70097849983722,47.72775729978457,47.72775729978457,47.91330059990287,1.08,0.19602720020338893,,,,,,,,,,,,,,,p2,001,2025-10-12_14h28.18.296,word_priming,,2025.1.1,60.160978782174794,2025-10-12 14h28.25.434967 +0530,
police,178,13,11,1.08,0.1478845002129674,,,,,,,,,,,,11,13,178,12,,,,,47.94414239982143,,47.917430699802935,47.94414239982143,47.94414239982143,48.095303299836814,1.08,0.1478845002129674,,,,,,,,,,,,,,,p2,001,2025-10-12_14h28.18.296,word_priming,,2025.1.1,60.160978782174794,2025-10-12 14h28.25.434967 +0530,
mouse,179,14,11,1.08,0.19562260014936328,,,,,,,,,,,,11,14,179,8,,,,,48.12714090012014,,48.100327000021935,48.12714090012014,48.12714090012014,48.31305779982358,1.08,0.19562260014936328,,,,,,,,,,,,,,,p2,001,2025-10-12_14h28.18.296,word_priming,,2025.1.1,60.160978782174794,2025-10-12 14h28.25.434967 +0530,
phone,180,0,12,1.08,0.1957332999445498,,,,,,,,,,,,12,0,180,2,,,,,48.34379789978266,,48.31710440013558,48.34379789978266,48.34379789978266,48.545258599799126,1.08,0.1957332999445498,,,,,,,,,,,,,,,p2,001,2025-10-12_14h28.18.296,word_priming,,2025.1.1,60.160978782174794,2025-10-12 14h28.25.434967 +0530,
pastry,181,1,12,1.08,0.16128550004214048,,,,,,,,,,,,12,1,181,9,,,,,48.576773799955845,,48.552214100025594,48.576773799955845,48.576773799955845,48.74453300004825,1.08,0.16128550004214048,,,,,,,,,,,,,,,p2,001,2025-10-12_14h28.18.296,word_priming,,2025.1.1,60.160978782174794,2025-10-12 14h28.25.434967 +0530,
book,182,2,12,1.08,0.16354370024055243,,,,,,,,,,,,12,2,182,0,,,,,48.77643240010366,,48.749984099995345,48.77643240010366,48.77643240010366,48.945069999899715,1.08,0.16354370024055243,,,,,,,,,,,,,,,p2,001,2025-10-12_14h28.18.296,word_priming,,2025.1.1,60.160978782174794,2025-10-12 14h28.25.434967 +0530,
mouse,183,3,12,1.08,0.19450240023434162,,,,,,,,,,,,12,3,183,8,,,,,48.97634179983288,,48.951065899804235,48.97634179983288,48.97634179983288,49.177969499956816,1.08,0.19450240023434162,,,,,,,,,,,,,,,p2,001,2025-10-12_14h28.18.296,word_priming,,2025.1.1,60.160978782174794,2025-10-12 14h28.25.434967 +0530,
laptop,184,4,12,1.08,0.16145869996398687,,,,,,,,,,,,12,4,184,5,,,,,49.20976509992033,,49.18426440004259,49.20976509992033,49.20976509992033,49.377604299690574,1.08,0.16145869996398687,,,,,,,,,,,,,,,p2,001,2025-10-12_14h28.18.296,word_priming,,2025.1.1,60.160978782174794,2025-10-12 14h28.25.434967 +0530,
poster,185,5,12,1.08,0.19475749973207712,,,,,,,,,,,,12,5,185,14,,,,,49.40934439981356,,49.383732500020415,49.40934439981356,49.40934439981356,49.61054869974032,1.08,0.19475749973207712,,,,,,,,,,,,,,,p2,001,2025-10-12_14h28.18.296,word_priming,,2025.1.1,60.160978782174794,2025-10-12 14h28.25.434967 +0530,
marble,186,6,12,1.08,0.19392250012606382,,,,,,,,,,,,12,6,186,3,,,,,49.6421961998567,,49.617872399743646,49.6421961998567,49.6421961998567,49.84370080009103,1.08,0.19392250012606382,,,,,,,,,,,,,,,p2,001,2025-10-12_14h28.18.296,word_priming,,2025.1.1,60.160978782174794,2025-10-12 14h28.25.434967 +0530,
T-shirt,187,7,12,1.08,0.17832169961184263,,,,,,,,,,,,12,7,187,7,,,,,49.87516940012574,,49.84978749975562,49.87516940012574,49.87516940012574,50.04445970011875,1.08,0.17832169961184263,,,,,,,,,,,,,,,p2,001,2025-10-12_14h28.18.296,word_priming,,2025.1.1,60.160978782174794,2025-10-12 14h28.25.434967 +0530,
cruise,188,8,12,1.08,0.1791695998981595,,,,,,,,,,,,12,8,188,11,,,,,50.075193299911916,,50.048874699976295,50.075193299911916,50.075193299911916,50.24417359987274,1.08,0.1791695998981595,,,,,,,,,,,,,,,p2,001,2025-10-12_14h28.18.296,word_priming,,2025.1.1,60.160978782174794,2025-10-12 14h28.25.434967 +0530,
case,189,9,12,1.08,0.1810614001005888,,,,,,,,,,,,12,9,189,10,,,,,50.2748233997263,,50.24783580005169,50.2748233997263,50.2748233997263,50.45964449970052,1.08,0.1810614001005888,,,,,,,,,,,,,,,p2,001,2025-10-12_14h28.18.296,word_priming,,2025.1.1,60.160978782174794,2025-10-12 14h28.25.434967 +0530,
board ,190,10,12,1.08,0.1947423000819981,,,,,,,,,,,,12,10,190,4,,,,,50.49220919981599,,50.46630699979141,50.49220919981599,50.49220919981599,50.693072099704295,1.08,0.1947423000819981,,,,,,,,,,,,,,,p2,001,2025-10-12_14h28.18.296,word_priming,,2025.1.1,60.160978782174794,2025-10-12 14h28.25.434967 +0530,
keys,191,11,12,1.08,0.16190539998933673,,,,,,,,,,,,12,11,191,13,,,,,50.72471239976585,,50.69865019991994,50.72471239976585,50.72471239976585,50.89275289978832,1.08,0.16190539998933673,,,,,,,,,,,,,,,p2,001,2025-10-12_14h28.18.296,word_priming,,2025.1.1,60.160978782174794,2025-10-12 14h28.25.434967 +0530,
police,192,12,12,1.08,0.16163280000910163,,,,,,,,,,,,12,12,192,12,,,,,50.924583700019866,,50.89927130006254,50.924583700019866,50.924583700019866,51.09248670004308,1.08,0.16163280000910163,,,,,,,,,,,,,,,p2,001,2025-10-12_14h28.18.296,word_priming,,2025.1.1,60.160978782174794,2025-10-12 14h28.25.434967 +0530,
chart,193,13,12,1.08,0.19504019990563393,,,,,,,,,,,,12,13,193,6,,,,,51.1243267999962,,51.09855359978974,51.1243267999962,51.1243267999962,51.325839899946004,1.08,0.19504019990563393,,,,,,,,,,,,,,,p2,001,2025-10-12_14h28.18.296,word_priming,,2025.1.1,60.160978782174794,2025-10-12 14h28.25.434967 +0530,
cushion,194,14,12,1.08,0.16120220022276044,,,,,,,,,,,,12,14,194,1,,,,,51.35721099982038,,51.33225669991225,51.35721099982038,51.35721099982038,51.52575929975137,1.08,0.16120220022276044,,,,,,,,,,,,,,,p2,001,2025-10-12_14h28.18.296,word_priming,,2025.1.1,60.160978782174794,2025-10-12 14h28.25.434967 +0530,
pastry,195,0,13,1.08,0.16125509981065989,,,,,,,,,,,,13,0,195,9,,,,,51.55702009983361,,51.53252919996157,51.55702009983361,51.55702009983361,51.72505749994889,1.08,0.16125509981065989,,,,,,,,,,,,,,,p2,001,2025-10-12_14h28.18.296,word_priming,,2025.1.1,60.160978782174794,2025-10-12 14h28.25.434967 +0530,
chart,196,1,13,1.08,0.16263569984585047,,,,,,,,,,,,13,1,196,6,,,,,51.756921799853444,,51.73109299968928,51.756921799853444,51.756921799853444,51.92525119986385,1.08,0.16263569984585047,,,,,,,,,,,,,,,p2,001,2025-10-12_14h28.18.296,word_priming,,2025.1.1,60.160978782174794,2025-10-12 14h28.25.434967 +0530,
book,197,2,13,1.08,0.16239519976079464,,,,,,,,,,,,13,2,197,0,,,,,51.95762760005891,,51.930839099921286,51.95762760005891,51.95762760005891,52.12437559990212,1.08,0.16239519976079464,,,,,,,,,,,,,,,p2,001,2025-10-12_14h28.18.296,word_priming,,2025.1.1,60.160978782174794,2025-10-12 14h28.25.434967 +0530,
keys,198,3,13,1.08,0.19807890010997653,,,,,,,,,,,,13,3,198,13,,,,,52.15689820004627,,52.128219299949706,52.15689820004627,52.15689820004627,52.358458600007,1.08,0.19807890010997653,,,,,,,,,,,,,,,p2,001,2025-10-12_14h28.18.296,word_priming,,2025.1.1,60.160978782174794,2025-10-12 14h28.25.434967 +0530,
board ,199,4,13,1.08,0.16156340017914772,,,,,,,,,,,,13,4,199,4,,,,,52.389732900075614,,52.3646525000222,52.389732900075614,52.389732900075614,52.55776279978454,1.08,0.16156340017914772,,,,,,,,,,,,,,,p2,001,2025-10-12_14h28.18.296,word_priming,,2025.1.1,60.160978782174794,2025-10-12 14h28.25.434967 +0530,
marble,200,5,13,1.08,0.19455529982224107,,,,,,,,,,,,13,5,200,3,,,,,52.589550599921495,,52.564236499834806,52.589550599921495,52.589550599921495,52.79111639969051,1.08,0.19455529982224107,,,,,,,,,,,,,,,p2,001,2025-10-12_14h28.18.296,word_priming,,2025.1.1,60.160978782174794,2025-10-12 14h28.25.434967 +0530,
T-shirt,201,6,13,1.08,0.1625641998834908,,,,,,,,,,,,13,6,201,7,,,,,52.82229209970683,,52.79733769968152,52.82229209970683,52.82229209970683,52.9905348001048,1.08,0.1625641998834908,,,,,,,,,,,,,,,p2,001,2025-10-12_14h28.18.296,word_priming,,2025.1.1,60.160978782174794,2025-10-12 14h28.25.434967 +0530,
laptop,202,7,13,1.08,0.19527669996023178,,,,,,,,,,,,13,7,202,5,,,,,53.022308100014925,,52.99659110000357,53.022308100014925,53.022308100014925,53.22397499997169,1.08,0.19527669996023178,,,,,,,,,,,,,,,p2,001,2025-10-12_14h28.18.296,word_priming,,2025.1.1,60.160978782174794,2025-10-12 14h28.25.434967 +0530,
phone,203,8,13,1.08,0.16203599981963634,,,,,,,,,,,,13,8,203,2,,,,,53.25525709986687,,53.23014499992132,53.25525709986687,53.25525709986687,53.42372570000589,1.08,0.16203599981963634,,,,,,,,,,,,,,,p2,001,2025-10-12_14h28.18.296,word_priming,,2025.1.1,60.160978782174794,2025-10-12 14h28.25.434967 +0530,
police,204,9,13,1.08,0.19545069988816977,,,,,,,,,,,,13,9,204,12,,,,,53.45546999992803,,53.42990330001339,53.45546999992803,53.45546999992803,53.6568327001296,1.08,0.19545069988816977,,,,,,,,,,,,,,,p2,001,2025-10-12_14h28.18.296,word_priming,,2025.1.1,60.160978782174794,2025-10-12 14h28.25.434967 +0530,
mouse,205,10,13,1.08,0.16169930016621947,,,,,,,,,,,,13,10,205,8,,,,,53.68846599990502,,53.66309469984844,53.68846599990502,53.68846599990502,53.85616539977491,1.08,0.16169930016621947,,,,,,,,,,,,,,,p2,001,2025-10-12_14h28.18.296,word_priming,,2025.1.1,60.160978782174794,2025-10-12 14h28.25.434967 +0530,
cushion,206,11,13,1.08,0.1955238999798894,,,,,,,,,,,,13,11,206,1,,,,,53.88803259981796,,53.86234149988741,53.88803259981796,53.88803259981796,54.08913869969547,1.08,0.1955238999798894,,,,,,,,,,,,,,,p2,001,2025-10-12_14h28.18.296,word_priming,,2025.1.1,60.160978782174794,2025-10-12 14h28.25.434967 +0530,
case,207,12,13,1.08,0.16306750010699034,,,,,,,,,,,,13,12,207,10,,,,,54.12139520002529,,54.095108499750495,54.12139520002529,54.12139520002529,54.28970569977537,1.08,0.16306750010699034,,,,,,,,,,,,,,,p2,001,2025-10-12_14h28.18.296,word_priming,,2025.1.1,60.160978782174794,2025-10-12 14h28.25.434967 +0530,
poster,208,13,13,1.08,0.16201450023800135,,,,,,,,,,,,13,13,208,14,,,,,54.32144760014489,,54.29571299999952,54.32144760014489,54.32144760014489,54.48967059981078,1.08,0.16201450023800135,,,,,,,,,,,,,,,p2,001,2025-10-12_14h28.18.296,word_priming,,2025.1.1,60.160978782174794,2025-10-12 14h28.25.434967 +0530,
cruise,209,14,13,1.08,0.19409719994291663,,,,,,,,,,,,13,14,209,11,,,,,54.52109939977527,,54.49590989993885,54.52109939977527,54.52109939977527,54.72190969996154,1.08,0.19409719994291663,,,,,,,,,,,,,,,p2,001,2025-10-12_14h28.18.296,word_priming,,2025.1.1,60.160978782174794,2025-10-12 14h28.25.434967 +0530,
board ,210,0,14,1.08,0.1614001002162695,,,,,,,,,,,,14,0,210,4,,,,,54.754089599940926,,54.7283723000437,54.754089599940926,54.754089599940926,54.92185859987512,1.08,0.1614001002162695,,,,,,,,,,,,,,,p2,001,2025-10-12_14h28.18.296,word_priming,,2025.1.1,60.160978782174794,2025-10-12 14h28.25.434967 +0530,
T-shirt,211,1,14,1.08,0.16357359988614917,,,,,,,,,,,,14,1,211,7,,,,,54.95394819974899,,54.92791870003566,54.95394819974899,54.95394819974899,55.12204569997266,1.08,0.16357359988614917,,,,,,,,,,,,,,,p2,001,2025-10-12_14h28.18.296,word_priming,,2025.1.1,60.160978782174794,2025-10-12 14h28.25.434967 +0530,
police,212,2,14,1.08,0.16295700008049607,,,,,,,,,,,,14,2,212,12,,,,,55.15344259981066,,55.12804639991373,55.15344259981066,55.15344259981066,55.32194990012795,1.08,0.16295700008049607,,,,,,,,,,,,,,,p2,001,2025-10-12_14h28.18.296,word_priming,,2025.1.1,60.160978782174794,2025-10-12 14h28.25.434967 +0530,
pastry,213,3,14,1.08,0.19482370000332594,,,,,,,,,,,,14,3,213,9,,,,,55.35362710012123,,55.328047899995,55.35362710012123,55.35362710012123,55.55491239996627,1.08,0.19482370000332594,,,,,,,,,,,,,,,p2,001,2025-10-12_14h28.18.296,word_priming,,2025.1.1,60.160978782174794,2025-10-12 14h28.25.434967 +0530,
mouse,214,4,14,1.08,0.19496910041198134,,,,,,,,,,,,14,4,214,8,,,,,55.58660509996116,,55.56088989973068,55.58660509996116,55.58660509996116,55.78763910010457,1.08,0.19496910041198134,,,,,,,,,,,,,,,p2,001,2025-10-12_14h28.18.296,word_priming,,2025.1.1,60.160978782174794,2025-10-12 14h28.25.434967 +0530,
cruise,215,5,14,1.08,0.16344969999045134,,,,,,,,,,,,14,5,215,11,,,,,55.81970979971811,,55.793702399823815,55.81970979971811,55.81970979971811,55.9874120997265,1.08,0.16344969999045134,,,,,,,,,,,,,,,p2,001,2025-10-12_14h28.18.296,word_priming,,2025.1.1,60.160978782174794,2025-10-12 14h28.25.434967 +0530,
poster,216,6,14,1.08,0.1959259998984635,,,,,,,,,,,,14,6,216,14,,,,,56.01929569989443,,55.9935407997109,56.01929569989443,56.01929569989443,56.220475799869746,1.08,0.1959259998984635,,,,,,,,,,,,,,,p2,001,2025-10-12_14h28.18.296,word_priming,,2025.1.1,60.160978782174794,2025-10-12 14h28.25.434967 +0530,
book,217,7,14,1.08,0.16383880004286766,,,,,,,,,,,,14,7,217,0,,,,,56.25267900014296,,56.22594359982759,56.25267900014296,56.25267900014296,56.42079779971391,1.08,0.16383880004286766,,,,,,,,,,,,,,,p2,001,2025-10-12_14h28.18.296,word_priming,,2025.1.1,60.160978782174794,2025-10-12 14h28.25.434967 +0530,
chart,218,8,14,1.08,0.19578150007873774,,,,,,,,,,,,14,8,218,6,,,,,56.45337439980358,,56.4267617999576,56.45337439980358,56.45337439980358,56.65405729971826,1.08,0.19578150007873774,,,,,,,,,,,,,,,p2,001,2025-10-12_14h28.18.296,word_priming,,2025.1.1,60.160978782174794,2025-10-12 14h28.25.434967 +0530,
keys,219,9,14,1.08,0.16214640019461513,,,,,,,,,,,,14,9,219,13,,,,,56.68542219977826,,56.65960010001436,56.68542219977826,56.68542219977826,56.85334299970418,1.08,0.16214640019461513,,,,,,,,,,,,,,,p2,001,2025-10-12_14h28.18.296,word_priming,,2025.1.1,60.160978782174794,2025-10-12 14h28.25.434967 +0530,
phone,220,10,14,1.08,0.19496570015326142,,,,,,,,,,,,14,10,220,2,,,,,56.885319099761546,,56.859693800099194,56.885319099761546,56.885319099761546,57.086697599850595,1.08,0.19496570015326142,,,,,,,,,,,,,,,p2,001,2025-10-12_14h28.18.296,word_priming,,2025.1.1,60.160978782174794,2025-10-12 14h28.25.434967 +0530,
marble,221,11,14,1.08,0.1620053998194635,,,,,,,,,,,,14,11,221,3,,,,,57.11846669996157,,57.092925999779254,57.11846669996157,57.11846669996157,57.286391499917954,1.08,0.1620053998194635,,,,,,,,,,,,,,,p2,001,2025-10-12_14h28.18.296,word_priming,,2025.1.1,60.160978782174794,2025-10-12 14h28.25.434967 +0530,
laptop,222,12,14,1.08,0.19482129998505116,,,,,,,,,,,,14,12,222,5,,,,,57.31802099989727,,57.29246379993856,57.31802099989727,57.31802099989727,57.51921480009332,1.08,0.19482129998505116,,,,,,,,,,,,,,,p2,001,2025-10-12_14h28.18.296,word_priming,,2025.1.1,60.160978782174794,2025-10-12 14h28.25.434967 +0530,
cushion,223,13,14,1.08,0.19494030019268394,,,,,,,,,,,,14,13,223,1,,,,,57.551107599865645,,57.525294499937445,57.551107599865645,57.551107599865645,57.752507499884814,1.08,0.19494030019268394,,,,,,,,,,,,,,,p2,001,2025-10-12_14h28.18.296,word_priming,,2025.1.1,60.160978782174794,2025-10-12 14h28.25.434967 +0530,
case,224,14,14,1.08,0.1620065001770854,,,,,,,,,,,,14,14,224,10,,,,,57.78442549984902,,57.758481699973345,57.78442549984902,57.78442549984902,57.952645199839026,1.08,0.1620065001770854,,,,,,,,,,,,,,,p2,001,2025-10-12_14h28.18.296,word_priming,,2025.1.1,60.160978782174794,2025-10-12 14h28.25.434967 +0530,
,0,0,0,,,_ru_s_,cruise,old ,cruise,"[np.float64(-0.48), np.float64(-0.48), np.float64(-0.045), np.float64(0.006666666666666667)]","[np.float64(-0.30666666666666664), np.float64(-0.30666666666666664), np.float64(-0.02666666666666667), np.float64(-0.2866666666666667)]","[1, 1, 1, 1]","[0, 0, 0, 0]","[0, 0, 0, 0]","[0.2121449001133442, 0.41204409999772906, 1.8105469001457095, 6.756749400403351]","[None, None, None, 'text_3']",,,,,0,0,0,6,58.019231100101024,,,,,,,,57.99050690000877,58.019231100101024,58.019231100101024,58.019231100101024,0.03788580000400543,64.74781219987199,cruise,"[np.float64(-0.48), np.float64(-0.48), np.float64(-0.045), np.float64(0.006666666666666667)]","[np.float64(-0.30666666666666664), np.float64(-0.30666666666666664), np.float64(-0.02666666666666667), np.float64(-0.2866666666666667)]","[1, 1, 1, 1]","[0, 0, 0, 0]","[0, 0, 0, 0]","[0.2121449001133442, 0.41204409999772906, 1.8105469001457095, 6.756749400403351]","[None, None, None, 'text_3']",p2,001,2025-10-12_14h28.18.296,word_priming,,2025.1.1,60.160978782174794,2025-10-12 14h28.25.434967 +0530,
,1,1,0,,,_ha_t,chart,old ,chart,"[np.float64(-0.006666666666666667), np.float64(-0.041666666666666664)]","[np.float64(0.0033333333333333335), np.float64(-0.29833333333333334)]","[1, 1]","[0, 0]","[0, 0]","[1.5416451003402472, 6.421267000027001]","[None, 'text_3']",,,,,0,1,1,1,64.77761279977858,,,,,,,,64.75310249999166,64.77761279977858,64.77761279977858,64.77761279977858,0.004916100297123194,71.17488639988005,chart,"[np.float64(-0.006666666666666667), np.float64(-0.041666666666666664)]","[np.float64(0.0033333333333333335), np.float64(-0.29833333333333334)]","[1, 1]","[0, 0]","[0, 0]","[1.5416451003402472, 6.421267000027001]","[None, 'text_3']",p2,001,2025-10-12_14h28.18.296,word_priming,,2025.1.1,60.160978782174794,2025-10-12 14h28.25.434967 +0530,
,2,2,0,,,_o_rd,Board,old ,Board,[np.float64(0.025)],[np.float64(-0.305)],[1],[0],[0],[5.353543000295758],['text_3'],,,,,0,2,2,10,71.20439419988543,,,,,,,,71.1798557001166,71.20439419988543,71.20439419988543,71.20439419988543,0.004721099976450205,76.53392839990556,Board,[np.float64(0.025)],[np.float64(-0.305)],[1],[0],[0],[5.353543000295758],['text_3'],p2,001,2025-10-12_14h28.18.296,word_priming,,2025.1.1,60.160978782174794,2025-10-12 14h28.25.434967 +0530,
,3,3,0,,,v_s_,vase,new,,[np.float64(-0.021666666666666667)],[np.float64(-0.33)],[1],[0],[0],[9.485242099966854],[None],,,,,0,3,3,17,76.56559070013463,,,,,,,,76.54172710003331,76.56559070013463,76.56559070013463,76.56559070013463,0.0076060001738369465,86.5410547000356,,[np.float64(-0.021666666666666667)],[np.float64(-0.33)],[1],[0],[0],[9.485242099966854],[None],p2,001,2025-10-12_14h28.18.296,word_priming,,2025.1.1,60.160978782174794,2025-10-12 14h28.25.434967 +0530,
,4,4,0,,,T_hi_t,Tshirt,old ,Tshirt,[np.float64(0.0033333333333333335)],[np.float64(-0.31333333333333335)],[1],[0],[0],[9.621236300095916],['text_3'],,,,,0,4,4,2,86.57464319979772,,,,,,,,86.54533120011911,86.57464319979772,86.57464319979772,86.57464319979772,0.011188399977982044,96.16699329996482,Tshirt,[np.float64(0.0033333333333333335)],[np.float64(-0.31333333333333335)],[1],[0],[0],[9.621236300095916],['text_3'],p2,001,2025-10-12_14h28.18.296,word_priming,,2025.1.1,60.160978782174794,2025-10-12 14h28.25.434967 +0530,
,5,5,0,,,p_nc_l,pencil,new,pencil,[np.float64(0.008333333333333333)],[np.float64(-0.31166666666666665)],[1],[0],[0],[4.209816200193018],['text_3'],,,,,0,5,5,16,96.19649560004473,,,,,,,,96.17082719970495,96.19649560004473,96.19649560004473,96.19649560004473,0.0036792997270822525,100.38112259982154,pencil,[np.float64(0.008333333333333333)],[np.float64(-0.31166666666666665)],[1],[0],[0],[4.209816200193018],['text_3'],p2,001,2025-10-12_14h28.18.296,word_priming,,2025.1.1,60.160978782174794,2025-10-12 14h28.25.434967 +0530,
,6,6,0,,,_ou_se,mouse,old ,mouse,[np.float64(-0.0033333333333333335)],[np.float64(-0.295)],[1],[0],[0],[3.221667000092566],['text_3'],,,,,0,6,6,3,100.4091171999462,,,,,,,,100.38651630003005,100.4091171999462,100.4091171999462,100.4091171999462,0.005197499878704548,103.60870660003275,mouse,[np.float64(-0.0033333333333333335)],[np.float64(-0.295)],[1],[0],[0],[3.221667000092566],['text_3'],p2,001,2025-10-12_14h28.18.296,word_priming,,2025.1.1,60.160978782174794,2025-10-12 14h28.25.434967 +0530,
,7,7,0,,,_ho_e,Phone,old ,phone,[np.float64(-0.04666666666666667)],[np.float64(-0.30833333333333335)],[1],[0],[0],[6.5401961002498865],['text_3'],,,,,0,7,7,12,103.63922329992056,,,,,,,,103.6124400999397,103.63922329992056,103.63922329992056,103.63922329992056,0.00358260003849864,110.15306650009006,phone,[np.float64(-0.04666666666666667)],[np.float64(-0.30833333333333335)],[1],[0],[0],[6.5401961002498865],['text_3'],p2,001,2025-10-12_14h28.18.296,word_priming,,2025.1.1,60.160978782174794,2025-10-12 14h28.25.434967 +0530,
,8,8,0,,,K_y_,Keys,old ,Keys,[np.float64(-0.03333333333333333)],[np.float64(-0.2916666666666667)],[1],[0],[0],[9.715981299988925],['text_3'],,,,,0,8,8,8,110.18287999974564,,,,,,,,110.15954939974472,110.18287999974564,110.18287999974564,110.18287999974564,0.0063229999504983425,119.87603789987043,Keys,[np.float64(-0.03333333333333333)],[np.float64(-0.2916666666666667)],[1],[0],[0],[9.715981299988925],['text_3'],p2,001,2025-10-12_14h28.18.296,word_priming,,2025.1.1,60.160978782174794,2025-10-12 14h28.25.434967 +0530,
,9,9,0,,,P_st_r,Poster,old ,Pastry,[np.float64(-0.04833333333333333)],[np.float64(-0.295)],[1],[0],[0],[3.7890585996210575],['text_3'],,,,,0,9,9,9,119.90651649981737,,,,,,,,119.88482549972832,119.90651649981737,119.90651649981737,119.90651649981737,0.008593999780714512,123.67444249987602,Pastry,[np.float64(-0.04833333333333333)],[np.float64(-0.295)],[1],[0],[0],[3.7890585996210575],['text_3'],p2,001,2025-10-12_14h28.18.296,word_priming,,2025.1.1,60.160978782174794,2025-10-12 14h28.25.434967 +0530,
,10,10,0,,,c_s_io_,cushion,old ,cushion,[np.float64(-0.04833333333333333)],[np.float64(-0.295)],[1],[0],[0],[5.206283299718052],['text_3'],,,,,0,10,10,14,123.70297649968415,,,,,,,,123.67795210005715,123.70297649968415,123.70297649968415,123.70297649968415,0.0033592996187508106,128.8847618997097,cushion,[np.float64(-0.04833333333333333)],[np.float64(-0.295)],[1],[0],[0],[5.206283299718052],['text_3'],p2,001,2025-10-12_14h28.18.296,word_priming,,2025.1.1,60.160978782174794,2025-10-12 14h28.25.434967 +0530,
,11,11,0,,,_oo_,book,old ,book,[np.float64(-0.04833333333333333)],[np.float64(-0.295)],[1],[0],[0],[5.890312800183892],['text_3'],,,,,0,11,11,13,128.91435510013252,,,,,,,,128.88921270007268,128.91435510013252,128.91435510013252,128.91435510013252,0.004251599777489901,134.7801785999909,book,[np.float64(-0.04833333333333333)],[np.float64(-0.295)],[1],[0],[0],[5.890312800183892],['text_3'],p2,001,2025-10-12_14h28.18.296,word_priming,,2025.1.1,60.160978782174794,2025-10-12 14h28.25.434967 +0530,
,12,12,0,,,P_str_,pastry,old ,Pastry,[np.float64(-0.04833333333333333)],[np.float64(-0.295)],[1],[0],[0],[6.086253000423312],['text_3'],,,,,0,12,12,4,134.8085080999881,,,,,,,,134.78520989976823,134.8085080999881,134.8085080999881,134.8085080999881,0.0048326002433896065,140.87204949976876,Pastry,[np.float64(-0.04833333333333333)],[np.float64(-0.295)],[1],[0],[0],[6.086253000423312],['text_3'],p2,001,2025-10-12_14h28.18.296,word_priming,,2025.1.1,60.160978782174794,2025-10-12 14h28.25.434967 +0530,
,13,13,0,,,l_pt_p,laptop,old ,laptop,[np.float64(-0.10666666666666667)],[np.float64(-0.295)],[1],[0],[0],[5.422091800253838],['text_3'],,,,,0,13,13,0,140.9023174000904,,,,,,,,140.87551339995116,140.9023174000904,140.9023174000904,140.9023174000904,0.0033207000233232975,146.29817279987037,laptop,[np.float64(-0.10666666666666667)],[np.float64(-0.295)],[1],[0],[0],[5.422091800253838],['text_3'],p2,001,2025-10-12_14h28.18.296,word_priming,,2025.1.1,60.160978782174794,2025-10-12 14h28.25.434967 +0530,
,14,14,0,,,P_li_e,Police,old ,Police,[np.float64(-0.015)],[np.float64(-0.2966666666666667)],[1],[0],[0],[5.524388099554926],['text_3'],,,,,0,14,14,7,146.33030909998342,,,,,,,,146.30310470005497,146.33030909998342,146.33030909998342,146.33030909998342,0.004733300302177668,151.82810569973662,Police,[np.float64(-0.015)],[np.float64(-0.2966666666666667)],[1],[0],[0],[5.524388099554926],['text_3'],p2,001,2025-10-12_14h28.18.296,word_priming,,2025.1.1,60.160978782174794,2025-10-12 14h28.25.434967 +0530,
,15,15,0,,,bo_t_e,bottle,new,bottle,[np.float64(-0.015)],[np.float64(-0.2966666666666667)],[1],[0],[0],[3.1931877001188695],['text_3'],,,,,0,15,15,18,151.85838499991223,,,,,,,,151.83161380002275,151.85838499991223,151.85838499991223,151.85838499991223,0.003366400022059679,155.02533289976418,bottle,[np.float64(-0.015)],[np.float64(-0.2966666666666667)],[1],[0],[0],[3.1931877001188695],['text_3'],p2,001,2025-10-12_14h28.18.296,word_priming,,2025.1.1,60.160978782174794,2025-10-12 14h28.25.434967 +0530,
,16,16,0,,,c_m_ra,camera,new,,[np.float64(-0.05333333333333334)],[np.float64(-0.2866666666666667)],[1],[0],[0],[9.134460399858654],['text_3'],,,,,0,16,16,19,155.0551960999146,,,,,,,,155.0293104997836,155.0551960999146,155.0551960999146,155.0551960999146,0.0038389000110328197,164.16439209971577,,[np.float64(-0.05333333333333334)],[np.float64(-0.2866666666666667)],[1],[0],[0],[9.134460399858654],['text_3'],p2,001,2025-10-12_14h28.18.296,word_priming,,2025.1.1,60.160978782174794,2025-10-12 14h28.25.434967 +0530,
,17,17,0,,,ta_l_,table,new,table,[np.float64(0.025)],[np.float64(-0.2833333333333333)],[1],[0],[0],[7.171552299987525],['text_3'],,,,,0,17,17,15,164.1962015000172,,,,,,,,164.1696751997806,164.1962015000172,164.1962015000172,164.1962015000172,0.005069499835371971,171.34186269994825,table,[np.float64(0.025)],[np.float64(-0.2833333333333333)],[1],[0],[0],[7.171552299987525],['text_3'],p2,001,2025-10-12_14h28.18.296,word_priming,,2025.1.1,60.160978782174794,2025-10-12 14h28.25.434967 +0530,
,18,18,0,,,c_s_,case,old ,case,[np.float64(-0.028333333333333332)],[np.float64(-0.2966666666666667)],[1],[0],[0],[5.308748499955982],['text_3'],,,,,0,18,18,5,171.3725422997959,,,,,,,,171.3449415997602,171.3725422997959,171.3725422997959,171.3725422997959,0.0029274998232722282,176.6542993998155,case,[np.float64(-0.028333333333333332)],[np.float64(-0.2966666666666667)],[1],[0],[0],[5.308748499955982],['text_3'],p2,001,2025-10-12_14h28.18.296,word_priming,,2025.1.1,60.160978782174794,2025-10-12 14h28.25.434967 +0530,
,19,19,0,,,_a_bl_,Marble,old ,tabl,[np.float64(-0.028333333333333332)],[np.float64(-0.2966666666666667)],[1],[0],[0],[4.738246699795127],['text_3'],,,,,0,19,19,11,176.68353969976306,,,,,,,,176.6597429998219,176.68353969976306,176.68353969976306,176.68353969976306,0.005246899556368589,181.3986340998672,tabl,[np.float64(-0.028333333333333332)],[np.float64(-0.2966666666666667)],[1],[0],[0],[4.738246699795127],['text_3'],p2,001,2025-10-12_14h28.18.296,word_priming,,2025.1.1,60.160978782174794,2025-10-12 14h28.25.434967 +0530,
,20,0,1,,,ta_l_,table,new,,[np.float64(-0.028333333333333332)],[np.float64(-0.2966666666666667)],[1],[0],[0],[1.8601780999451876],['text_3'],,,,,1,0,20,15,181.42918159998953,,,,,,,,181.40244439989328,181.42918159998953,181.42918159998953,181.42918159998953,0.0036642998456954956,183.26317219994962,,[np.float64(-0.028333333333333332)],[np.float64(-0.2966666666666667)],[1],[0],[0],[1.8601780999451876],['text_3'],p2,001,2025-10-12_14h28.18.296,word_priming,,2025.1.1,60.160978782174794,2025-10-12 14h28.25.434967 +0530,
,21,1,1,,,_a_bl_,Marble,old ,Marble,[np.float64(-0.028333333333333332)],[np.float64(-0.2966666666666667)],[1],[0],[0],[9.021932099945843],['text_3'],,,,,1,1,21,11,183.2937090001069,,,,,,,,183.26674290001392,183.2937090001069,183.2937090001069,183.2937090001069,0.0034258998930454254,192.28923190012574,Marble,[np.float64(-0.028333333333333332)],[np.float64(-0.2966666666666667)],[1],[0],[0],[9.021932099945843],['text_3'],p2,001,2025-10-12_14h28.18.296,word_priming,,2025.1.1,60.160978782174794,2025-10-12 14h28.25.434967 +0530,
,22,2,1,,,p_nc_l,pencil,new,penci;,[np.float64(-0.028333333333333332)],[np.float64(-0.2966666666666667)],[1],[0],[0],[4.789704499766231],['text_3'],,,,,1,2,22,16,192.31837189989164,,,,,,,,192.29274250008166,192.31837189989164,192.31837189989164,192.31837189989164,0.0033696996979415417,197.08300230000168,penci;,[np.float64(-0.028333333333333332)],[np.float64(-0.2966666666666667)],[1],[0],[0],[4.789704499766231],['text_3'],p2,001,2025-10-12_14h28.18.296,word_priming,,2025.1.1,60.160978782174794,2025-10-12 14h28.25.434967 +0530,
,23,3,1,,,bo_t_e,bottle,new,bottle,"[np.float64(0.028333333333333332), np.float64(-0.03333333333333333)]","[np.float64(-0.065), np.float64(-0.31333333333333335)]","[1, 1]","[0, 0]","[0, 0]","[6.724208899773657, 8.039089699741453]","[None, 'text_3']",,,,,1,3,23,18,197.11339729977772,,,,,,,,197.08703280007467,197.11339729977772,197.11339729977772,197.11339729977772,0.0038887998089194298,205.12682119989768,bottle,"[np.float64(0.028333333333333332), np.float64(-0.03333333333333333)]","[np.float64(-0.065), np.float64(-0.31333333333333335)]","[1, 1]","[0, 0]","[0, 0]","[6.724208899773657, 8.039089699741453]","[None, 'text_3']",p2,001,2025-10-12_14h28.18.296,word_priming,,2025.1.1,60.160978782174794,2025-10-12 14h28.25.434967 +0530,
,24,4,1,,,c_s_,case,old ,case,[np.float64(0.041666666666666664)],[np.float64(-0.2966666666666667)],[1],[0],[0],[3.3896210002712905],['text_3'],,,,,1,4,24,5,205.15584649983793,,,,,,,,205.13138719974086,205.15584649983793,205.15584649983793,205.15584649983793,0.0043163001537323,208.52179099991918,case,[np.float64(0.041666666666666664)],[np.float64(-0.2966666666666667)],[1],[0],[0],[3.3896210002712905],['text_3'],p2,001,2025-10-12_14h28.18.296,word_priming,,2025.1.1,60.160978782174794,2025-10-12 14h28.25.434967 +0530,
,25,5,1,,,P_str_,pastry,old ,Poster,[np.float64(0.041666666666666664)],[np.float64(-0.2966666666666667)],[1],[0],[0],[4.27384930010885],['text_3'],,,,,1,5,25,4,208.552392099984,,,,,,,,208.52720029978082,208.552392099984,208.552392099984,208.552392099984,0.00519930012524128,212.8018434997648,Poster,[np.float64(0.041666666666666664)],[np.float64(-0.2966666666666667)],[1],[0],[0],[4.27384930010885],['text_3'],p2,001,2025-10-12_14h28.18.296,word_priming,,2025.1.1,60.160978782174794,2025-10-12 14h28.25.434967 +0530,
,26,6,1,,,P_st_r,Poster,old ,Poster,[np.float64(0.041666666666666664)],[np.float64(-0.2966666666666667)],[1],[0],[0],[9.001075000036508],['text_3'],,,,,1,6,26,9,212.8315074997954,,,,,,,,212.80682609975338,212.8315074997954,212.8315074997954,212.8315074997954,0.0047705997712910175,221.80859779985622,Poster,[np.float64(0.041666666666666664)],[np.float64(-0.2966666666666667)],[1],[0],[0],[9.001075000036508],['text_3'],p2,001,2025-10-12_14h28.18.296,word_priming,,2025.1.1,60.160978782174794,2025-10-12 14h28.25.434967 +0530,
,27,7,1,,,_ru_s_,cruise,old ,cruise,[np.float64(0.041666666666666664)],[np.float64(-0.2966666666666667)],[1],[0],[0],[5.124444399960339],['text_3'],,,,,1,7,27,6,221.83934679999948,,,,,,,,221.81204449990764,221.83934679999948,221.83934679999948,221.83934679999948,0.0032963999547064304,226.93715729983523,cruise,[np.float64(0.041666666666666664)],[np.float64(-0.2966666666666667)],[1],[0],[0],[5.124444399960339],['text_3'],p2,001,2025-10-12_14h28.18.296,word_priming,,2025.1.1,60.160978782174794,2025-10-12 14h28.25.434967 +0530,
,28,8,1,,,_ou_se,mouse,old ,mouse,[np.float64(0.041666666666666664)],[np.float64(-0.2966666666666667)],[1],[0],[0],[2.876970199868083],['text_3'],,,,,1,8,28,3,226.96752479998395,,,,,,,,226.94075080007315,226.96752479998395,226.96752479998395,226.96752479998395,0.003449799958616495,229.81835610000417,mouse,[np.float64(0.041666666666666664)],[np.float64(-0.2966666666666667)],[1],[0],[0],[2.876970199868083],['text_3'],p2,001,2025-10-12_14h28.18.296,word_priming,,2025.1.1,60.160978782174794,2025-10-12 14h28.25.434967 +0530,
,29,9,1,,,K_y_,Keys,old ,Keys,[np.float64(0.041666666666666664)],[np.float64(-0.2966666666666667)],[1],[0],[0],[3.9921312001533806],['text_3'],,,,,1,9,29,8,229.8481236998923,,,,,,,,229.8214854998514,229.8481236998923,229.8481236998923,229.8481236998923,0.0029833000153303146,233.81442660000175,Keys,[np.float64(0.041666666666666664)],[np.float64(-0.2966666666666667)],[1],[0],[0],[3.9921312001533806],['text_3'],p2,001,2025-10-12_14h28.18.296,word_priming,,2025.1.1,60.160978782174794,2025-10-12 14h28.25.434967 +0530,
,30,10,1,,,c_s_io_,cushion,old ,cushion,[np.float64(0.041666666666666664)],[np.float64(-0.2966666666666667)],[1],[0],[0],[4.1062178001739085],['text_3'],,,,,1,10,30,14,233.84424440003932,,,,,,,,233.81944089988247,233.84424440003932,233.84424440003932,233.84424440003932,0.0048143998719751835,237.9265141999349,cushion,[np.float64(0.041666666666666664)],[np.float64(-0.2966666666666667)],[1],[0],[0],[4.1062178001739085],['text_3'],p2,001,2025-10-12_14h28.18.296,word_priming,,2025.1.1,60.160978782174794,2025-10-12 14h28.25.434967 +0530,
,31,11,1,,,T_hi_t,Tshirt,old ,Tshirt,[np.float64(0.041666666666666664)],[np.float64(-0.2966666666666667)],[1],[0],[0],[4.206557400058955],['text_3'],,,,,1,11,31,2,237.95674749976024,,,,,,,,237.93248730013147,237.95674749976024,237.95674749976024,237.95674749976024,0.005689000245183706,242.13982169982046,Tshirt,[np.float64(0.041666666666666664)],[np.float64(-0.2966666666666667)],[1],[0],[0],[4.206557400058955],['text_3'],p2,001,2025-10-12_14h28.18.296,word_priming,,2025.1.1,60.160978782174794,2025-10-12 14h28.25.434967 +0530,
,32,12,1,,,v_s_,vase,new,,[np.float64(0.041666666666666664)],[np.float64(-0.2966666666666667)],[1],[0],[0],[3.0077892001718283],['text_3'],,,,,1,12,32,17,242.16924230009317,,,,,,,,242.1437753001228,242.16924230009317,242.16924230009317,242.16924230009317,0.0037938999012112617,245.15225189970806,,[np.float64(0.041666666666666664)],[np.float64(-0.2966666666666667)],[1],[0],[0],[3.0077892001718283],['text_3'],p2,001,2025-10-12_14h28.18.296,word_priming,,2025.1.1,60.160978782174794,2025-10-12 14h28.25.434967 +0530,
,33,13,1,,,_ho_e,Phone,old ,phone,[np.float64(0.041666666666666664)],[np.float64(-0.2966666666666667)],[1],[0],[0],[6.3388633001595736],['text_3'],,,,,1,13,33,12,245.18288999982178,,,,,,,,245.15655389986932,245.18288999982178,245.18288999982178,245.18288999982178,0.004152100067585707,251.4962239000015,phone,[np.float64(0.041666666666666664)],[np.float64(-0.2966666666666667)],[1],[0],[0],[6.3388633001595736],['text_3'],p2,001,2025-10-12_14h28.18.296,word_priming,,2025.1.1,60.160978782174794,2025-10-12 14h28.25.434967 +0530,
,34,14,1,,,l_pt_p,laptop,old ,laptop,[],[],[],[],[],[],[],,,,,1,14,34,0,251.52678269986063,,,,,,,,251.50118619995192,251.52678269986063,251.52678269986063,251.52678269986063,0.004758799914270639,261.5020085000433,laptop,[],[],[],[],[],[],[],p2,001,2025-10-12_14h28.18.296,word_priming,,2025.1.1,60.160978782174794,2025-10-12 14h28.25.434967 +0530,
,35,15,1,,,_ha_t,chart,old ,chart,[np.float64(0.041666666666666664)],[np.float64(-0.2966666666666667)],[1],[0],[0],[8.936198599636555],['text_3'],,,,,1,15,35,1,261.53354580001906,,,,,,,,261.5069569000043,261.53354580001906,261.53354580001906,261.53354580001906,0.010535100009292364,270.4440775997937,chart,[np.float64(0.041666666666666664)],[np.float64(-0.2966666666666667)],[1],[0],[0],[8.936198599636555],['text_3'],p2,001,2025-10-12_14h28.18.296,word_priming,,2025.1.1,60.160978782174794,2025-10-12 14h28.25.434967 +0530,
,36,16,1,,,_oo_,book,old ,book,[np.float64(0.041666666666666664)],[np.float64(-0.2966666666666667)],[1],[0],[0],[3.392237899824977],['text_3'],,,,,1,16,36,13,270.4743639999069,,,,,,,,270.4485458997078,270.4743639999069,270.4743639999069,270.4743639999069,0.00419939961284399,273.84156409977004,book,[np.float64(0.041666666666666664)],[np.float64(-0.2966666666666667)],[1],[0],[0],[3.392237899824977],['text_3'],p2,001,2025-10-12_14h28.18.296,word_priming,,2025.1.1,60.160978782174794,2025-10-12 14h28.25.434967 +0530,
,37,17,1,,,_o_rd,Board,old ,Board,[],[],[],[],[],[],[],,,,,1,17,37,10,273.8714374001138,,,,,,,,273.8453736999072,273.8714374001138,273.8714374001138,273.8714374001138,0.003662300296127796,283.84686459973454,Board,[],[],[],[],[],[],[],p2,001,2025-10-12_14h28.18.296,word_priming,,2025.1.1,60.160978782174794,2025-10-12 14h28.25.434967 +0530,
,38,18,1,,,c_m_ra,camera,new,camera,[],[],[],[],[],[],[],,,,,1,18,38,19,283.8776921001263,,,,,,,,283.85045149968937,283.8776921001263,283.8776921001263,283.8776921001263,0.008741500321775675,293.8531491998583,camera,[],[],[],[],[],[],[],p2,001,2025-10-12_14h28.18.296,word_priming,,2025.1.1,60.160978782174794,2025-10-12 14h28.25.434967 +0530,
,39,19,1,,,P_li_e,Police,old ,Police,[],[],[],[],[],[],[],,,,,1,19,39,7,293.8850537999533,,,,,,,,293.85675820009783,293.8850537999533,293.8850537999533,293.8850537999533,0.015050699934363365,303.84370449976996,Police,[],[],[],[],[],[],[],p2,001,2025-10-12_14h28.18.296,word_priming,,2025.1.1,60.160978782174794,2025-10-12 14h28.25.434967 +0530,
,40,0,2,,,_ha_t,chart,old ,,[np.float64(0.041666666666666664)],[np.float64(-0.2966666666666667)],[1],[0],[0],[0.129585400223732],['text_3'],,,,,2,0,40,1,303.8750891997479,,,,,,,,303.84718600008637,303.8750891997479,303.8750891997479,303.8750891997479,0.005478300154209137,303.9775152998045,,[np.float64(0.041666666666666664)],[np.float64(-0.2966666666666667)],[1],[0],[0],[0.129585400223732],['text_3'],p2,001,2025-10-12_14h28.18.296,word_priming,,2025.1.1,60.160978782174794,2025-10-12 14h28.25.434967 +0530,
,41,1,2,,,bo_t_e,bottle,new,bottle,[np.float64(0.041666666666666664)],[np.float64(-0.2966666666666667)],[1],[0],[0],[4.557872800156474],['text_3'],,,,,2,1,41,18,304.0083427000791,,,,,,,,303.9823286999017,304.0083427000791,304.0083427000791,304.0083427000791,0.004647400230169296,308.5409480999224,bottle,[np.float64(0.041666666666666664)],[np.float64(-0.2966666666666667)],[1],[0],[0],[4.557872800156474],['text_3'],p2,001,2025-10-12_14h28.18.296,word_priming,,2025.1.1,60.160978782174794,2025-10-12 14h28.25.434967 +0530,
,42,2,2,,,_ru_s_,cruise,old ,cruise,[np.float64(0.041666666666666664)],[np.float64(-0.2966666666666667)],[1],[0],[0],[4.972876799758524],['text_3'],,,,,2,2,42,6,308.5703873001039,,,,,,,,308.5444982997142,308.5703873001039,308.5703873001039,308.5703873001039,0.003406899981200695,313.5181399998255,cruise,[np.float64(0.041666666666666664)],[np.float64(-0.2966666666666667)],[1],[0],[0],[4.972876799758524],['text_3'],p2,001,2025-10-12_14h28.18.296,word_priming,,2025.1.1,60.160978782174794,2025-10-12 14h28.25.434967 +0530,
,43,3,2,,,_ho_e,Phone,old ,phone,[np.float64(0.041666666666666664)],[np.float64(-0.2966666666666667)],[1],[0],[0],[3.793201600201428],['text_3'],,,,,2,3,43,12,313.5487680998631,,,,,,,,313.5223244000226,313.5487680998631,313.5487680998631,313.5487680998631,0.0040398999117314816,317.3163065998815,phone,[np.float64(0.041666666666666664)],[np.float64(-0.2966666666666667)],[1],[0],[0],[3.793201600201428],['text_3'],p2,001,2025-10-12_14h28.18.296,word_priming,,2025.1.1,60.160978782174794,2025-10-12 14h28.25.434967 +0530,
,44,4,2,,,K_y_,Keys,old ,Keys,[np.float64(0.041666666666666664)],[np.float64(-0.2966666666666667)],[1],[0],[0],[3.092374200001359],['text_3'],,,,,2,4,44,8,317.3451930996962,,,,,,,,317.3194889998995,317.3451930996962,317.3451930996962,317.3451930996962,0.0030378997325897217,320.41264689993113,Keys,[np.float64(0.041666666666666664)],[np.float64(-0.2966666666666667)],[1],[0],[0],[3.092374200001359],['text_3'],p2,001,2025-10-12_14h28.18.296,word_priming,,2025.1.1,60.160978782174794,2025-10-12 14h28.25.434967 +0530,
,45,5,2,,,c_s_,case,old ,case,[np.float64(0.041666666666666664)],[np.float64(-0.2966666666666667)],[1],[0],[0],[2.675871499814093],['text_3'],,,,,2,5,45,5,320.4421405000612,,,,,,,,320.4161498998292,320.4421405000612,320.4421405000612,320.4421405000612,0.003337400034070015,323.0928003997542,case,[np.float64(0.041666666666666664)],[np.float64(-0.2966666666666667)],[1],[0],[0],[2.675871499814093],['text_3'],p2,001,2025-10-12_14h28.18.296,word_priming,,2025.1.1,60.160978782174794,2025-10-12 14h28.25.434967 +0530,
,46,6,2,,,T_hi_t,Tshirt,old ,Tshirt,[np.float64(0.041666666666666664)],[np.float64(-0.2966666666666667)],[1],[0],[0],[3.525429100263864],['text_3'],,,,,2,6,46,2,323.12238880014047,,,,,,,,323.0964067997411,323.12238880014047,323.12238880014047,323.12238880014047,0.0034592999145388603,326.62263529980555,Tshirt,[np.float64(0.041666666666666664)],[np.float64(-0.2966666666666667)],[1],[0],[0],[3.525429100263864],['text_3'],p2,001,2025-10-12_14h28.18.296,word_priming,,2025.1.1,60.160978782174794,2025-10-12 14h28.25.434967 +0530,
,47,7,2,,,_a_bl_,Marble,old ,Marble,[np.float64(0.041666666666666664)],[np.float64(-0.2966666666666667)],[1],[0],[0],[6.589568600058556],['text_3'],,,,,2,7,47,11,326.6524915001355,,,,,,,,326.6264392999001,326.6524915001355,326.6524915001355,326.6524915001355,0.003658900037407875,333.21681080013514,Marble,[np.float64(0.041666666666666664)],[np.float64(-0.2966666666666667)],[1],[0],[0],[6.589568600058556],['text_3'],p2,001,2025-10-12_14h28.18.296,word_priming,,2025.1.1,60.160978782174794,2025-10-12 14h28.25.434967 +0530,
,48,8,2,,,ta_l_,table,new,tabl,[np.float64(0.041666666666666664)],[np.float64(-0.2966666666666667)],[1],[0],[0],[5.70507699996233],['text_3'],,,,,2,8,48,15,333.2460757996887,,,,,,,,333.22153820004314,333.2460757996887,333.2460757996887,333.2460757996887,0.004579900298267603,338.9276099000126,tabl,[np.float64(0.041666666666666664)],[np.float64(-0.2966666666666667)],[1],[0],[0],[5.70507699996233],['text_3'],p2,001,2025-10-12_14h28.18.296,word_priming,,2025.1.1,60.160978782174794,2025-10-12 14h28.25.434967 +0530,
,49,9,2,,,P_str_,pastry,old ,Pastry,[np.float64(0.041666666666666664)],[np.float64(-0.2966666666666667)],[1],[0],[0],[5.52064949972555],['text_3'],,,,,2,9,49,4,338.9569679000415,,,,,,,,338.9327973998152,338.9569679000415,338.9569679000415,338.9569679000415,0.0049912999384105206,344.45438449969515,Pastry,[np.float64(0.041666666666666664)],[np.float64(-0.2966666666666667)],[1],[0],[0],[5.52064949972555],['text_3'],p2,001,2025-10-12_14h28.18.296,word_priming,,2025.1.1,60.160978782174794,2025-10-12 14h28.25.434967 +0530,
,50,10,2,,,_oo_,book,old ,book,[np.float64(0.041666666666666664)],[np.float64(-0.2966666666666667)],[1],[0],[0],[3.177327500190586],['text_3'],,,,,2,10,50,13,344.48503459990025,,,,,,,,344.457560100127,344.48503459990025,344.48503459990025,344.48503459990025,0.003003499936312437,347.6357240998186,book,[np.float64(0.041666666666666664)],[np.float64(-0.2966666666666667)],[1],[0],[0],[3.177327500190586],['text_3'],p2,001,2025-10-12_14h28.18.296,word_priming,,2025.1.1,60.160978782174794,2025-10-12 14h28.25.434967 +0530,
,51,11,2,,,_ou_se,mouse,old ,mouse,[np.float64(0.041666666666666664)],[np.float64(-0.2966666666666667)],[1],[0],[0],[3.5079623996280134],['text_3'],,,,,2,11,51,3,347.6650944999419,,,,,,,,347.6391654997133,347.6650944999419,347.6650944999419,347.6650944999419,0.003266999963670969,351.14814369985834,mouse,[np.float64(0.041666666666666664)],[np.float64(-0.2966666666666667)],[1],[0],[0],[3.5079623996280134],['text_3'],p2,001,2025-10-12_14h28.18.296,word_priming,,2025.1.1,60.160978782174794,2025-10-12 14h28.25.434967 +0530,
,52,12,2,,,P_li_e,Police,old ,Poilce,[np.float64(0.041666666666666664)],[np.float64(-0.2966666666666667)],[1],[0],[0],[3.9238223996944726],['text_3'],,,,,2,12,52,7,351.1782297999598,,,,,,,,351.15310300001875,351.1782297999598,351.1782297999598,351.1782297999598,0.004727799911051989,355.0778723000549,Poilce,[np.float64(0.041666666666666664)],[np.float64(-0.2966666666666667)],[1],[0],[0],[3.9238223996944726],['text_3'],p2,001,2025-10-12_14h28.18.296,word_priming,,2025.1.1,60.160978782174794,2025-10-12 14h28.25.434967 +0530,
,53,13,2,,,_o_rd,Board,old ,Board,[np.float64(0.041666666666666664)],[np.float64(-0.2966666666666667)],[1],[0],[0],[5.973415300250053],['text_3'],,,,,2,13,53,10,355.10785319982097,,,,,,,,355.0816521998495,355.10785319982097,355.10785319982097,355.10785319982097,0.0036376998759806156,361.0561147998087,Board,[np.float64(0.041666666666666664)],[np.float64(-0.2966666666666667)],[1],[0],[0],[5.973415300250053],['text_3'],p2,001,2025-10-12_14h28.18.296,word_priming,,2025.1.1,60.160978782174794,2025-10-12 14h28.25.434967 +0530,
,54,14,2,,,c_s_io_,cushion,old ,cushion,[np.float64(0.041666666666666664)],[np.float64(-0.2966666666666667)],[1],[0],[0],[3.83833869965747],['text_3'],,,,,2,14,54,14,361.0854059001431,,,,,,,,361.0615813001059,361.0854059001431,361.0854059001431,361.0854059001431,0.005258500110358,364.9008992998861,cushion,[np.float64(0.041666666666666664)],[np.float64(-0.2966666666666667)],[1],[0],[0],[3.83833869965747],['text_3'],p2,001,2025-10-12_14h28.18.296,word_priming,,2025.1.1,60.160978782174794,2025-10-12 14h28.25.434967 +0530,
,55,15,2,,,P_st_r,Poster,old ,Poster,[np.float64(0.041666666666666664)],[np.float64(-0.2966666666666667)],[1],[0],[0],[3.2760851997882128],['text_3'],,,,,2,15,55,9,364.9310516999103,,,,,,,,364.9044061000459,364.9310516999103,364.9310516999103,364.9310516999103,0.003343199845403433,368.1814032997936,Poster,[np.float64(0.041666666666666664)],[np.float64(-0.2966666666666667)],[1],[0],[0],[3.2760851997882128],['text_3'],p2,001,2025-10-12_14h28.18.296,word_priming,,2025.1.1,60.160978782174794,2025-10-12 14h28.25.434967 +0530,
,56,16,2,,,l_pt_p,laptop,old ,laptop,[np.float64(0.041666666666666664)],[np.float64(-0.2966666666666667)],[1],[0],[0],[3.275996800046414],['text_3'],,,,,2,16,56,0,368.21138869971037,,,,,,,,368.18547170003876,368.21138869971037,368.21138869971037,368.21138869971037,0.0038891001604497433,371.46238130005077,laptop,[np.float64(0.041666666666666664)],[np.float64(-0.2966666666666667)],[1],[0],[0],[3.275996800046414],['text_3'],p2,001,2025-10-12_14h28.18.296,word_priming,,2025.1.1,60.160978782174794,2025-10-12 14h28.25.434967 +0530,
,57,17,2,,,p_nc_l,pencil,new,pencil,[np.float64(0.041666666666666664)],[np.float64(-0.2966666666666667)],[1],[0],[0],[3.1087027001194656],['text_3'],,,,,2,17,57,16,371.4916686997749,,,,,,,,371.4659569999203,371.4916686997749,371.4916686997749,371.4916686997749,0.003413500264286995,374.5758442999795,pencil,[np.float64(0.041666666666666664)],[np.float64(-0.2966666666666667)],[1],[0],[0],[3.1087027001194656],['text_3'],p2,001,2025-10-12_14h28.18.296,word_priming,,2025.1.1,60.160978782174794,2025-10-12 14h28.25.434967 +0530,
,58,18,2,,,c_m_ra,camera,new,camera,[np.float64(0.041666666666666664)],[np.float64(-0.2966666666666667)],[1],[0],[0],[3.6572668999433517],['text_3'],,,,,2,18,58,19,374.6054728999734,,,,,,,,374.58078690012917,374.6054728999734,374.6054728999734,374.6054728999734,0.004708599764853716,378.23907979996875,camera,[np.float64(0.041666666666666664)],[np.float64(-0.2966666666666667)],[1],[0],[0],[3.6572668999433517],['text_3'],p2,001,2025-10-12_14h28.18.296,word_priming,,2025.1.1,60.160978782174794,2025-10-12 14h28.25.434967 +0530,
,59,19,2,,,v_s_,vase,new,,[np.float64(0.041666666666666664)],[np.float64(-0.2966666666666667)],[1],[0],[0],[3.5418246001936495],['text_3'],,,,,2,19,59,17,378.26838340004906,,,,,,,,378.242169899866,378.26838340004906,378.26838340004906,378.26838340004906,0.002943200059235096,381.7849139999598,,[np.float64(0.041666666666666664)],[np.float64(-0.2966666666666667)],[1],[0],[0],[3.5418246001936495],['text_3'],p2,001,2025-10-12_14h28.18.296,word_priming,,2025.1.1,60.160978782174794,2025-10-12 14h28.25.434967 +0530,
,60,0,3,,,_oo_,book,old ,book,[np.float64(0.041666666666666664)],[np.float64(-0.2966666666666667)],[1],[0],[0],[2.910565299913287],['text_3'],,,,,3,0,60,13,381.814833200071,,,,,,,,381.7879824000411,381.814833200071,381.814833200071,381.814833200071,0.002922599669545889,384.699462399818,book,[np.float64(0.041666666666666664)],[np.float64(-0.2966666666666667)],[1],[0],[0],[2.910565299913287],['text_3'],p2,001,2025-10-12_14h28.18.296,word_priming,,2025.1.1,60.160978782174794,2025-10-12 14h28.25.434967 +0530,
,61,1,3,,,P_li_e,Police,old ,Police,[np.float64(0.041666666666666664)],[np.float64(-0.2966666666666667)],[1],[0],[0],[5.988574999850243],['text_3'],,,,,3,1,61,7,384.7286800998263,,,,,,,,384.70289869979024,384.7286800998263,384.7286800998263,384.7286800998263,0.003274800255894661,390.6924100997858,Police,[np.float64(0.041666666666666664)],[np.float64(-0.2966666666666667)],[1],[0],[0],[5.988574999850243],['text_3'],p2,001,2025-10-12_14h28.18.296,word_priming,,2025.1.1,60.160978782174794,2025-10-12 14h28.25.434967 +0530,
,62,2,3,,,bo_t_e,bottle,new,bottle,[np.float64(0.041666666666666664)],[np.float64(-0.2966666666666667)],[1],[0],[0],[3.0762970997020602],['text_3'],,,,,3,2,62,18,390.7227960000746,,,,,,,,390.69626289978623,390.7227960000746,390.7227960000746,390.7227960000746,0.003676499705761671,393.773526399862,bottle,[np.float64(0.041666666666666664)],[np.float64(-0.2966666666666667)],[1],[0],[0],[3.0762970997020602],['text_3'],p2,001,2025-10-12_14h28.18.296,word_priming,,2025.1.1,60.160978782174794,2025-10-12 14h28.25.434967 +0530,
,63,3,3,,,T_hi_t,Tshirt,old ,Tshirt,[np.float64(0.041666666666666664)],[np.float64(-0.2966666666666667)],[1],[0],[0],[4.240123199764639],['text_3'],,,,,3,3,63,2,393.8031989997253,,,,,,,,393.7773617999628,393.8031989997253,393.8031989997253,393.8031989997253,0.0036929999478161335,398.01867289980873,Tshirt,[np.float64(0.041666666666666664)],[np.float64(-0.2966666666666667)],[1],[0],[0],[4.240123199764639],['text_3'],p2,001,2025-10-12_14h28.18.296,word_priming,,2025.1.1,60.160978782174794,2025-10-12 14h28.25.434967 +0530,
,64,4,3,,,c_m_ra,camera,new,camera,[np.float64(0.041666666666666664)],[np.float64(-0.2966666666666667)],[1],[0],[0],[3.257978499867022],['text_3'],,,,,3,4,64,19,398.04887269996107,,,,,,,,398.02365129999816,398.04887269996107,398.04887269996107,398.04887269996107,0.004780200310051441,401.28270659968257,camera,[np.float64(0.041666666666666664)],[np.float64(-0.2966666666666667)],[1],[0],[0],[3.257978499867022],['text_3'],p2,001,2025-10-12_14h28.18.296,word_priming,,2025.1.1,60.160978782174794,2025-10-12 14h28.25.434967 +0530,
,65,5,3,,,_o_rd,Board,old ,Board,[np.float64(0.041666666666666664)],[np.float64(-0.2966666666666667)],[1],[0],[0],[7.803296000231057],['text_3'],,,,,3,5,65,10,401.31232569972053,,,,,,,,401.2869279999286,401.31232569972053,401.31232569972053,401.31232569972053,0.00408060010522604,409.09124360000715,Board,[np.float64(0.041666666666666664)],[np.float64(-0.2966666666666667)],[1],[0],[0],[7.803296000231057],['text_3'],p2,001,2025-10-12_14h28.18.296,word_priming,,2025.1.1,60.160978782174794,2025-10-12 14h28.25.434967 +0530,
,66,6,3,,,_a_bl_,Marble,old ,Marble,[np.float64(0.041666666666666664)],[np.float64(-0.2966666666666667)],[1],[0],[0],[4.5417271996848285],['text_3'],,,,,3,6,66,11,409.1212137998082,,,,,,,,409.09472829988226,409.1212137998082,409.1212137998082,409.1212137998082,0.003343199845403433,413.6374538997188,Marble,[np.float64(0.041666666666666664)],[np.float64(-0.2966666666666667)],[1],[0],[0],[4.5417271996848285],['text_3'],p2,001,2025-10-12_14h28.18.296,word_priming,,2025.1.1,60.160978782174794,2025-10-12 14h28.25.434967 +0530,
,67,7,3,,,v_s_,vase,new,vase,[np.float64(0.041666666666666664)],[np.float64(-0.2966666666666667)],[1],[0],[0],[2.6101128002628684],['text_3'],,,,,3,7,67,17,413.66676699975505,,,,,,,,413.6406613998115,413.66676699975505,413.66676699975505,413.66676699975505,0.003047400154173374,416.25179990008473,vase,[np.float64(0.041666666666666664)],[np.float64(-0.2966666666666667)],[1],[0],[0],[2.6101128002628684],['text_3'],p2,001,2025-10-12_14h28.18.296,word_priming,,2025.1.1,60.160978782174794,2025-10-12 14h28.25.434967 +0530,
,68,8,3,,,_ru_s_,cruise,old ,cruise,[np.float64(0.041666666666666664)],[np.float64(-0.2966666666666667)],[1],[0],[0],[3.6081347996369004],['text_3'],,,,,3,8,68,6,416.28098289994523,,,,,,,,416.25557080004364,416.28098289994523,416.28098289994523,416.28098289994523,0.003604600206017494,419.8647310999222,cruise,[np.float64(0.041666666666666664)],[np.float64(-0.2966666666666667)],[1],[0],[0],[3.6081347996369004],['text_3'],p2,001,2025-10-12_14h28.18.296,word_priming,,2025.1.1,60.160978782174794,2025-10-12 14h28.25.434967 +0530,
,69,9,3,,,c_s_io_,cushion,old ,cushion,[np.float64(0.041666666666666664)],[np.float64(-0.2966666666666667)],[1],[0],[0],[3.3423331999219954],['text_3'],,,,,3,9,69,14,419.8938993997872,,,,,,,,419.86830070009455,419.8938993997872,419.8938993997872,419.8938993997872,0.0034073996357619762,423.2116855997592,cushion,[np.float64(0.041666666666666664)],[np.float64(-0.2966666666666667)],[1],[0],[0],[3.3423331999219954],['text_3'],p2,001,2025-10-12_14h28.18.296,word_priming,,2025.1.1,60.160978782174794,2025-10-12 14h28.25.434967 +0530,
,70,10,3,,,_ou_se,mouse,old ,mouse,[np.float64(0.041666666666666664)],[np.float64(-0.2966666666666667)],[1],[0],[0],[2.941711400169879],['text_3'],,,,,3,10,70,3,423.2406882001087,,,,,,,,423.21514400001615,423.2406882001087,423.2406882001087,423.2406882001087,0.0032998998649418354,426.15789859974757,mouse,[np.float64(0.041666666666666664)],[np.float64(-0.2966666666666667)],[1],[0],[0],[2.941711400169879],['text_3'],p2,001,2025-10-12_14h28.18.296,word_priming,,2025.1.1,60.160978782174794,2025-10-12 14h28.25.434967 +0530,
,71,11,3,,,_ha_t,chart,old ,chart,[np.float64(0.041666666666666664)],[np.float64(-0.2966666666666667)],[1],[0],[0],[3.2750969999469817],['text_3'],,,,,3,11,71,1,426.1878136997111,,,,,,,,426.16162650007755,426.1878136997111,426.1878136997111,426.1878136997111,0.0035729999653995037,429.43777199974284,chart,[np.float64(0.041666666666666664)],[np.float64(-0.2966666666666667)],[1],[0],[0],[3.2750969999469817],['text_3'],p2,001,2025-10-12_14h28.18.296,word_priming,,2025.1.1,60.160978782174794,2025-10-12 14h28.25.434967 +0530,
,72,12,3,,,p_nc_l,pencil,new,pencil,[np.float64(0.041666666666666664)],[np.float64(-0.2966666666666667)],[1],[0],[0],[3.1416187998838723],['text_3'],,,,,3,12,72,16,429.46776139969006,,,,,,,,429.4415533998981,429.46776139969006,429.46776139969006,429.46776139969006,0.0036361999809741974,432.5842367000878,pencil,[np.float64(0.041666666666666664)],[np.float64(-0.2966666666666667)],[1],[0],[0],[3.1416187998838723],['text_3'],p2,001,2025-10-12_14h28.18.296,word_priming,,2025.1.1,60.160978782174794,2025-10-12 14h28.25.434967 +0530,
,73,13,3,,,P_st_r,Poster,old ,Poster,[np.float64(0.041666666666666664)],[np.float64(-0.2966666666666667)],[1],[0],[0],[3.6429042001254857],['text_3'],,,,,3,13,73,9,432.6146503998898,,,,,,,,432.58770029991865,432.6146503998898,432.6146503998898,432.6146503998898,0.003307499922811985,436.23167209979147,Poster,[np.float64(0.041666666666666664)],[np.float64(-0.2966666666666667)],[1],[0],[0],[3.6429042001254857],['text_3'],p2,001,2025-10-12_14h28.18.296,word_priming,,2025.1.1,60.160978782174794,2025-10-12 14h28.25.434967 +0530,
,74,14,3,,,P_str_,pastry,old ,Pastry,[np.float64(0.041666666666666664)],[np.float64(-0.2966666666666667)],[1],[0],[0],[3.723465600050986],['text_3'],,,,,3,14,74,4,436.26070849969983,,,,,,,,436.23567740013823,436.26070849969983,436.26070849969983,436.26070849969983,0.0038574999198317528,439.960253899917,Pastry,[np.float64(0.041666666666666664)],[np.float64(-0.2966666666666667)],[1],[0],[0],[3.723465600050986],['text_3'],p2,001,2025-10-12_14h28.18.296,word_priming,,2025.1.1,60.160978782174794,2025-10-12 14h28.25.434967 +0530,
,75,15,3,,,_ho_e,Phone,old ,phone,[np.float64(0.041666666666666664)],[np.float64(-0.2966666666666667)],[1],[0],[0],[5.990744499955326],['text_3'],,,,,3,15,75,12,439.99076819978654,,,,,,,,439.96380069991574,439.99076819978654,439.99076819978654,439.99076819978654,0.003400899935513735,445.95565450005233,phone,[np.float64(0.041666666666666664)],[np.float64(-0.2966666666666667)],[1],[0],[0],[5.990744499955326],['text_3'],p2,001,2025-10-12_14h28.18.296,word_priming,,2025.1.1,60.160978782174794,2025-10-12 14h28.25.434967 +0530,
,76,16,3,,,c_s_,case,old ,case,[np.float64(0.041666666666666664)],[np.float64(-0.2966666666666667)],[1],[0],[0],[8.186118999961764],['text_3'],,,,,3,16,76,5,445.98486670013517,,,,,,,,445.95909569971263,445.98486670013517,445.98486670013517,445.98486670013517,0.0032879002392292023,454.1463208999485,case,[np.float64(0.041666666666666664)],[np.float64(-0.2966666666666667)],[1],[0],[0],[8.186118999961764],['text_3'],p2,001,2025-10-12_14h28.18.296,word_priming,,2025.1.1,60.160978782174794,2025-10-12 14h28.25.434967 +0530,
,77,17,3,,,ta_l_,table,new,table,[],[],[],[],[],[],[],,,,,3,17,77,15,454.1767255999148,,,,,,,,454.1498870998621,454.1767255999148,454.1767255999148,454.1767255999148,0.0034109000116586685,464.15222659986466,table,[],[],[],[],[],[],[],p2,001,2025-10-12_14h28.18.296,word_priming,,2025.1.1,60.160978782174794,2025-10-12 14h28.25.434967 +0530,
,78,18,3,,,K_y_,Keys,old ,,[],[],[],[],[],[],[],,,,,3,18,78,8,464.18355839978904,,,,,,,,464.1554906000383,464.18355839978904,464.18355839978904,464.18355839978904,0.009014399722218513,474.15851699979976,,[],[],[],[],[],[],[],p2,001,2025-10-12_14h28.18.296,word_priming,,2025.1.1,60.160978782174794,2025-10-12 14h28.25.434967 +0530,
,79,19,3,,,l_pt_p,laptop,old ,laptop,[],[],[],[],[],[],[],,,,,3,19,79,0,474.19007389992476,,,,,,,,474.1620688000694,474.19007389992476,474.19007389992476,474.19007389992476,0.015592999756336212,484.1488846996799,laptop,[],[],[],[],[],[],[],p2,001,2025-10-12_14h28.18.296,word_priming,,2025.1.1,60.160978782174794,2025-10-12 14h28.25.434967 +0530,
,80,0,4,,,ta_l_,table,new,,[np.float64(0.041666666666666664)],[np.float64(-0.2966666666666667)],[1],[0],[0],[2.8596680001355708],['text_3'],,,,,4,0,80,15,484.1801628000103,,,,,,,,484.15369320008904,484.1801628000103,484.1801628000103,484.1801628000103,0.0072387997061014175,487.0146582997404,,[np.float64(0.041666666666666664)],[np.float64(-0.2966666666666667)],[1],[0],[0],[2.8596680001355708],['text_3'],p2,001,2025-10-12_14h28.18.296,word_priming,,2025.1.1,60.160978782174794,2025-10-12 14h28.25.434967 +0530,
,81,1,4,,,v_s_,vase,new,,[np.float64(0.041666666666666664)],[np.float64(-0.2966666666666667)],[1],[0],[0],[2.627876500133425],['text_3'],,,,,4,1,81,17,487.04447600012645,,,,,,,,487.0177426999435,487.04447600012645,487.04447600012645,487.04447600012645,0.002935000229626894,489.64673779997975,,[np.float64(0.041666666666666664)],[np.float64(-0.2966666666666667)],[1],[0],[0],[2.627876500133425],['text_3'],p2,001,2025-10-12_14h28.18.296,word_priming,,2025.1.1,60.160978782174794,2025-10-12 14h28.25.434967 +0530,
,82,2,4,,,_ho_e,Phone,old ,phone,[np.float64(0.041666666666666664)],[np.float64(-0.2966666666666667)],[1],[0],[0],[3.8571875002235174],['text_3'],,,,,4,2,82,12,489.6750170998275,,,,,,,,489.6508050998673,489.6750170998275,489.6750170998275,489.6750170998275,0.003924199845641851,493.5091455997899,phone,[np.float64(0.041666666666666664)],[np.float64(-0.2966666666666667)],[1],[0],[0],[3.8571875002235174],['text_3'],p2,001,2025-10-12_14h28.18.296,word_priming,,2025.1.1,60.160978782174794,2025-10-12 14h28.25.434967 +0530,
,83,3,4,,,_ru_s_,cruise,old ,cruise,[np.float64(0.041666666666666664)],[np.float64(-0.2966666666666667)],[1],[0],[0],[4.988571200054139],['text_3'],,,,,4,3,83,6,493.53764150012285,,,,,,,,493.51295399991795,493.53764150012285,493.53764150012285,493.53764150012285,0.003665999975055456,498.5026765000075,cruise,[np.float64(0.041666666666666664)],[np.float64(-0.2966666666666667)],[1],[0],[0],[4.988571200054139],['text_3'],p2,001,2025-10-12_14h28.18.296,word_priming,,2025.1.1,60.160978782174794,2025-10-12 14h28.25.434967 +0530,
,84,4,4,,,c_s_,case,old ,case,[np.float64(0.041666666666666664)],[np.float64(-0.2966666666666667)],[1],[0],[0],[2.794155600015074],['text_3'],,,,,4,4,84,5,498.5328524997458,,,,,,,,498.50582379987463,498.5328524997458,498.5328524997458,498.5328524997458,0.0029915999621152878,501.30113280005753,case,[np.float64(0.041666666666666664)],[np.float64(-0.2966666666666667)],[1],[0],[0],[2.794155600015074],['text_3'],p2,001,2025-10-12_14h28.18.296,word_priming,,2025.1.1,60.160978782174794,2025-10-12 14h28.25.434967 +0530,
,85,5,4,,,_ha_t,chart,old ,chart,[np.float64(0.041666666666666664)],[np.float64(-0.2966666666666667)],[1],[0],[0],[3.257635500282049],['text_3'],,,,,4,5,85,1,501.3302492001094,,,,,,,,501.30509419972077,501.3302492001094,501.3302492001094,501.3302492001094,0.0038187000900506973,504.56389570003375,chart,[np.float64(0.041666666666666664)],[np.float64(-0.2966666666666667)],[1],[0],[0],[3.257635500282049],['text_3'],p2,001,2025-10-12_14h28.18.296,word_priming,,2025.1.1,60.160978782174794,2025-10-12 14h28.25.434967 +0530,
,86,6,4,,,_oo_,book,old ,book,[np.float64(0.041666666666666664)],[np.float64(-0.2966666666666667)],[1],[0],[0],[2.6919984999112785],['text_3'],,,,,4,6,86,13,504.59359919978306,,,,,,,,504.5674489000812,504.59359919978306,504.59359919978306,504.59359919978306,0.003379199653863907,507.2606254001148,book,[np.float64(0.041666666666666664)],[np.float64(-0.2966666666666667)],[1],[0],[0],[2.6919984999112785],['text_3'],p2,001,2025-10-12_14h28.18.296,word_priming,,2025.1.1,60.160978782174794,2025-10-12 14h28.25.434967 +0530,
,87,7,4,,,c_m_ra,camera,new,c,[np.float64(0.041666666666666664)],[np.float64(-0.2966666666666667)],[1],[0],[0],[1.9768455000594258],['text_3'],,,,,4,7,87,19,507.29096619971097,,,,,,,,507.26412399997935,507.29096619971097,507.29096619971097,507.29096619971097,0.003354799933731556,509.24215220008045,c,[np.float64(0.041666666666666664)],[np.float64(-0.2966666666666667)],[1],[0],[0],[1.9768455000594258],['text_3'],p2,001,2025-10-12_14h28.18.296,word_priming,,2025.1.1,60.160978782174794,2025-10-12 14h28.25.434967 +0530,
,88,8,4,,,T_hi_t,Tshirt,old ,Tshirt,[np.float64(0.041666666666666664)],[np.float64(-0.2966666666666667)],[1],[0],[0],[4.575128799770027],['text_3'],,,,,4,8,88,2,509.27233489975333,,,,,,,,509.2458041999489,509.27233489975333,509.27233489975333,509.27233489975333,0.0035101999528706074,513.822117799893,Tshirt,[np.float64(0.041666666666666664)],[np.float64(-0.2966666666666667)],[1],[0],[0],[4.575128799770027],['text_3'],p2,001,2025-10-12_14h28.18.296,word_priming,,2025.1.1,60.160978782174794,2025-10-12 14h28.25.434967 +0530,
,89,9,4,,,l_pt_p,laptop,old ,laptop,[np.float64(0.041666666666666664)],[np.float64(-0.2966666666666667)],[1],[0],[0],[4.457183400169015],['text_3'],,,,,4,9,89,0,513.8512091999874,,,,,,,,513.8255799999461,513.8512091999874,513.8512091999874,513.8512091999874,0.0032997000962495804,518.2839575000107,laptop,[np.float64(0.041666666666666664)],[np.float64(-0.2966666666666667)],[1],[0],[0],[4.457183400169015],['text_3'],p2,001,2025-10-12_14h28.18.296,word_priming,,2025.1.1,60.160978782174794,2025-10-12 14h28.25.434967 +0530,
,90,10,4,,,P_st_r,Poster,old ,Poster,[np.float64(0.041666666666666664)],[np.float64(-0.2966666666666667)],[1],[0],[0],[5.473249200265855],['text_3'],,,,,4,10,90,9,518.3134753997438,,,,,,,,518.2879822999239,518.3134753997438,518.3134753997438,518.3134753997438,0.0038906000554561615,523.7624558000825,Poster,[np.float64(0.041666666666666664)],[np.float64(-0.2966666666666667)],[1],[0],[0],[5.473249200265855],['text_3'],p2,001,2025-10-12_14h28.18.296,word_priming,,2025.1.1,60.160978782174794,2025-10-12 14h28.25.434967 +0530,
,91,11,4,,,K_y_,Keys,old ,Keys,[np.float64(0.041666666666666664)],[np.float64(-0.2966666666666667)],[1],[0],[0],[3.8249925998970866],['text_3'],,,,,4,11,91,8,523.7910734000616,,,,,,,,523.7656263997778,523.7910734000616,523.7910734000616,523.7910734000616,0.0030225999653339386,527.5918350000866,Keys,[np.float64(0.041666666666666664)],[np.float64(-0.2966666666666667)],[1],[0],[0],[3.8249925998970866],['text_3'],p2,001,2025-10-12_14h28.18.296,word_priming,,2025.1.1,60.160978782174794,2025-10-12 14h28.25.434967 +0530,
,92,12,4,,,c_s_io_,cushion,old ,cushion,[np.float64(0.041666666666666664)],[np.float64(-0.2966666666666667)],[1],[0],[0],[6.854015500284731],['text_3'],,,,,4,12,92,14,527.6205218001269,,,,,,,,527.5953191998415,527.6205218001269,527.6205218001269,527.6205218001269,0.0033160001039505005,534.450829599984,cushion,[np.float64(0.041666666666666664)],[np.float64(-0.2966666666666667)],[1],[0],[0],[6.854015500284731],['text_3'],p2,001,2025-10-12_14h28.18.296,word_priming,,2025.1.1,60.160978782174794,2025-10-12 14h28.25.434967 +0530,
,93,13,4,,,P_str_,pastry,old ,Pastry,[np.float64(0.041666666666666664)],[np.float64(-0.2966666666666667)],[1],[0],[0],[5.771250499878079],['text_3'],,,,,4,13,93,4,534.4809157000855,,,,,,,,534.4557888000272,534.4809157000855,534.4809157000855,534.4809157000855,0.004751400090754032,540.2283613998443,Pastry,[np.float64(0.041666666666666664)],[np.float64(-0.2966666666666667)],[1],[0],[0],[5.771250499878079],['text_3'],p2,001,2025-10-12_14h28.18.296,word_priming,,2025.1.1,60.160978782174794,2025-10-12 14h28.25.434967 +0530,
,94,14,4,,,_a_bl_,Marble,old ,Marble,[np.float64(0.041666666666666664)],[np.float64(-0.2966666666666667)],[1],[0],[0],[8.121428600046784],['text_3'],,,,,4,14,94,11,540.2583951000124,,,,,,,,540.231807900127,540.2583951000124,540.2583951000124,540.2583951000124,0.003301799762994051,548.3544884999283,Marble,[np.float64(0.041666666666666664)],[np.float64(-0.2966666666666667)],[1],[0],[0],[8.121428600046784],['text_3'],p2,001,2025-10-12_14h28.18.296,word_priming,,2025.1.1,60.160978782174794,2025-10-12 14h28.25.434967 +0530,
,95,15,4,,,bo_t_e,bottle,new,bottle,[np.float64(0.041666666666666664)],[np.float64(-0.2966666666666667)],[1],[0],[0],[3.725122600328177],['text_3'],,,,,4,15,95,18,548.3837119997479,,,,,,,,548.3582993997261,548.3837119997479,548.3837119997479,548.3837119997479,0.0036677001044154167,552.0847363998182,bottle,[np.float64(0.041666666666666664)],[np.float64(-0.2966666666666667)],[1],[0],[0],[3.725122600328177],['text_3'],p2,001,2025-10-12_14h28.18.296,word_priming,,2025.1.1,60.160978782174794,2025-10-12 14h28.25.434967 +0530,
,96,16,4,,,_ou_se,mouse,old ,mouse,[np.float64(0.041666666666666664)],[np.float64(-0.2966666666666667)],[1],[0],[0],[5.305649900343269],['text_3'],,,,,4,16,96,3,552.1135833999142,,,,,,,,552.0882174000144,552.1135833999142,552.1135833999142,552.1135833999142,0.0033368999138474464,557.3951865998097,mouse,[np.float64(0.041666666666666664)],[np.float64(-0.2966666666666667)],[1],[0],[0],[5.305649900343269],['text_3'],p2,001,2025-10-12_14h28.18.296,word_priming,,2025.1.1,60.160978782174794,2025-10-12 14h28.25.434967 +0530,
,97,17,4,,,p_nc_l,pencil,new,pencil,[np.float64(0.041666666666666664)],[np.float64(-0.2966666666666667)],[1],[0],[0],[2.9765521995723248],['text_3'],,,,,4,17,97,16,557.4244911000133,,,,,,,,557.3986053001136,557.4244911000133,557.4244911000133,557.4244911000133,0.003275000024586916,560.3764432999305,pencil,[np.float64(0.041666666666666664)],[np.float64(-0.2966666666666667)],[1],[0],[0],[2.9765521995723248],['text_3'],p2,001,2025-10-12_14h28.18.296,word_priming,,2025.1.1,60.160978782174794,2025-10-12 14h28.25.434967 +0530,
,98,18,4,,,_o_rd,Board,old ,Board,[np.float64(0.041666666666666664)],[np.float64(-0.2966666666666667)],[1],[0],[0],[4.622540000360459],['text_3'],,,,,4,18,98,10,560.4052443001419,,,,,,,,560.3799461997114,560.4052443001419,560.4052443001419,560.4052443001419,0.0033541000448167324,565.0037920000032,Board,[np.float64(0.041666666666666664)],[np.float64(-0.2966666666666667)],[1],[0],[0],[4.622540000360459],['text_3'],p2,001,2025-10-12_14h28.18.296,word_priming,,2025.1.1,60.160978782174794,2025-10-12 14h28.25.434967 +0530,
,99,19,4,,,P_li_e,Police,old ,Police,[np.float64(0.041666666666666664)],[np.float64(-0.2966666666666667)],[1],[0],[0],[3.843495899811387],['text_3'],,,,,4,19,99,7,565.0340208001435,,,,,,,,565.0072205998003,565.0340208001435,565.0340208001435,565.0340208001435,0.0032755997963249683,568.8520460999571,Police,[np.float64(0.041666666666666664)],[np.float64(-0.2966666666666667)],[1],[0],[0],[3.843495899811387],['text_3'],p2,001,2025-10-12_14h28.18.296,word_priming,,2025.1.1,60.160978782174794,2025-10-12 14h28.25.434967 +0530,
,100,0,5,,,_a_bl_,Marble,old ,Marble,[np.float64(0.041666666666666664)],[np.float64(-0.2966666666666667)],[1],[0],[0],[3.7733761998824775],['text_3'],,,,,5,0,100,11,568.8801820999943,,,,,,,,568.8555649998598,568.8801820999943,568.8801820999943,568.8801820999943,0.0033782999962568283,572.6302785999142,Marble,[np.float64(0.041666666666666664)],[np.float64(-0.2966666666666667)],[1],[0],[0],[3.7733761998824775],['text_3'],p2,001,2025-10-12_14h28.18.296,word_priming,,2025.1.1,60.160978782174794,2025-10-12 14h28.25.434967 +0530,
,101,1,5,,,K_y_,Keys,old ,Keys,[np.float64(0.041666666666666664)],[np.float64(-0.2966666666666667)],[1],[0],[0],[3.593057000078261],['text_3'],,,,,5,1,101,8,572.6596140000038,,,,,,,,572.6337419999763,572.6596140000038,572.6596140000038,572.6596140000038,0.0033205999061465263,576.2281415998004,Keys,[np.float64(0.041666666666666664)],[np.float64(-0.2966666666666667)],[1],[0],[0],[3.593057000078261],['text_3'],p2,001,2025-10-12_14h28.18.296,word_priming,,2025.1.1,60.160978782174794,2025-10-12 14h28.25.434967 +0530,
,102,2,5,,,l_pt_p,laptop,old ,laptop,[np.float64(0.041666666666666664)],[np.float64(-0.2966666666666667)],[1],[0],[0],[5.0546267000027],['text_3'],,,,,5,2,102,0,576.2558742999099,,,,,,,,576.2319374997169,576.2558742999099,576.2558742999099,576.2558742999099,0.0036510000936686993,581.2879226999357,laptop,[np.float64(0.041666666666666664)],[np.float64(-0.2966666666666667)],[1],[0],[0],[5.0546267000027],['text_3'],p2,001,2025-10-12_14h28.18.296,word_priming,,2025.1.1,60.160978782174794,2025-10-12 14h28.25.434967 +0530,
,103,3,5,,,P_st_r,Poster,old ,Poster,[np.float64(0.041666666666666664)],[np.float64(-0.2966666666666667)],[1],[0],[0],[4.258609599899501],['text_3'],,,,,5,3,103,9,581.3179537998512,,,,,,,,581.2913553998806,581.3179537998512,581.3179537998512,581.3179537998512,0.003285599872469902,585.5516554997303,Poster,[np.float64(0.041666666666666664)],[np.float64(-0.2966666666666667)],[1],[0],[0],[4.258609599899501],['text_3'],p2,001,2025-10-12_14h28.18.296,word_priming,,2025.1.1,60.160978782174794,2025-10-12 14h28.25.434967 +0530,
,104,4,5,,,ta_l_,table,new,tabl,[np.float64(0.041666666666666664)],[np.float64(-0.2966666666666667)],[1],[0],[0],[3.590882099699229],['text_3'],,,,,5,4,104,15,585.5800079000182,,,,,,,,585.5564708998427,585.5800079000182,585.5800079000182,585.5800079000182,0.0046179997734725475,589.1488238000311,tabl,[np.float64(0.041666666666666664)],[np.float64(-0.2966666666666667)],[1],[0],[0],[3.590882099699229],['text_3'],p2,001,2025-10-12_14h28.18.296,word_priming,,2025.1.1,60.160978782174794,2025-10-12 14h28.25.434967 +0530,
,105,5,5,,,P_str_,pastry,old ,Pastry,[np.float64(0.041666666666666664)],[np.float64(-0.2966666666666667)],[1],[0],[0],[4.140172800049186],['text_3'],,,,,5,5,105,4,589.1769198998809,,,,,,,,589.1522335000336,589.1769198998809,589.1769198998809,589.1769198998809,0.0032604997977614403,593.2941274996847,Pastry,[np.float64(0.041666666666666664)],[np.float64(-0.2966666666666667)],[1],[0],[0],[4.140172800049186],['text_3'],p2,001,2025-10-12_14h28.18.296,word_priming,,2025.1.1,60.160978782174794,2025-10-12 14h28.25.434967 +0530,
,106,6,5,,,c_s_io_,cushion,old ,cushion,[np.float64(0.041666666666666664)],[np.float64(-0.2966666666666667)],[1],[0],[0],[3.3734600003808737],['text_3'],,,,,5,6,106,14,593.3227482000366,,,,,,,,593.2993533001281,593.3227482000366,593.3227482000366,593.3227482000366,0.0050269002094864845,596.6742957998067,cushion,[np.float64(0.041666666666666664)],[np.float64(-0.2966666666666667)],[1],[0],[0],[3.3734600003808737],['text_3'],p2,001,2025-10-12_14h28.18.296,word_priming,,2025.1.1,60.160978782174794,2025-10-12 14h28.25.434967 +0530,
,107,7,5,,,_oo_,book,old ,book,[np.float64(0.041666666666666664)],[np.float64(-0.2966666666666667)],[1],[0],[0],[2.5918764998205006],['text_3'],,,,,5,7,107,13,596.7029669997282,,,,,,,,596.677353200037,596.7029669997282,596.7029669997282,596.7029669997282,0.0029114000499248505,599.2706185998395,book,[np.float64(0.041666666666666664)],[np.float64(-0.2966666666666667)],[1],[0],[0],[2.5918764998205006],['text_3'],p2,001,2025-10-12_14h28.18.296,word_priming,,2025.1.1,60.160978782174794,2025-10-12 14h28.25.434967 +0530,
,108,8,5,,,T_hi_t,Tshirt,old ,Tshirt,[np.float64(0.041666666666666664)],[np.float64(-0.2966666666666667)],[1],[0],[0],[3.8413140000775456],['text_3'],,,,,5,8,108,2,599.3004236998968,,,,,,,,599.2744149998762,599.3004236998968,599.3004236998968,599.3004236998968,0.0036502000875771046,603.1171981999651,Tshirt,[np.float64(0.041666666666666664)],[np.float64(-0.2966666666666667)],[1],[0],[0],[3.8413140000775456],['text_3'],p2,001,2025-10-12_14h28.18.296,word_priming,,2025.1.1,60.160978782174794,2025-10-12 14h28.25.434967 +0530,
,109,9,5,,,_ru_s_,cruise,old ,cruise,[np.float64(0.041666666666666664)],[np.float64(-0.2966666666666667)],[1],[0],[0],[3.2421617000363767],['text_3'],,,,,5,9,109,6,603.1466703996994,,,,,,,,603.1206100001,603.1466703996994,603.1466703996994,603.1466703996994,0.003240399993956089,606.364516499918,cruise,[np.float64(0.041666666666666664)],[np.float64(-0.2966666666666667)],[1],[0],[0],[3.2421617000363767],['text_3'],p2,001,2025-10-12_14h28.18.296,word_priming,,2025.1.1,60.160978782174794,2025-10-12 14h28.25.434967 +0530,
,110,10,5,,,_ho_e,Phone,old ,phone,[np.float64(0.041666666666666664)],[np.float64(-0.2966666666666667)],[1],[0],[0],[4.821289899758995],['text_3'],,,,,5,10,110,12,606.393160100095,,,,,,,,606.3695653998293,606.393160100095,606.393160100095,606.393160100095,0.004835099913179874,611.1924089998938,phone,[np.float64(0.041666666666666664)],[np.float64(-0.2966666666666667)],[1],[0],[0],[4.821289899758995],['text_3'],p2,001,2025-10-12_14h28.18.296,word_priming,,2025.1.1,60.160978782174794,2025-10-12 14h28.25.434967 +0530,
,111,11,5,,,_ha_t,chart,old ,chart,[np.float64(0.041666666666666664)],[np.float64(-0.2966666666666667)],[1],[0],[0],[5.705616100225598],['text_3'],,,,,5,11,111,1,611.221820099745,,,,,,,,611.196250599809,611.221820099745,611.221820099745,611.221820099745,0.003706300165504217,616.9033375997096,chart,[np.float64(0.041666666666666664)],[np.float64(-0.2966666666666667)],[1],[0],[0],[5.705616100225598],['text_3'],p2,001,2025-10-12_14h28.18.296,word_priming,,2025.1.1,60.160978782174794,2025-10-12 14h28.25.434967 +0530,
,112,12,5,,,_ou_se,mouse,old ,mouse,[np.float64(0.041666666666666664)],[np.float64(-0.2966666666666667)],[1],[0],[0],[5.257647899910808],['text_3'],,,,,5,12,112,3,616.9328280999325,,,,,,,,616.9067359999754,616.9328280999325,616.9328280999325,616.9328280999325,0.00325410021468997,622.165860499721,mouse,[np.float64(0.041666666666666664)],[np.float64(-0.2966666666666667)],[1],[0],[0],[5.257647899910808],['text_3'],p2,001,2025-10-12_14h28.18.296,word_priming,,2025.1.1,60.160978782174794,2025-10-12 14h28.25.434967 +0530,
,113,13,5,,,bo_t_e,bottle,new,bottle,[np.float64(0.041666666666666664)],[np.float64(-0.2966666666666667)],[1],[0],[0],[3.5410639997571707],['text_3'],,,,,5,13,113,18,622.1942423,,,,,,,,622.1692765997723,622.1942423,622.1942423,622.1942423,0.0032672001980245113,625.7118289000355,bottle,[np.float64(0.041666666666666664)],[np.float64(-0.2966666666666667)],[1],[0],[0],[3.5410639997571707],['text_3'],p2,001,2025-10-12_14h28.18.296,word_priming,,2025.1.1,60.160978782174794,2025-10-12 14h28.25.434967 +0530,
,114,14,5,,,_o_rd,Board,old ,Board,[np.float64(0.041666666666666664)],[np.float64(-0.2966666666666667)],[1],[0],[0],[4.838920199777931],['text_3'],,,,,5,14,114,10,625.7404875000939,,,,,,,,625.7155796000734,625.7404875000939,625.7404875000939,625.7404875000939,0.0036059999838471413,630.5559463999234,Board,[np.float64(0.041666666666666664)],[np.float64(-0.2966666666666667)],[1],[0],[0],[4.838920199777931],['text_3'],p2,001,2025-10-12_14h28.18.296,word_priming,,2025.1.1,60.160978782174794,2025-10-12 14h28.25.434967 +0530,
,115,15,5,,,v_s_,vase,new,vase,[np.float64(0.041666666666666664)],[np.float64(-0.2966666666666667)],[1],[0],[0],[2.4431158998049796],['text_3'],,,,,5,15,115,17,630.5859179999679,,,,,,,,630.5594170000404,630.5859179999679,630.5859179999679,630.5859179999679,0.0033185002394020557,633.0040285997093,vase,[np.float64(0.041666666666666664)],[np.float64(-0.2966666666666667)],[1],[0],[0],[2.4431158998049796],['text_3'],p2,001,2025-10-12_14h28.18.296,word_priming,,2025.1.1,60.160978782174794,2025-10-12 14h28.25.434967 +0530,
,116,16,5,,,c_m_ra,camera,new,camera,[np.float64(0.041666666666666664)],[np.float64(-0.2966666666666667)],[1],[0],[0],[2.7758875000290573],['text_3'],,,,,5,16,116,19,633.0336207998917,,,,,,,,633.0074052000418,633.0336207998917,633.0336207998917,633.0336207998917,0.0032278997823596,635.7848434997723,camera,[np.float64(0.041666666666666664)],[np.float64(-0.2966666666666667)],[1],[0],[0],[2.7758875000290573],['text_3'],p2,001,2025-10-12_14h28.18.296,word_priming,,2025.1.1,60.160978782174794,2025-10-12 14h28.25.434967 +0530,
,117,17,5,,,c_s_,case,old ,case,[np.float64(0.041666666666666664)],[np.float64(-0.2966666666666667)],[1],[0],[0],[2.892148899845779],['text_3'],,,,,5,17,117,5,635.8138357000425,,,,,,,,635.7882512998767,635.8138357000425,635.8138357000425,635.8138357000425,0.0032584001310169697,638.6818931996822,case,[np.float64(0.041666666666666664)],[np.float64(-0.2966666666666667)],[1],[0],[0],[2.892148899845779],['text_3'],p2,001,2025-10-12_14h28.18.296,word_priming,,2025.1.1,60.160978782174794,2025-10-12 14h28.25.434967 +0530,
,118,18,5,,,p_nc_l,pencil,new,pencil,[np.float64(0.041666666666666664)],[np.float64(-0.2966666666666667)],[1],[0],[0],[2.677301899995655],['text_3'],,,,,5,18,118,16,638.7113423999399,,,,,,,,638.6852929997258,638.7113423999399,638.7113423999399,638.7113423999399,0.0032490002922713757,641.3640666999854,pencil,[np.float64(0.041666666666666664)],[np.float64(-0.2966666666666667)],[1],[0],[0],[2.677301899995655],['text_3'],p2,001,2025-10-12_14h28.18.296,word_priming,,2025.1.1,60.160978782174794,2025-10-12 14h28.25.434967 +0530,
,119,19,5,,,P_li_e,Police,old ,Police,[np.float64(0.041666666666666664)],[np.float64(-0.2966666666666667)],[1],[0],[0],[4.75739479996264],['text_3'],,,,,5,19,119,7,641.3919695001096,,,,,,,,641.3677113996819,641.3919695001096,641.3919695001096,641.3919695001096,0.0035064001567661762,646.1266462998465,Police,[np.float64(0.041666666666666664)],[np.float64(-0.2966666666666667)],[1],[0],[0],[4.75739479996264],['text_3'],p2,001,2025-10-12_14h28.18.296,word_priming,,2025.1.1,60.160978782174794,2025-10-12 14h28.25.434967 +0530,
,120,0,6,,,_ou_se,mouse,old ,mouse,[np.float64(0.041666666666666664)],[np.float64(-0.2966666666666667)],[1],[0],[0],[2.9897157000377774],['text_3'],,,,,6,0,120,3,646.1539807999507,,,,,,,,646.1300522000529,646.1539807999507,646.1539807999507,646.1539807999507,0.00326110003516078,649.1213022000156,mouse,[np.float64(0.041666666666666664)],[np.float64(-0.2966666666666667)],[1],[0],[0],[2.9897157000377774],['text_3'],p2,001,2025-10-12_14h28.18.296,word_priming,,2025.1.1,60.160978782174794,2025-10-12 14h28.25.434967 +0530,
,121,1,6,,,_o_rd,Board,old ,Board,[np.float64(0.041666666666666664)],[np.float64(-0.2966666666666667)],[1],[0],[0],[4.640757899731398],['text_3'],,,,,6,1,121,10,649.1510172998533,,,,,,,,649.1249402998947,649.1510172998533,649.1510172998533,649.1510172998533,0.0034964997321367264,653.7672684998251,Board,[np.float64(0.041666666666666664)],[np.float64(-0.2966666666666667)],[1],[0],[0],[4.640757899731398],['text_3'],p2,001,2025-10-12_14h28.18.296,word_priming,,2025.1.1,60.160978782174794,2025-10-12 14h28.25.434967 +0530,
,122,2,6,,,_a_bl_,Marble,old ,Marble,[np.float64(0.041666666666666664)],[np.float64(-0.2966666666666667)],[1],[0],[0],[6.255537700373679],['text_3'],,,,,6,2,122,11,653.7964826999232,,,,,,,,653.7710047997534,653.7964826999232,653.7964826999232,653.7964826999232,0.0035920999944210052,660.0281043997966,Marble,[np.float64(0.041666666666666664)],[np.float64(-0.2966666666666667)],[1],[0],[0],[6.255537700373679],['text_3'],p2,001,2025-10-12_14h28.18.296,word_priming,,2025.1.1,60.160978782174794,2025-10-12 14h28.25.434967 +0530,
,123,3,6,,,K_y_,Keys,old ,Keys,[np.float64(0.041666666666666664)],[np.float64(-0.2966666666666667)],[1],[0],[0],[8.769435500260442],['text_3'],,,,,6,3,123,8,660.0569218001328,,,,,,,,660.0312442998402,660.0569218001328,660.0569218001328,660.0569218001328,0.0029862001538276672,668.8022246998735,Keys,[np.float64(0.041666666666666664)],[np.float64(-0.2966666666666667)],[1],[0],[0],[8.769435500260442],['text_3'],p2,001,2025-10-12_14h28.18.296,word_priming,,2025.1.1,60.160978782174794,2025-10-12 14h28.25.434967 +0530,
,124,4,6,,,bo_t_e,bottle,new,bottl,[],[],[],[],[],[],[],,,,,6,4,124,18,668.8316783998162,,,,,,,,668.8057828997262,668.8316783998162,668.8316783998162,668.8316783998162,0.0034062997438013554,678.8071960001253,bottl,[],[],[],[],[],[],[],p2,001,2025-10-12_14h28.18.296,word_priming,,2025.1.1,60.160978782174794,2025-10-12 14h28.25.434967 +0530,
,125,5,6,,,_ha_t,chart,old ,chart,[np.float64(-0.006666666666666667)],[np.float64(-0.29)],[1],[0],[0],[5.740582499653101],['text_3'],,,,,6,5,125,1,678.8384245997295,,,,,,,,678.8106438997202,678.8384245997295,678.8384245997295,678.8384245997295,0.008268999867141247,684.5528581999242,chart,[np.float64(-0.006666666666666667)],[np.float64(-0.29)],[1],[0],[0],[5.740582499653101],['text_3'],p2,001,2025-10-12_14h28.18.296,word_priming,,2025.1.1,60.160978782174794,2025-10-12 14h28.25.434967 +0530,
,126,6,6,,,c_s_,case,old ,case,[np.float64(-0.006666666666666667)],[np.float64(-0.29)],[1],[0],[0],[2.960801300127059],['text_3'],,,,,6,6,126,5,684.5826709996909,,,,,,,,684.5559248998761,684.5826709996909,684.5826709996909,684.5826709996909,0.0029159998521208763,687.5183403999545,case,[np.float64(-0.006666666666666667)],[np.float64(-0.29)],[1],[0],[0],[2.960801300127059],['text_3'],p2,001,2025-10-12_14h28.18.296,word_priming,,2025.1.1,60.160978782174794,2025-10-12 14h28.25.434967 +0530,
,127,7,6,,,c_m_ra,camera,new,camear,[np.float64(0.03333333333333333)],[np.float64(-0.29333333333333333)],[1],[0],[0],[6.487581999972463],['text_3'],,,,,6,7,127,19,687.5464145001024,,,,,,,,687.5217391001061,687.5464145001024,687.5464145001024,687.5464145001024,0.0032522999681532383,694.0109572000802,camear,[np.float64(0.03333333333333333)],[np.float64(-0.29333333333333333)],[1],[0],[0],[6.487581999972463],['text_3'],p2,001,2025-10-12_14h28.18.296,word_priming,,2025.1.1,60.160978782174794,2025-10-12 14h28.25.434967 +0530,
,128,8,6,,,l_pt_p,laptop,old ,laptop,[np.float64(0.03333333333333333)],[np.float64(-0.29333333333333333)],[1],[0],[0],[5.805998300202191],['text_3'],,,,,6,8,128,0,694.0400211000815,,,,,,,,694.0144345997833,694.0400211000815,694.0400211000815,694.0400211000815,0.003331500105559826,699.8220861000009,laptop,[np.float64(0.03333333333333333)],[np.float64(-0.29333333333333333)],[1],[0],[0],[5.805998300202191],['text_3'],p2,001,2025-10-12_14h28.18.296,word_priming,,2025.1.1,60.160978782174794,2025-10-12 14h28.25.434967 +0530,
,129,9,6,,,ta_l_,table,new,table,[np.float64(0.03333333333333333)],[np.float64(-0.29333333333333333)],[1],[0],[0],[3.0589771000668406],['text_3'],,,,,6,9,129,15,699.8505874997936,,,,,,,,699.8254100000486,699.8505874997936,699.8505874997936,699.8505874997936,0.0031713000498712063,702.8860084000044,table,[np.float64(0.03333333333333333)],[np.float64(-0.29333333333333333)],[1],[0],[0],[3.0589771000668406],['text_3'],p2,001,2025-10-12_14h28.18.296,word_priming,,2025.1.1,60.160978782174794,2025-10-12 14h28.25.434967 +0530,
,130,10,6,,,P_st_r,Poster,old ,Paster,[np.float64(0.03333333333333333)],[np.float64(-0.29333333333333333)],[1],[0],[0],[5.505098999943584],['text_3'],,,,,6,10,130,9,702.9146664999425,,,,,,,,702.8895974997431,702.9146664999425,702.9146664999425,702.9146664999425,0.003442599903792143,708.3963995999657,Paster,[np.float64(0.03333333333333333)],[np.float64(-0.29333333333333333)],[1],[0],[0],[5.505098999943584],['text_3'],p2,001,2025-10-12_14h28.18.296,word_priming,,2025.1.1,60.160978782174794,2025-10-12 14h28.25.434967 +0530,
,131,11,6,,,c_s_io_,cushion,old ,cushion,[np.float64(0.03333333333333333)],[np.float64(-0.29333333333333333)],[1],[0],[0],[5.506533700041473],['text_3'],,,,,6,11,131,14,708.4258654997684,,,,,,,,708.3998583001085,708.4258654997684,708.4258654997684,708.4258654997684,0.0033054002560675144,713.9080642000772,cushion,[np.float64(0.03333333333333333)],[np.float64(-0.29333333333333333)],[1],[0],[0],[5.506533700041473],['text_3'],p2,001,2025-10-12_14h28.18.296,word_priming,,2025.1.1,60.160978782174794,2025-10-12 14h28.25.434967 +0530,
,132,12,6,,,P_li_e,Police,old ,Police,[np.float64(0.03333333333333333)],[np.float64(-0.29333333333333333)],[1],[0],[0],[5.855597699992359],['text_3'],,,,,6,12,132,7,713.9369343998842,,,,,,,,713.9114834000356,713.9369343998842,713.9369343998842,713.9369343998842,0.003272600006312132,719.7687876001,Police,[np.float64(0.03333333333333333)],[np.float64(-0.29333333333333333)],[1],[0],[0],[5.855597699992359],['text_3'],p2,001,2025-10-12_14h28.18.296,word_priming,,2025.1.1,60.160978782174794,2025-10-12 14h28.25.434967 +0530,
,133,13,6,,,P_str_,pastry,old ,Pastry,[np.float64(0.03333333333333333)],[np.float64(-0.29333333333333333)],[1],[0],[0],[3.2242133002728224],['text_3'],,,,,6,13,133,4,719.7982843001373,,,,,,,,719.7722359998152,719.7982843001373,719.7982843001373,719.7982843001373,0.003301599994301796,722.998178599868,Pastry,[np.float64(0.03333333333333333)],[np.float64(-0.29333333333333333)],[1],[0],[0],[3.2242133002728224],['text_3'],p2,001,2025-10-12_14h28.18.296,word_priming,,2025.1.1,60.160978782174794,2025-10-12 14h28.25.434967 +0530,
,134,14,6,,,_ru_s_,cruise,old ,cruise,[np.float64(0.03333333333333333)],[np.float64(-0.29333333333333333)],[1],[0],[0],[4.741859599947929],['text_3'],,,,,6,14,134,6,723.0277724000625,,,,,,,,723.0016684001312,723.0277724000625,723.0277724000625,723.0277724000625,0.0033460003323853016,727.7452400997281,cruise,[np.float64(0.03333333333333333)],[np.float64(-0.29333333333333333)],[1],[0],[0],[4.741859599947929],['text_3'],p2,001,2025-10-12_14h28.18.296,word_priming,,2025.1.1,60.160978782174794,2025-10-12 14h28.25.434967 +0530,
,135,15,6,,,v_s_,vase,new,vase,[np.float64(0.03333333333333333)],[np.float64(-0.29333333333333333)],[1],[0],[0],[2.691008800175041],['text_3'],,,,,6,15,135,17,727.7732997001149,,,,,,,,727.7482813997194,727.7732997001149,727.7732997001149,727.7732997001149,0.002872700337320566,730.4410067000426,vase,[np.float64(0.03333333333333333)],[np.float64(-0.29333333333333333)],[1],[0],[0],[2.691008800175041],['text_3'],p2,001,2025-10-12_14h28.18.296,word_priming,,2025.1.1,60.160978782174794,2025-10-12 14h28.25.434967 +0530,
,136,16,6,,,_ho_e,Phone,old ,phone,[np.float64(0.03333333333333333)],[np.float64(-0.29333333333333333)],[1],[0],[0],[4.525472200009972],['text_3'],,,,,6,16,136,12,730.4707768000662,,,,,,,,730.4445235999301,730.4707768000662,730.4707768000662,730.4707768000662,0.0033809999004006386,734.9717398998328,phone,[np.float64(0.03333333333333333)],[np.float64(-0.29333333333333333)],[1],[0],[0],[4.525472200009972],['text_3'],p2,001,2025-10-12_14h28.18.296,word_priming,,2025.1.1,60.160978782174794,2025-10-12 14h28.25.434967 +0530,
,137,17,6,,,T_hi_t,Tshirt,old ,Tshirt,[np.float64(0.03333333333333333)],[np.float64(-0.29333333333333333)],[1],[0],[0],[3.423123700078577],['text_3'],,,,,6,17,137,2,735.0008196998388,,,,,,,,734.975117799826,735.0008196998388,735.0008196998388,735.0008196998388,0.0032281996682286263,738.3999656997621,Tshirt,[np.float64(0.03333333333333333)],[np.float64(-0.29333333333333333)],[1],[0],[0],[3.423123700078577],['text_3'],p2,001,2025-10-12_14h28.18.296,word_priming,,2025.1.1,60.160978782174794,2025-10-12 14h28.25.434967 +0530,
,138,18,6,,,p_nc_l,pencil,new,pencil,[np.float64(0.03333333333333333)],[np.float64(-0.29333333333333333)],[1],[0],[0],[3.3098447998054326],['text_3'],,,,,6,18,138,16,738.4295311998576,,,,,,,,738.4034156999551,738.4295311998576,738.4295311998576,738.4295311998576,0.0032709999941289425,741.7150638997555,pencil,[np.float64(0.03333333333333333)],[np.float64(-0.29333333333333333)],[1],[0],[0],[3.3098447998054326],['text_3'],p2,001,2025-10-12_14h28.18.296,word_priming,,2025.1.1,60.160978782174794,2025-10-12 14h28.25.434967 +0530,
,139,19,6,,,_oo_,book,old ,book,[np.float64(0.03333333333333333)],[np.float64(-0.29333333333333333)],[1],[0],[0],[2.724028100259602],['text_3'],,,,,6,19,139,13,741.7429228997789,,,,,,,,741.7181470999494,741.7429228997789,741.7429228997789,741.7429228997789,0.002929799724370241,744.443983099889,book,[np.float64(0.03333333333333333)],[np.float64(-0.29333333333333333)],[1],[0],[0],[2.724028100259602],['text_3'],p2,001,2025-10-12_14h28.18.296,word_priming,,2025.1.1,60.160978782174794,2025-10-12 14h28.25.434967 +0530,
,140,0,7,,,c_s_io_,cushion,old ,cushion,[np.float64(0.03333333333333333)],[np.float64(-0.29333333333333333)],[1],[0],[0],[2.9419327997602522],['text_3'],,,,,7,0,140,14,744.4735364001244,,,,,,,,744.44754069997,744.4735364001244,744.4735364001244,744.4735364001244,0.00337779987603426,747.3912295000628,cushion,[np.float64(0.03333333333333333)],[np.float64(-0.29333333333333333)],[1],[0],[0],[2.9419327997602522],['text_3'],p2,001,2025-10-12_14h28.18.296,word_priming,,2025.1.1,60.160978782174794,2025-10-12 14h28.25.434967 +0530,
,141,1,7,,,v_s_,vase,new,vase,[np.float64(0.03333333333333333)],[np.float64(-0.29333333333333333)],[1],[0],[0],[2.543347700033337],['text_3'],,,,,7,1,141,17,747.4207123997621,,,,,,,,747.394293599762,747.4207123997621,747.4207123997621,747.4207123997621,0.0029150997288525105,749.939418700058,vase,[np.float64(0.03333333333333333)],[np.float64(-0.29333333333333333)],[1],[0],[0],[2.543347700033337],['text_3'],p2,001,2025-10-12_14h28.18.296,word_priming,,2025.1.1,60.160978782174794,2025-10-12 14h28.25.434967 +0530,
,142,2,7,,,P_li_e,Police,old ,Police,[np.float64(0.03333333333333333)],[np.float64(-0.29333333333333333)],[1],[0],[0],[3.124099299777299],['text_3'],,,,,7,2,142,7,749.9682318000123,,,,,,,,749.942804499995,749.9682318000123,749.9682318000123,749.9682318000123,0.003239499870687723,753.0686790999025,Police,[np.float64(0.03333333333333333)],[np.float64(-0.29333333333333333)],[1],[0],[0],[3.124099299777299],['text_3'],p2,001,2025-10-12_14h28.18.296,word_priming,,2025.1.1,60.160978782174794,2025-10-12 14h28.25.434967 +0530,
,143,3,7,,,P_st_r,Poster,old ,Pastry,[np.float64(0.03333333333333333)],[np.float64(-0.29333333333333333)],[1],[0],[0],[3.1758311996236444],['text_3'],,,,,7,3,143,9,753.0984823000617,,,,,,,,753.0721192001365,753.0984823000617,753.0984823000617,753.0984823000617,0.003291300032287836,756.2497443999164,Pastry,[np.float64(0.03333333333333333)],[np.float64(-0.29333333333333333)],[1],[0],[0],[3.1758311996236444],['text_3'],p2,001,2025-10-12_14h28.18.296,word_priming,,2025.1.1,60.160978782174794,2025-10-12 14h28.25.434967 +0530,
,144,4,7,,,_ho_e,Phone,old ,phone,[np.float64(0.03333333333333333)],[np.float64(-0.29333333333333333)],[1],[0],[0],[3.974206200335175],['text_3'],,,,,7,4,144,12,756.2786157997325,,,,,,,,756.2530819997191,756.2786157997325,756.2786157997325,756.2786157997325,0.0031916997395455837,760.2291067000479,phone,[np.float64(0.03333333333333333)],[np.float64(-0.29333333333333333)],[1],[0],[0],[3.974206200335175],['text_3'],p2,001,2025-10-12_14h28.18.296,word_priming,,2025.1.1,60.160978782174794,2025-10-12 14h28.25.434967 +0530,
,145,5,7,,,p_nc_l,pencil,new,penci,[],[],[],[],[],[],[],,,,,7,5,145,16,760.2580287000164,,,,,,,,760.2325160996988,760.2580287000164,760.2580287000164,760.2580287000164,0.003271699883043766,770.233279499691,penci,[],[],[],[],[],[],[],p2,001,2025-10-12_14h28.18.296,word_priming,,2025.1.1,60.160978782174794,2025-10-12 14h28.25.434967 +0530,
,146,6,7,,,c_s_,case,old ,,[np.float64(0.07833333333333334)],[np.float64(-0.3016666666666667)],[1],[0],[0],[0.2121709999628365],['text_3'],,,,,7,6,146,5,770.2648179000244,,,,,,,,770.2364612999372,770.2648179000244,770.2648179000244,770.2648179000244,0.007208899594843388,770.4508863999508,,[np.float64(0.07833333333333334)],[np.float64(-0.3016666666666667)],[1],[0],[0],[0.2121709999628365],['text_3'],p2,001,2025-10-12_14h28.18.296,word_priming,,2025.1.1,60.160978782174794,2025-10-12 14h28.25.434967 +0530,
,147,7,7,,,_ru_s_,cruise,old ,cruise,[np.float64(0.10333333333333333)],[np.float64(-0.2866666666666667)],[1],[0],[0],[6.221581399906427],['text_3'],,,,,7,7,147,6,770.4814565000124,,,,,,,,770.455939500127,770.4814565000124,770.4814565000124,770.4814565000124,0.004844400100409985,776.6794476998039,cruise,[np.float64(0.10333333333333333)],[np.float64(-0.2866666666666667)],[1],[0],[0],[6.221581399906427],['text_3'],p2,001,2025-10-12_14h28.18.296,word_priming,,2025.1.1,60.160978782174794,2025-10-12 14h28.25.434967 +0530,
,148,8,7,,,K_y_,Keys,old ,Keys,[np.float64(0.10333333333333333)],[np.float64(-0.2866666666666667)],[1],[0],[0],[3.7083565001375973],['text_3'],,,,,7,8,148,8,776.7085178997368,,,,,,,,776.6825872999616,776.7085178997368,776.7085178997368,776.7085178997368,0.0029913997277617455,780.3927926998585,Keys,[np.float64(0.10333333333333333)],[np.float64(-0.2866666666666667)],[1],[0],[0],[3.7083565001375973],['text_3'],p2,001,2025-10-12_14h28.18.296,word_priming,,2025.1.1,60.160978782174794,2025-10-12 14h28.25.434967 +0530,
,149,9,7,,,bo_t_e,bottle,new,bottle,[np.float64(0.10333333333333333)],[np.float64(-0.2866666666666667)],[1],[0],[0],[4.4242912996560335],['text_3'],,,,,7,9,149,18,780.4210680001415,,,,,,,,780.3961793999188,780.4210680001415,780.4210680001415,780.4210680001415,0.003241300117224455,784.8223248999566,bottle,[np.float64(0.10333333333333333)],[np.float64(-0.2866666666666667)],[1],[0],[0],[4.4242912996560335],['text_3'],p2,001,2025-10-12_14h28.18.296,word_priming,,2025.1.1,60.160978782174794,2025-10-12 14h28.25.434967 +0530,
,150,10,7,,,_oo_,book,old ,book,[np.float64(0.10333333333333333)],[np.float64(-0.2866666666666667)],[1],[0],[0],[3.6754461000673473],['text_3'],,,,,7,10,150,13,784.8505015997216,,,,,,,,784.8254152997397,784.8505015997216,784.8505015997216,784.8505015997216,0.0029450003057718277,788.5027083000168,book,[np.float64(0.10333333333333333)],[np.float64(-0.2866666666666667)],[1],[0],[0],[3.6754461000673473],['text_3'],p2,001,2025-10-12_14h28.18.296,word_priming,,2025.1.1,60.160978782174794,2025-10-12 14h28.25.434967 +0530,
,151,11,7,,,l_pt_p,laptop,old ,laptop,[np.float64(0.10333333333333333)],[np.float64(-0.2866666666666667)],[1],[0],[0],[3.305691000074148],['text_3'],,,,,7,11,151,0,788.5300813000649,,,,,,,,788.5063044000417,788.5300813000649,788.5300813000649,788.5300813000649,0.0034509003162384033,791.8138660998084,laptop,[np.float64(0.10333333333333333)],[np.float64(-0.2866666666666667)],[1],[0],[0],[3.305691000074148],['text_3'],p2,001,2025-10-12_14h28.18.296,word_priming,,2025.1.1,60.160978782174794,2025-10-12 14h28.25.434967 +0530,
,152,12,7,,,_ha_t,chart,old ,chart,[],[],[],[],[],[],[],,,,,7,12,152,1,791.8435316998512,,,,,,,,791.8176150000654,791.8435316998512,791.8435316998512,791.8435316998512,0.0036050998605787754,801.8191146999598,chart,[],[],[],[],[],[],[],p2,001,2025-10-12_14h28.18.296,word_priming,,2025.1.1,60.160978782174794,2025-10-12 14h28.25.434967 +0530,
,153,13,7,,,T_hi_t,Tshirt,old ,Tsh,[],[],[],[],[],[],[],,,,,7,13,153,2,801.8503183997236,,,,,,,,801.822629199829,801.8503183997236,801.8503183997236,801.8503183997236,0.008622199762612581,811.8253317000344,Tsh,[],[],[],[],[],[],[],p2,001,2025-10-12_14h28.18.296,word_priming,,2025.1.1,60.160978782174794,2025-10-12 14h28.25.434967 +0530,
,154,14,7,,,c_m_ra,camera,new,camera,[np.float64(0.051666666666666666)],[np.float64(-0.3016666666666667)],[1],[0],[0],[8.88852579984814],['text_3'],,,,,7,14,154,19,811.8571947999299,,,,,,,,811.8291746997274,811.8571947999299,811.8571947999299,811.8571947999299,0.015166500117629766,820.7195850000717,camera,[np.float64(0.051666666666666666)],[np.float64(-0.3016666666666667)],[1],[0],[0],[8.88852579984814],['text_3'],p2,001,2025-10-12_14h28.18.296,word_priming,,2025.1.1,60.160978782174794,2025-10-12 14h28.25.434967 +0530,
,155,15,7,,,_o_rd,Board,old ,Board,[np.float64(0.051666666666666666)],[np.float64(-0.3016666666666667)],[1],[0],[0],[4.73974040010944],['text_3'],,,,,7,15,155,10,820.7485404000618,,,,,,,,820.7229710998945,820.7485404000618,820.7485404000618,820.7485404000618,0.003235400188714266,825.4646185999736,Board,[np.float64(0.051666666666666666)],[np.float64(-0.3016666666666667)],[1],[0],[0],[4.73974040010944],['text_3'],p2,001,2025-10-12_14h28.18.296,word_priming,,2025.1.1,60.160978782174794,2025-10-12 14h28.25.434967 +0530,
,156,16,7,,,_ou_se,mouse,old ,mouse,[np.float64(0.051666666666666666)],[np.float64(-0.3016666666666667)],[1],[0],[0],[9.368243099655956],['text_3'],,,,,7,16,156,3,825.493714499753,,,,,,,,825.4680002001114,825.493714499753,825.493714499753,825.493714499753,0.0032341000624001026,834.8381751999259,mouse,[np.float64(0.051666666666666666)],[np.float64(-0.3016666666666667)],[1],[0],[0],[9.368243099655956],['text_3'],p2,001,2025-10-12_14h28.18.296,word_priming,,2025.1.1,60.160978782174794,2025-10-12 14h28.25.434967 +0530,
,157,17,7,,,P_str_,pastry,old ,Pastry,[np.float64(0.051666666666666666)],[np.float64(-0.3016666666666667)],[1],[0],[0],[4.658573700115085],['text_3'],,,,,7,17,157,4,834.8677753997035,,,,,,,,834.8420529998839,834.8677753997035,834.8677753997035,834.8677753997035,0.0037045995704829693,839.502577399835,Pastry,[np.float64(0.051666666666666666)],[np.float64(-0.3016666666666667)],[1],[0],[0],[4.658573700115085],['text_3'],p2,001,2025-10-12_14h28.18.296,word_priming,,2025.1.1,60.160978782174794,2025-10-12 14h28.25.434967 +0530,
,158,18,7,,,ta_l_,table,new,table,[np.float64(0.051666666666666666)],[np.float64(-0.3016666666666667)],[1],[0],[0],[3.2066738000139594],['text_3'],,,,,7,18,158,15,839.5298036998138,,,,,,,,839.505915899761,839.5298036998138,839.5298036998138,839.5298036998138,0.0031926999799907207,842.7145543997176,table,[np.float64(0.051666666666666666)],[np.float64(-0.3016666666666667)],[1],[0],[0],[3.2066738000139594],['text_3'],p2,001,2025-10-12_14h28.18.296,word_priming,,2025.1.1,60.160978782174794,2025-10-12 14h28.25.434967 +0530,
,159,19,7,,,_a_bl_,Marble,old ,Marble,[np.float64(0.051666666666666666)],[np.float64(-0.3016666666666667)],[1],[0],[0],[7.03708119969815],['text_3'],,,,,7,19,159,11,842.7429752997123,,,,,,,,842.7179288999178,842.7429752997123,842.7429752997123,842.7429752997123,0.003226000349968672,849.7569818999618,Marble,[np.float64(0.051666666666666666)],[np.float64(-0.3016666666666667)],[1],[0],[0],[7.03708119969815],['text_3'],p2,001,2025-10-12_14h28.18.296,word_priming,,2025.1.1,60.160978782174794,2025-10-12 14h28.25.434967 +0530,
,160,0,8,,,P_str_,pastry,old ,Pastry,[np.float64(0.051666666666666666)],[np.float64(-0.3016666666666667)],[1],[0],[0],[6.770793899893761],['text_3'],,,,,8,0,160,4,849.7864441997372,,,,,,,,849.7607342000119,849.7864441997372,849.7864441997372,849.7864441997372,0.003584199585020542,856.5335138998926,Pastry,[np.float64(0.051666666666666666)],[np.float64(-0.3016666666666667)],[1],[0],[0],[6.770793899893761],['text_3'],p2,001,2025-10-12_14h28.18.296,word_priming,,2025.1.1,60.160978782174794,2025-10-12 14h28.25.434967 +0530,
,161,1,8,,,ta_l_,table,new,,[np.float64(0.051666666666666666)],[np.float64(-0.3016666666666667)],[1],[0],[0],[2.9906276003457606],['text_3'],,,,,8,1,161,15,856.5629950999282,,,,,,,,856.5369107997976,856.5629950999282,856.5629950999282,856.5629950999282,0.0032490999437868595,859.5299797998741,,[np.float64(0.051666666666666666)],[np.float64(-0.3016666666666667)],[1],[0],[0],[2.9906276003457606],['text_3'],p2,001,2025-10-12_14h28.18.296,word_priming,,2025.1.1,60.160978782174794,2025-10-12 14h28.25.434967 +0530,
,162,2,8,,,P_st_r,Poster,old ,Poster,[np.float64(0.051666666666666666)],[np.float64(-0.3016666666666667)],[1],[0],[0],[4.356049000285566],['text_3'],,,,,8,2,162,9,859.5600884999149,,,,,,,,859.5349161997437,859.5600884999149,859.5600884999149,859.5600884999149,0.004736699629575014,863.89304669993,Poster,[np.float64(0.051666666666666666)],[np.float64(-0.3016666666666667)],[1],[0],[0],[4.356049000285566],['text_3'],p2,001,2025-10-12_14h28.18.296,word_priming,,2025.1.1,60.160978782174794,2025-10-12 14h28.25.434967 +0530,
,163,3,8,,,_ou_se,mouse,old ,mouse,[np.float64(-0.011666666666666667)],[np.float64(-0.3016666666666667)],[1],[0],[0],[6.020794800017029],['text_3'],,,,,8,3,163,3,863.9224450998008,,,,,,,,863.8964962000027,863.9224450998008,863.9224450998008,863.9224450998008,0.0032875998876988888,869.9197877999395,mouse,[np.float64(-0.011666666666666667)],[np.float64(-0.3016666666666667)],[1],[0],[0],[6.020794800017029],['text_3'],p2,001,2025-10-12_14h28.18.296,word_priming,,2025.1.1,60.160978782174794,2025-10-12 14h28.25.434967 +0530,
,164,4,8,,,l_pt_p,laptop,old ,laptop,[np.float64(-0.011666666666666667)],[np.float64(-0.3016666666666667)],[1],[0],[0],[2.924749200232327],['text_3'],,,,,8,4,164,0,869.9497695998289,,,,,,,,869.9247330999933,869.9497695998289,869.9497695998289,869.9497695998289,0.004724800121039152,872.8516067997552,laptop,[np.float64(-0.011666666666666667)],[np.float64(-0.3016666666666667)],[1],[0],[0],[2.924749200232327],['text_3'],p2,001,2025-10-12_14h28.18.296,word_priming,,2025.1.1,60.160978782174794,2025-10-12 14h28.25.434967 +0530,
,165,5,8,,,_a_bl_,Marble,old ,Marble,[np.float64(0.03)],[np.float64(-0.29833333333333334)],[1],[0],[0],[8.519655999727547],['text_3'],,,,,8,5,165,11,872.8803000999615,,,,,,,,872.8550086999312,872.8803000999615,872.8803000999615,872.8803000999615,0.003235899843275547,881.376710199751,Marble,[np.float64(0.03)],[np.float64(-0.29833333333333334)],[1],[0],[0],[8.519655999727547],['text_3'],p2,001,2025-10-12_14h28.18.296,word_priming,,2025.1.1,60.160978782174794,2025-10-12 14h28.25.434967 +0530,
,166,6,8,,,T_hi_t,Tshirt,old ,Tshirt,[np.float64(0.03)],[np.float64(-0.29833333333333334)],[1],[0],[0],[4.921986499801278],['text_3'],,,,,8,6,166,2,881.4051139997318,,,,,,,,881.3801060998812,881.4051139997318,881.4051139997318,881.4051139997318,0.003247200045734644,886.304139399901,Tshirt,[np.float64(0.03)],[np.float64(-0.29833333333333334)],[1],[0],[0],[4.921986499801278],['text_3'],p2,001,2025-10-12_14h28.18.296,word_priming,,2025.1.1,60.160978782174794,2025-10-12 14h28.25.434967 +0530,
,167,7,8,,,_o_rd,Board,old ,Board,[np.float64(0.03)],[np.float64(-0.29833333333333334)],[1],[0],[0],[4.689874399919063],['text_3'],,,,,8,7,167,10,886.33358819969,,,,,,,,886.3078920999542,886.33358819969,886.33358819969,886.33358819969,0.0036011002957820892,890.9998253998347,Board,[np.float64(0.03)],[np.float64(-0.29833333333333334)],[1],[0],[0],[4.689874399919063],['text_3'],p2,001,2025-10-12_14h28.18.296,word_priming,,2025.1.1,60.160978782174794,2025-10-12 14h28.25.434967 +0530,
,168,8,8,,,_ru_s_,cruise,old ,cruise,[np.float64(0.03)],[np.float64(-0.29833333333333334)],[1],[0],[0],[4.274848799686879],['text_3'],,,,,8,8,168,6,891.0290880999528,,,,,,,,891.0033213999122,891.0290880999528,891.0290880999528,891.0290880999528,0.003345400094985962,895.2802482000552,cruise,[np.float64(0.03)],[np.float64(-0.29833333333333334)],[1],[0],[0],[4.274848799686879],['text_3'],p2,001,2025-10-12_14h28.18.296,word_priming,,2025.1.1,60.160978782174794,2025-10-12 14h28.25.434967 +0530,
,169,9,8,,,p_nc_l,pencil,new,pencil,[np.float64(-0.025)],[np.float64(-0.29833333333333334)],[1],[0],[0],[5.387629900127649],['text_3'],,,,,8,9,169,16,895.3080985997804,,,,,,,,895.2836873000488,895.3080985997804,895.3080985997804,895.3080985997804,0.00328770000487566,900.6734162000939,pencil,[np.float64(-0.025)],[np.float64(-0.29833333333333334)],[1],[0],[0],[5.387629900127649],['text_3'],p2,001,2025-10-12_14h28.18.296,word_priming,,2025.1.1,60.160978782174794,2025-10-12 14h28.25.434967 +0530,
,170,10,8,,,P_li_e,Police,old ,Police,[np.float64(-0.025)],[np.float64(-0.29833333333333334)],[1],[0],[0],[5.09011169988662],['text_3'],,,,,8,10,170,7,900.7027595997788,,,,,,,,900.6768656000495,900.7027595997788,900.7027595997788,900.7027595997788,0.0032628998160362244,905.7690801001154,Police,[np.float64(-0.025)],[np.float64(-0.29833333333333334)],[1],[0],[0],[5.09011169988662],['text_3'],p2,001,2025-10-12_14h28.18.296,word_priming,,2025.1.1,60.160978782174794,2025-10-12 14h28.25.434967 +0530,
,171,11,8,,,_oo_,book,old ,book,[np.float64(-0.025)],[np.float64(-0.29833333333333334)],[1],[0],[0],[2.6919493000023067],['text_3'],,,,,8,11,171,13,905.7977955997922,,,,,,,,905.7721396000125,905.7977955997922,905.7977955997922,905.7977955997922,0.002910500392317772,908.46617410006,book,[np.float64(-0.025)],[np.float64(-0.29833333333333334)],[1],[0],[0],[2.6919493000023067],['text_3'],p2,001,2025-10-12_14h28.18.296,word_priming,,2025.1.1,60.160978782174794,2025-10-12 14h28.25.434967 +0530,
,172,12,8,,,c_s_,case,old ,case,[np.float64(-0.025)],[np.float64(-0.29833333333333334)],[1],[0],[0],[3.108915099874139],['text_3'],,,,,8,12,172,5,908.4949904000387,,,,,,,,908.4692424000241,908.4949904000387,908.4949904000387,908.4949904000387,0.0029172003269195557,911.580267299898,case,[np.float64(-0.025)],[np.float64(-0.29833333333333334)],[1],[0],[0],[3.108915099874139],['text_3'],p2,001,2025-10-12_14h28.18.296,word_priming,,2025.1.1,60.160978782174794,2025-10-12 14h28.25.434967 +0530,
,173,13,8,,,bo_t_e,bottle,new,bottl,[np.float64(-0.025)],[np.float64(-0.29833333333333334)],[1],[0],[0],[8.136582999955863],['text_3'],,,,,8,13,173,18,911.6087313997559,,,,,,,,911.5837423000485,911.6087313997559,911.6087313997559,911.6087313997559,0.003330499865114689,919.7224690997973,bottl,[np.float64(-0.025)],[np.float64(-0.29833333333333334)],[1],[0],[0],[8.136582999955863],['text_3'],p2,001,2025-10-12_14h28.18.296,word_priming,,2025.1.1,60.160978782174794,2025-10-12 14h28.25.434967 +0530,
,174,14,8,,,v_s_,vase,new,vase,[np.float64(-0.025)],[np.float64(-0.29833333333333334)],[1],[0],[0],[4.655726199969649],['text_3'],,,,,8,14,174,17,919.7508819997311,,,,,,,,919.7255243998952,919.7508819997311,919.7508819997311,919.7508819997311,0.0029044998809695244,924.3833866999485,vase,[np.float64(-0.025)],[np.float64(-0.29833333333333334)],[1],[0],[0],[4.655726199969649],['text_3'],p2,001,2025-10-12_14h28.18.296,word_priming,,2025.1.1,60.160978782174794,2025-10-12 14h28.25.434967 +0530,
,175,15,8,,,c_m_ra,camera,new,camera,[np.float64(0.09166666666666666)],[np.float64(-0.2866666666666667)],[1],[0],[0],[6.138296900317073],['text_3'],,,,,8,15,175,19,924.4127162997611,,,,,,,,924.3868745998479,924.4127162997611,924.4127162997611,924.4127162997611,0.0033394000492990017,930.5273302998394,camera,[np.float64(0.09166666666666666)],[np.float64(-0.2866666666666667)],[1],[0],[0],[6.138296900317073],['text_3'],p2,001,2025-10-12_14h28.18.296,word_priming,,2025.1.1,60.160978782174794,2025-10-12 14h28.25.434967 +0530,
,176,16,8,,,c_s_io_,cushion,old ,cushion,[np.float64(0.02666666666666667)],[np.float64(-0.31333333333333335)],[1],[0],[0],[6.339468699879944],['text_3'],,,,,8,16,176,14,930.5566551997326,,,,,,,,930.5308701000176,930.5566551997326,930.5566551997326,930.5566551997326,0.0033427001908421516,936.8725002999417,cushion,[np.float64(0.02666666666666667)],[np.float64(-0.31333333333333335)],[1],[0],[0],[6.339468699879944],['text_3'],p2,001,2025-10-12_14h28.18.296,word_priming,,2025.1.1,60.160978782174794,2025-10-12 14h28.25.434967 +0530,
,177,17,8,,,_ho_e,Phone,old ,phone,[np.float64(-0.025)],[np.float64(-0.31)],[1],[0],[0],[6.987450799904764],['text_3'],,,,,8,17,177,12,936.9004615996964,,,,,,,,936.8762805997394,936.9004615996964,936.9004615996964,936.9004615996964,0.00360589986667037,943.8658953998238,phone,[np.float64(-0.025)],[np.float64(-0.31)],[1],[0],[0],[6.987450799904764],['text_3'],p2,001,2025-10-12_14h28.18.296,word_priming,,2025.1.1,60.160978782174794,2025-10-12 14h28.25.434967 +0530,
,178,18,8,,,_ha_t,chart,old ,chart,[np.float64(-0.025)],[np.float64(-0.31)],[1],[0],[0],[3.373310999944806],['text_3'],,,,,8,18,178,1,943.8932260000147,,,,,,,,943.8692608000711,943.8932260000147,943.8932260000147,943.8932260000147,0.0031921998597681522,947.2447881000116,chart,[np.float64(-0.025)],[np.float64(-0.31)],[1],[0],[0],[3.373310999944806],['text_3'],p2,001,2025-10-12_14h28.18.296,word_priming,,2025.1.1,60.160978782174794,2025-10-12 14h28.25.434967 +0530,
,179,19,8,,,K_y_,Keys,old ,Keys,[np.float64(-0.025)],[np.float64(-0.31)],[1],[0],[0],[4.740923900157213],['text_3'],,,,,8,19,179,8,947.2732298998162,,,,,,,,947.2478271997534,947.2732298998162,947.2732298998162,947.2732298998162,0.0028610997833311558,951.9909358001314,Keys,[np.float64(-0.025)],[np.float64(-0.31)],[1],[0],[0],[4.740923900157213],['text_3'],p2,001,2025-10-12_14h28.18.296,word_priming,,2025.1.1,60.160978782174794,2025-10-12 14h28.25.434967 +0530,
,180,0,9,,,ta_l_,table,new,tab,[np.float64(-0.025)],[np.float64(-0.31)],[1],[0],[0],[2.9405124001204967],['text_3'],,,,,9,0,180,15,952.0188909997232,,,,,,,,951.9942834000103,952.0188909997232,952.0188909997232,952.0188909997232,0.003195699770003557,954.9369820998982,tab,[np.float64(-0.025)],[np.float64(-0.31)],[1],[0],[0],[2.9405124001204967],['text_3'],p2,001,2025-10-12_14h28.18.296,word_priming,,2025.1.1,60.160978782174794,2025-10-12 14h28.25.434967 +0530,
,181,1,9,,,_ho_e,Phone,old ,phone,[np.float64(-0.025)],[np.float64(-0.31)],[1],[0],[0],[4.22528629982844],['text_3'],,,,,9,1,181,12,954.9659601999447,,,,,,,,954.9404249000363,954.9659601999447,954.9659601999447,954.9659601999447,0.003256200347095728,959.1679258998483,phone,[np.float64(-0.025)],[np.float64(-0.31)],[1],[0],[0],[4.22528629982844],['text_3'],p2,001,2025-10-12_14h28.18.296,word_priming,,2025.1.1,60.160978782174794,2025-10-12 14h28.25.434967 +0530,
,182,2,9,,,v_s_,vase,new,vas,[np.float64(-0.025)],[np.float64(-0.31)],[1],[0],[0],[3.223363899625838],['text_3'],,,,,9,2,182,17,959.1951691997238,,,,,,,,959.1710632997565,959.1951691997238,959.1951691997238,959.1951691997238,0.0029609999619424343,962.3966867998242,vas,[np.float64(-0.025)],[np.float64(-0.31)],[1],[0],[0],[3.223363899625838],['text_3'],p2,001,2025-10-12_14h28.18.296,word_priming,,2025.1.1,60.160978782174794,2025-10-12 14h28.25.434967 +0530,
,183,3,9,,,c_m_ra,camera,new,camer,[np.float64(-0.025)],[np.float64(-0.31)],[1],[0],[0],[4.090163900051266],['text_3'],,,,,9,3,183,19,962.42486799974,,,,,,,,962.4001326998696,962.42486799974,962.42486799974,962.42486799974,0.0032955999486148357,966.492490099743,camer,[np.float64(-0.025)],[np.float64(-0.31)],[1],[0],[0],[4.090163900051266],['text_3'],p2,001,2025-10-12_14h28.18.296,word_priming,,2025.1.1,60.160978782174794,2025-10-12 14h28.25.434967 +0530,
,184,4,9,,,l_pt_p,laptop,old ,laptpo,[np.float64(-0.03833333333333333)],[np.float64(-0.30666666666666664)],[1],[0],[0],[6.604358700104058],['text_3'],,,,,9,4,184,0,966.5212336997502,,,,,,,,966.4958473998122,966.5212336997502,966.5212336997502,966.5212336997502,0.0031844996847212315,973.1024072999135,laptpo,[np.float64(-0.03833333333333333)],[np.float64(-0.30666666666666664)],[1],[0],[0],[6.604358700104058],['text_3'],p2,001,2025-10-12_14h28.18.296,word_priming,,2025.1.1,60.160978782174794,2025-10-12 14h28.25.434967 +0530,
,185,5,9,,,_ha_t,chart,old ,chart,[np.float64(-0.03833333333333333)],[np.float64(-0.30666666666666664)],[1],[0],[0],[3.3915144000202417],['text_3'],,,,,9,5,185,1,973.1313595999964,,,,,,,,973.1062078997493,973.1313595999964,973.1313595999964,973.1313595999964,0.003624900244176388,976.4999758997001,chart,[np.float64(-0.03833333333333333)],[np.float64(-0.30666666666666664)],[1],[0],[0],[3.3915144000202417],['text_3'],p2,001,2025-10-12_14h28.18.296,word_priming,,2025.1.1,60.160978782174794,2025-10-12 14h28.25.434967 +0530,
,186,6,9,,,_ru_s_,cruise,old ,cruise,[np.float64(-0.03833333333333333)],[np.float64(-0.30666666666666664)],[1],[0],[0],[3.156866599805653],['text_3'],,,,,9,6,186,6,976.5279771001078,,,,,,,,976.5037615001202,976.5279771001078,976.5279771001078,976.5279771001078,0.003615899942815304,979.6628743996844,cruise,[np.float64(-0.03833333333333333)],[np.float64(-0.30666666666666664)],[1],[0],[0],[3.156866599805653],['text_3'],p2,001,2025-10-12_14h28.18.296,word_priming,,2025.1.1,60.160978782174794,2025-10-12 14h28.25.434967 +0530,
,187,7,9,,,p_nc_l,pencil,new,pencil,[np.float64(-0.03833333333333333)],[np.float64(-0.30666666666666664)],[1],[0],[0],[3.8740946003235877],['text_3'],,,,,9,7,187,16,979.6914889998734,,,,,,,,979.6662766998634,979.6914889998734,979.6914889998734,979.6914889998734,0.0032248999923467636,983.5426203999668,pencil,[np.float64(-0.03833333333333333)],[np.float64(-0.30666666666666664)],[1],[0],[0],[3.8740946003235877],['text_3'],p2,001,2025-10-12_14h28.18.296,word_priming,,2025.1.1,60.160978782174794,2025-10-12 14h28.25.434967 +0530,
,188,8,9,,,_oo_,book,old ,book,[np.float64(-0.03833333333333333)],[np.float64(-0.30666666666666664)],[1],[0],[0],[3.8398179998621345],['text_3'],,,,,9,8,188,13,983.5710052000359,,,,,,,,983.5461892001331,983.5710052000359,983.5710052000359,983.5710052000359,0.003406899981200695,987.3886504000984,book,[np.float64(-0.03833333333333333)],[np.float64(-0.30666666666666664)],[1],[0],[0],[3.8398179998621345],['text_3'],p2,001,2025-10-12_14h28.18.296,word_priming,,2025.1.1,60.160978782174794,2025-10-12 14h28.25.434967 +0530,
,189,9,9,,,P_li_e,Police,old ,Police,[np.float64(-0.03833333333333333)],[np.float64(-0.30666666666666664)],[1],[0],[0],[5.372225999832153],['text_3'],,,,,9,9,189,7,987.417372699827,,,,,,,,987.3921173000708,987.417372699827,987.417372699827,987.417372699827,0.00328770000487566,992.7666011997499,Police,[np.float64(-0.03833333333333333)],[np.float64(-0.30666666666666664)],[1],[0],[0],[5.372225999832153],['text_3'],p2,001,2025-10-12_14h28.18.296,word_priming,,2025.1.1,60.160978782174794,2025-10-12 14h28.25.434967 +0530,
,190,10,9,,,_ou_se,mouse,old ,mouse,[np.float64(-0.03833333333333333)],[np.float64(-0.30666666666666664)],[1],[0],[0],[3.7733497000299394],['text_3'],,,,,9,10,190,3,992.7951170997694,,,,,,,,992.7699974998832,992.7951170997694,992.7951170997694,992.7951170997694,0.003248400054872036,996.5456209997647,mouse,[np.float64(-0.03833333333333333)],[np.float64(-0.30666666666666664)],[1],[0],[0],[3.7733497000299394],['text_3'],p2,001,2025-10-12_14h28.18.296,word_priming,,2025.1.1,60.160978782174794,2025-10-12 14h28.25.434967 +0530,
,191,11,9,,,P_st_r,Poster,old ,Poster,[np.float64(0.03166666666666667)],[np.float64(-0.3233333333333333)],[1],[0],[0],[7.287359300069511],['text_3'],,,,,9,11,191,9,996.5748143000528,,,,,,,,996.549028699752,996.5748143000528,996.5748143000528,996.5748143000528,0.0032562999986112118,1003.8386899000034,Poster,[np.float64(0.03166666666666667)],[np.float64(-0.3233333333333333)],[1],[0],[0],[7.287359300069511],['text_3'],p2,001,2025-10-12_14h28.18.296,word_priming,,2025.1.1,60.160978782174794,2025-10-12 14h28.25.434967 +0530,
,192,12,9,,,P_str_,pastry,old ,Pastry,[np.float64(-0.02)],[np.float64(-0.31666666666666665)],[1],[0],[0],[5.44014129973948],['text_3'],,,,,9,12,192,4,1003.8675676998682,,,,,,,,1003.8421084000729,1003.8675676998682,1003.8675676998682,1003.8675676998682,0.0032655997201800346,1009.284558699932,Pastry,[np.float64(-0.02)],[np.float64(-0.31666666666666665)],[1],[0],[0],[5.44014129973948],['text_3'],p2,001,2025-10-12_14h28.18.296,word_priming,,2025.1.1,60.160978782174794,2025-10-12 14h28.25.434967 +0530,
,193,13,9,,,_o_rd,Board,old ,Board,[np.float64(-0.02)],[np.float64(-0.31666666666666665)],[1],[0],[0],[4.323555199895054],['text_3'],,,,,9,13,193,10,1009.3122084001079,,,,,,,,1009.2880142000504,1009.3122084001079,1009.3122084001079,1009.3122084001079,0.003278499934822321,1013.6139082997106,Board,[np.float64(-0.02)],[np.float64(-0.31666666666666665)],[1],[0],[0],[4.323555199895054],['text_3'],p2,001,2025-10-12_14h28.18.296,word_priming,,2025.1.1,60.160978782174794,2025-10-12 14h28.25.434967 +0530,
,194,14,9,,,c_s_,case,old ,"case
",[np.float64(-0.07)],[np.float64(-0.295)],[1],[0],[0],[4.08884029975161],['text_3'],,,,,9,14,194,5,1013.6414574999362,,,,,,,,1013.616996599827,1013.6414574999362,1013.6414574999362,1013.6414574999362,0.0029369001276791096,1017.708170699887,"case
",[np.float64(-0.07)],[np.float64(-0.295)],[1],[0],[0],[4.08884029975161],['text_3'],p2,001,2025-10-12_14h28.18.296,word_priming,,2025.1.1,60.160978782174794,2025-10-12 14h28.25.434967 +0530,
,195,15,9,,,K_y_,Keys,old ,Keys,[np.float64(-0.07)],[np.float64(-0.295)],[1],[0],[0],[5.089600100181997],['text_3'],,,,,9,15,195,8,1017.7370106996968,,,,,,,,1017.7112634996884,1017.7370106996968,1017.7370106996968,1017.7370106996968,0.002944699954241514,1022.8031802996993,Keys,[np.float64(-0.07)],[np.float64(-0.295)],[1],[0],[0],[5.089600100181997],['text_3'],p2,001,2025-10-12_14h28.18.296,word_priming,,2025.1.1,60.160978782174794,2025-10-12 14h28.25.434967 +0530,
,196,16,9,,,c_s_io_,cushion,old ,cushion,[np.float64(0.011666666666666667)],[np.float64(-0.29833333333333334)],[1],[0],[0],[6.021837399806827],['text_3'],,,,,9,16,196,14,1022.8323564999737,,,,,,,,1022.8066261000931,1022.8323564999737,1022.8323564999737,1022.8323564999737,0.003293499816209078,1028.8308298001066,cushion,[np.float64(0.011666666666666667)],[np.float64(-0.29833333333333334)],[1],[0],[0],[6.021837399806827],['text_3'],p2,001,2025-10-12_14h28.18.296,word_priming,,2025.1.1,60.160978782174794,2025-10-12 14h28.25.434967 +0530,
,197,17,9,,,_a_bl_,Marble,old ,Marble,[np.float64(0.011666666666666667)],[np.float64(-0.29833333333333334)],[1],[0],[0],[5.289675100240856],['text_3'],,,,,9,17,197,11,1028.8594434000552,,,,,,,,1028.8342709997669,1028.8594434000552,1028.8594434000552,1028.8594434000552,0.0032903002575039864,1034.126353299711,Marble,[np.float64(0.011666666666666667)],[np.float64(-0.29833333333333334)],[1],[0],[0],[5.289675100240856],['text_3'],p2,001,2025-10-12_14h28.18.296,word_priming,,2025.1.1,60.160978782174794,2025-10-12 14h28.25.434967 +0530,
,198,18,9,,,T_hi_t,Tshirt,old ,Tshirt,[np.float64(0.011666666666666667)],[np.float64(-0.29833333333333334)],[1],[0],[0],[4.90662100026384],['text_3'],,,,,9,18,198,2,1034.1544429999776,,,,,,,,1034.1297915000468,1034.1544429999776,1034.1544429999776,1034.1544429999776,0.0032605002634227276,1039.0388035001233,Tshirt,[np.float64(0.011666666666666667)],[np.float64(-0.29833333333333334)],[1],[0],[0],[4.90662100026384],['text_3'],p2,001,2025-10-12_14h28.18.296,word_priming,,2025.1.1,60.160978782174794,2025-10-12 14h28.25.434967 +0530,
,199,19,9,,,bo_t_e,bottle,new,bottle,[np.float64(0.011666666666666667)],[np.float64(-0.29833333333333334)],[1],[0],[0],[3.3559584002941847],['text_3'],,,,,9,19,199,18,1039.0664261998609,,,,,,,,1039.042932599783,1039.0664261998609,1039.0664261998609,1039.0664261998609,0.003978900145739317,1042.4013040000573,bottle,[np.float64(0.011666666666666667)],[np.float64(-0.29833333333333334)],[1],[0],[0],[3.3559584002941847],['text_3'],p2,001,2025-10-12_14h28.18.296,word_priming,,2025.1.1,60.160978782174794,2025-10-12 14h28.25.434967 +0530,
,200,0,10,,,p_nc_l,pencil,new,pencil,[np.float64(0.011666666666666667)],[np.float64(-0.29833333333333334)],[1],[0],[0],[4.889088499825448],['text_3'],,,,,10,0,200,16,1042.4293096996844,,,,,,,,1042.4048279998824,1042.4293096996844,1042.4293096996844,1042.4293096996844,0.0033774003386497498,1047.2963439999148,pencil,[np.float64(0.011666666666666667)],[np.float64(-0.29833333333333334)],[1],[0],[0],[4.889088499825448],['text_3'],p2,001,2025-10-12_14h28.18.296,word_priming,,2025.1.1,60.160978782174794,2025-10-12 14h28.25.434967 +0530,
,201,1,10,,,_ou_se,mouse,old ,mouse,[np.float64(0.011666666666666667)],[np.float64(-0.29833333333333334)],[1],[0],[0],[6.487296800129116],['text_3'],,,,,10,1,201,3,1047.3251684000716,,,,,,,,1047.2997872997075,1047.3251684000716,1047.3251684000716,1047.3251684000716,0.003292200155556202,1053.7894911998883,mouse,[np.float64(0.011666666666666667)],[np.float64(-0.29833333333333334)],[1],[0],[0],[6.487296800129116],['text_3'],p2,001,2025-10-12_14h28.18.296,word_priming,,2025.1.1,60.160978782174794,2025-10-12 14h28.25.434967 +0530,
,202,2,10,,,c_m_ra,camera,new,camrA,[np.float64(0.011666666666666667)],[np.float64(-0.29833333333333334)],[1],[0],[0],[5.472145800013095],['text_3'],,,,,10,2,202,19,1053.8186046998017,,,,,,,,1053.7929321001284,1053.8186046998017,1053.8186046998017,1053.8186046998017,0.0032919999212026596,1059.2674870998599,camrA,[np.float64(0.011666666666666667)],[np.float64(-0.29833333333333334)],[1],[0],[0],[5.472145800013095],['text_3'],p2,001,2025-10-12_14h28.18.296,word_priming,,2025.1.1,60.160978782174794,2025-10-12 14h28.25.434967 +0530,
,203,3,10,,,P_st_r,Poster,old ,Poster,[np.float64(0.011666666666666667)],[np.float64(-0.29833333333333334)],[1],[0],[0],[6.137552100233734],['text_3'],,,,,10,3,203,9,1059.2964868000709,,,,,,,,1059.2713423999958,1059.2964868000709,1059.2964868000709,1059.2964868000709,0.0036814999766647816,1065.4113223999739,Poster,[np.float64(0.011666666666666667)],[np.float64(-0.29833333333333334)],[1],[0],[0],[6.137552100233734],['text_3'],p2,001,2025-10-12_14h28.18.296,word_priming,,2025.1.1,60.160978782174794,2025-10-12 14h28.25.434967 +0530,
,204,4,10,,,l_pt_p,laptop,old ,laptop,[np.float64(0.011666666666666667)],[np.float64(-0.29833333333333334)],[1],[0],[0],[3.2904957002028823],['text_3'],,,,,10,4,204,0,1065.440281999763,,,,,,,,1065.4150531999767,1065.440281999763,1065.440281999763,1065.440281999763,0.003588599618524313,1068.7080409000628,laptop,[np.float64(0.011666666666666667)],[np.float64(-0.29833333333333334)],[1],[0],[0],[3.2904957002028823],['text_3'],p2,001,2025-10-12_14h28.18.296,word_priming,,2025.1.1,60.160978782174794,2025-10-12 14h28.25.434967 +0530,
,205,5,10,,,c_s_,case,old ,case,[np.float64(0.011666666666666667)],[np.float64(-0.29833333333333334)],[1],[0],[0],[2.725368599873036],['text_3'],,,,,10,5,205,5,1068.73699019989,,,,,,,,1068.7119940998964,1068.73699019989,1068.73699019989,1068.73699019989,0.003788499627262354,1071.4398143999279,case,[np.float64(0.011666666666666667)],[np.float64(-0.29833333333333334)],[1],[0],[0],[2.725368599873036],['text_3'],p2,001,2025-10-12_14h28.18.296,word_priming,,2025.1.1,60.160978782174794,2025-10-12 14h28.25.434967 +0530,
,206,6,10,,,_o_rd,Board,old ,Board,[],[],[],[],[],[],[],,,,,10,6,206,10,1071.4676330997609,,,,,,,,1071.4432862997055,1071.4676330997609,1071.4676330997609,1071.4676330997609,0.003329100087285042,1081.4434195999056,Board,[],[],[],[],[],[],[],p2,001,2025-10-12_14h28.18.296,word_priming,,2025.1.1,60.160978782174794,2025-10-12 14h28.25.434967 +0530,
,207,7,10,,,ta_l_,table,new,,[np.float64(0.011666666666666667)],[np.float64(-0.29833333333333334)],[1],[0],[0],[0.2951083001680672],['text_3'],,,,,10,7,207,15,1081.47417389974,,,,,,,,1081.4468926000409,1081.47417389974,1081.47417389974,1081.47417389974,0.006935799960047007,1081.7444783998653,,[np.float64(0.011666666666666667)],[np.float64(-0.29833333333333334)],[1],[0],[0],[0.2951083001680672],['text_3'],p2,001,2025-10-12_14h28.18.296,word_priming,,2025.1.1,60.160978782174794,2025-10-12 14h28.25.434967 +0530,
,208,8,10,,,K_y_,Keys,old ,Keys,[np.float64(0.011666666666666667)],[np.float64(-0.29833333333333334)],[1],[0],[0],[3.4926593001000583],['text_3'],,,,,10,8,208,8,1081.7742055999115,,,,,,,,1081.7474945001304,1081.7742055999115,1081.7742055999115,1081.7742055999115,0.0028382004238665104,1085.2426249999553,Keys,[np.float64(0.011666666666666667)],[np.float64(-0.29833333333333334)],[1],[0],[0],[3.4926593001000583],['text_3'],p2,001,2025-10-12_14h28.18.296,word_priming,,2025.1.1,60.160978782174794,2025-10-12 14h28.25.434967 +0530,
,209,9,10,,,_ha_t,chart,old ,chart,[np.float64(0.011666666666666667)],[np.float64(-0.29833333333333334)],[1],[0],[0],[4.524304199963808],['text_3'],,,,,10,9,209,1,1085.2706867000088,,,,,,,,1085.2463154001161,1085.2706867000088,1085.2706867000088,1085.2706867000088,0.0035433997400105,1089.7731302999891,chart,[np.float64(0.011666666666666667)],[np.float64(-0.29833333333333334)],[1],[0],[0],[4.524304199963808],['text_3'],p2,001,2025-10-12_14h28.18.296,word_priming,,2025.1.1,60.160978782174794,2025-10-12 14h28.25.434967 +0530,
,210,10,10,,,c_s_io_,cushion,old ,cushion,[np.float64(0.011666666666666667)],[np.float64(-0.29833333333333334)],[1],[0],[0],[4.2705775001086295],['text_3'],,,,,10,10,210,14,1089.7992330999114,,,,,,,,1089.7766897999682,1089.7992330999114,1089.7992330999114,1089.7992330999114,0.003411300014704466,1094.0498040998355,cushion,[np.float64(0.011666666666666667)],[np.float64(-0.29833333333333334)],[1],[0],[0],[4.2705775001086295],['text_3'],p2,001,2025-10-12_14h28.18.296,word_priming,,2025.1.1,60.160978782174794,2025-10-12 14h28.25.434967 +0530,
,211,11,10,,,v_s_,vase,new,va,[np.float64(0.011666666666666667)],[np.float64(-0.29833333333333334)],[1],[0],[0],[2.6261384999379516],['text_3'],,,,,10,11,211,17,1094.0789284999482,,,,,,,,1094.0529261999764,1094.0789284999482,1094.0789284999482,1094.0789284999482,0.002944699954241514,1096.6815939997323,va,[np.float64(0.011666666666666667)],[np.float64(-0.29833333333333334)],[1],[0],[0],[2.6261384999379516],['text_3'],p2,001,2025-10-12_14h28.18.296,word_priming,,2025.1.1,60.160978782174794,2025-10-12 14h28.25.434967 +0530,
,212,12,10,,,_a_bl_,Marble,old ,Marble,[np.float64(0.011666666666666667)],[np.float64(-0.29833333333333334)],[1],[0],[0],[6.569493500050157],['text_3'],,,,,10,12,212,11,1096.709324900061,,,,,,,,1096.6854078997858,1096.709324900061,1096.709324900061,1096.709324900061,0.003667999990284443,1103.2574447998777,Marble,[np.float64(0.011666666666666667)],[np.float64(-0.29833333333333334)],[1],[0],[0],[6.569493500050157],['text_3'],p2,001,2025-10-12_14h28.18.296,word_priming,,2025.1.1,60.160978782174794,2025-10-12 14h28.25.434967 +0530,
,213,13,10,,,T_hi_t,Tshirt,old ,Tshirt,[np.float64(0.011666666666666667)],[np.float64(-0.29833333333333334)],[1],[0],[0],[4.222237899899483],['text_3'],,,,,10,13,213,2,1103.2863219999708,,,,,,,,1103.2608559001237,1103.2863219999708,1103.2863219999708,1103.2863219999708,0.003259900026023388,1107.485642099753,Tshirt,[np.float64(0.011666666666666667)],[np.float64(-0.29833333333333334)],[1],[0],[0],[4.222237899899483],['text_3'],p2,001,2025-10-12_14h28.18.296,word_priming,,2025.1.1,60.160978782174794,2025-10-12 14h28.25.434967 +0530,
,214,14,10,,,_ru_s_,cruise,old ,cruise,[np.float64(0.011666666666666667)],[np.float64(-0.29833333333333334)],[1],[0],[0],[3.076066100038588],['text_3'],,,,,10,14,214,6,1107.5155253997073,,,,,,,,1107.4890389000066,1107.5155253997073,1107.5155253997073,1107.5155253997073,0.0032469998113811016,1110.5676845000125,cruise,[np.float64(0.011666666666666667)],[np.float64(-0.29833333333333334)],[1],[0],[0],[3.076066100038588],['text_3'],p2,001,2025-10-12_14h28.18.296,word_priming,,2025.1.1,60.160978782174794,2025-10-12 14h28.25.434967 +0530,
,215,15,10,,,P_li_e,Police,old ,Police,[np.float64(0.011666666666666667)],[np.float64(-0.29833333333333334)],[1],[0],[0],[3.305960699915886],['text_3'],,,,,10,15,215,7,1110.5957122999243,,,,,,,,1110.5718976999633,1110.5957122999243,1110.5957122999243,1110.5957122999243,0.004070200026035309,1113.8806054997258,Police,[np.float64(0.011666666666666667)],[np.float64(-0.29833333333333334)],[1],[0],[0],[3.305960699915886],['text_3'],p2,001,2025-10-12_14h28.18.296,word_priming,,2025.1.1,60.160978782174794,2025-10-12 14h28.25.434967 +0530,
,216,16,10,,,_ho_e,Phone,old ,phone,[np.float64(0.011666666666666667)],[np.float64(-0.29833333333333334)],[1],[0],[0],[3.5251473002135754],['text_3'],,,,,10,16,216,12,1113.9093133998103,,,,,,,,1113.8844086998142,1113.9093133998103,1113.9093133998103,1113.9093133998103,0.0036395001225173473,1117.412152600009,phone,[np.float64(0.011666666666666667)],[np.float64(-0.29833333333333334)],[1],[0],[0],[3.5251473002135754],['text_3'],p2,001,2025-10-12_14h28.18.296,word_priming,,2025.1.1,60.160978782174794,2025-10-12 14h28.25.434967 +0530,
,217,17,10,,,_oo_,book,old ,book,[np.float64(0.011666666666666667)],[np.float64(-0.29833333333333334)],[1],[0],[0],[2.690433499868959],['text_3'],,,,,10,17,217,13,1117.4390447000042,,,,,,,,1117.4153796997853,1117.4390447000042,1117.4390447000042,1117.4390447000042,0.0030859000980854034,1120.1084503997117,book,[np.float64(0.011666666666666667)],[np.float64(-0.29833333333333334)],[1],[0],[0],[2.690433499868959],['text_3'],p2,001,2025-10-12_14h28.18.296,word_priming,,2025.1.1,60.160978782174794,2025-10-12 14h28.25.434967 +0530,
,218,18,10,,,P_str_,pastry,old ,Pastry,[np.float64(0.011666666666666667)],[np.float64(-0.29833333333333334)],[1],[0],[0],[3.9053744999691844],['text_3'],,,,,10,18,218,4,1120.1363209998235,,,,,,,,1120.1122550000437,1120.1363209998235,1120.1363209998235,1120.1363209998235,0.0036605997011065483,1124.020265799947,Pastry,[np.float64(0.011666666666666667)],[np.float64(-0.29833333333333334)],[1],[0],[0],[3.9053744999691844],['text_3'],p2,001,2025-10-12_14h28.18.296,word_priming,,2025.1.1,60.160978782174794,2025-10-12 14h28.25.434967 +0530,
,219,19,10,,,bo_t_e,bottle,new,bottle,[np.float64(0.011666666666666667)],[np.float64(-0.29833333333333334)],[1],[0],[0],[3.158990300260484],['text_3'],,,,,10,19,219,18,1124.0491041997448,,,,,,,,1124.023823800031,1124.0491041997448,1124.0491041997448,1124.0491041997448,0.0033862004056572914,1127.1855128998868,bottle,[np.float64(0.011666666666666667)],[np.float64(-0.29833333333333334)],[1],[0],[0],[3.158990300260484],['text_3'],p2,001,2025-10-12_14h28.18.296,word_priming,,2025.1.1,60.160978782174794,2025-10-12 14h28.25.434967 +0530,
,220,0,11,,,c_s_io_,cushion,old ,cushion,[np.float64(0.011666666666666667)],[np.float64(-0.29833333333333334)],[1],[0],[0],[3.688789799809456],['text_3'],,,,,11,0,220,14,1127.2126295999624,,,,,,,,1127.18896019971,1127.2126295999624,1127.2126295999624,1127.2126295999624,0.003272500354796648,1130.8803857997991,cushion,[np.float64(0.011666666666666667)],[np.float64(-0.29833333333333334)],[1],[0],[0],[3.688789799809456],['text_3'],p2,001,2025-10-12_14h28.18.296,word_priming,,2025.1.1,60.160978782174794,2025-10-12 14h28.25.434967 +0530,
,221,1,11,,,v_s_,vase,new,vase,[np.float64(0.011666666666666667)],[np.float64(-0.29833333333333334)],[1],[0],[0],[3.8402472999878228],['text_3'],,,,,11,1,221,17,1130.9091404001229,,,,,,,,1130.8835791000165,1130.9091404001229,1130.9091404001229,1130.9091404001229,0.0030491999350488186,1134.726477399934,vase,[np.float64(0.011666666666666667)],[np.float64(-0.29833333333333334)],[1],[0],[0],[3.8402472999878228],['text_3'],p2,001,2025-10-12_14h28.18.296,word_priming,,2025.1.1,60.160978782174794,2025-10-12 14h28.25.434967 +0530,
,222,2,11,,,c_m_ra,camera,new,ca,[np.float64(0.011666666666666667)],[np.float64(-0.29833333333333334)],[1],[0],[0],[2.591656500007957],['text_3'],,,,,11,2,222,19,1134.7552275997587,,,,,,,,1134.7303192997351,1134.7552275997587,1134.7552275997587,1134.7552275997587,0.0036963000893592834,1137.32470549969,ca,[np.float64(0.011666666666666667)],[np.float64(-0.29833333333333334)],[1],[0],[0],[2.591656500007957],['text_3'],p2,001,2025-10-12_14h28.18.296,word_priming,,2025.1.1,60.160978782174794,2025-10-12 14h28.25.434967 +0530,
,223,3,11,,,_oo_,book,old ,book,[np.float64(0.011666666666666667)],[np.float64(-0.29833333333333334)],[1],[0],[0],[4.240467200055718],['text_3'],,,,,11,3,223,13,1137.3527365997434,,,,,,,,1137.3278116998263,1137.3527365997434,1137.3527365997434,1137.3527365997434,0.0029263999313116074,1141.5709428000264,book,[np.float64(0.011666666666666667)],[np.float64(-0.29833333333333334)],[1],[0],[0],[4.240467200055718],['text_3'],p2,001,2025-10-12_14h28.18.296,word_priming,,2025.1.1,60.160978782174794,2025-10-12 14h28.25.434967 +0530,
,224,4,11,,,_a_bl_,Marble,old ,Marble,[np.float64(0.011666666666666667)],[np.float64(-0.29833333333333334)],[1],[0],[0],[5.470401499886066],['text_3'],,,,,11,4,224,11,1141.5985352997668,,,,,,,,1141.5753327999264,1141.5985352997668,1141.5985352997668,1141.5985352997668,0.004245000425726175,1147.0484446999617,Marble,[np.float64(0.011666666666666667)],[np.float64(-0.29833333333333334)],[1],[0],[0],[5.470401499886066],['text_3'],p2,001,2025-10-12_14h28.18.296,word_priming,,2025.1.1,60.160978782174794,2025-10-12 14h28.25.434967 +0530,
,225,5,11,,,K_y_,Keys,old ,Keys,[np.float64(0.011666666666666667)],[np.float64(-0.29833333333333334)],[1],[0],[0],[4.106144799850881],['text_3'],,,,,11,5,225,8,1147.076324999798,,,,,,,,1147.051552399993,1147.076324999798,1147.076324999798,1147.076324999798,0.002958100289106369,1151.1603791001253,Keys,[np.float64(0.011666666666666667)],[np.float64(-0.29833333333333334)],[1],[0],[0],[4.106144799850881],['text_3'],p2,001,2025-10-12_14h28.18.296,word_priming,,2025.1.1,60.160978782174794,2025-10-12 14h28.25.434967 +0530,
,226,6,11,,,l_pt_p,laptop,old ,laptop,[np.float64(0.011666666666666667)],[np.float64(-0.29833333333333334)],[1],[0],[0],[4.506203200202435],['text_3'],,,,,11,6,226,0,1151.1891918000765,,,,,,,,1151.1639054999687,1151.1891918000765,1151.1891918000765,1151.1891918000765,0.0033703004010021687,1155.6727931997739,laptop,[np.float64(0.011666666666666667)],[np.float64(-0.29833333333333334)],[1],[0],[0],[4.506203200202435],['text_3'],p2,001,2025-10-12_14h28.18.296,word_priming,,2025.1.1,60.160978782174794,2025-10-12 14h28.25.434967 +0530,
,227,7,11,,,ta_l_,table,new,table,[np.float64(0.011666666666666667)],[np.float64(-0.29833333333333334)],[1],[0],[0],[3.007094499655068],['text_3'],,,,,11,7,227,15,1155.7012813999318,,,,,,,,1155.6761831999756,1155.7012813999318,1155.7012813999318,1155.7012813999318,0.0032407999970018864,1158.6861095000058,table,[np.float64(0.011666666666666667)],[np.float64(-0.29833333333333334)],[1],[0],[0],[3.007094499655068],['text_3'],p2,001,2025-10-12_14h28.18.296,word_priming,,2025.1.1,60.160978782174794,2025-10-12 14h28.25.434967 +0530,
,228,8,11,,,_ho_e,Phone,old ,phone,[np.float64(0.011666666666666667)],[np.float64(-0.29833333333333334)],[1],[0],[0],[4.308342199772596],['text_3'],,,,,11,8,228,12,1158.7146235997789,,,,,,,,1158.6895045000128,1158.7146235997789,1158.7146235997789,1158.7146235997789,0.0032385000959038734,1163.0005513001233,phone,[np.float64(0.011666666666666667)],[np.float64(-0.29833333333333334)],[1],[0],[0],[4.308342199772596],['text_3'],p2,001,2025-10-12_14h28.18.296,word_priming,,2025.1.1,60.160978782174794,2025-10-12 14h28.25.434967 +0530,
,229,9,11,,,_ou_se,mouse,old ,mouse,[np.float64(0.011666666666666667)],[np.float64(-0.29833333333333334)],[1],[0],[0],[2.9550113999284804],['text_3'],,,,,11,9,229,3,1163.0273120999336,,,,,,,,1163.0045583997853,1163.0273120999336,1163.0273120999336,1163.0273120999336,0.0038629998452961445,1165.9622971997596,mouse,[np.float64(0.011666666666666667)],[np.float64(-0.29833333333333334)],[1],[0],[0],[2.9550113999284804],['text_3'],p2,001,2025-10-12_14h28.18.296,word_priming,,2025.1.1,60.160978782174794,2025-10-12 14h28.25.434967 +0530,
,230,10,11,,,P_li_e,Police,old ,Police,[np.float64(0.011666666666666667)],[np.float64(-0.29833333333333334)],[1],[0],[0],[3.3239821000024676],['text_3'],,,,,11,10,230,7,1165.9911134000868,,,,,,,,1165.965715599712,1165.9911134000868,1165.9911134000868,1165.9911134000868,0.0032684998586773872,1169.2924305000342,Police,[np.float64(0.011666666666666667)],[np.float64(-0.29833333333333334)],[1],[0],[0],[3.3239821000024676],['text_3'],p2,001,2025-10-12_14h28.18.296,word_priming,,2025.1.1,60.160978782174794,2025-10-12 14h28.25.434967 +0530,
,231,11,11,,,T_hi_t,Tshirt,old ,Tshirt,[np.float64(0.011666666666666667)],[np.float64(-0.29833333333333334)],[1],[0],[0],[3.223962699994445],['text_3'],,,,,11,11,231,2,1169.3211038997397,,,,,,,,1169.2959118997678,1169.3211038997397,1169.3211038997397,1169.3211038997397,0.0033268998377025127,1172.5226075998507,Tshirt,[np.float64(0.011666666666666667)],[np.float64(-0.29833333333333334)],[1],[0],[0],[3.223962699994445],['text_3'],p2,001,2025-10-12_14h28.18.296,word_priming,,2025.1.1,60.160978782174794,2025-10-12 14h28.25.434967 +0530,
,232,12,11,,,_ha_t,chart,old ,chart,[np.float64(0.011666666666666667)],[np.float64(-0.29833333333333334)],[1],[0],[0],[2.540987300220877],['text_3'],,,,,11,12,232,1,1172.5512346997857,,,,,,,,1172.5263459999114,1172.5512346997857,1172.5512346997857,1172.5512346997857,0.0035680001601576805,1175.0700941998512,chart,[np.float64(0.011666666666666667)],[np.float64(-0.29833333333333334)],[1],[0],[0],[2.540987300220877],['text_3'],p2,001,2025-10-12_14h28.18.296,word_priming,,2025.1.1,60.160978782174794,2025-10-12 14h28.25.434967 +0530,
,233,13,11,,,p_nc_l,pencil,new,pencil,[np.float64(0.011666666666666667)],[np.float64(-0.29833333333333334)],[1],[0],[0],[2.8572822995483875],['text_3'],,,,,11,13,233,16,1175.0984656997025,,,,,,,,1175.073860200122,1175.0984656997025,1175.0984656997025,1175.0984656997025,0.00358959985896945,1177.9339308999479,pencil,[np.float64(0.011666666666666667)],[np.float64(-0.29833333333333334)],[1],[0],[0],[2.8572822995483875],['text_3'],p2,001,2025-10-12_14h28.18.296,word_priming,,2025.1.1,60.160978782174794,2025-10-12 14h28.25.434967 +0530,
,234,14,11,,,bo_t_e,bottle,new,bottle,[np.float64(0.011666666666666667)],[np.float64(-0.29833333333333334)],[1],[0],[0],[3.2246582000516355],['text_3'],,,,,11,14,234,18,1177.9624911998399,,,,,,,,1177.9373809997924,1177.9624911998399,1177.9624911998399,1177.9624911998399,0.003300200216472149,1181.164817399811,bottle,[np.float64(0.011666666666666667)],[np.float64(-0.29833333333333334)],[1],[0],[0],[3.2246582000516355],['text_3'],p2,001,2025-10-12_14h28.18.296,word_priming,,2025.1.1,60.160978782174794,2025-10-12 14h28.25.434967 +0530,
,235,15,11,,,_ru_s_,cruise,old ,cruise,[np.float64(0.011666666666666667)],[np.float64(-0.29833333333333334)],[1],[0],[0],[2.7406389000825584],['text_3'],,,,,11,15,235,6,1181.1929381997325,,,,,,,,1181.168584600091,1181.1929381997325,1181.1929381997325,1181.1929381997325,0.0036192000843584538,1183.9120149998926,cruise,[np.float64(0.011666666666666667)],[np.float64(-0.29833333333333334)],[1],[0],[0],[2.7406389000825584],['text_3'],p2,001,2025-10-12_14h28.18.296,word_priming,,2025.1.1,60.160978782174794,2025-10-12 14h28.25.434967 +0530,
,236,16,11,,,P_st_r,Poster,old ,Poster,[np.float64(0.011666666666666667)],[np.float64(-0.29833333333333334)],[1],[0],[0],[2.9069338999688625],['text_3'],,,,,11,16,236,9,1183.940097199753,,,,,,,,1183.916020100005,1183.940097199753,1183.940097199753,1183.940097199753,0.0038306997157633305,1186.825820399914,Poster,[np.float64(0.011666666666666667)],[np.float64(-0.29833333333333334)],[1],[0],[0],[2.9069338999688625],['text_3'],p2,001,2025-10-12_14h28.18.296,word_priming,,2025.1.1,60.160978782174794,2025-10-12 14h28.25.434967 +0530,
,237,17,11,,,c_s_,case,old ,case,[np.float64(0.011666666666666667)],[np.float64(-0.29833333333333334)],[1],[0],[0],[3.1232410999946296],['text_3'],,,,,11,17,237,5,1186.853889199905,,,,,,,,1186.8291698000394,1186.853889199905,1186.853889199905,1186.853889199905,0.0031276000663638115,1189.9552333001047,case,[np.float64(0.011666666666666667)],[np.float64(-0.29833333333333334)],[1],[0],[0],[3.1232410999946296],['text_3'],p2,001,2025-10-12_14h28.18.296,word_priming,,2025.1.1,60.160978782174794,2025-10-12 14h28.25.434967 +0530,
,238,18,11,,,P_str_,pastry,old ,Pastry,[np.float64(0.011666666666666667)],[np.float64(-0.29833333333333334)],[1],[0],[0],[5.223021199926734],['text_3'],,,,,11,18,238,4,1189.984152900055,,,,,,,,1189.9586513997056,1189.984152900055,1189.984152900055,1189.984152900055,0.003264899831265211,1195.184474799782,Pastry,[np.float64(0.011666666666666667)],[np.float64(-0.29833333333333334)],[1],[0],[0],[5.223021199926734],['text_3'],p2,001,2025-10-12_14h28.18.296,word_priming,,2025.1.1,60.160978782174794,2025-10-12 14h28.25.434967 +0530,
,239,19,11,,,_o_rd,Board,old ,Board,[np.float64(0.011666666666666667)],[np.float64(-0.29833333333333334)],[1],[0],[0],[4.323042399715632],['text_3'],,,,,11,19,239,10,1195.2122458000667,,,,,,,,1195.187849999871,1195.2122458000667,1195.2122458000667,1195.2122458000667,0.0032270997762680054,1199.5137009001337,Board,[np.float64(0.011666666666666667)],[np.float64(-0.29833333333333334)],[1],[0],[0],[4.323042399715632],['text_3'],p2,001,2025-10-12_14h28.18.296,word_priming,,2025.1.1,60.160978782174794,2025-10-12 14h28.25.434967 +0530,
,240,0,12,,,c_m_ra,camera,new,c,[np.float64(0.011666666666666667)],[np.float64(-0.29833333333333334)],[1],[0],[0],[1.7741756001487374],['text_3'],,,,,12,0,240,19,1199.5413911999203,,,,,,,,1199.517314299941,1199.5413911999203,1199.5413911999203,1199.5413911999203,0.0034442003816366196,1201.2943238001317,c,[np.float64(0.011666666666666667)],[np.float64(-0.29833333333333334)],[1],[0],[0],[1.7741756001487374],['text_3'],p2,001,2025-10-12_14h28.18.296,word_priming,,2025.1.1,60.160978782174794,2025-10-12 14h28.25.434967 +0530,
,241,1,12,,,_a_bl_,Marble,old ,Marble,[np.float64(0.011666666666666667)],[np.float64(-0.29833333333333334)],[1],[0],[0],[5.255297600291669],['text_3'],,,,,12,1,241,11,1201.3229308999144,,,,,,,,1201.2977613997646,1201.3229308999144,1201.3229308999144,1201.3229308999144,0.003285299986600876,1206.555901200045,Marble,[np.float64(0.011666666666666667)],[np.float64(-0.29833333333333334)],[1],[0],[0],[5.255297600291669],['text_3'],p2,001,2025-10-12_14h28.18.296,word_priming,,2025.1.1,60.160978782174794,2025-10-12 14h28.25.434967 +0530,
,242,2,12,,,_ou_se,mouse,old ,mouse,[np.float64(0.011666666666666667)],[np.float64(-0.29833333333333334)],[1],[0],[0],[4.040365000255406],['text_3'],,,,,12,2,242,3,1206.5843193000183,,,,,,,,1206.5593230999075,1206.5843193000183,1206.5843193000183,1206.5843193000183,0.0032616998068988323,1210.6025517000817,mouse,[np.float64(0.011666666666666667)],[np.float64(-0.29833333333333334)],[1],[0],[0],[4.040365000255406],['text_3'],p2,001,2025-10-12_14h28.18.296,word_priming,,2025.1.1,60.160978782174794,2025-10-12 14h28.25.434967 +0530,
,243,3,12,,,p_nc_l,pencil,new,pencil,[np.float64(0.011666666666666667)],[np.float64(-0.29833333333333334)],[1],[0],[0],[3.8897227998822927],['text_3'],,,,,12,3,243,16,1210.6300228997134,,,,,,,,1210.60598880006,1210.6300228997134,1210.6300228997134,1210.6300228997134,0.0032897000201046467,1214.4985881997272,pencil,[np.float64(0.011666666666666667)],[np.float64(-0.29833333333333334)],[1],[0],[0],[3.8897227998822927],['text_3'],p2,001,2025-10-12_14h28.18.296,word_priming,,2025.1.1,60.160978782174794,2025-10-12 14h28.25.434967 +0530,
,244,4,12,,,P_st_r,Poster,old ,Poster,[],[],[],[],[],[],[],,,,,12,4,244,9,1214.5265302998014,,,,,,,,1214.5020069996826,1214.5265302998014,1214.5265302998014,1214.5265302998014,0.003238499630242586,1224.5013552997261,Poster,[],[],[],[],[],[],[],p2,001,2025-10-12_14h28.18.296,word_priming,,2025.1.1,60.160978782174794,2025-10-12 14h28.25.434967 +0530,
,245,5,12,,,v_s_,vase,new,,[],[],[],[],[],[],[],,,,,12,5,245,17,1224.5332396999002,,,,,,,,1224.50451410003,1224.5332396999002,1224.5332396999002,1224.5332396999002,0.005748800002038479,1234.5083367000334,,[],[],[],[],[],[],[],p2,001,2025-10-12_14h28.18.296,word_priming,,2025.1.1,60.160978782174794,2025-10-12 14h28.25.434967 +0530,
,246,6,12,,,_ho_e,Phone,old ,phone,[np.float64(0.01)],[np.float64(-0.29833333333333334)],[1],[0],[0],[5.12638029968366],['text_3'],,,,,12,6,246,12,1234.5406104000285,,,,,,,,1234.5117635000497,1234.5406104000285,1234.5406104000285,1234.5406104000285,0.0130105996504426,1239.6410301998258,phone,[np.float64(0.01)],[np.float64(-0.29833333333333334)],[1],[0],[0],[5.12638029968366],['text_3'],p2,001,2025-10-12_14h28.18.296,word_priming,,2025.1.1,60.160978782174794,2025-10-12 14h28.25.434967 +0530,
,247,7,12,,,ta_l_,table,new,tab,[np.float64(0.03333333333333333)],[np.float64(-0.2916666666666667)],[1],[0],[0],[4.087273700162768],['text_3'],,,,,12,7,247,15,1239.6683573001064,,,,,,,,1239.6444027000107,1239.6683573001064,1239.6683573001064,1239.6683573001064,0.0031946003437042236,1243.734582199715,tab,[np.float64(0.03333333333333333)],[np.float64(-0.2916666666666667)],[1],[0],[0],[4.087273700162768],['text_3'],p2,001,2025-10-12_14h28.18.296,word_priming,,2025.1.1,60.160978782174794,2025-10-12 14h28.25.434967 +0530,
,248,8,12,,,c_s_io_,cushion,old ,cushion,[np.float64(0.03333333333333333)],[np.float64(-0.2916666666666667)],[1],[0],[0],[6.0736302002333105],['text_3'],,,,,12,8,248,14,1243.7644003997557,,,,,,,,1243.738101599738,1243.7644003997557,1243.7644003997557,1243.7644003997557,0.0033692000433802605,1249.8146473998204,cushion,[np.float64(0.03333333333333333)],[np.float64(-0.2916666666666667)],[1],[0],[0],[6.0736302002333105],['text_3'],p2,001,2025-10-12_14h28.18.296,word_priming,,2025.1.1,60.160978782174794,2025-10-12 14h28.25.434967 +0530,
,249,9,12,,,_oo_,book,old ,book,[np.float64(0.03333333333333333)],[np.float64(-0.2916666666666667)],[1],[0],[0],[5.370147000066936],['text_3'],,,,,12,9,249,13,1249.841428999789,,,,,,,,1249.8180661001243,1249.841428999789,1249.841428999789,1249.841428999789,0.003243700135499239,1255.1911490000784,book,[np.float64(0.03333333333333333)],[np.float64(-0.2916666666666667)],[1],[0],[0],[5.370147000066936],['text_3'],p2,001,2025-10-12_14h28.18.296,word_priming,,2025.1.1,60.160978782174794,2025-10-12 14h28.25.434967 +0530,
,250,10,12,,,P_li_e,Police,old ,Police,[np.float64(0.03333333333333333)],[np.float64(-0.2916666666666667)],[1],[0],[0],[5.822025899775326],['text_3'],,,,,12,10,250,7,1255.2197467000224,,,,,,,,1255.1946863001212,1255.2197467000224,1255.2197467000224,1255.2197467000224,0.003378900233656168,1261.0196381998248,Police,[np.float64(0.03333333333333333)],[np.float64(-0.2916666666666667)],[1],[0],[0],[5.822025899775326],['text_3'],p2,001,2025-10-12_14h28.18.296,word_priming,,2025.1.1,60.160978782174794,2025-10-12 14h28.25.434967 +0530,
,251,11,12,,,c_s_,case,old ,case,[np.float64(0.03333333333333333)],[np.float64(-0.2916666666666667)],[1],[0],[0],[2.740443399641663],['text_3'],,,,,12,11,251,5,1261.0474823997356,,,,,,,,1261.02271499997,1261.0474823997356,1261.0474823997356,1261.0474823997356,0.002901500090956688,1263.7660749000497,case,[np.float64(0.03333333333333333)],[np.float64(-0.2916666666666667)],[1],[0],[0],[2.740443399641663],['text_3'],p2,001,2025-10-12_14h28.18.296,word_priming,,2025.1.1,60.160978782174794,2025-10-12 14h28.25.434967 +0530,
,252,12,12,,,bo_t_e,bottle,new,bott,[np.float64(0.03333333333333333)],[np.float64(-0.2916666666666667)],[1],[0],[0],[3.141106200404465],['text_3'],,,,,12,12,252,18,1263.794635700062,,,,,,,,1263.7695098998956,1263.794635700062,1263.794635700062,1263.794635700062,0.0032573998905718327,1266.9135827999562,bott,[np.float64(0.03333333333333333)],[np.float64(-0.2916666666666667)],[1],[0],[0],[3.141106200404465],['text_3'],p2,001,2025-10-12_14h28.18.296,word_priming,,2025.1.1,60.160978782174794,2025-10-12 14h28.25.434967 +0530,
,253,13,12,,,_ru_s_,cruise,old ,cruise,[np.float64(0.03333333333333333)],[np.float64(-0.2916666666666667)],[1],[0],[0],[3.1064579002559185],['text_3'],,,,,12,13,253,6,1266.9415527000092,,,,,,,,1266.9171126997098,1266.9415527000092,1266.9415527000092,1266.9415527000092,0.0033628996461629868,1270.0265664998442,cruise,[np.float64(0.03333333333333333)],[np.float64(-0.2916666666666667)],[1],[0],[0],[3.1064579002559185],['text_3'],p2,001,2025-10-12_14h28.18.296,word_priming,,2025.1.1,60.160978782174794,2025-10-12 14h28.25.434967 +0530,
,254,14,12,,,P_str_,pastry,old ,Pastry,[np.float64(0.03333333333333333)],[np.float64(-0.2916666666666667)],[1],[0],[0],[3.526187399867922],['text_3'],,,,,12,14,254,4,1270.0551033997908,,,,,,,,1270.030006099958,1270.0551033997908,1270.0551033997908,1270.0551033997908,0.0032606003805994987,1273.5591720999219,Pastry,[np.float64(0.03333333333333333)],[np.float64(-0.2916666666666667)],[1],[0],[0],[3.526187399867922],['text_3'],p2,001,2025-10-12_14h28.18.296,word_priming,,2025.1.1,60.160978782174794,2025-10-12 14h28.25.434967 +0530,
,255,15,12,,,K_y_,Keys,old ,Keys,[np.float64(0.03333333333333333)],[np.float64(-0.2916666666666667)],[0],[0],[1],[4.287096799816936],['text_3'],,,,,12,15,255,8,1273.5848555997945,,,,,,,,1273.5622262000106,1273.5848555997945,1273.5848555997945,1273.5848555997945,0.002899100072681904,1277.8522983998992,Keys,[np.float64(0.03333333333333333)],[np.float64(-0.2916666666666667)],[0],[0],[1],[4.287096799816936],['text_3'],p2,001,2025-10-12_14h28.18.296,word_priming,,2025.1.1,60.160978782174794,2025-10-12 14h28.25.434967 +0530,
,256,16,12,,,_o_rd,Board,old ,Board,[np.float64(0.03333333333333333)],[np.float64(-0.2916666666666667)],[1],[0],[0],[4.456207599956542],['text_3'],,,,,12,16,256,10,1277.8808389999904,,,,,,,,1277.8558370997198,1277.8808389999904,1277.8808389999904,1277.8808389999904,0.003380300011485815,1282.3150785998441,Board,[np.float64(0.03333333333333333)],[np.float64(-0.2916666666666667)],[1],[0],[0],[4.456207599956542],['text_3'],p2,001,2025-10-12_14h28.18.296,word_priming,,2025.1.1,60.160978782174794,2025-10-12 14h28.25.434967 +0530,
,257,17,12,,,l_pt_p,laptop,old ,laptop,[np.float64(0.03333333333333333)],[np.float64(-0.2916666666666667)],[1],[0],[0],[3.5238454998470843],['text_3'],,,,,12,17,257,0,1282.3429383998737,,,,,,,,1282.3184990999289,1282.3429383998737,1282.3429383998737,1282.3429383998737,0.0032685003243386745,1285.8453664998524,laptop,[np.float64(0.03333333333333333)],[np.float64(-0.2916666666666667)],[1],[0],[0],[3.5238454998470843],['text_3'],p2,001,2025-10-12_14h28.18.296,word_priming,,2025.1.1,60.160978782174794,2025-10-12 14h28.25.434967 +0530,
,258,18,12,,,_ha_t,chart,old ,chart,[np.float64(0.03333333333333333)],[np.float64(-0.2916666666666667)],[1],[0],[0],[3.390780400019139],['text_3'],,,,,12,18,258,1,1285.872776699718,,,,,,,,1285.8487855000421,1285.872776699718,1285.872776699718,1285.872776699718,0.003263200167566538,1289.2425854001194,chart,[np.float64(0.03333333333333333)],[np.float64(-0.2916666666666667)],[1],[0],[0],[3.390780400019139],['text_3'],p2,001,2025-10-12_14h28.18.296,word_priming,,2025.1.1,60.160978782174794,2025-10-12 14h28.25.434967 +0530,
,259,19,12,,,T_hi_t,Tshirt,old ,Tshirt,[np.float64(0.03333333333333333)],[np.float64(-0.2916666666666667)],[1],[0],[0],[3.338586499914527],['text_3'],,,,,12,19,259,2,1289.2691963999532,,,,,,,,1289.2461073999293,1289.2691963999532,1289.2691963999532,1289.2691963999532,0.0033715995959937572,1292.5878387996927,Tshirt,[np.float64(0.03333333333333333)],[np.float64(-0.2916666666666667)],[1],[0],[0],[3.338586499914527],['text_3'],p2,001,2025-10-12_14h28.18.296,word_priming,,2025.1.1,60.160978782174794,2025-10-12 14h28.25.434967 +0530,
,260,0,13,,,v_s_,vase,new,,[np.float64(0.03333333333333333)],[np.float64(-0.2916666666666667)],[1],[0],[0],[5.373838199768215],['text_3'],,,,,13,0,260,17,1292.6161810001358,,,,,,,,1292.590924799908,1292.6161810001358,1292.6161810001358,1292.6161810001358,0.0028963000513613224,1297.967745800037,,[np.float64(0.03333333333333333)],[np.float64(-0.2916666666666667)],[1],[0],[0],[5.373838199768215],['text_3'],p2,001,2025-10-12_14h28.18.296,word_priming,,2025.1.1,60.160978782174794,2025-10-12 14h28.25.434967 +0530,
,261,1,13,,,bo_t_e,bottle,new,bottle,[np.float64(0.03333333333333333)],[np.float64(-0.2916666666666667)],[1],[0],[0],[3.020891100168228],['text_3'],,,,,13,1,261,18,1297.9942761999555,,,,,,,,1297.971201399807,1297.9942761999555,1297.9942761999555,1297.9942761999555,0.00329370005056262,1300.995093899779,bottle,[np.float64(0.03333333333333333)],[np.float64(-0.2916666666666667)],[1],[0],[0],[3.020891100168228],['text_3'],p2,001,2025-10-12_14h28.18.296,word_priming,,2025.1.1,60.160978782174794,2025-10-12 14h28.25.434967 +0530,
,262,2,13,,,ta_l_,table,new,tab,[np.float64(0.03333333333333333)],[np.float64(-0.2916666666666667)],[1],[0],[0],[2.9580006999894977],['text_3'],,,,,13,2,262,15,1301.0242483997717,,,,,,,,1300.9988299999386,1301.0242483997717,1301.0242483997717,1301.0242483997717,0.0035739997401833534,1303.959836400114,tab,[np.float64(0.03333333333333333)],[np.float64(-0.2916666666666667)],[1],[0],[0],[2.9580006999894977],['text_3'],p2,001,2025-10-12_14h28.18.296,word_priming,,2025.1.1,60.160978782174794,2025-10-12 14h28.25.434967 +0530,
,263,3,13,,,l_pt_p,laptop,old ,laptop,[np.float64(0.03333333333333333)],[np.float64(-0.2916666666666667)],[1],[0],[0],[3.5734108998440206],['text_3'],,,,,13,3,263,0,1303.9883289998397,,,,,,,,1303.9632296999916,1303.9883289998397,1303.9883289998397,1303.9883289998397,0.003241600003093481,1307.5397068997845,laptop,[np.float64(0.03333333333333333)],[np.float64(-0.2916666666666667)],[1],[0],[0],[3.5734108998440206],['text_3'],p2,001,2025-10-12_14h28.18.296,word_priming,,2025.1.1,60.160978782174794,2025-10-12 14h28.25.434967 +0530,
,264,4,13,,,_ou_se,mouse,old ,mouse,[np.float64(0.03333333333333333)],[np.float64(-0.2916666666666667)],[1],[0],[0],[5.372325399890542],['text_3'],,,,,13,4,264,3,1307.568115599919,,,,,,,,1307.5431045000441,1307.568115599919,1307.568115599919,1307.568115599919,0.0032383999787271023,1312.9184753000736,mouse,[np.float64(0.03333333333333333)],[np.float64(-0.2916666666666667)],[1],[0],[0],[5.372325399890542],['text_3'],p2,001,2025-10-12_14h28.18.296,word_priming,,2025.1.1,60.160978782174794,2025-10-12 14h28.25.434967 +0530,
,265,5,13,,,T_hi_t,Tshirt,old ,Tshirt,[np.float64(0.03333333333333333)],[np.float64(-0.2916666666666667)],[1],[0],[0],[3.173054200131446],['text_3'],,,,,13,5,265,2,1312.9459512000903,,,,,,,,1312.9218334998004,1312.9459512000903,1312.9459512000903,1312.9459512000903,0.0032088998705148697,1316.0979375997558,Tshirt,[np.float64(0.03333333333333333)],[np.float64(-0.2916666666666667)],[1],[0],[0],[3.173054200131446],['text_3'],p2,001,2025-10-12_14h28.18.296,word_priming,,2025.1.1,60.160978782174794,2025-10-12 14h28.25.434967 +0530,
,266,6,13,,,c_s_io_,cushion,old ,cushion,[np.float64(0.03333333333333333)],[np.float64(-0.2916666666666667)],[1],[0],[0],[4.490424900315702],['text_3'],,,,,13,6,266,14,1316.1263366998173,,,,,,,,1316.10141750006,1316.1263366998173,1316.1263366998173,1316.1263366998173,0.0033217999152839184,1320.5949693000875,cushion,[np.float64(0.03333333333333333)],[np.float64(-0.2916666666666667)],[1],[0],[0],[4.490424900315702],['text_3'],p2,001,2025-10-12_14h28.18.296,word_priming,,2025.1.1,60.160978782174794,2025-10-12 14h28.25.434967 +0530,
,267,7,13,,,_oo_,book,old ,book,[np.float64(0.03333333333333333)],[np.float64(-0.2916666666666667)],[1],[0],[0],[2.8728365995921195],['text_3'],,,,,13,7,267,13,1320.6218717000447,,,,,,,,1320.598036499694,1320.6218717000447,1320.6218717000447,1320.6218717000447,0.0028872000984847546,1323.4739741999656,book,[np.float64(0.03333333333333333)],[np.float64(-0.2916666666666667)],[1],[0],[0],[2.8728365995921195],['text_3'],p2,001,2025-10-12_14h28.18.296,word_priming,,2025.1.1,60.160978782174794,2025-10-12 14h28.25.434967 +0530,
,268,8,13,,,c_m_ra,camera,new,camera,[np.float64(0.03333333333333333)],[np.float64(-0.2916666666666667)],[1],[0],[0],[4.222587400116026],['text_3'],,,,,13,8,268,19,1323.502482699696,,,,,,,,1323.4776395000517,1323.502482699696,1323.502482699696,1323.502482699696,0.003452999982982874,1327.7033643997274,camera,[np.float64(0.03333333333333333)],[np.float64(-0.2916666666666667)],[1],[0],[0],[4.222587400116026],['text_3'],p2,001,2025-10-12_14h28.18.296,word_priming,,2025.1.1,60.160978782174794,2025-10-12 14h28.25.434967 +0530,
,269,9,13,,,_ha_t,chart,old ,chart,[np.float64(0.03333333333333333)],[np.float64(-0.2916666666666667)],[1],[0],[0],[2.224794900044799],['text_3'],,,,,13,9,269,1,1327.7314586997963,,,,,,,,1327.7068730001338,1327.7314586997963,1327.7314586997963,1327.7314586997963,0.0033405995927751064,1329.9347870000638,chart,[np.float64(0.03333333333333333)],[np.float64(-0.2916666666666667)],[1],[0],[0],[2.224794900044799],['text_3'],p2,001,2025-10-12_14h28.18.296,word_priming,,2025.1.1,60.160978782174794,2025-10-12 14h28.25.434967 +0530,
,270,10,13,,,c_s_,case,old ,case,[np.float64(0.03333333333333333)],[np.float64(-0.2916666666666667)],[1],[0],[0],[4.6728052999824286],['text_3'],,,,,13,10,270,5,1329.9624731000513,,,,,,,,1329.9380084997974,1329.9624731000513,1329.9624731000513,1329.9624731000513,0.0030662999488413334,1334.6139468001202,case,[np.float64(0.03333333333333333)],[np.float64(-0.2916666666666667)],[1],[0],[0],[4.6728052999824286],['text_3'],p2,001,2025-10-12_14h28.18.296,word_priming,,2025.1.1,60.160978782174794,2025-10-12 14h28.25.434967 +0530,
,271,11,13,,,_o_rd,Board,old ,Board,[np.float64(0.03333333333333333)],[np.float64(-0.2916666666666667)],[1],[0],[0],[5.6713188998401165],['text_3'],,,,,13,11,271,10,1334.641497099772,,,,,,,,1334.6173557001166,1334.641497099772,1334.641497099772,1334.641497099772,0.00325449975207448,1340.2917700000107,Board,[np.float64(0.03333333333333333)],[np.float64(-0.2916666666666667)],[1],[0],[0],[5.6713188998401165],['text_3'],p2,001,2025-10-12_14h28.18.296,word_priming,,2025.1.1,60.160978782174794,2025-10-12 14h28.25.434967 +0530,
,272,12,13,,,_a_bl_,Marble,old ,Marble,[np.float64(0.03333333333333333)],[np.float64(-0.2916666666666667)],[1],[0],[0],[4.954192700330168],['text_3'],,,,,13,12,272,11,1340.319135100115,,,,,,,,1340.2952621998265,1340.319135100115,1340.319135100115,1340.319135100115,0.003340700175613165,1345.2525994000025,Marble,[np.float64(0.03333333333333333)],[np.float64(-0.2916666666666667)],[1],[0],[0],[4.954192700330168],['text_3'],p2,001,2025-10-12_14h28.18.296,word_priming,,2025.1.1,60.160978782174794,2025-10-12 14h28.25.434967 +0530,
,273,13,13,,,_ru_s_,cruise,old ,cruise,[np.float64(0.03333333333333333)],[np.float64(-0.2916666666666667)],[1],[0],[0],[3.3728736001066864],['text_3'],,,,,13,13,273,6,1345.2809795998037,,,,,,,,1345.2564798998646,1345.2809795998037,1345.2809795998037,1345.2809795998037,0.0037275999784469604,1348.6325002997182,cruise,[np.float64(0.03333333333333333)],[np.float64(-0.2916666666666667)],[1],[0],[0],[3.3728736001066864],['text_3'],p2,001,2025-10-12_14h28.18.296,word_priming,,2025.1.1,60.160978782174794,2025-10-12 14h28.25.434967 +0530,
,274,14,13,,,P_li_e,Police,old ,Police,[np.float64(0.03333333333333333)],[np.float64(-0.2916666666666667)],[1],[0],[0],[6.086903099901974],['text_3'],,,,,13,14,274,7,1348.6609046999365,,,,,,,,1348.6364060998894,1348.6609046999365,1348.6609046999365,1348.6609046999365,0.003753699827939272,1354.726518199779,Police,[np.float64(0.03333333333333333)],[np.float64(-0.2916666666666667)],[1],[0],[0],[6.086903099901974],['text_3'],p2,001,2025-10-12_14h28.18.296,word_priming,,2025.1.1,60.160978782174794,2025-10-12 14h28.25.434967 +0530,
,275,15,13,,,_ho_e,Phone,old ,phone,[np.float64(0.03333333333333333)],[np.float64(-0.2916666666666667)],[1],[0],[0],[3.2895658002234995],['text_3'],,,,,13,15,275,12,1354.7548222998157,,,,,,,,1354.7307271999307,1354.7548222998157,1354.7548222998157,1354.7548222998157,0.00401809997856617,1358.0234666001052,phone,[np.float64(0.03333333333333333)],[np.float64(-0.2916666666666667)],[1],[0],[0],[3.2895658002234995],['text_3'],p2,001,2025-10-12_14h28.18.296,word_priming,,2025.1.1,60.160978782174794,2025-10-12 14h28.25.434967 +0530,
,276,16,13,,,p_nc_l,pencil,new,pencil,[np.float64(0.03333333333333333)],[np.float64(-0.2916666666666667)],[1],[0],[0],[6.403659699950367],['text_3'],,,,,13,16,276,16,1358.0516078998335,,,,,,,,1358.026919499971,1358.0516078998335,1358.0516078998335,1358.0516078998335,0.0032776999287307262,1364.4338269997388,pencil,[np.float64(0.03333333333333333)],[np.float64(-0.2916666666666667)],[1],[0],[0],[6.403659699950367],['text_3'],p2,001,2025-10-12_14h28.18.296,word_priming,,2025.1.1,60.160978782174794,2025-10-12 14h28.25.434967 +0530,
,277,17,13,,,P_st_r,Poster,old ,Poster,[np.float64(0.03333333333333333)],[np.float64(-0.2916666666666667)],[1],[0],[0],[4.855968600139022],['text_3'],,,,,13,17,277,9,1364.4619909999892,,,,,,,,1364.4372982000932,1364.4619909999892,1364.4619909999892,1364.4619909999892,0.0032909000292420387,1369.2964924001135,Poster,[np.float64(0.03333333333333333)],[np.float64(-0.2916666666666667)],[1],[0],[0],[4.855968600139022],['text_3'],p2,001,2025-10-12_14h28.18.296,word_priming,,2025.1.1,60.160978782174794,2025-10-12 14h28.25.434967 +0530,
,278,18,13,,,P_str_,pastry,old ,Pastry,[np.float64(0.03333333333333333)],[np.float64(-0.2916666666666667)],[1],[0],[0],[4.703444300219417],['text_3'],,,,,13,18,278,4,1369.3238324997947,,,,,,,,1369.2999251000583,1369.3238324997947,1369.3238324997947,1369.3238324997947,0.0032754000276327133,1374.0074320998974,Pastry,[np.float64(0.03333333333333333)],[np.float64(-0.2916666666666667)],[1],[0],[0],[4.703444300219417],['text_3'],p2,001,2025-10-12_14h28.18.296,word_priming,,2025.1.1,60.160978782174794,2025-10-12 14h28.25.434967 +0530,
,279,19,13,,,K_y_,Keys,old ,Keys,[np.float64(0.03333333333333333)],[np.float64(-0.2916666666666667)],[1],[0],[0],[3.589198099914938],['text_3'],,,,,13,19,279,8,1374.0358357997611,,,,,,,,1374.0117643000558,1374.0358357997611,1374.0358357997611,1374.0358357997611,0.00412250030785799,1377.6042935997248,Keys,[np.float64(0.03333333333333333)],[np.float64(-0.2916666666666667)],[1],[0],[0],[3.589198099914938],['text_3'],p2,001,2025-10-12_14h28.18.296,word_priming,,2025.1.1,60.160978782174794,2025-10-12 14h28.25.434967 +0530,
,280,0,14,,,c_s_,case,old ,case,[np.float64(0.03333333333333333)],[np.float64(-0.2916666666666667)],[1],[0],[0],[2.5245942999608815],['text_3'],,,,,14,0,280,5,1377.6319097001106,,,,,,,,1377.6075733001344,1377.6319097001106,1377.6319097001106,1377.6319097001106,0.0031257998198270798,1380.1354203000665,case,[np.float64(0.03333333333333333)],[np.float64(-0.2916666666666667)],[1],[0],[0],[2.5245942999608815],['text_3'],p2,001,2025-10-12_14h28.18.296,word_priming,,2025.1.1,60.160978782174794,2025-10-12 14h28.25.434967 +0530,
,281,1,14,,,P_li_e,Police,old ,Police,[np.float64(0.03333333333333333)],[np.float64(-0.2916666666666667)],[1],[0],[0],[6.735982999671251],['text_3'],,,,,14,1,281,7,1380.1628382001072,,,,,,,,1380.138958999887,1380.1628382001072,1380.1628382001072,1380.1628382001072,0.0033901999704539776,1386.8781872000545,Police,[np.float64(0.03333333333333333)],[np.float64(-0.2916666666666667)],[1],[0],[0],[6.735982999671251],['text_3'],p2,001,2025-10-12_14h28.18.296,word_priming,,2025.1.1,60.160978782174794,2025-10-12 14h28.25.434967 +0530,
,282,2,14,,,ta_l_,table,new,tabel,[np.float64(0.03333333333333333)],[np.float64(-0.2916666666666667)],[1],[0],[0],[7.568686100188643],['text_3'],,,,,14,2,282,15,1386.9062723000534,,,,,,,,1386.8820894998498,1386.9062723000534,1386.9062723000534,1386.9062723000534,0.003728299867361784,1394.4540482996963,tabel,[np.float64(0.03333333333333333)],[np.float64(-0.2916666666666667)],[1],[0],[0],[7.568686100188643],['text_3'],p2,001,2025-10-12_14h28.18.296,word_priming,,2025.1.1,60.160978782174794,2025-10-12 14h28.25.434967 +0530,
,283,3,14,,,_o_rd,Board,old ,Board,[np.float64(0.03333333333333333)],[np.float64(-0.2916666666666667)],[1],[0],[0],[5.637664400041103],['text_3'],,,,,14,3,283,10,1394.482257799711,,,,,,,,1394.4576606000774,1394.482257799711,1394.482257799711,1394.482257799711,0.0033866995945572853,1400.098590800073,Board,[np.float64(0.03333333333333333)],[np.float64(-0.2916666666666667)],[1],[0],[0],[5.637664400041103],['text_3'],p2,001,2025-10-12_14h28.18.296,word_priming,,2025.1.1,60.160978782174794,2025-10-12 14h28.25.434967 +0530,
,284,4,14,,,_ho_e,Phone,old ,phone,[np.float64(0.03333333333333333)],[np.float64(-0.2916666666666667)],[1],[0],[0],[3.3249064995907247],['text_3'],,,,,14,4,284,12,1400.1267665997148,,,,,,,,1400.1020986000076,1400.1267665997148,1400.1267665997148,1400.1267665997148,0.0033550001680850983,1403.4302865001373,phone,[np.float64(0.03333333333333333)],[np.float64(-0.2916666666666667)],[1],[0],[0],[3.3249064995907247],['text_3'],p2,001,2025-10-12_14h28.18.296,word_priming,,2025.1.1,60.160978782174794,2025-10-12 14h28.25.434967 +0530,
,285,5,14,,,_ha_t,chart,old ,chart,[np.float64(0.03333333333333333)],[np.float64(-0.2916666666666667)],[1],[0],[0],[3.137087400071323],['text_3'],,,,,14,5,285,1,1403.456842099782,,,,,,,,1403.4337904998101,1403.456842099782,1403.456842099782,1403.456842099782,0.003348099999129772,1406.5741936000995,chart,[np.float64(0.03333333333333333)],[np.float64(-0.2916666666666667)],[1],[0],[0],[3.137087400071323],['text_3'],p2,001,2025-10-12_14h28.18.296,word_priming,,2025.1.1,60.160978782174794,2025-10-12 14h28.25.434967 +0530,
,286,6,14,,,_ru_s_,cruise,old ,cruise,[np.float64(0.03333333333333333)],[np.float64(-0.2916666666666667)],[1],[0],[0],[3.125849799718708],['text_3'],,,,,14,6,286,6,1406.6037479001097,,,,,,,,1406.5777397998609,1406.6037479001097,1406.6037479001097,1406.6037479001097,0.0033899997361004353,1409.7068924000487,cruise,[np.float64(0.03333333333333333)],[np.float64(-0.2916666666666667)],[1],[0],[0],[3.125849799718708],['text_3'],p2,001,2025-10-12_14h28.18.296,word_priming,,2025.1.1,60.160978782174794,2025-10-12 14h28.25.434967 +0530,
,287,7,14,,,K_y_,Keys,old ,Keys,[np.float64(0.03333333333333333)],[np.float64(-0.2916666666666667)],[1],[0],[0],[3.472295599989593],['text_3'],,,,,14,7,287,8,1409.7338987998664,,,,,,,,1409.7100557996891,1409.7338987998664,1409.7338987998664,1409.7338987998664,0.0030096997506916523,1413.1856839000247,Keys,[np.float64(0.03333333333333333)],[np.float64(-0.2916666666666667)],[1],[0],[0],[3.472295599989593],['text_3'],p2,001,2025-10-12_14h28.18.296,word_priming,,2025.1.1,60.160978782174794,2025-10-12 14h28.25.434967 +0530,
,288,8,14,,,_ou_se,mouse,old ,mouse,[np.float64(0.03333333333333333)],[np.float64(-0.2916666666666667)],[1],[0],[0],[3.008525500074029],['text_3'],,,,,14,8,288,3,1413.213899599854,,,,,,,,1413.18929270003,1413.213899599854,1413.213899599854,1413.213899599854,0.003458600025624037,1416.2011504000984,mouse,[np.float64(0.03333333333333333)],[np.float64(-0.2916666666666667)],[1],[0],[0],[3.008525500074029],['text_3'],p2,001,2025-10-12_14h28.18.296,word_priming,,2025.1.1,60.160978782174794,2025-10-12 14h28.25.434967 +0530,
,289,9,14,,,v_s_,vase,new,v,[],[],[],[],[],[],[],,,,,14,9,289,17,1416.2275521000847,,,,,,,,1416.204310500063,1416.2275521000847,1416.2275521000847,1416.2275521000847,0.0030079996213316917,1426.2032147999853,v,[],[],[],[],[],[],[],p2,001,2025-10-12_14h28.18.296,word_priming,,2025.1.1,60.160978782174794,2025-10-12 14h28.25.434967 +0530,
,290,10,14,,,T_hi_t,Tshirt,old ,Tshirt,[np.float64(0.03333333333333333)],[np.float64(-0.2916666666666667)],[1],[0],[0],[6.956588400062174],['text_3'],,,,,14,10,290,2,1426.2343111000955,,,,,,,,1426.2068567997776,1426.2343111000955,1426.2343111000955,1426.2343111000955,0.005560699850320816,1433.1667904998176,Tshirt,[np.float64(0.03333333333333333)],[np.float64(-0.2916666666666667)],[1],[0],[0],[6.956588400062174],['text_3'],p2,001,2025-10-12_14h28.18.296,word_priming,,2025.1.1,60.160978782174794,2025-10-12 14h28.25.434967 +0530,
,291,11,14,,,P_str_,pastry,old ,Pastry,[],[],[],[],[],[],[],,,,,14,11,291,4,1433.1941653001122,,,,,,,,1433.1704846997745,1433.1941653001122,1433.1941653001122,1433.1941653001122,0.0035402998328208923,1443.1692566000856,Pastry,[],[],[],[],[],[],[],p2,001,2025-10-12_14h28.18.296,word_priming,,2025.1.1,60.160978782174794,2025-10-12 14h28.25.434967 +0530,
,292,12,14,,,l_pt_p,laptop,old ,laptop,[np.float64(0.03333333333333333)],[np.float64(-0.2916666666666667)],[1],[0],[0],[9.887164199724793],['text_3'],,,,,14,12,292,0,1443.2007702998817,,,,,,,,1443.1732236999087,1443.2007702998817,1443.2007702998817,1443.2007702998817,0.006280199624598026,1453.0637509999797,laptop,[np.float64(0.03333333333333333)],[np.float64(-0.2916666666666667)],[1],[0],[0],[9.887164199724793],['text_3'],p2,001,2025-10-12_14h28.18.296,word_priming,,2025.1.1,60.160978782174794,2025-10-12 14h28.25.434967 +0530,
,293,13,14,,,_oo_,book,old ,book,[np.float64(0.03333333333333333)],[np.float64(-0.2916666666666667)],[1],[0],[0],[2.423725700005889],['text_3'],,,,,14,13,293,13,1453.0911380001344,,,,,,,,1453.0669303000905,1453.0911380001344,1453.0911380001344,1453.0911380001344,0.003027500119060278,1455.4940184997395,book,[np.float64(0.03333333333333333)],[np.float64(-0.2916666666666667)],[1],[0],[0],[2.423725700005889],['text_3'],p2,001,2025-10-12_14h28.18.296,word_priming,,2025.1.1,60.160978782174794,2025-10-12 14h28.25.434967 +0530,
,294,14,14,,,c_s_io_,cushion,old ,cushion,[np.float64(0.03333333333333333)],[np.float64(-0.2916666666666667)],[1],[0],[0],[3.4406833997927606],['text_3'],,,,,14,14,294,14,1455.5221254001372,,,,,,,,1455.497620199807,1455.5221254001372,1455.5221254001372,1455.5221254001372,0.0034488998353481293,1458.941683900077,cushion,[np.float64(0.03333333333333333)],[np.float64(-0.2916666666666667)],[1],[0],[0],[3.4406833997927606],['text_3'],p2,001,2025-10-12_14h28.18.296,word_priming,,2025.1.1,60.160978782174794,2025-10-12 14h28.25.434967 +0530,
,295,15,14,,,P_st_r,Poster,old ,Poster,[np.float64(0.03333333333333333)],[np.float64(-0.2916666666666667)],[1],[0],[0],[4.688622200395912],['text_3'],,,,,14,15,295,9,1458.9688939996995,,,,,,,,1458.9453155999072,1458.9688939996995,1458.9688939996995,1458.9688939996995,0.0035175997763872147,1463.637423499953,Poster,[np.float64(0.03333333333333333)],[np.float64(-0.2916666666666667)],[1],[0],[0],[4.688622200395912],['text_3'],p2,001,2025-10-12_14h28.18.296,word_priming,,2025.1.1,60.160978782174794,2025-10-12 14h28.25.434967 +0530,
,296,16,14,,,_a_bl_,Marble,old ,Marble,[np.float64(-0.018333333333333333)],[np.float64(-0.3)],[1],[0],[0],[7.15231839986518],['text_3'],,,,,14,16,296,11,1463.6639437000267,,,,,,,,1463.6410058001056,1463.6639437000267,1463.6639437000267,1463.6639437000267,0.0034075998701155186,1470.796742899809,Marble,[np.float64(-0.018333333333333333)],[np.float64(-0.3)],[1],[0],[0],[7.15231839986518],['text_3'],p2,001,2025-10-12_14h28.18.296,word_priming,,2025.1.1,60.160978782174794,2025-10-12 14h28.25.434967 +0530,
,297,17,14,,,c_m_ra,camera,new,camera,[np.float64(-0.018333333333333333)],[np.float64(-0.3)],[1],[0],[0],[2.973143700044602],['text_3'],,,,,14,17,297,19,1470.8237340999767,,,,,,,,1470.8002666998655,1470.8237340999767,1470.8237340999767,1470.8237340999767,0.003374500200152397,1473.7768719997257,camera,[np.float64(-0.018333333333333333)],[np.float64(-0.3)],[1],[0],[0],[2.973143700044602],['text_3'],p2,001,2025-10-12_14h28.18.296,word_priming,,2025.1.1,60.160978782174794,2025-10-12 14h28.25.434967 +0530,
,298,18,14,,,p_nc_l,pencil,new,pencil,[np.float64(-0.018333333333333333)],[np.float64(-0.3)],[1],[0],[0],[3.406046799849719],['text_3'],,,,,14,18,298,16,1473.8041892000474,,,,,,,,1473.7804335998371,1473.8041892000474,1473.8041892000474,1473.8041892000474,0.0034129000268876553,1477.1899339999072,pencil,[np.float64(-0.018333333333333333)],[np.float64(-0.3)],[1],[0],[0],[3.406046799849719],['text_3'],p2,001,2025-10-12_14h28.18.296,word_priming,,2025.1.1,60.160978782174794,2025-10-12 14h28.25.434967 +0530,
,299,19,14,,,bo_t_e,bottle,new,bottle,[np.float64(-0.018333333333333333)],[np.float64(-0.3)],[1],[0],[0],[3.3899254999123514],['text_3'],,,,,14,19,299,18,1477.217407300137,,,,,,,,1477.1935046999715,1477.217407300137,1477.217407300137,1477.217407300137,0.0034256000071763992,1480.5868317997083,bottle,[np.float64(-0.018333333333333333)],[np.float64(-0.3)],[1],[0],[0],[3.3899254999123514],['text_3'],p2,001,2025-10-12_14h28.18.296,word_priming,,2025.1.1,60.160978782174794,2025-10-12 14h28.25.434967 +0530,
,300,0,15,,,_ou_se,mouse,old ,mouse,[np.float64(-0.018333333333333333)],[np.float64(-0.3)],[1],[0],[0],[2.908336500171572],['text_3'],,,,,15,0,300,3,1480.6140152998269,,,,,,,,1480.5905399997719,1480.6140152998269,1480.6140152998269,1480.6140152998269,0.0035104001872241497,1483.5023284000345,mouse,[np.float64(-0.018333333333333333)],[np.float64(-0.3)],[1],[0],[0],[2.908336500171572],['text_3'],p2,001,2025-10-12_14h28.18.296,word_priming,,2025.1.1,60.160978782174794,2025-10-12 14h28.25.434967 +0530,
,301,1,15,,,T_hi_t,Tshirt,old ,Tshirt,[np.float64(-0.018333333333333333)],[np.float64(-0.3)],[1],[0],[0],[3.802666800096631],['text_3'],,,,,15,1,301,2,1483.527804600075,,,,,,,,1483.5058356998488,1483.527804600075,1483.527804600075,1483.527804600075,0.003358499612659216,1487.3128732000478,Tshirt,[np.float64(-0.018333333333333333)],[np.float64(-0.3)],[1],[0],[0],[3.802666800096631],['text_3'],p2,001,2025-10-12_14h28.18.296,word_priming,,2025.1.1,60.160978782174794,2025-10-12 14h28.25.434967 +0530,
,302,2,15,,,p_nc_l,pencil,new,penci,[],[],[],[],[],[],[],,,,,15,2,302,16,1487.3574330001138,,,,,,,,1487.3178980997764,1487.3574330001138,1487.3574330001138,1487.3574330001138,0.00482300017029047,1497.3157513998449,penci,[],[],[],[],[],[],[],p2,001,2025-10-12_14h28.18.296,word_priming,,2025.1.1,60.160978782174794,2025-10-12 14h28.25.434967 +0530,
,303,3,15,,,_ru_s_,cruise,old ,cruise,[np.float64(-0.018333333333333333)],[np.float64(-0.3)],[1],[0],[0],[3.67755200015381],['text_3'],,,,,15,3,303,6,1497.3477710997686,,,,,,,,1497.3194095999934,1497.3477710997686,1497.3477710997686,1497.3477710997686,0.006315500009804964,1501.0004305997863,cruise,[np.float64(-0.018333333333333333)],[np.float64(-0.3)],[1],[0],[0],[3.67755200015381],['text_3'],p2,001,2025-10-12_14h28.18.296,word_priming,,2025.1.1,60.160978782174794,2025-10-12 14h28.25.434967 +0530,
,304,4,15,,,c_s_io_,cushion,old ,cushion,[np.float64(-0.018333333333333333)],[np.float64(-0.3)],[1],[0],[0],[8.666484500281513],['text_3'],,,,,15,4,304,14,1501.0271598999389,,,,,,,,1501.0040703997947,1501.0271598999389,1501.0271598999389,1501.0271598999389,0.0034984000958502293,1509.6740526999347,cushion,[np.float64(-0.018333333333333333)],[np.float64(-0.3)],[1],[0],[0],[8.666484500281513],['text_3'],p2,001,2025-10-12_14h28.18.296,word_priming,,2025.1.1,60.160978782174794,2025-10-12 14h28.25.434967 +0530,
,305,5,15,,,_o_rd,Board,old ,Board,[np.float64(-0.018333333333333333)],[np.float64(-0.3)],[1],[0],[0],[5.172060300130397],['text_3'],,,,,15,5,305,10,1509.701929199975,,,,,,,,1509.6776562999003,1509.701929199975,1509.701929199975,1509.701929199975,0.003425000235438347,1514.8532801996917,Board,[np.float64(-0.018333333333333333)],[np.float64(-0.3)],[1],[0],[0],[5.172060300130397],['text_3'],p2,001,2025-10-12_14h28.18.296,word_priming,,2025.1.1,60.160978782174794,2025-10-12 14h28.25.434967 +0530,
,306,6,15,,,ta_l_,table,new,t,[np.float64(-0.018333333333333333)],[np.float64(-0.3)],[1],[0],[0],[6.685364000033587],['text_3'],,,,,15,6,306,15,1514.8803015998565,,,,,,,,1514.8568051001057,1514.8803015998565,1514.8803015998565,1514.8803015998565,0.003371800296008587,1521.5456793000922,t,[np.float64(-0.018333333333333333)],[np.float64(-0.3)],[1],[0],[0],[6.685364000033587],['text_3'],p2,001,2025-10-12_14h28.18.296,word_priming,,2025.1.1,60.160978782174794,2025-10-12 14h28.25.434967 +0530,
,307,7,15,,,_oo_,book,old ,book,[np.float64(-0.018333333333333333)],[np.float64(-0.3)],[1],[0],[0],[6.070568299852312],['text_3'],,,,,15,7,307,13,1521.573547099717,,,,,,,,1521.5488827996887,1521.573547099717,1521.573547099717,1521.573547099717,0.0030422001145780087,1527.6229548999108,book,[np.float64(-0.018333333333333333)],[np.float64(-0.3)],[1],[0],[0],[6.070568299852312],['text_3'],p2,001,2025-10-12_14h28.18.296,word_priming,,2025.1.1,60.160978782174794,2025-10-12 14h28.25.434967 +0530,
,308,8,15,,,P_li_e,Police,old ,Police,[np.float64(-0.018333333333333333)],[np.float64(-0.3)],[1],[0],[0],[4.554870400112122],['text_3'],,,,,15,8,308,7,1527.651161099784,,,,,,,,1527.6267153997906,1527.651161099784,1527.651161099784,1527.651161099784,0.0036047999747097492,1532.185144300107,Police,[np.float64(-0.018333333333333333)],[np.float64(-0.3)],[1],[0],[0],[4.554870400112122],['text_3'],p2,001,2025-10-12_14h28.18.296,word_priming,,2025.1.1,60.160978782174794,2025-10-12 14h28.25.434967 +0530,
,309,9,15,,,l_pt_p,laptop,old ,laptop,[np.float64(-0.018333333333333333)],[np.float64(-0.3)],[1],[0],[0],[4.4720189999789],['text_3'],,,,,15,9,309,0,1532.2129500997253,,,,,,,,1532.1892707999796,1532.2129500997253,1532.2129500997253,1532.2129500997253,0.003947100136429071,1536.6648216000758,laptop,[np.float64(-0.018333333333333333)],[np.float64(-0.3)],[1],[0],[0],[4.4720189999789],['text_3'],p2,001,2025-10-12_14h28.18.296,word_priming,,2025.1.1,60.160978782174794,2025-10-12 14h28.25.434967 +0530,
,310,10,15,,,_ha_t,chart,old ,chart,[np.float64(-0.018333333333333333)],[np.float64(-0.3)],[1],[0],[0],[2.8406905997544527],['text_3'],,,,,15,10,310,1,1536.6921768998727,,,,,,,,1536.6684030997567,1536.6921768998727,1536.6921768998727,1536.6921768998727,0.0034308000467717648,1539.5126277999952,chart,[np.float64(-0.018333333333333333)],[np.float64(-0.3)],[1],[0],[0],[2.8406905997544527],['text_3'],p2,001,2025-10-12_14h28.18.296,word_priming,,2025.1.1,60.160978782174794,2025-10-12 14h28.25.434967 +0530,
,311,11,15,,,bo_t_e,bottle,new,bottle,[np.float64(-0.018333333333333333)],[np.float64(-0.3)],[1],[0],[0],[3.6212863996624947],['text_3'],,,,,15,11,311,18,1539.5392598998733,,,,,,,,1539.516203599982,1539.5392598998733,1539.5392598998733,1539.5392598998733,0.00342399999499321,1543.1410735999234,bottle,[np.float64(-0.018333333333333333)],[np.float64(-0.3)],[1],[0],[0],[3.6212863996624947],['text_3'],p2,001,2025-10-12_14h28.18.296,word_priming,,2025.1.1,60.160978782174794,2025-10-12 14h28.25.434967 +0530,
,312,12,15,,,P_str_,pastry,old ,Pastry,[np.float64(-0.018333333333333333)],[np.float64(-0.3)],[1],[0],[0],[6.455129400361329],['text_3'],,,,,15,12,312,4,1543.169090299867,,,,,,,,1543.1446655998006,1543.169090299867,1543.169090299867,1543.169090299867,0.0034299995750188828,1549.603385699913,Pastry,[np.float64(-0.018333333333333333)],[np.float64(-0.3)],[1],[0],[0],[6.455129400361329],['text_3'],p2,001,2025-10-12_14h28.18.296,word_priming,,2025.1.1,60.160978782174794,2025-10-12 14h28.25.434967 +0530,
,313,13,15,,,_ho_e,Phone,old ,phone,[np.float64(-0.018333333333333333)],[np.float64(-0.3)],[1],[0],[0],[4.786166700068861],['text_3'],,,,,15,13,313,12,1549.6292508998886,,,,,,,,1549.606935299933,1549.6292508998886,1549.6292508998886,1549.6292508998886,0.0033971001394093037,1554.396685599815,phone,[np.float64(-0.018333333333333333)],[np.float64(-0.3)],[1],[0],[0],[4.786166700068861],['text_3'],p2,001,2025-10-12_14h28.18.296,word_priming,,2025.1.1,60.160978782174794,2025-10-12 14h28.25.434967 +0530,
,314,14,15,,,_a_bl_,Marble,old ,Marble,[np.float64(-0.018333333333333333)],[np.float64(-0.3)],[1],[0],[0],[5.3389312997460365],['text_3'],,,,,15,14,314,11,1554.4246020000428,,,,,,,,1554.4002791997045,1554.4246020000428,1554.4246020000428,1554.4246020000428,0.0034181997179985046,1559.743694699835,Marble,[np.float64(-0.018333333333333333)],[np.float64(-0.3)],[1],[0],[0],[5.3389312997460365],['text_3'],p2,001,2025-10-12_14h28.18.296,word_priming,,2025.1.1,60.160978782174794,2025-10-12 14h28.25.434967 +0530,
,315,15,15,,,P_st_r,Poster,old ,Poster,[np.float64(-0.018333333333333333)],[np.float64(-0.3)],[1],[0],[0],[4.05335529986769],['text_3'],,,,,15,15,315,9,1559.7690392998047,,,,,,,,1559.7494362001307,1559.7690392998047,1559.7690392998047,1559.7690392998047,0.005548499990254641,1563.8066453998908,Poster,[np.float64(-0.018333333333333333)],[np.float64(-0.3)],[1],[0],[0],[4.05335529986769],['text_3'],p2,001,2025-10-12_14h28.18.296,word_priming,,2025.1.1,60.160978782174794,2025-10-12 14h28.25.434967 +0530,
,316,16,15,,,c_s_,case,old ,case,[np.float64(-0.018333333333333333)],[np.float64(-0.3)],[1],[0],[0],[3.271035000216216],['text_3'],,,,,15,16,316,5,1563.8319231998175,,,,,,,,1563.810269900132,1563.8319231998175,1563.8319231998175,1563.8319231998175,0.0034696999937295914,1567.084927099757,case,[np.float64(-0.018333333333333333)],[np.float64(-0.3)],[1],[0],[0],[3.271035000216216],['text_3'],p2,001,2025-10-12_14h28.18.296,word_priming,,2025.1.1,60.160978782174794,2025-10-12 14h28.25.434967 +0530,
,317,17,15,,,v_s_,vase,new,va,[np.float64(-0.018333333333333333)],[np.float64(-0.3)],[1],[0],[0],[2.2067878996022046],['text_3'],,,,,15,17,317,17,1567.1121501000598,,,,,,,,1567.088129799813,1567.1121501000598,1567.1121501000598,1567.1121501000598,0.0030547999776899815,1569.299489399884,va,[np.float64(-0.018333333333333333)],[np.float64(-0.3)],[1],[0],[0],[2.2067878996022046],['text_3'],p2,001,2025-10-12_14h28.18.296,word_priming,,2025.1.1,60.160978782174794,2025-10-12 14h28.25.434967 +0530,
,318,18,15,,,K_y_,Keys,old ,Keys,[np.float64(-0.018333333333333333)],[np.float64(-0.3)],[1],[0],[0],[4.1721405000425875],['text_3'],,,,,15,18,318,8,1569.3432734999806,,,,,,,,1569.303927199915,1569.3432734999806,1569.3432734999806,1569.3432734999806,0.0042329998686909676,1573.4798158998601,Keys,[np.float64(-0.018333333333333333)],[np.float64(-0.3)],[1],[0],[0],[4.1721405000425875],['text_3'],p2,001,2025-10-12_14h28.18.296,word_priming,,2025.1.1,60.160978782174794,2025-10-12 14h28.25.434967 +0530,
,319,19,15,,,c_m_ra,camera,new,camera,[np.float64(-0.018333333333333333)],[np.float64(-0.3)],[1],[0],[0],[3.154745399951935],['text_3'],,,,,15,19,319,19,1573.5057866997086,,,,,,,,1573.48373109987,1573.5057866997086,1573.5057866997086,1573.5057866997086,0.0037644999101758003,1576.6421183999628,camera,[np.float64(-0.018333333333333333)],[np.float64(-0.3)],[1],[0],[0],[3.154745399951935],['text_3'],p2,001,2025-10-12_14h28.18.296,word_priming,,2025.1.1,60.160978782174794,2025-10-12 14h28.25.434967 +0530,
,320,0,16,,,c_m_ra,camera,new,camera,[],[],[],[],[],[],[],,,,,16,0,320,19,1576.66907229973,,,,,,,,1576.6428411998786,1576.66907229973,1576.66907229973,1576.66907229973,0.0005569998174905777,1586.644175699912,camera,[],[],[],[],[],[],[],p2,001,2025-10-12_14h28.18.296,word_priming,,2025.1.1,60.160978782174794,2025-10-12 14h28.25.434967 +0530,
,321,1,16,,,_ha_t,chart,old ,chart,[np.float64(-0.018333333333333333)],[np.float64(-0.3)],[1],[0],[0],[4.343859599903226],['text_3'],,,,,16,1,321,1,1586.6757255000994,,,,,,,,1586.6478369999677,1586.6757255000994,1586.6757255000994,1586.6757255000994,0.005568599794059992,1590.9953842000104,chart,[np.float64(-0.018333333333333333)],[np.float64(-0.3)],[1],[0],[0],[4.343859599903226],['text_3'],p2,001,2025-10-12_14h28.18.296,word_priming,,2025.1.1,60.160978782174794,2025-10-12 14h28.25.434967 +0530,
,322,2,16,,,bo_t_e,bottle,new,,[np.float64(-0.018333333333333333)],[np.float64(-0.3)],[1],[0],[0],[0.306509000249207],['text_3'],,,,,16,2,322,18,1591.0218270998448,,,,,,,,1590.9995698998682,1591.0218270998448,1591.0218270998448,1591.0218270998448,0.004039900377392769,1591.3097306001,,[np.float64(-0.018333333333333333)],[np.float64(-0.3)],[1],[0],[0],[0.306509000249207],['text_3'],p2,001,2025-10-12_14h28.18.296,word_priming,,2025.1.1,60.160978782174794,2025-10-12 14h28.25.434967 +0530,
,323,3,16,,,c_s_,case,old ,case,[np.float64(-0.016666666666666666)],[np.float64(-0.3)],[1],[0],[0],[7.304523800034076],['text_3'],,,,,16,3,323,5,1591.338150399737,,,,,,,,1591.3129108999856,1591.338150399737,1591.338150399737,1591.338150399737,0.002993099857121706,1598.6211207997985,case,[np.float64(-0.016666666666666666)],[np.float64(-0.3)],[1],[0],[0],[7.304523800034076],['text_3'],p2,001,2025-10-12_14h28.18.296,word_priming,,2025.1.1,60.160978782174794,2025-10-12 14h28.25.434967 +0530,
,324,4,16,,,T_hi_t,Tshirt,old ,Tshirt,[np.float64(-0.016666666666666666)],[np.float64(-0.3)],[1],[0],[0],[3.8048709998838603],['text_3'],,,,,16,4,324,2,1598.6475224997848,,,,,,,,1598.624873999972,1598.6475224997848,1598.6475224997848,1598.6475224997848,0.0035923002287745476,1602.4334434000775,Tshirt,[np.float64(-0.016666666666666666)],[np.float64(-0.3)],[1],[0],[0],[3.8048709998838603],['text_3'],p2,001,2025-10-12_14h28.18.296,word_priming,,2025.1.1,60.160978782174794,2025-10-12 14h28.25.434967 +0530,
,325,5,16,,,l_pt_p,laptop,old ,laptop,[np.float64(-0.015)],[np.float64(-0.3)],[1],[0],[0],[9.582694299984723],['text_3'],,,,,16,5,325,0,1602.4603729997762,,,,,,,,1602.4380644997582,1602.4603729997762,1602.4603729997762,1602.4603729997762,0.004407800268381834,1612.0244770999998,laptop,[np.float64(-0.015)],[np.float64(-0.3)],[1],[0],[0],[9.582694299984723],['text_3'],p2,001,2025-10-12_14h28.18.296,word_priming,,2025.1.1,60.160978782174794,2025-10-12 14h28.25.434967 +0530,
,326,6,16,,,_a_bl_,Marble,old ,Marble,[np.float64(-0.015)],[np.float64(-0.3)],[1],[0],[0],[7.1181979002431035],['text_3'],,,,,16,6,326,11,1612.0510407998227,,,,,,,,1612.028146599885,1612.0510407998227,1612.0510407998227,1612.0510407998227,0.0035231001675128937,1619.1500594001263,Marble,[np.float64(-0.015)],[np.float64(-0.3)],[1],[0],[0],[7.1181979002431035],['text_3'],p2,001,2025-10-12_14h28.18.296,word_priming,,2025.1.1,60.160978782174794,2025-10-12 14h28.25.434967 +0530,
,327,7,16,,,P_str_,pastry,old ,Pastry,[np.float64(-0.015)],[np.float64(-0.3)],[1],[0],[0],[5.235790700186044],['text_3'],,,,,16,7,327,4,1619.176950899884,,,,,,,,1619.153639999684,1619.176950899884,1619.176950899884,1619.176950899884,0.0034080003388226032,1624.3937372998334,Pastry,[np.float64(-0.015)],[np.float64(-0.3)],[1],[0],[0],[5.235790700186044],['text_3'],p2,001,2025-10-12_14h28.18.296,word_priming,,2025.1.1,60.160978782174794,2025-10-12 14h28.25.434967 +0530,
,328,8,16,,,c_s_io_,cushion,old ,cushion,[np.float64(-0.015)],[np.float64(-0.3)],[1],[0],[0],[4.788934800308198],['text_3'],,,,,16,8,328,14,1624.4220998999663,,,,,,,,1624.3978050998412,1624.4220998999663,1624.4220998999663,1624.4220998999663,0.0038806996308267117,1629.190510599874,cushion,[np.float64(-0.015)],[np.float64(-0.3)],[1],[0],[0],[4.788934800308198],['text_3'],p2,001,2025-10-12_14h28.18.296,word_priming,,2025.1.1,60.160978782174794,2025-10-12 14h28.25.434967 +0530,
,329,9,16,,,_oo_,book,old ,book,[np.float64(-0.015)],[np.float64(-0.3)],[1],[0],[0],[7.569469300098717],['text_3'],,,,,16,9,329,13,1629.2171889999881,,,,,,,,1629.1937239998952,1629.2171889999881,1629.2171889999881,1629.2171889999881,0.0030654999427497387,1636.7669918998145,book,[np.float64(-0.015)],[np.float64(-0.3)],[1],[0],[0],[7.569469300098717],['text_3'],p2,001,2025-10-12_14h28.18.296,word_priming,,2025.1.1,60.160978782174794,2025-10-12 14h28.25.434967 +0530,
,330,10,16,,,v_s_,vase,new,v,[np.float64(-0.015)],[np.float64(-0.3)],[1],[0],[0],[2.5885481000877917],['text_3'],,,,,16,10,330,17,1636.79321969999,,,,,,,,1636.770609300118,1636.79321969999,1636.79321969999,1636.79321969999,0.003465999849140644,1639.36313899979,v,[np.float64(-0.015)],[np.float64(-0.3)],[1],[0],[0],[2.5885481000877917],['text_3'],p2,001,2025-10-12_14h28.18.296,word_priming,,2025.1.1,60.160978782174794,2025-10-12 14h28.25.434967 +0530,
,331,11,16,,,_ru_s_,cruise,old ,cruise,[np.float64(-0.015)],[np.float64(-0.3)],[1],[0],[0],[3.93716000020504],['text_3'],,,,,16,11,331,6,1639.3903797999956,,,,,,,,1639.3671812000684,1639.3903797999956,1639.3903797999956,1639.3903797999956,0.003750000149011612,1643.3081092997454,cruise,[np.float64(-0.015)],[np.float64(-0.3)],[1],[0],[0],[3.93716000020504],['text_3'],p2,001,2025-10-12_14h28.18.296,word_priming,,2025.1.1,60.160978782174794,2025-10-12 14h28.25.434967 +0530,
,332,12,16,,,_ho_e,Phone,old ,,[np.float64(-0.015)],[np.float64(-0.3)],[1],[0],[0],[0.29238659981638193],['text_3'],,,,,16,12,332,12,1643.3368180999532,,,,,,,,1643.3116530999541,1643.3368180999532,1643.3368180999532,1643.3368180999532,0.0033877003006637096,1643.6088123000227,,[np.float64(-0.015)],[np.float64(-0.3)],[1],[0],[0],[0.29238659981638193],['text_3'],p2,001,2025-10-12_14h28.18.296,word_priming,,2025.1.1,60.160978782174794,2025-10-12 14h28.25.434967 +0530,
,333,13,16,,,_o_rd,Board,old ,,[np.float64(-0.015)],[np.float64(-0.3)],[1],[0],[0],[0.22337229968979955],['text_3'],,,,,16,13,333,10,1643.6531496997923,,,,,,,,1643.6138041000813,1643.6531496997923,1643.6531496997923,1643.6531496997923,0.0047643003053963184,1643.8419805997983,,[np.float64(-0.015)],[np.float64(-0.3)],[1],[0],[0],[0.22337229968979955],['text_3'],p2,001,2025-10-12_14h28.18.296,word_priming,,2025.1.1,60.160978782174794,2025-10-12 14h28.25.434967 +0530,
,334,14,16,,,K_y_,Keys,old ,Keys,[np.float64(-0.015)],[np.float64(-0.3)],[1],[0],[0],[6.069447899702936],['text_3'],,,,,16,14,334,8,1643.8692437997088,,,,,,,,1643.8465057997964,1643.8692437997088,1643.8692437997088,1643.8692437997088,0.00431900005787611,1649.9198380997404,Keys,[np.float64(-0.015)],[np.float64(-0.3)],[1],[0],[0],[6.069447899702936],['text_3'],p2,001,2025-10-12_14h28.18.296,word_priming,,2025.1.1,60.160978782174794,2025-10-12 14h28.25.434967 +0530,
,335,15,16,,,ta_l_,table,new,table,[np.float64(-0.015)],[np.float64(-0.3)],[1],[0],[0],[3.5726621001958847],['text_3'],,,,,16,15,335,15,1649.9465763997287,,,,,,,,1649.923382599838,1649.9465763997287,1649.9465763997287,1649.9465763997287,0.0033924998715519905,1653.49983360013,table,[np.float64(-0.015)],[np.float64(-0.3)],[1],[0],[0],[3.5726621001958847],['text_3'],p2,001,2025-10-12_14h28.18.296,word_priming,,2025.1.1,60.160978782174794,2025-10-12 14h28.25.434967 +0530,
,336,16,16,,,_ou_se,mouse,old ,mouse,[np.float64(-0.015)],[np.float64(-0.3)],[1],[0],[0],[3.2064175000414252],['text_3'],,,,,16,16,336,3,1653.5268052998,,,,,,,,1653.5034492998384,1653.5268052998,1653.5268052998,1653.5268052998,0.0034643998369574547,1656.7137452000752,mouse,[np.float64(-0.015)],[np.float64(-0.3)],[1],[0],[0],[3.2064175000414252],['text_3'],p2,001,2025-10-12_14h28.18.296,word_priming,,2025.1.1,60.160978782174794,2025-10-12 14h28.25.434967 +0530,
,337,17,16,,,p_nc_l,pencil,new,pencil,[np.float64(-0.015)],[np.float64(-0.3)],[1],[0],[0],[3.9212805000133812],['text_3'],,,,,16,17,337,16,1656.740269499831,,,,,,,,1656.7174235000275,1656.740269499831,1656.740269499831,1656.740269499831,0.003523800056427717,1660.6425018999726,pencil,[np.float64(-0.015)],[np.float64(-0.3)],[1],[0],[0],[3.9212805000133812],['text_3'],p2,001,2025-10-12_14h28.18.296,word_priming,,2025.1.1,60.160978782174794,2025-10-12 14h28.25.434967 +0530,
,338,18,16,,,P_li_e,Police,old ,Police,[np.float64(-0.015)],[np.float64(-0.3)],[1],[0],[0],[4.619702499825507],['text_3'],,,,,16,18,338,7,1660.669358999934,,,,,,,,1660.6461730999872,1660.669358999934,1660.669358999934,1660.669358999934,0.003518299665302038,1665.2696806997992,Police,[np.float64(-0.015)],[np.float64(-0.3)],[1],[0],[0],[4.619702499825507],['text_3'],p2,001,2025-10-12_14h28.18.296,word_priming,,2025.1.1,60.160978782174794,2025-10-12 14h28.25.434967 +0530,
,339,19,16,,,P_st_r,Poster,old ,Poster,[np.float64(-0.015)],[np.float64(-0.3)],[1],[0],[0],[5.687611500266939],['text_3'],,,,,16,19,339,9,1665.2984809000045,,,,,,,,1665.2737460001372,1665.2984809000045,1665.2984809000045,1665.2984809000045,0.003894300200045109,1670.965266100131,Poster,[np.float64(-0.015)],[np.float64(-0.3)],[1],[0],[0],[5.687611500266939],['text_3'],p2,001,2025-10-12_14h28.18.296,word_priming,,2025.1.1,60.160978782174794,2025-10-12 14h28.25.434967 +0530,
,340,0,17,,,c_s_io_,cushion,old ,cushion,[],[],[],[],[],[],[],,,,,17,0,340,14,1670.9928397000767,,,,,,,,1670.9693228998221,1670.9928397000767,1670.9928397000767,1670.9928397000767,0.003906000405550003,1680.9677893999033,cushion,[],[],[],[],[],[],[],p2,001,2025-10-12_14h28.18.296,word_priming,,2025.1.1,60.160978782174794,2025-10-12 14h28.25.434967 +0530,
,341,1,17,,,bo_t_e,bottle,new,,[np.float64(-0.015)],[np.float64(-0.3)],[1],[0],[0],[0.12898200005292892],['text_3'],,,,,17,1,341,18,1680.9996615997516,,,,,,,,1680.9714580997825,1680.9996615997516,1680.9996615997516,1680.9996615997516,0.0060407002456486225,1681.104270500131,,[np.float64(-0.015)],[np.float64(-0.3)],[1],[0],[0],[0.12898200005292892],['text_3'],p2,001,2025-10-12_14h28.18.296,word_priming,,2025.1.1,60.160978782174794,2025-10-12 14h28.25.434967 +0530,
,342,2,17,,,_ou_se,mouse,old ,mouse,[np.float64(-0.015)],[np.float64(-0.3)],[1],[0],[0],[4.6714395000599325],['text_3'],,,,,17,2,342,3,1681.1328070000745,,,,,,,,1681.1078618997708,1681.1328070000745,1681.1328070000745,1681.1328070000745,0.003344499971717596,1685.784107599873,mouse,[np.float64(-0.015)],[np.float64(-0.3)],[1],[0],[0],[4.6714395000599325],['text_3'],p2,001,2025-10-12_14h28.18.296,word_priming,,2025.1.1,60.160978782174794,2025-10-12 14h28.25.434967 +0530,
,343,3,17,,,_ho_e,Phone,old ,phone,[np.float64(-0.015)],[np.float64(-0.3)],[1],[0],[0],[3.9186312998645008],['text_3'],,,,,17,3,343,12,1685.8113039997406,,,,,,,,1685.7891862997785,1685.8113039997406,1685.8113039997406,1685.8113039997406,0.004865099675953388,1689.711776100099,phone,[np.float64(-0.015)],[np.float64(-0.3)],[1],[0],[0],[3.9186312998645008],['text_3'],p2,001,2025-10-12_14h28.18.296,word_priming,,2025.1.1,60.160978782174794,2025-10-12 14h28.25.434967 +0530,
,344,4,17,,,c_m_ra,camera,new,camer,[np.float64(-0.015)],[np.float64(-0.3)],[1],[0],[0],[3.606992300134152],['text_3'],,,,,17,4,344,19,1689.740712000057,,,,,,,,1689.7154635000043,1689.740712000057,1689.740712000057,1689.740712000057,0.0035337000153958797,1693.3273976999335,camer,[np.float64(-0.015)],[np.float64(-0.3)],[1],[0],[0],[3.606992300134152],['text_3'],p2,001,2025-10-12_14h28.18.296,word_priming,,2025.1.1,60.160978782174794,2025-10-12 14h28.25.434967 +0530,
,345,5,17,,,l_pt_p,laptop,old ,laptop,[np.float64(-0.015)],[np.float64(-0.3)],[1],[0],[0],[5.418597399722785],['text_3'],,,,,17,5,345,0,1693.3709527999163,,,,,,,,1693.3325090999715,1693.3709527999163,1693.3709527999163,1693.3709527999163,0.004896999802440405,1698.7550749997608,laptop,[np.float64(-0.015)],[np.float64(-0.3)],[1],[0],[0],[5.418597399722785],['text_3'],p2,001,2025-10-12_14h28.18.296,word_priming,,2025.1.1,60.160978782174794,2025-10-12 14h28.25.434967 +0530,
,346,6,17,,,P_li_e,Police,old ,Police,[np.float64(-0.015)],[np.float64(-0.3)],[1],[0],[0],[4.356331699993461],['text_3'],,,,,17,6,346,7,1698.781810599845,,,,,,,,1698.7586332000792,1698.781810599845,1698.781810599845,1698.781810599845,0.003409299999475479,1703.1188276996836,Police,[np.float64(-0.015)],[np.float64(-0.3)],[1],[0],[0],[4.356331699993461],['text_3'],p2,001,2025-10-12_14h28.18.296,word_priming,,2025.1.1,60.160978782174794,2025-10-12 14h28.25.434967 +0530,
,347,7,17,,,c_s_,case,old ,case,[np.float64(-0.015)],[np.float64(-0.3)],[1],[0],[0],[2.8532552998512983],['text_3'],,,,,17,7,347,5,1703.1444791997783,,,,,,,,1703.1225435999222,1703.1444791997783,1703.1444791997783,1703.1444791997783,0.003567799925804138,1705.9796826997772,case,[np.float64(-0.015)],[np.float64(-0.3)],[1],[0],[0],[2.8532552998512983],['text_3'],p2,001,2025-10-12_14h28.18.296,word_priming,,2025.1.1,60.160978782174794,2025-10-12 14h28.25.434967 +0530,
,348,8,17,,,P_str_,pastry,old ,Pastry,[np.float64(-0.015)],[np.float64(-0.3)],[1],[0],[0],[4.354622199665755],['text_3'],,,,,17,8,348,4,1706.008430799935,,,,,,,,1705.9833402000368,1706.008430799935,1706.008430799935,1706.008430799935,0.0034974999725818634,1710.3418490998447,Pastry,[np.float64(-0.015)],[np.float64(-0.3)],[1],[0],[0],[4.354622199665755],['text_3'],p2,001,2025-10-12_14h28.18.296,word_priming,,2025.1.1,60.160978782174794,2025-10-12 14h28.25.434967 +0530,
,349,9,17,,,p_nc_l,pencil,new,pencil,[np.float64(-0.015)],[np.float64(-0.3)],[1],[0],[0],[3.740099399816245],['text_3'],,,,,17,9,349,16,1710.3708107001148,,,,,,,,1710.3455341998488,1710.3708107001148,1710.3708107001148,1710.3708107001148,0.0035229003988206387,1714.0895611997694,pencil,[np.float64(-0.015)],[np.float64(-0.3)],[1],[0],[0],[3.740099399816245],['text_3'],p2,001,2025-10-12_14h28.18.296,word_priming,,2025.1.1,60.160978782174794,2025-10-12 14h28.25.434967 +0530,
,350,10,17,,,K_y_,Keys,old ,Keys,[np.float64(-0.015)],[np.float64(-0.3)],[1],[0],[0],[3.4899623999372125],['text_3'],,,,,17,10,350,8,1714.1169898998924,,,,,,,,1714.0933110998012,1714.1169898998924,1714.1169898998924,1714.1169898998924,0.0035728998482227325,1717.5872244001366,Keys,[np.float64(-0.015)],[np.float64(-0.3)],[1],[0],[0],[3.4899623999372125],['text_3'],p2,001,2025-10-12_14h28.18.296,word_priming,,2025.1.1,60.160978782174794,2025-10-12 14h28.25.434967 +0530,
,351,11,17,,,T_hi_t,Tshirt,old ,Tshirt,[np.float64(-0.015)],[np.float64(-0.3)],[1],[0],[0],[4.220345899928361],['text_3'],,,,,17,11,351,2,1717.6134628998116,,,,,,,,1717.5909199998714,1717.6134628998116,1717.6134628998116,1717.6134628998116,0.0035354001447558403,1721.8152883998118,Tshirt,[np.float64(-0.015)],[np.float64(-0.3)],[1],[0],[0],[4.220345899928361],['text_3'],p2,001,2025-10-12_14h28.18.296,word_priming,,2025.1.1,60.160978782174794,2025-10-12 14h28.25.434967 +0530,
,352,12,17,,,P_st_r,Poster,old ,Poster,[np.float64(-0.015)],[np.float64(-0.3)],[1],[0],[0],[4.770404899958521],['text_3'],,,,,17,12,352,9,1721.8427400998771,,,,,,,,1721.818934999872,1721.8427400998771,1721.8427400998771,1721.8427400998771,0.0034882999025285244,1726.593276700005,Poster,[np.float64(-0.015)],[np.float64(-0.3)],[1],[0],[0],[4.770404899958521],['text_3'],p2,001,2025-10-12_14h28.18.296,word_priming,,2025.1.1,60.160978782174794,2025-10-12 14h28.25.434967 +0530,
,353,13,17,,,_oo_,book,old ,book,[np.float64(-0.015)],[np.float64(-0.3)],[1],[0],[0],[3.357898000162095],['text_3'],,,,,17,13,353,13,1726.620996300131,,,,,,,,1726.5964820999652,1726.620996300131,1726.620996300131,1726.620996300131,0.0030490001663565636,1729.9583451999351,book,[np.float64(-0.015)],[np.float64(-0.3)],[1],[0],[0],[3.357898000162095],['text_3'],p2,001,2025-10-12_14h28.18.296,word_priming,,2025.1.1,60.160978782174794,2025-10-12 14h28.25.434967 +0530,
,354,14,17,,,_o_rd,Board,old ,Board,[np.float64(-0.015)],[np.float64(-0.3)],[1],[0],[0],[4.453799499664456],['text_3'],,,,,17,14,354,10,1729.9846139997244,,,,,,,,1729.9626198001206,1729.9846139997244,1729.9846139997244,1729.9846139997244,0.004050799645483494,1734.4204127998091,Board,[np.float64(-0.015)],[np.float64(-0.3)],[1],[0],[0],[4.453799499664456],['text_3'],p2,001,2025-10-12_14h28.18.296,word_priming,,2025.1.1,60.160978782174794,2025-10-12 14h28.25.434967 +0530,
,355,15,17,,,v_s_,vase,new,cae,[np.float64(-0.015)],[np.float64(-0.3)],[1],[0],[0],[3.821890200022608],['text_3'],,,,,17,15,355,17,1734.4468906000257,,,,,,,,1734.4237819998525,1734.4468906000257,1734.4468906000257,1734.4468906000257,0.003219899721443653,1738.2496488997713,cae,[np.float64(-0.015)],[np.float64(-0.3)],[1],[0],[0],[3.821890200022608],['text_3'],p2,001,2025-10-12_14h28.18.296,word_priming,,2025.1.1,60.160978782174794,2025-10-12 14h28.25.434967 +0530,
,356,16,17,,,_ha_t,chart,old ,chart,[np.float64(-0.015)],[np.float64(-0.3)],[1],[0],[0],[5.769598100334406],['text_3'],,,,,17,16,356,1,1738.2765031997114,,,,,,,,1738.2535898997448,1738.2765031997114,1738.2765031997114,1738.2765031997114,0.0037887003272771835,1744.027189699933,chart,[np.float64(-0.015)],[np.float64(-0.3)],[1],[0],[0],[5.769598100334406],['text_3'],p2,001,2025-10-12_14h28.18.296,word_priming,,2025.1.1,60.160978782174794,2025-10-12 14h28.25.434967 +0530,
,357,17,17,,,ta_l_,table,new,,[np.float64(-0.015)],[np.float64(-0.3)],[1],[0],[0],[0.373866300098598],['text_3'],,,,,17,17,357,15,1744.0541332000867,,,,,,,,1744.0307696997188,1744.0541332000867,1744.0541332000867,1744.0541332000867,0.0034261997789144516,1744.4097023997456,,[np.float64(-0.015)],[np.float64(-0.3)],[1],[0],[0],[0.373866300098598],['text_3'],p2,001,2025-10-12_14h28.18.296,word_priming,,2025.1.1,60.160978782174794,2025-10-12 14h28.25.434967 +0530,
,358,18,17,,,_a_bl_,Marble,old ,,[np.float64(-0.015)],[np.float64(-0.3)],[1],[0],[0],[0.23957470012828708],['text_3'],,,,,17,18,358,11,1744.453570799902,,,,,,,,1744.4147319998592,1744.453570799902,1744.453570799902,1744.453570799902,0.004822100047022104,1744.6594722997397,,[np.float64(-0.015)],[np.float64(-0.3)],[1],[0],[0],[0.23957470012828708],['text_3'],p2,001,2025-10-12_14h28.18.296,word_priming,,2025.1.1,60.160978782174794,2025-10-12 14h28.25.434967 +0530,
,359,19,17,,,_ru_s_,cruise,old ,,[np.float64(-0.015)],[np.float64(-0.3)],[1],[0],[0],[0.15580749977380037],['text_3'],,,,,17,19,359,6,1744.6864907001145,,,,,,,,1744.6650510998443,1744.6864907001145,1744.6864907001145,1744.6864907001145,0.005350999999791384,1744.8250456000678,,[np.float64(-0.015)],[np.float64(-0.3)],[1],[0],[0],[0.15580749977380037],['text_3'],p2,001,2025-10-12_14h28.18.296,word_priming,,2025.1.1,60.160978782174794,2025-10-12 14h28.25.434967 +0530,
,360,0,18,,,p_nc_l,pencil,new,,[np.float64(-0.015)],[np.float64(-0.3)],[1],[0],[0],[0.1905161002650857],['text_3'],,,,,18,0,360,16,1744.8529328997247,,,,,,,,1744.8298742999323,1744.8529328997247,1744.8529328997247,1744.8529328997247,0.004690200090408325,1745.0255490997806,,[np.float64(-0.015)],[np.float64(-0.3)],[1],[0],[0],[0.1905161002650857],['text_3'],p2,001,2025-10-12_14h28.18.296,word_priming,,2025.1.1,60.160978782174794,2025-10-12 14h28.25.434967 +0530,
,361,1,18,,,ta_l_,table,new,,[np.float64(-0.015)],[np.float64(-0.3)],[1],[0],[0],[0.15763689996674657],['text_3'],,,,,18,1,361,15,1745.0528690000065,,,,,,,,1745.0304776998237,1745.0528690000065,1745.0528690000065,1745.0528690000065,0.0047240001149475574,1745.1932542999275,,[np.float64(-0.015)],[np.float64(-0.3)],[1],[0],[0],[0.15763689996674657],['text_3'],p2,001,2025-10-12_14h28.18.296,word_priming,,2025.1.1,60.160978782174794,2025-10-12 14h28.25.434967 +0530,
,362,2,18,,,_ho_e,Phone,old ,,[np.float64(-0.015)],[np.float64(-0.3)],[1],[0],[0],[0.20519510004669428],['text_3'],,,,,18,2,362,12,1745.2369308997877,,,,,,,,1745.1982053001411,1745.2369308997877,1745.2369308997877,1745.2369308997877,0.004732899833470583,1745.4085609000176,,[np.float64(-0.015)],[np.float64(-0.3)],[1],[0],[0],[0.20519510004669428],['text_3'],p2,001,2025-10-12_14h28.18.296,word_priming,,2025.1.1,60.160978782174794,2025-10-12 14h28.25.434967 +0530,
,363,3,18,,,c_s_io_,cushion,old ,,[np.float64(-0.015)],[np.float64(-0.3)],[1],[0],[0],[0.1398907001130283],['text_3'],,,,,18,3,363,14,1745.4525190996937,,,,,,,,1745.4142327997833,1745.4525190996937,1745.4525190996937,1745.4525190996937,0.005370500031858683,1745.5592654999346,,[np.float64(-0.015)],[np.float64(-0.3)],[1],[0],[0],[0.1398907001130283],['text_3'],p2,001,2025-10-12_14h28.18.296,word_priming,,2025.1.1,60.160978782174794,2025-10-12 14h28.25.434967 +0530,
,364,4,18,,,_a_bl_,Marble,old ,,[np.float64(-0.015)],[np.float64(-0.3)],[1],[0],[0],[0.1719837998971343],['text_3'],,,,,18,4,364,11,1745.6022339998744,,,,,,,,1745.5646043000743,1745.6022339998744,1745.6022339998744,1745.6022339998744,0.005119299981743097,1745.7418663999997,,[np.float64(-0.015)],[np.float64(-0.3)],[1],[0],[0],[0.1719837998971343],['text_3'],p2,001,2025-10-12_14h28.18.296,word_priming,,2025.1.1,60.160978782174794,2025-10-12 14h28.25.434967 +0530,
,365,5,18,,,_ru_s_,cruise,old ,,[np.float64(-0.015)],[np.float64(-0.3)],[1],[0],[0],[0.17312469985336065],['text_3'],,,,,18,5,365,6,1745.7858134997077,,,,,,,,1745.7468111999333,1745.7858134997077,1745.7858134997077,1745.7858134997077,0.004734700080007315,1745.9250054997392,,[np.float64(-0.015)],[np.float64(-0.3)],[1],[0],[0],[0.17312469985336065],['text_3'],p2,001,2025-10-12_14h28.18.296,word_priming,,2025.1.1,60.160978782174794,2025-10-12 14h28.25.434967 +0530,
,366,6,18,,,P_st_r,Poster,old ,,[np.float64(-0.015)],[np.float64(-0.3)],[1],[0],[0],[0.17186819994822145],['text_3'],,,,,18,6,366,9,1745.968512099702,,,,,,,,1745.930527199991,1745.968512099702,1745.968512099702,1745.968512099702,0.005318499635905027,1746.107507399749,,[np.float64(-0.015)],[np.float64(-0.3)],[1],[0],[0],[0.17186819994822145],['text_3'],p2,001,2025-10-12_14h28.18.296,word_priming,,2025.1.1,60.160978782174794,2025-10-12 14h28.25.434967 +0530,
,367,7,18,,,_ha_t,chart,old ,,[np.float64(-0.015)],[np.float64(-0.3)],[1],[0],[0],[0.17346770036965609],['text_3'],,,,,18,7,367,1,1746.1517678000964,,,,,,,,1746.1125602996908,1746.1517678000964,1746.1517678000964,1746.1517678000964,0.004859899636358023,1746.2911268998869,,[np.float64(-0.015)],[np.float64(-0.3)],[1],[0],[0],[0.17346770036965609],['text_3'],p2,001,2025-10-12_14h28.18.296,word_priming,,2025.1.1,60.160978782174794,2025-10-12 14h28.25.434967 +0530,
,368,8,18,,,P_li_e,Police,old ,,[np.float64(-0.015)],[np.float64(-0.3)],[1],[0],[0],[0.1730304998345673],['text_3'],,,,,18,8,368,7,1746.3351918999106,,,,,,,,1746.2963123000227,1746.3351918999106,1746.3351918999106,1746.3351918999106,0.004974300041794777,1746.4743610997684,,[np.float64(-0.015)],[np.float64(-0.3)],[1],[0],[0],[0.1730304998345673],['text_3'],p2,001,2025-10-12_14h28.18.296,word_priming,,2025.1.1,60.160978782174794,2025-10-12 14h28.25.434967 +0530,
,369,9,18,,,_o_rd,Board,old ,,[np.float64(-0.015)],[np.float64(-0.3)],[1],[0],[0],[0.17350299982354045],['text_3'],,,,,18,9,369,10,1746.5190400998108,,,,,,,,1746.479429199826,1746.5190400998108,1746.5190400998108,1746.5190400998108,0.0047728996723890305,1746.6581251998432,,[np.float64(-0.015)],[np.float64(-0.3)],[1],[0],[0],[0.17350299982354045],['text_3'],p2,001,2025-10-12_14h28.18.296,word_priming,,2025.1.1,60.160978782174794,2025-10-12 14h28.25.434967 +0530,
,370,10,18,,,P_str_,pastry,old ,,[np.float64(-0.015)],[np.float64(-0.3)],[1],[0],[0],[0.17318759998306632],['text_3'],,,,,18,10,370,4,1746.7017505001277,,,,,,,,1746.663225499913,1746.7017505001277,1746.7017505001277,1746.7017505001277,0.004879499785602093,1746.8415576000698,,[np.float64(-0.015)],[np.float64(-0.3)],[1],[0],[0],[0.17318759998306632],['text_3'],p2,001,2025-10-12_14h28.18.296,word_priming,,2025.1.1,60.160978782174794,2025-10-12 14h28.25.434967 +0530,
,371,11,18,,,c_s_,case,old ,,[np.float64(-0.015)],[np.float64(-0.3)],[1],[0],[0],[0.2067916002124548],['text_3'],,,,,18,11,371,5,1746.8847087998874,,,,,,,,1746.8459689999,1746.8847087998874,1746.8847087998874,1746.8847087998874,0.004195299930870533,1747.0578779997304,,[np.float64(-0.015)],[np.float64(-0.3)],[1],[0],[0],[0.2067916002124548],['text_3'],p2,001,2025-10-12_14h28.18.296,word_priming,,2025.1.1,60.160978782174794,2025-10-12 14h28.25.434967 +0530,
,372,12,18,,,l_pt_p,laptop,old ,,[np.float64(-0.015)],[np.float64(-0.3)],[1],[0],[0],[0.17282949993386865],['text_3'],,,,,18,12,372,0,1747.1011069999076,,,,,,,,1747.0628915000707,1747.1011069999076,1747.1011069999076,1747.1011069999076,0.004798799753189087,1747.240819899831,,[np.float64(-0.015)],[np.float64(-0.3)],[1],[0],[0],[0.17282949993386865],['text_3'],p2,001,2025-10-12_14h28.18.296,word_priming,,2025.1.1,60.160978782174794,2025-10-12 14h28.25.434967 +0530,
,373,13,18,,,bo_t_e,bottle,new,,[np.float64(-0.015)],[np.float64(-0.3)],[1],[0],[0],[0.20553069980815053],['text_3'],,,,,18,13,373,18,1747.2673005997203,,,,,,,,1747.2465552999638,1747.2673005997203,1747.2673005997203,1747.2673005997203,0.0055196997709572315,1747.4572723996826,,[np.float64(-0.015)],[np.float64(-0.3)],[1],[0],[0],[0.20553069980815053],['text_3'],p2,001,2025-10-12_14h28.18.296,word_priming,,2025.1.1,60.160978782174794,2025-10-12 14h28.25.434967 +0530,
,374,14,18,,,K_y_,Keys,old ,,[np.float64(-0.015)],[np.float64(-0.3)],[1],[0],[0],[0.17411419982090592],['text_3'],,,,,18,14,374,8,1747.500451500062,,,,,,,,1747.4616970997304,1747.500451500062,1747.500451500062,1747.500451500062,0.004202599637210369,1747.6410042000934,,[np.float64(-0.015)],[np.float64(-0.3)],[1],[0],[0],[0.17411419982090592],['text_3'],p2,001,2025-10-12_14h28.18.296,word_priming,,2025.1.1,60.160978782174794,2025-10-12 14h28.25.434967 +0530,
,375,15,18,,,c_m_ra,camera,new,,[np.float64(-0.015)],[np.float64(-0.3)],[1],[0],[0],[0.17124619986861944],['text_3'],,,,,18,15,375,19,1747.6834839000367,,,,,,,,1747.6461108997464,1747.6834839000367,1747.6834839000367,1747.6834839000367,0.004908999893814325,1747.8224671999924,,[np.float64(-0.015)],[np.float64(-0.3)],[1],[0],[0],[0.17124619986861944],['text_3'],p2,001,2025-10-12_14h28.18.296,word_priming,,2025.1.1,60.160978782174794,2025-10-12 14h28.25.434967 +0530,
,376,16,18,,,_oo_,book,old ,,[np.float64(-0.015)],[np.float64(-0.3)],[1],[0],[0],[0.1905551003292203],['text_3'],,,,,18,16,376,13,1747.8499703998677,,,,,,,,1747.8270026999526,1747.8499703998677,1747.8499703998677,1747.8499703998677,0.0043091000989079475,1748.0226825997233,,[np.float64(-0.015)],[np.float64(-0.3)],[1],[0],[0],[0.1905551003292203],['text_3'],p2,001,2025-10-12_14h28.18.296,word_priming,,2025.1.1,60.160978782174794,2025-10-12 14h28.25.434967 +0530,
,377,17,18,,,_ou_se,mouse,old ,,[np.float64(-0.015)],[np.float64(-0.3)],[1],[0],[0],[0.1725118001922965],['text_3'],,,,,18,17,377,3,1748.050120699685,,,,,,,,1748.0283467001282,1748.050120699685,1748.050120699685,1748.050120699685,0.005449200049042702,1748.2049670997076,,[np.float64(-0.015)],[np.float64(-0.3)],[1],[0],[0],[0.1725118001922965],['text_3'],p2,001,2025-10-12_14h28.18.296,word_priming,,2025.1.1,60.160978782174794,2025-10-12 14h28.25.434967 +0530,
,378,18,18,,,T_hi_t,Tshirt,old ,,[np.float64(-0.015)],[np.float64(-0.3)],[1],[0],[0],[0.16067419992759824],['text_3'],,,,,18,18,378,2,1748.2333553000353,,,,,,,,1748.2085361997597,1748.2333553000353,1748.2333553000353,1748.2333553000353,0.0033992002718150616,1748.3732015998103,,[np.float64(-0.015)],[np.float64(-0.3)],[1],[0],[0],[0.16067419992759824],['text_3'],p2,001,2025-10-12_14h28.18.296,word_priming,,2025.1.1,60.160978782174794,2025-10-12 14h28.25.434967 +0530,
,379,19,18,,,v_s_,vase,new,,[np.float64(-0.015)],[np.float64(-0.3)],[1],[0],[0],[0.19140820018947124],['text_3'],,,,,18,19,379,17,1748.4000564999878,,,,,,,,1748.3763611000031,1748.4000564999878,1748.4000564999878,1748.4000564999878,0.00298250000923872,1748.5728362998925,,[np.float64(-0.015)],[np.float64(-0.3)],[1],[0],[0],[0.19140820018947124],['text_3'],p2,001,2025-10-12_14h28.18.296,word_priming,,2025.1.1,60.160978782174794,2025-10-12 14h28.25.434967 +0530,
,380,0,19,,,_ou_se,mouse,old ,,[np.float64(-0.015)],[np.float64(-0.3)],[1],[0],[0],[0.2048014998435974],['text_3'],,,,,19,0,380,3,1748.6164033999667,,,,,,,,1748.5786055997014,1748.6164033999667,1748.6164033999667,1748.6164033999667,0.005548899993300438,1748.7885587997735,,[np.float64(-0.015)],[np.float64(-0.3)],[1],[0],[0],[0.2048014998435974],['text_3'],p2,001,2025-10-12_14h28.18.296,word_priming,,2025.1.1,60.160978782174794,2025-10-12 14h28.25.434967 +0530,
,381,1,19,,,P_li_e,Police,old ,,[np.float64(-0.015)],[np.float64(-0.3)],[1],[0],[0],[0.20631440030410886],['text_3'],,,,,19,1,381,7,1748.8324134997092,,,,,,,,1748.7936569000594,1748.8324134997092,1748.8324134997092,1748.8324134997092,0.004889000207185745,1749.0050924997777,,[np.float64(-0.015)],[np.float64(-0.3)],[1],[0],[0],[0.20631440030410886],['text_3'],p2,001,2025-10-12_14h28.18.296,word_priming,,2025.1.1,60.160978782174794,2025-10-12 14h28.25.434967 +0530,
,382,2,19,,,ta_l_,table,new,,[np.float64(-0.015)],[np.float64(-0.3)],[1],[0],[0],[0.18947270000353456],['text_3'],,,,,19,2,382,15,1749.0322463000193,,,,,,,,1749.0100652999245,1749.0322463000193,1749.0322463000193,1749.0322463000193,0.004762799944728613,1749.2036152998917,,[np.float64(-0.015)],[np.float64(-0.3)],[1],[0],[0],[0.18947270000353456],['text_3'],p2,001,2025-10-12_14h28.18.296,word_priming,,2025.1.1,60.160978782174794,2025-10-12 14h28.25.434967 +0530,
,383,3,19,,,c_m_ra,camera,new,,[np.float64(-0.015)],[np.float64(-0.3)],[1],[0],[0],[0.17518030013889074],['text_3'],,,,,19,3,383,19,1749.248921399936,,,,,,,,1749.2087983000092,1749.248921399936,1749.248921399936,1749.248921399936,0.005060299765318632,1749.3891893001273,,[np.float64(-0.015)],[np.float64(-0.3)],[1],[0],[0],[0.17518030013889074],['text_3'],p2,001,2025-10-12_14h28.18.296,word_priming,,2025.1.1,60.160978782174794,2025-10-12 14h28.25.434967 +0530,
,384,4,19,,,p_nc_l,pencil,new,,[np.float64(-0.015)],[np.float64(-0.3)],[1],[0],[0],[0.20510709984228015],['text_3'],,,,,19,4,384,16,1749.432146599982,,,,,,,,1749.3942044000141,1749.432146599982,1749.432146599982,1749.432146599982,0.0047971997410058975,1749.6043913001195,,[np.float64(-0.015)],[np.float64(-0.3)],[1],[0],[0],[0.20510709984228015],['text_3'],p2,001,2025-10-12_14h28.18.296,word_priming,,2025.1.1,60.160978782174794,2025-10-12 14h28.25.434967 +0530,
,385,5,19,,,v_s_,vase,new,,[np.float64(-0.015)],[np.float64(-0.3)],[1],[0],[0],[0.17419689986854792],['text_3'],,,,,19,5,385,17,1749.6485872999765,,,,,,,,1749.6090404000133,1749.6485872999765,1749.6485872999765,1749.6485872999765,0.00443999981507659,1749.7884404999204,,[np.float64(-0.015)],[np.float64(-0.3)],[1],[0],[0],[0.17419689986854792],['text_3'],p2,001,2025-10-12_14h28.18.296,word_priming,,2025.1.1,60.160978782174794,2025-10-12 14h28.25.434967 +0530,
,386,6,19,,,_a_bl_,Marble,old ,,[np.float64(-0.015)],[np.float64(-0.3)],[1],[0],[0],[0.23878660006448627],['text_3'],,,,,19,6,386,11,1749.8148118997924,,,,,,,,1749.7934838999063,1749.8148118997924,1749.8148118997924,1749.8148118997924,0.004829400219023228,1750.0373626998626,,[np.float64(-0.015)],[np.float64(-0.3)],[1],[0],[0],[0.23878660006448627],['text_3'],p2,001,2025-10-12_14h28.18.296,word_priming,,2025.1.1,60.160978782174794,2025-10-12 14h28.25.434967 +0530,
,387,7,19,,,l_pt_p,laptop,old ,,[np.float64(-0.015)],[np.float64(-0.3)],[1],[0],[0],[0.1904787002131343],['text_3'],,,,,19,7,387,0,1750.0646144999191,,,,,,,,1750.0424223998562,1750.0646144999191,1750.0646144999191,1750.0646144999191,0.004826599732041359,1750.238004699815,,[np.float64(-0.015)],[np.float64(-0.3)],[1],[0],[0],[0.1904787002131343],['text_3'],p2,001,2025-10-12_14h28.18.296,word_priming,,2025.1.1,60.160978782174794,2025-10-12 14h28.25.434967 +0530,
,388,8,19,,,P_str_,pastry,old ,,[np.float64(-0.015)],[np.float64(-0.3)],[1],[0],[0],[0.17224049987271428],['text_3'],,,,,19,8,388,4,1750.2813347997144,,,,,,,,1750.2430330999196,1750.2813347997144,1750.2813347997144,1750.2813347997144,0.004803100135177374,1750.4203869998455,,[np.float64(-0.015)],[np.float64(-0.3)],[1],[0],[0],[0.17224049987271428],['text_3'],p2,001,2025-10-12_14h28.18.296,word_priming,,2025.1.1,60.160978782174794,2025-10-12 14h28.25.434967 +0530,
,389,9,19,,,bo_t_e,bottle,new,,[np.float64(-0.015)],[np.float64(-0.3)],[1],[0],[0],[0.17374400002881885],['text_3'],,,,,19,9,389,18,1750.4641756000929,,,,,,,,1750.4254105999134,1750.4641756000929,1750.4641756000929,1750.4641756000929,0.004793799947947264,1750.6042923000641,,[np.float64(-0.015)],[np.float64(-0.3)],[1],[0],[0],[0.17374400002881885],['text_3'],p2,001,2025-10-12_14h28.18.296,word_priming,,2025.1.1,60.160978782174794,2025-10-12 14h28.25.434967 +0530,
,390,10,19,,,c_s_,case,old ,,[np.float64(-0.015)],[np.float64(-0.3)],[1],[0],[0],[0.20563420001417398],['text_3'],,,,,19,10,390,5,1750.6476663998328,,,,,,,,1750.6092322999611,1750.6476663998328,1750.6476663998328,1750.6476663998328,0.0047217002138495445,1750.8199775000103,,[np.float64(-0.015)],[np.float64(-0.3)],[1],[0],[0],[0.20563420001417398],['text_3'],p2,001,2025-10-12_14h28.18.296,word_priming,,2025.1.1,60.160978782174794,2025-10-12 14h28.25.434967 +0530,
,391,11,19,,,_ha_t,chart,old ,,[np.float64(-0.015)],[np.float64(-0.3)],[1],[0],[0],[0.20600320026278496],['text_3'],,,,,19,11,391,1,1750.8640697998926,,,,,,,,1750.8250655997545,1750.8640697998926,1750.8640697998926,1750.8640697998926,0.004861800000071526,1751.0363094001077,,[np.float64(-0.015)],[np.float64(-0.3)],[1],[0],[0],[0.20600320026278496],['text_3'],p2,001,2025-10-12_14h28.18.296,word_priming,,2025.1.1,60.160978782174794,2025-10-12 14h28.25.434967 +0530,
,392,12,19,,,_o_rd,Board,old ,,[np.float64(-0.015)],[np.float64(-0.3)],[1],[0],[0],[0.17337900027632713],['text_3'],,,,,19,12,392,10,1751.0806495998986,,,,,,,,1751.0413338998333,1751.0806495998986,1751.0806495998986,1751.0806495998986,0.0047935000620782375,1751.2197862998582,,[np.float64(-0.015)],[np.float64(-0.3)],[1],[0],[0],[0.17337900027632713],['text_3'],p2,001,2025-10-12_14h28.18.296,word_priming,,2025.1.1,60.160978782174794,2025-10-12 14h28.25.434967 +0530,
,393,13,19,,,T_hi_t,Tshirt,old ,,[np.float64(-0.015)],[np.float64(-0.3)],[1],[0],[0],[0.17465679999440908],['text_3'],,,,,19,13,393,2,1751.2641551000997,,,,,,,,1751.2247724998742,1751.2641551000997,1751.2641551000997,1751.2641551000997,0.004775799810886383,1751.4039210998453,,[np.float64(-0.015)],[np.float64(-0.3)],[1],[0],[0],[0.17465679999440908],['text_3'],p2,001,2025-10-12_14h28.18.296,word_priming,,2025.1.1,60.160978782174794,2025-10-12 14h28.25.434967 +0530,
,394,14,19,,,_oo_,book,old ,,[np.float64(-0.015)],[np.float64(-0.3)],[1],[0],[0],[0.22410940006375313],['text_3'],,,,,19,14,394,13,1751.4302244000137,,,,,,,,1751.4071299997158,1751.4302244000137,1751.4302244000137,1751.4302244000137,0.0030535999685525894,1751.6363488999195,,[np.float64(-0.015)],[np.float64(-0.3)],[1],[0],[0],[0.22410940006375313],['text_3'],p2,001,2025-10-12_14h28.18.296,word_priming,,2025.1.1,60.160978782174794,2025-10-12 14h28.25.434967 +0530,
,395,15,19,,,P_st_r,Poster,old ,,[np.float64(-0.015)],[np.float64(-0.3)],[1],[0],[0],[0.17337400000542402],['text_3'],,,,,19,15,395,9,1751.679999699816,,,,,,,,1751.641418499872,1751.679999699816,1751.679999699816,1751.679999699816,0.004860399756580591,1751.819909399841,,[np.float64(-0.015)],[np.float64(-0.3)],[1],[0],[0],[0.17337400000542402],['text_3'],p2,001,2025-10-12_14h28.18.296,word_priming,,2025.1.1,60.160978782174794,2025-10-12 14h28.25.434967 +0530,
,396,16,19,,,K_y_,Keys,old ,,[np.float64(-0.015)],[np.float64(-0.3)],[1],[0],[0],[0.17365659959614277],['text_3'],,,,,19,16,396,8,1751.863014599774,,,,,,,,1751.824463099707,1751.863014599774,1751.863014599774,1751.863014599774,0.004340400453656912,1752.003216699697,,[np.float64(-0.015)],[np.float64(-0.3)],[1],[0],[0],[0.17365659959614277],['text_3'],p2,001,2025-10-12_14h28.18.296,word_priming,,2025.1.1,60.160978782174794,2025-10-12 14h28.25.434967 +0530,
,397,17,19,,,_ho_e,Phone,old ,,[np.float64(-0.015)],[np.float64(-0.3)],[1],[0],[0],[0.17239649966359138],['text_3'],,,,,19,17,397,12,1752.0461939000525,,,,,,,,1752.0087088998407,1752.0461939000525,1752.0461939000525,1752.0461939000525,0.0052615003660321236,1752.1863039000891,,[np.float64(-0.015)],[np.float64(-0.3)],[1],[0],[0],[0.17239649966359138],['text_3'],p2,001,2025-10-12_14h28.18.296,word_priming,,2025.1.1,60.160978782174794,2025-10-12 14h28.25.434967 +0530,
,398,18,19,,,_ru_s_,cruise,old ,,[np.float64(-0.015)],[np.float64(-0.3)],[1],[0],[0],[0.18848909996449947],['text_3'],,,,,19,18,398,6,1752.2295463001356,,,,,,,,1752.1913111000322,1752.2295463001356,1752.2295463001356,1752.2295463001356,0.004792199935764074,1752.384068599902,,[np.float64(-0.015)],[np.float64(-0.3)],[1],[0],[0],[0.18848909996449947],['text_3'],p2,001,2025-10-12_14h28.18.296,word_priming,,2025.1.1,60.160978782174794,2025-10-12 14h28.25.434967 +0530,
,399,19,19,,,c_s_io_,cushion,old ,,[np.float64(-0.015)],[np.float64(-0.3)],[1],[0],[0],[0.14219900034368038],['text_3'],,,,,19,19,399,14,1752.4122997997329,,,,,,,,1752.3877683999017,1752.4122997997329,1752.4122997997329,1752.4122997997329,0.003497000318020582,1752.533960700035,,[np.float64(-0.015)],[np.float64(-0.3)],[1],[0],[0],[0.14219900034368038],['text_3'],p2,001,2025-10-12_14h28.18.296,word_priming,,2025.1.1,60.160978782174794,2025-10-12 14h28.25.434967 +0530,
