study_word,thisN,thisTrialN,thisRepN,slider.response,slider.rt,test_words,reference,old_new,textbox.text,mouse.x,mouse.y,mouse.leftButton,mouse.midButton,mouse.rightButton,mouse.time,mouse.clicked_name,trials.thisRepN,trials.thisTrialN,trials.thisN,trials.thisIndex,trials_2.thisRepN,trials_2.thisTrialN,trials_2.thisN,trials_2.thisIndex,thisRow.t,notes,trial.started,text.started,slider.started,trial.stopped,trials.slider.response,trials.slider.rt,text.stopped,test.started,text_2.started,textbox.started,text_3.started,mouse.started,test.stopped,trials_2.textbox.text,trials_2.mouse.x,trials_2.mouse.y,trials_2.mouse.leftButton,trials_2.mouse.midButton,trials_2.mouse.rightButton,trials_2.mouse.time,trials_2.mouse.clicked_name,participant,session,date,expName,expVersion,psychopyVersion,frameRate,expStart,
poster,0,0,0,1.0666666666666667,1.373718500137329,,,,,,,,,,,,0,0,0,14,,,,,0.1076099001802504,,0.0668654004111886,0.1076099001802504,0.1076099001802504,1.457254400011152,1.0666666666666667,1.373718500137329,,,,,,,,,,,,,,,,p3,001,2025-10-15_20h10.38.487,word_priming,,2025.1.1,60.09409544949801,2025-10-15 20h10.47.716696 +0530,
board ,1,1,0,1.0666666666666667,0.1251989002339542,,,,,,,,,,,,0,1,1,4,,,,,1.487812700215727,,1.4657772001810372,1.487812700215727,1.487812700215727,1.6227971003390849,1.0666666666666667,0.1251989002339542,,,,,,,,,,,,,,,,p3,001,2025-10-15_20h10.38.487,word_priming,,2025.1.1,60.09409544949801,2025-10-15 20h10.47.716696 +0530,
case,2,2,0,1.0666666666666667,0.16136839985847473,,,,,,,,,,,,0,2,2,10,,,,,1.654534500092268,,1.6286524003371596,1.654534500092268,1.654534500092268,1.8223838000558317,1.0666666666666667,0.16136839985847473,,,,,,,,,,,,,,,,p3,001,2025-10-15_20h10.38.487,word_priming,,2025.1.1,60.09409544949801,2025-10-15 20h10.47.716696 +0530,
cushion,3,3,0,1.0666666666666667,0.10728689981624484,,,,,,,,,,,,0,3,3,1,,,,,1.8707044003531337,,1.833498400170356,1.8707044003531337,1.8707044003531337,1.9720060001127422,1.0666666666666667,0.10728689981624484,,,,,,,,,,,,,,,,p3,001,2025-10-15_20h10.38.487,word_priming,,2025.1.1,60.09409544949801,2025-10-15 20h10.47.716696 +0530,
pastry,4,4,0,1.0666666666666667,0.12566210003569722,,,,,,,,,,,,0,4,4,9,,,,,2.0035106004215777,,1.9811702002771199,2.0035106004215777,2.0035106004215777,2.1236535999923944,1.0666666666666667,0.12566210003569722,,,,,,,,,,,,,,,,p3,001,2025-10-15_20h10.38.487,word_priming,,2025.1.1,60.09409544949801,2025-10-15 20h10.47.716696 +0530,
phone,5,5,0,1.0666666666666667,0.15973819978535175,,,,,,,,,,,,0,5,5,2,,,,,2.1537097999826074,,2.1301462003029883,2.1537097999826074,2.1537097999826074,2.321876000147313,1.0666666666666667,0.15973819978535175,,,,,,,,,,,,,,,,p3,001,2025-10-15_20h10.38.487,word_priming,,2025.1.1,60.09409544949801,2025-10-15 20h10.47.716696 +0530,
mouse,6,6,0,1.0666666666666667,0.12869960023090243,,,,,,,,,,,,0,6,6,8,,,,,2.3536701002158225,,2.327926700003445,2.3536701002158225,2.3536701002158225,2.4883913001976907,1.0666666666666667,0.12869960023090243,,,,,,,,,,,,,,,,p3,001,2025-10-15_20h10.38.487,word_priming,,2025.1.1,60.09409544949801,2025-10-15 20h10.47.716696 +0530,
chart,7,7,0,1.0666666666666667,0.12877830024808645,,,,,,,,,,,,0,7,7,6,,,,,2.5197470001876354,,2.4948214003816247,2.5197470001876354,2.5197470001876354,2.654998800251633,1.0666666666666667,0.12877830024808645,,,,,,,,,,,,,,,,p3,001,2025-10-15_20h10.38.487,word_priming,,2025.1.1,60.09409544949801,2025-10-15 20h10.47.716696 +0530,
marble,8,8,0,1.0666666666666667,0.12851419998332858,,,,,,,,,,,,0,8,8,3,,,,,2.6865851003676653,,2.661262100096792,2.6865851003676653,2.6865851003676653,2.8211539001204073,1.0666666666666667,0.12851419998332858,,,,,,,,,,,,,,,,p3,001,2025-10-15_20h10.38.487,word_priming,,2025.1.1,60.09409544949801,2025-10-15 20h10.47.716696 +0530,
police,9,9,0,1.0666666666666667,0.16212850017473102,,,,,,,,,,,,0,9,9,12,,,,,2.853143300395459,,2.827304500155151,2.853143300395459,2.853143300395459,3.0211569000966847,1.0666666666666667,0.16212850017473102,,,,,,,,,,,,,,,,p3,001,2025-10-15_20h10.38.487,word_priming,,2025.1.1,60.09409544949801,2025-10-15 20h10.47.716696 +0530,
book,10,10,0,1.0666666666666667,0.12926140008494258,,,,,,,,,,,,0,10,10,0,,,,,3.052658200263977,,3.026732100173831,3.052658200263977,3.052658200263977,3.188033100217581,1.0666666666666667,0.12926140008494258,,,,,,,,,,,,,,,,p3,001,2025-10-15_20h10.38.487,word_priming,,2025.1.1,60.09409544949801,2025-10-15 20h10.47.716696 +0530,
keys,11,11,0,1.0666666666666667,0.12869070004671812,,,,,,,,,,,,0,11,11,13,,,,,3.2193550001829863,,3.1937569002620876,3.2193550001829863,3.2193550001829863,3.3538581002503633,1.0666666666666667,0.12869070004671812,,,,,,,,,,,,,,,,p3,001,2025-10-15_20h10.38.487,word_priming,,2025.1.1,60.09409544949801,2025-10-15 20h10.47.716696 +0530,
T-shirt,12,12,0,1.0666666666666667,0.17102729994803667,,,,,,,,,,,,0,12,12,7,,,,,3.4025568002834916,,3.3673508004285395,3.4025568002834916,3.4025568002834916,3.570228600408882,1.0666666666666667,0.17102729994803667,,,,,,,,,,,,,,,,p3,001,2025-10-15_20h10.38.487,word_priming,,2025.1.1,60.09409544949801,2025-10-15 20h10.47.716696 +0530,
laptop,13,13,0,1.0666666666666667,0.12898729974403977,,,,,,,,,,,,0,13,13,5,,,,,3.6020579002797604,,3.576321900356561,3.6020579002797604,3.6020579002797604,3.73771240003407,1.0666666666666667,0.12898729974403977,,,,,,,,,,,,,,,,p3,001,2025-10-15_20h10.38.487,word_priming,,2025.1.1,60.09409544949801,2025-10-15 20h10.47.716696 +0530,
cruise,14,14,0,1.0666666666666667,0.32732659997418523,,,,,,,,,,,,0,14,14,11,,,,,3.7683994001708925,,3.7439175001345575,3.7683994001708925,3.7683994001708925,4.103499000426382,1.0666666666666667,0.32732659997418523,,,,,,,,,,,,,,,,p3,001,2025-10-15_20h10.38.487,word_priming,,2025.1.1,60.09409544949801,2025-10-15 20h10.47.716696 +0530,
book,15,0,1,1.0666666666666667,0.12879449967294931,,,,,,,,,,,,1,0,15,0,,,,,4.135436600074172,,4.109296900220215,4.135436600074172,4.135436600074172,4.270576900336891,1.0666666666666667,0.12879449967294931,,,,,,,,,,,,,,,,p3,001,2025-10-15_20h10.38.487,word_priming,,2025.1.1,60.09409544949801,2025-10-15 20h10.47.716696 +0530,
pastry,16,1,1,1.0666666666666667,0.16117689991369843,,,,,,,,,,,,1,1,16,9,,,,,4.3013942004181445,,4.277005400042981,4.3013942004181445,4.3013942004181445,4.469869200140238,1.0666666666666667,0.16117689991369843,,,,,,,,,,,,,,,,p3,001,2025-10-15_20h10.38.487,word_priming,,2025.1.1,60.09409544949801,2025-10-15 20h10.47.716696 +0530,
chart,17,2,1,1.0666666666666667,0.11426150007173419,,,,,,,,,,,,1,2,17,6,,,,,4.5011462001129985,,4.476260900031775,4.5011462001129985,4.5011462001129985,4.619546000380069,1.0666666666666667,0.11426150007173419,,,,,,,,,,,,,,,,p3,001,2025-10-15_20h10.38.487,word_priming,,2025.1.1,60.09409544949801,2025-10-15 20h10.47.716696 +0530,
marble,18,3,1,1.0666666666666667,0.16188730020076036,,,,,,,,,,,,1,3,18,3,,,,,4.651270000264049,,4.625655299983919,4.651270000264049,4.651270000264049,4.819265200290829,1.0666666666666667,0.16188730020076036,,,,,,,,,,,,,,,,p3,001,2025-10-15_20h10.38.487,word_priming,,2025.1.1,60.09409544949801,2025-10-15 20h10.47.716696 +0530,
mouse,19,4,1,1.0666666666666667,0.1617741002701223,,,,,,,,,,,,1,4,19,8,,,,,4.850917600095272,,4.825451200362295,4.850917600095272,4.850917600095272,5.020201100036502,1.0666666666666667,0.1617741002701223,,,,,,,,,,,,,,,,p3,001,2025-10-15_20h10.38.487,word_priming,,2025.1.1,60.09409544949801,2025-10-15 20h10.47.716696 +0530,
cushion,20,5,1,1.0666666666666667,0.1282060998491943,,,,,,,,,,,,1,5,20,1,,,,,5.050494800321758,,5.026296100113541,5.050494800321758,5.050494800321758,5.185951200313866,1.0666666666666667,0.1282060998491943,,,,,,,,,,,,,,,,p3,001,2025-10-15_20h10.38.487,word_priming,,2025.1.1,60.09409544949801,2025-10-15 20h10.47.716696 +0530,
T-shirt,21,6,1,1.0666666666666667,0.16045580012723804,,,,,,,,,,,,1,6,21,7,,,,,5.217481300234795,,5.192728199996054,5.217481300234795,5.217481300234795,5.385532500222325,1.0666666666666667,0.16045580012723804,,,,,,,,,,,,,,,,p3,001,2025-10-15_20h10.38.487,word_priming,,2025.1.1,60.09409544949801,2025-10-15 20h10.47.716696 +0530,
case,22,7,1,1.0666666666666667,0.12948170024901628,,,,,,,,,,,,1,7,22,10,,,,,5.417268500197679,,5.391703700181097,5.417268500197679,5.417268500197679,5.551681300159544,1.0666666666666667,0.12948170024901628,,,,,,,,,,,,,,,,p3,001,2025-10-15_20h10.38.487,word_priming,,2025.1.1,60.09409544949801,2025-10-15 20h10.47.716696 +0530,
poster,23,8,1,1.0666666666666667,0.13074079994112253,,,,,,,,,,,,1,8,23,14,,,,,5.584115799982101,,5.557758700102568,5.584115799982101,5.584115799982101,5.71866080025211,1.0666666666666667,0.13074079994112253,,,,,,,,,,,,,,,,p3,001,2025-10-15_20h10.38.487,word_priming,,2025.1.1,60.09409544949801,2025-10-15 20h10.47.716696 +0530,
board ,24,9,1,1.0666666666666667,0.1615030998364091,,,,,,,,,,,,1,9,24,4,,,,,5.750207900069654,,5.724775500129908,5.750207900069654,5.750207900069654,5.918434500228614,1.0666666666666667,0.1615030998364091,,,,,,,,,,,,,,,,p3,001,2025-10-15_20h10.38.487,word_priming,,2025.1.1,60.09409544949801,2025-10-15 20h10.47.716696 +0530,
phone,25,10,1,1.0666666666666667,0.12832840019837022,,,,,,,,,,,,1,10,25,2,,,,,5.949677400290966,,5.924810900352895,5.949677400290966,5.949677400290966,6.084787000436336,1.0666666666666667,0.12832840019837022,,,,,,,,,,,,,,,,p3,001,2025-10-15_20h10.38.487,word_priming,,2025.1.1,60.09409544949801,2025-10-15 20h10.47.716696 +0530,
laptop,26,11,1,1.0666666666666667,0.16183049976825714,,,,,,,,,,,,1,11,26,5,,,,,6.116180500015616,,6.091282300185412,6.116180500015616,6.116180500015616,6.284838700201362,1.0666666666666667,0.16183049976825714,,,,,,,,,,,,,,,,p3,001,2025-10-15_20h10.38.487,word_priming,,2025.1.1,60.09409544949801,2025-10-15 20h10.47.716696 +0530,
keys,27,12,1,1.0666666666666667,0.1620591999962926,,,,,,,,,,,,1,12,27,13,,,,,6.316568000242114,,6.290532300248742,6.316568000242114,6.316568000242114,6.484572499990463,1.0666666666666667,0.1620591999962926,,,,,,,,,,,,,,,,p3,001,2025-10-15_20h10.38.487,word_priming,,2025.1.1,60.09409544949801,2025-10-15 20h10.47.716696 +0530,
police,28,13,1,1.0666666666666667,0.1278901998884976,,,,,,,,,,,,1,13,28,12,,,,,6.516243100166321,,6.490914900321513,6.516243100166321,6.516243100166321,6.650586300063878,1.0666666666666667,0.1278901998884976,,,,,,,,,,,,,,,,p3,001,2025-10-15_20h10.38.487,word_priming,,2025.1.1,60.09409544949801,2025-10-15 20h10.47.716696 +0530,
cruise,29,14,1,1.0666666666666667,0.16254180017858744,,,,,,,,,,,,1,14,29,11,,,,,6.682357000187039,,6.656724200118333,6.682357000187039,6.682357000187039,6.850841000210494,1.0666666666666667,0.16254180017858744,,,,,,,,,,,,,,,,p3,001,2025-10-15_20h10.38.487,word_priming,,2025.1.1,60.09409544949801,2025-10-15 20h10.47.716696 +0530,
laptop,30,0,2,1.0666666666666667,0.16191530041396618,,,,,,,,,,,,2,0,30,5,,,,,6.882590100169182,,6.856916400138289,6.882590100169182,6.882590100169182,7.050907900091261,1.0666666666666667,0.16191530041396618,,,,,,,,,,,,,,,,p3,001,2025-10-15_20h10.38.487,word_priming,,2025.1.1,60.09409544949801,2025-10-15 20h10.47.716696 +0530,
cushion,31,1,2,1.0666666666666667,0.1613520998507738,,,,,,,,,,,,2,1,31,1,,,,,7.082574600353837,,7.057095000054687,7.082574600353837,7.082574600353837,7.250796100124717,1.0666666666666667,0.1613520998507738,,,,,,,,,,,,,,,,p3,001,2025-10-15_20h10.38.487,word_priming,,2025.1.1,60.09409544949801,2025-10-15 20h10.47.716696 +0530,
pastry,32,2,2,1.0666666666666667,0.16074040019884706,,,,,,,,,,,,2,2,32,9,,,,,7.282117400318384,,7.257076300214976,7.282117400318384,7.282117400318384,7.450015400070697,1.0666666666666667,0.16074040019884706,,,,,,,,,,,,,,,,p3,001,2025-10-15_20h10.38.487,word_priming,,2025.1.1,60.09409544949801,2025-10-15 20h10.47.716696 +0530,
case,33,3,2,1.0666666666666667,0.12925479980185628,,,,,,,,,,,,2,3,33,10,,,,,7.481512500438839,,7.4560505002737045,7.481512500438839,7.481512500438839,7.616179400123656,1.0666666666666667,0.12925479980185628,,,,,,,,,,,,,,,,p3,001,2025-10-15_20h10.38.487,word_priming,,2025.1.1,60.09409544949801,2025-10-15 20h10.47.716696 +0530,
board ,34,4,2,1.0666666666666667,0.16259740013629198,,,,,,,,,,,,2,4,34,4,,,,,7.6479911003261805,,7.622281500138342,7.6479911003261805,7.6479911003261805,7.816541700158268,1.0666666666666667,0.16259740013629198,,,,,,,,,,,,,,,,p3,001,2025-10-15_20h10.38.487,word_priming,,2025.1.1,60.09409544949801,2025-10-15 20h10.47.716696 +0530,
marble,35,5,2,1.0666666666666667,0.128396799787879,,,,,,,,,,,,2,5,35,3,,,,,7.848028300330043,,7.82282490003854,7.848028300330043,7.848028300330043,7.983000300358981,1.0666666666666667,0.128396799787879,,,,,,,,,,,,,,,,p3,001,2025-10-15_20h10.38.487,word_priming,,2025.1.1,60.09409544949801,2025-10-15 20h10.47.716696 +0530,
cruise,36,6,2,1.0666666666666667,0.16201179986819625,,,,,,,,,,,,2,6,36,11,,,,,8.014737599994987,,7.989369100425392,8.014737599994987,8.014737599994987,8.182434300426394,1.0666666666666667,0.16201179986819625,,,,,,,,,,,,,,,,p3,001,2025-10-15_20h10.38.487,word_priming,,2025.1.1,60.09409544949801,2025-10-15 20h10.47.716696 +0530,
police,37,7,2,1.0666666666666667,0.12947360007092357,,,,,,,,,,,,2,7,37,12,,,,,8.21405030041933,,8.188550300430506,8.21405030041933,8.21405030041933,8.349357700441033,1.0666666666666667,0.12947360007092357,,,,,,,,,,,,,,,,p3,001,2025-10-15_20h10.38.487,word_priming,,2025.1.1,60.09409544949801,2025-10-15 20h10.47.716696 +0530,
phone,38,8,2,1.0666666666666667,0.12801360012963414,,,,,,,,,,,,2,8,38,2,,,,,8.381110500078648,,8.355888300109655,8.381110500078648,8.381110500078648,8.515624900348485,1.0666666666666667,0.12801360012963414,,,,,,,,,,,,,,,,p3,001,2025-10-15_20h10.38.487,word_priming,,2025.1.1,60.09409544949801,2025-10-15 20h10.47.716696 +0530,
book,39,9,2,1.0666666666666667,0.16172950016334653,,,,,,,,,,,,2,9,39,0,,,,,8.54757559997961,,8.52137179998681,8.54757559997961,8.54757559997961,8.715609800070524,1.0666666666666667,0.16172950016334653,,,,,,,,,,,,,,,,p3,001,2025-10-15_20h10.38.487,word_priming,,2025.1.1,60.09409544949801,2025-10-15 20h10.47.716696 +0530,
mouse,40,10,2,1.0666666666666667,0.12910249968990684,,,,,,,,,,,,2,10,40,8,,,,,8.746986700221896,,8.721747600007802,8.746986700221896,8.746986700221896,8.881790300365537,1.0666666666666667,0.12910249968990684,,,,,,,,,,,,,,,,p3,001,2025-10-15_20h10.38.487,word_priming,,2025.1.1,60.09409544949801,2025-10-15 20h10.47.716696 +0530,
poster,41,11,2,1.0666666666666667,0.16248650010675192,,,,,,,,,,,,2,11,41,14,,,,,8.914641300216317,,8.887933900114149,8.914641300216317,8.914641300216317,9.081963400356472,1.0666666666666667,0.16248650010675192,,,,,,,,,,,,,,,,p3,001,2025-10-15_20h10.38.487,word_priming,,2025.1.1,60.09409544949801,2025-10-15 20h10.47.716696 +0530,
T-shirt,42,12,2,1.0666666666666667,0.12857320019975305,,,,,,,,,,,,2,12,42,7,,,,,9.113675200380385,,9.088286500424147,9.113675200380385,9.113675200380385,9.24845220008865,1.0666666666666667,0.12857320019975305,,,,,,,,,,,,,,,,p3,001,2025-10-15_20h10.38.487,word_priming,,2025.1.1,60.09409544949801,2025-10-15 20h10.47.716696 +0530,
keys,43,13,2,1.0666666666666667,0.16189130023121834,,,,,,,,,,,,2,13,43,13,,,,,9.28005430009216,,9.25491000013426,9.28005430009216,9.28005430009216,9.447964700404555,1.0666666666666667,0.16189130023121834,,,,,,,,,,,,,,,,p3,001,2025-10-15_20h10.38.487,word_priming,,2025.1.1,60.09409544949801,2025-10-15 20h10.47.716696 +0530,
chart,44,14,2,1.0666666666666667,0.16244230000302196,,,,,,,,,,,,2,14,44,6,,,,,9.479595800396055,,9.454010700341314,9.479595800396055,9.479595800396055,9.648309500422329,1.0666666666666667,0.16244230000302196,,,,,,,,,,,,,,,,p3,001,2025-10-15_20h10.38.487,word_priming,,2025.1.1,60.09409544949801,2025-10-15 20h10.47.716696 +0530,
police,45,0,3,1.0666666666666667,0.12883359985426068,,,,,,,,,,,,3,0,45,12,,,,,9.680261300411075,,9.654502500314265,9.680261300411075,9.680261300411075,9.814582300372422,1.0666666666666667,0.12883359985426068,,,,,,,,,,,,,,,,p3,001,2025-10-15_20h10.38.487,word_priming,,2025.1.1,60.09409544949801,2025-10-15 20h10.47.716696 +0530,
phone,46,1,3,1.0666666666666667,0.16209830017760396,,,,,,,,,,,,3,1,46,2,,,,,9.846242100000381,,9.820827700197697,9.846242100000381,9.846242100000381,10.014013500418514,1.0666666666666667,0.16209830017760396,,,,,,,,,,,,,,,,p3,001,2025-10-15_20h10.38.487,word_priming,,2025.1.1,60.09409544949801,2025-10-15 20h10.47.716696 +0530,
keys,47,2,3,1.0666666666666667,0.16391889983788133,,,,,,,,,,,,3,2,47,13,,,,,10.046260200440884,,10.01958140032366,10.046260200440884,10.046260200440884,10.214309600181878,1.0666666666666667,0.16391889983788133,,,,,,,,,,,,,,,,p3,001,2025-10-15_20h10.38.487,word_priming,,2025.1.1,60.09409544949801,2025-10-15 20h10.47.716696 +0530,
T-shirt,48,3,3,1.0666666666666667,0.16125510027632117,,,,,,,,,,,,3,3,48,7,,,,,10.24588770000264,,10.221074600238353,10.24588770000264,10.24588770000264,10.398395700380206,1.0666666666666667,0.16125510027632117,,,,,,,,,,,,,,,,p3,001,2025-10-15_20h10.38.487,word_priming,,2025.1.1,60.09409544949801,2025-10-15 20h10.47.716696 +0530,
book,49,4,3,1.0666666666666667,0.19668740034103394,,,,,,,,,,,,3,4,49,0,,,,,10.428961000405252,,10.402237700298429,10.428961000405252,10.428961000405252,10.630603300407529,1.0666666666666667,0.19668740034103394,,,,,,,,,,,,,,,,p3,001,2025-10-15_20h10.38.487,word_priming,,2025.1.1,60.09409544949801,2025-10-15 20h10.47.716696 +0530,
poster,50,5,3,1.0666666666666667,0.16257270006462932,,,,,,,,,,,,3,5,50,14,,,,,10.662032600026578,,10.637295700144023,10.662032600026578,10.662032600026578,10.830362300388515,1.0666666666666667,0.16257270006462932,,,,,,,,,,,,,,,,p3,001,2025-10-15_20h10.38.487,word_priming,,2025.1.1,60.09409544949801,2025-10-15 20h10.47.716696 +0530,
pastry,51,6,3,1.0666666666666667,0.16222780011594296,,,,,,,,,,,,3,6,51,9,,,,,10.8618452004157,,10.836567100137472,10.8618452004157,10.8618452004157,11.030040400102735,1.0666666666666667,0.16222780011594296,,,,,,,,,,,,,,,,p3,001,2025-10-15_20h10.38.487,word_priming,,2025.1.1,60.09409544949801,2025-10-15 20h10.47.716696 +0530,
chart,52,7,3,1.0666666666666667,0.16112020006403327,,,,,,,,,,,,3,7,52,6,,,,,11.061685100197792,,11.036213800311089,11.061685100197792,11.061685100197792,11.22929870011285,1.0666666666666667,0.16112020006403327,,,,,,,,,,,,,,,,p3,001,2025-10-15_20h10.38.487,word_priming,,2025.1.1,60.09409544949801,2025-10-15 20h10.47.716696 +0530,
mouse,53,8,3,1.0666666666666667,0.16275599971413612,,,,,,,,,,,,3,8,53,8,,,,,11.261068500112742,,11.235344900283962,11.261068500112742,11.261068500112742,11.429969400167465,1.0666666666666667,0.16275599971413612,,,,,,,,,,,,,,,,p3,001,2025-10-15_20h10.38.487,word_priming,,2025.1.1,60.09409544949801,2025-10-15 20h10.47.716696 +0530,
case,54,9,3,1.0666666666666667,0.1468315003439784,,,,,,,,,,,,3,9,54,10,,,,,11.461157500278205,,11.435584700200707,11.461157500278205,11.461157500278205,11.613109600264579,1.0666666666666667,0.1468315003439784,,,,,,,,,,,,,,,,p3,001,2025-10-15_20h10.38.487,word_priming,,2025.1.1,60.09409544949801,2025-10-15 20h10.47.716696 +0530,
board ,55,10,3,1.0666666666666667,0.19441950041800737,,,,,,,,,,,,3,10,55,4,,,,,11.644396000076085,,11.619397800415754,11.644396000076085,11.644396000076085,11.846256100106984,1.0666666666666667,0.19441950041800737,,,,,,,,,,,,,,,,p3,001,2025-10-15_20h10.38.487,word_priming,,2025.1.1,60.09409544949801,2025-10-15 20h10.47.716696 +0530,
cruise,56,11,3,1.0666666666666667,0.1450805002823472,,,,,,,,,,,,3,11,56,11,,,,,11.877222300041467,,11.85268530016765,11.877222300041467,11.877222300041467,12.028813700191677,1.0666666666666667,0.1450805002823472,,,,,,,,,,,,,,,,p3,001,2025-10-15_20h10.38.487,word_priming,,2025.1.1,60.09409544949801,2025-10-15 20h10.47.716696 +0530,
laptop,57,12,3,1.0666666666666667,0.1624143999069929,,,,,,,,,,,,3,12,57,5,,,,,12.060330900363624,,12.035406399983913,12.060330900363624,12.060330900363624,12.228934000246227,1.0666666666666667,0.1624143999069929,,,,,,,,,,,,,,,,p3,001,2025-10-15_20h10.38.487,word_priming,,2025.1.1,60.09409544949801,2025-10-15 20h10.47.716696 +0530,
marble,58,13,3,1.0666666666666667,0.1452240999788046,,,,,,,,,,,,3,13,58,3,,,,,12.260506000369787,,12.235127500258386,12.260506000369787,12.260506000369787,12.411528200376779,1.0666666666666667,0.1452240999788046,,,,,,,,,,,,,,,,p3,001,2025-10-15_20h10.38.487,word_priming,,2025.1.1,60.09409544949801,2025-10-15 20h10.47.716696 +0530,
cushion,59,14,3,1.0666666666666667,0.16333919996395707,,,,,,,,,,,,3,14,59,1,,,,,12.44486270006746,,12.415991100016981,12.44486270006746,12.44486270006746,12.596223100088537,1.0666666666666667,0.16333919996395707,,,,,,,,,,,,,,,,p3,001,2025-10-15_20h10.38.487,word_priming,,2025.1.1,60.09409544949801,2025-10-15 20h10.47.716696 +0530,
mouse,60,0,4,1.0666666666666667,0.1464287000708282,,,,,,,,,,,,4,0,60,8,,,,,12.62679550005123,,12.600343500263989,12.62679550005123,12.62679550005123,12.77833540039137,1.0666666666666667,0.1464287000708282,,,,,,,,,,,,,,,,p3,001,2025-10-15_20h10.38.487,word_priming,,2025.1.1,60.09409544949801,2025-10-15 20h10.47.716696 +0530,
cushion,61,1,4,1.0666666666666667,0.16209609992802143,,,,,,,,,,,,4,1,61,1,,,,,12.810343600343913,,12.78448860021308,12.810343600343913,12.810343600343913,12.977998800110072,1.0666666666666667,0.16209609992802143,,,,,,,,,,,,,,,,p3,001,2025-10-15_20h10.38.487,word_priming,,2025.1.1,60.09409544949801,2025-10-15 20h10.47.716696 +0530,
T-shirt,62,2,4,1.0666666666666667,0.12839139997959137,,,,,,,,,,,,4,2,62,7,,,,,13.010287499986589,,12.984406900126487,13.010287499986589,13.010287499986589,13.144714000169188,1.0666666666666667,0.12839139997959137,,,,,,,,,,,,,,,,p3,001,2025-10-15_20h10.38.487,word_priming,,2025.1.1,60.09409544949801,2025-10-15 20h10.47.716696 +0530,
chart,63,3,4,1.0666666666666667,0.19448210019618273,,,,,,,,,,,,4,3,63,6,,,,,13.176389200147241,,13.150813200045377,13.176389200147241,13.176389200147241,13.377592500299215,1.0666666666666667,0.19448210019618273,,,,,,,,,,,,,,,,p3,001,2025-10-15_20h10.38.487,word_priming,,2025.1.1,60.09409544949801,2025-10-15 20h10.47.716696 +0530,
police,64,4,4,1.0666666666666667,0.1610167999751866,,,,,,,,,,,,4,4,64,12,,,,,13.409065800253302,,13.38450920023024,13.409065800253302,13.409065800253302,13.577815000433475,1.0666666666666667,0.1610167999751866,,,,,,,,,,,,,,,,p3,001,2025-10-15_20h10.38.487,word_priming,,2025.1.1,60.09409544949801,2025-10-15 20h10.47.716696 +0530,
phone,65,5,4,1.0666666666666667,0.16115690022706985,,,,,,,,,,,,4,5,65,2,,,,,13.60877130040899,,13.583989800419658,13.60877130040899,13.60877130040899,13.777329800184816,1.0666666666666667,0.16115690022706985,,,,,,,,,,,,,,,,p3,001,2025-10-15_20h10.38.487,word_priming,,2025.1.1,60.09409544949801,2025-10-15 20h10.47.716696 +0530,
case,66,6,4,1.0666666666666667,0.16231480007991195,,,,,,,,,,,,4,6,66,10,,,,,13.808957200031728,,13.782840800005943,13.808957200031728,13.808957200031728,13.97702020034194,1.0666666666666667,0.16231480007991195,,,,,,,,,,,,,,,,p3,001,2025-10-15_20h10.38.487,word_priming,,2025.1.1,60.09409544949801,2025-10-15 20h10.47.716696 +0530,
board ,67,7,4,1.0666666666666667,0.1617441000416875,,,,,,,,,,,,4,7,67,4,,,,,14.008887900039554,,13.983290600124747,14.008887900039554,14.008887900039554,14.176442300435156,1.0666666666666667,0.1617441000416875,,,,,,,,,,,,,,,,p3,001,2025-10-15_20h10.38.487,word_priming,,2025.1.1,60.09409544949801,2025-10-15 20h10.47.716696 +0530,
keys,68,8,4,1.0666666666666667,0.1626570001244545,,,,,,,,,,,,4,8,68,13,,,,,14.208247400354594,,14.18203530041501,14.208247400354594,14.208247400354594,14.376727300230414,1.0666666666666667,0.1626570001244545,,,,,,,,,,,,,,,,p3,001,2025-10-15_20h10.38.487,word_priming,,2025.1.1,60.09409544949801,2025-10-15 20h10.47.716696 +0530,
book,69,9,4,1.0666666666666667,0.1295210998505354,,,,,,,,,,,,4,9,69,0,,,,,14.408191200345755,,14.382270600181073,14.408191200345755,14.408191200345755,14.543169900309294,1.0666666666666667,0.1295210998505354,,,,,,,,,,,,,,,,p3,001,2025-10-15_20h10.38.487,word_priming,,2025.1.1,60.09409544949801,2025-10-15 20h10.47.716696 +0530,
pastry,70,10,4,1.0666666666666667,0.16126469988375902,,,,,,,,,,,,4,10,70,9,,,,,14.57496380014345,,14.549642500001937,14.57496380014345,14.57496380014345,14.742638900410384,1.0666666666666667,0.16126469988375902,,,,,,,,,,,,,,,,p3,001,2025-10-15_20h10.38.487,word_priming,,2025.1.1,60.09409544949801,2025-10-15 20h10.47.716696 +0530,
poster,71,11,4,1.0666666666666667,0.162181599996984,,,,,,,,,,,,4,11,71,14,,,,,14.774339000228792,,14.748712900094688,14.774339000228792,14.774339000228792,14.942707900423557,1.0666666666666667,0.162181599996984,,,,,,,,,,,,,,,,p3,001,2025-10-15_20h10.38.487,word_priming,,2025.1.1,60.09409544949801,2025-10-15 20h10.47.716696 +0530,
marble,72,12,4,1.0666666666666667,0.16194709995761514,,,,,,,,,,,,4,12,72,3,,,,,14.974116300232708,,14.94875660026446,14.974116300232708,14.974116300232708,15.142626400105655,1.0666666666666667,0.16194709995761514,,,,,,,,,,,,,,,,p3,001,2025-10-15_20h10.38.487,word_priming,,2025.1.1,60.09409544949801,2025-10-15 20h10.47.716696 +0530,
laptop,73,13,4,1.0666666666666667,0.16219700034707785,,,,,,,,,,,,4,13,73,5,,,,,15.174564000219107,,15.148784900084138,15.174564000219107,15.174564000219107,15.342406200245023,1.0666666666666667,0.16219700034707785,,,,,,,,,,,,,,,,p3,001,2025-10-15_20h10.38.487,word_priming,,2025.1.1,60.09409544949801,2025-10-15 20h10.47.716696 +0530,
cruise,74,14,4,1.0666666666666667,0.16216820012778044,,,,,,,,,,,,4,14,74,11,,,,,15.374070400372148,,15.348767300136387,15.374070400372148,15.374070400372148,15.542136500123888,1.0666666666666667,0.16216820012778044,,,,,,,,,,,,,,,,p3,001,2025-10-15_20h10.38.487,word_priming,,2025.1.1,60.09409544949801,2025-10-15 20h10.47.716696 +0530,
marble,75,0,5,1.0666666666666667,0.19485819991678,,,,,,,,,,,,5,0,75,3,,,,,15.57385820010677,,15.548357100225985,15.57385820010677,15.57385820010677,15.775251700077206,1.0666666666666667,0.19485819991678,,,,,,,,,,,,,,,,p3,001,2025-10-15_20h10.38.487,word_priming,,2025.1.1,60.09409544949801,2025-10-15 20h10.47.716696 +0530,
laptop,76,1,5,1.0666666666666667,0.16090460028499365,,,,,,,,,,,,5,1,76,5,,,,,15.806961000431329,,15.78203220013529,15.806961000431329,15.806961000431329,15.974926800001413,1.0666666666666667,0.16090460028499365,,,,,,,,,,,,,,,,p3,001,2025-10-15_20h10.38.487,word_priming,,2025.1.1,60.09409544949801,2025-10-15 20h10.47.716696 +0530,
book,77,2,5,1.0666666666666667,0.1622868999838829,,,,,,,,,,,,5,2,77,0,,,,,16.00674180034548,,15.980912500061095,16.00674180034548,16.00674180034548,16.174400200136006,1.0666666666666667,0.1622868999838829,,,,,,,,,,,,,,,,p3,001,2025-10-15_20h10.38.487,word_priming,,2025.1.1,60.09409544949801,2025-10-15 20h10.47.716696 +0530,
cruise,78,3,5,1.0666666666666667,0.1627603000961244,,,,,,,,,,,,5,3,78,11,,,,,16.206225500442088,,16.18084240006283,16.206225500442088,16.206225500442088,16.374827300198376,1.0666666666666667,0.1627603000961244,,,,,,,,,,,,,,,,p3,001,2025-10-15_20h10.38.487,word_priming,,2025.1.1,60.09409544949801,2025-10-15 20h10.47.716696 +0530,
chart,79,4,5,1.0666666666666667,0.1616118000820279,,,,,,,,,,,,5,4,79,6,,,,,16.40673610009253,,16.380867100320756,16.40673610009253,16.40673610009253,16.57454780023545,1.0666666666666667,0.1616118000820279,,,,,,,,,,,,,,,,p3,001,2025-10-15_20h10.38.487,word_priming,,2025.1.1,60.09409544949801,2025-10-15 20h10.47.716696 +0530,
keys,80,5,5,1.0666666666666667,0.19508879957720637,,,,,,,,,,,,5,5,80,13,,,,,16.606264400295913,,16.580232500098646,16.606264400295913,16.606264400295913,16.807565100025386,1.0666666666666667,0.19508879957720637,,,,,,,,,,,,,,,,p3,001,2025-10-15_20h10.38.487,word_priming,,2025.1.1,60.09409544949801,2025-10-15 20h10.47.716696 +0530,
T-shirt,81,6,5,1.0666666666666667,0.1295437002554536,,,,,,,,,,,,5,6,81,7,,,,,16.839324800297618,,16.813854300417006,16.839324800297618,16.839324800297618,16.973614200018346,1.0666666666666667,0.1295437002554536,,,,,,,,,,,,,,,,p3,001,2025-10-15_20h10.38.487,word_priming,,2025.1.1,60.09409544949801,2025-10-15 20h10.47.716696 +0530,
phone,82,7,5,1.0666666666666667,0.16282710013911128,,,,,,,,,,,,5,7,82,2,,,,,17.005639800336212,,16.97953030001372,17.005639800336212,17.005639800336212,17.174821800086647,1.0666666666666667,0.16282710013911128,,,,,,,,,,,,,,,,p3,001,2025-10-15_20h10.38.487,word_priming,,2025.1.1,60.09409544949801,2025-10-15 20h10.47.716696 +0530,
case,83,8,5,1.0666666666666667,0.16204420011490583,,,,,,,,,,,,5,8,83,10,,,,,17.20530500030145,,17.180456900037825,17.20530500030145,17.20530500030145,17.37398110004142,1.0666666666666667,0.16204420011490583,,,,,,,,,,,,,,,,p3,001,2025-10-15_20h10.38.487,word_priming,,2025.1.1,60.09409544949801,2025-10-15 20h10.47.716696 +0530,
pastry,84,9,5,1.0666666666666667,0.16201209975406528,,,,,,,,,,,,5,9,84,9,,,,,17.405636200215667,,17.380054800305516,17.405636200215667,17.405636200215667,17.573438700288534,1.0666666666666667,0.16201209975406528,,,,,,,,,,,,,,,,p3,001,2025-10-15_20h10.38.487,word_priming,,2025.1.1,60.09409544949801,2025-10-15 20h10.47.716696 +0530,
police,85,10,5,1.0666666666666667,0.16143110021948814,,,,,,,,,,,,5,10,85,12,,,,,17.60531230038032,,17.579898199997842,17.60531230038032,17.60531230038032,17.773069200105965,1.0666666666666667,0.16143110021948814,,,,,,,,,,,,,,,,p3,001,2025-10-15_20h10.38.487,word_priming,,2025.1.1,60.09409544949801,2025-10-15 20h10.47.716696 +0530,
board ,86,11,5,1.0666666666666667,0.19485720014199615,,,,,,,,,,,,5,11,86,4,,,,,17.80505740037188,,17.77906890027225,17.80505740037188,17.80505740037188,18.006489200051874,1.0666666666666667,0.19485720014199615,,,,,,,,,,,,,,,,p3,001,2025-10-15_20h10.38.487,word_priming,,2025.1.1,60.09409544949801,2025-10-15 20h10.47.716696 +0530,
mouse,87,12,5,1.0666666666666667,0.16108150035142899,,,,,,,,,,,,5,12,87,8,,,,,18.03778410004452,,18.01340900035575,18.03778410004452,18.03778410004452,18.205770100001246,1.0666666666666667,0.16108150035142899,,,,,,,,,,,,,,,,p3,001,2025-10-15_20h10.38.487,word_priming,,2025.1.1,60.09409544949801,2025-10-15 20h10.47.716696 +0530,
cushion,88,13,5,1.0666666666666667,0.1627833996899426,,,,,,,,,,,,5,13,88,1,,,,,18.237967200111598,,18.211854699999094,18.237967200111598,18.237967200111598,18.406539200339466,1.0666666666666667,0.1627833996899426,,,,,,,,,,,,,,,,p3,001,2025-10-15_20h10.38.487,word_priming,,2025.1.1,60.09409544949801,2025-10-15 20h10.47.716696 +0530,
poster,89,14,5,1.0666666666666667,0.1611461997963488,,,,,,,,,,,,5,14,89,14,,,,,18.437373700086027,,18.41266670031473,18.437373700086027,18.437373700086027,18.6061651003547,1.0666666666666667,0.1611461997963488,,,,,,,,,,,,,,,,p3,001,2025-10-15_20h10.38.487,word_priming,,2025.1.1,60.09409544949801,2025-10-15 20h10.47.716696 +0530,
case,90,0,6,1.0666666666666667,0.16201920015737414,,,,,,,,,,,,6,0,90,10,,,,,18.637140000239015,,18.611712700221688,18.637140000239015,18.637140000239015,18.805849000345916,1.0666666666666667,0.16201920015737414,,,,,,,,,,,,,,,,p3,001,2025-10-15_20h10.38.487,word_priming,,2025.1.1,60.09409544949801,2025-10-15 20h10.47.716696 +0530,
cushion,91,1,6,1.0666666666666667,0.14376720041036606,,,,,,,,,,,,6,1,91,1,,,,,18.83690970018506,,18.812212800141424,18.83690970018506,18.83690970018506,18.972888700198382,1.0666666666666667,0.14376720041036606,,,,,,,,,,,,,,,,p3,001,2025-10-15_20h10.38.487,word_priming,,2025.1.1,60.09409544949801,2025-10-15 20h10.47.716696 +0530,
cruise,92,2,6,1.0666666666666667,0.16249059978872538,,,,,,,,,,,,6,2,92,11,,,,,19.00368220033124,,18.977305100299418,19.00368220033124,19.00368220033124,19.156014000065625,1.0666666666666667,0.16249059978872538,,,,,,,,,,,,,,,,p3,001,2025-10-15_20h10.38.487,word_priming,,2025.1.1,60.09409544949801,2025-10-15 20h10.47.716696 +0530,
chart,93,3,6,1.0666666666666667,0.18057730002328753,,,,,,,,,,,,6,3,93,6,,,,,19.18660970032215,,19.160098500084132,19.18660970032215,19.18660970032215,19.356107000261545,1.0666666666666667,0.18057730002328753,,,,,,,,,,,,,,,,p3,001,2025-10-15_20h10.38.487,word_priming,,2025.1.1,60.09409544949801,2025-10-15 20h10.47.716696 +0530,
marble,94,4,6,1.0666666666666667,0.21209699986502528,,,,,,,,,,,,6,4,94,3,,,,,19.386877099983394,,19.360684500075877,19.386877099983394,19.386877099983394,19.605178200174123,1.0666666666666667,0.21209699986502528,,,,,,,,,,,,,,,,p3,001,2025-10-15_20h10.38.487,word_priming,,2025.1.1,60.09409544949801,2025-10-15 20h10.47.716696 +0530,
police,95,5,6,1.0666666666666667,0.12803900009021163,,,,,,,,,,,,6,5,95,12,,,,,19.636276700068265,,19.61146300006658,19.636276700068265,19.636276700068265,19.771304600406438,1.0666666666666667,0.12803900009021163,,,,,,,,,,,,,,,,p3,001,2025-10-15_20h10.38.487,word_priming,,2025.1.1,60.09409544949801,2025-10-15 20h10.47.716696 +0530,
book,96,6,6,1.0666666666666667,0.16282670013606548,,,,,,,,,,,,6,6,96,0,,,,,19.803097300231457,,19.776905700098723,19.803097300231457,19.803097300231457,19.970978500321507,1.0666666666666667,0.16282670013606548,,,,,,,,,,,,,,,,p3,001,2025-10-15_20h10.38.487,word_priming,,2025.1.1,60.09409544949801,2025-10-15 20h10.47.716696 +0530,
keys,97,7,6,1.0666666666666667,0.1624658997170627,,,,,,,,,,,,6,7,97,13,,,,,20.002907800022513,,19.97651100018993,20.002907800022513,20.002907800022513,20.172022400423884,1.0666666666666667,0.1624658997170627,,,,,,,,,,,,,,,,p3,001,2025-10-15_20h10.38.487,word_priming,,2025.1.1,60.09409544949801,2025-10-15 20h10.47.716696 +0530,
board ,98,8,6,1.0666666666666667,0.16092280019074678,,,,,,,,,,,,6,8,98,4,,,,,20.20240780012682,,20.177974299993366,20.20240780012682,20.20240780012682,20.370996000245214,1.0666666666666667,0.16092280019074678,,,,,,,,,,,,,,,,p3,001,2025-10-15_20h10.38.487,word_priming,,2025.1.1,60.09409544949801,2025-10-15 20h10.47.716696 +0530,
pastry,99,9,6,1.0666666666666667,0.16045810002833605,,,,,,,,,,,,6,9,99,9,,,,,20.4021586002782,,20.37826090026647,20.4021586002782,20.4021586002782,20.570538999978453,1.0666666666666667,0.16045810002833605,,,,,,,,,,,,,,,,p3,001,2025-10-15_20h10.38.487,word_priming,,2025.1.1,60.09409544949801,2025-10-15 20h10.47.716696 +0530,
mouse,100,10,6,1.0666666666666667,0.1945836995728314,,,,,,,,,,,,6,10,100,8,,,,,20.602328800130635,,20.576628600247204,20.602328800130635,20.602328800130635,20.803638400044292,1.0666666666666667,0.1945836995728314,,,,,,,,,,,,,,,,p3,001,2025-10-15_20h10.38.487,word_priming,,2025.1.1,60.09409544949801,2025-10-15 20h10.47.716696 +0530,
poster,101,11,6,1.0666666666666667,0.16105529991909862,,,,,,,,,,,,6,11,101,14,,,,,20.834975800011307,,20.809884699992836,20.834975800011307,20.834975800011307,21.003652300219983,1.0666666666666667,0.16105529991909862,,,,,,,,,,,,,,,,p3,001,2025-10-15_20h10.38.487,word_priming,,2025.1.1,60.09409544949801,2025-10-15 20h10.47.716696 +0530,
T-shirt,102,12,6,1.0666666666666667,0.16213110042735934,,,,,,,,,,,,6,12,102,7,,,,,21.034815200138837,,21.009783999994397,21.034815200138837,21.034815200138837,21.20298740034923,1.0666666666666667,0.16213110042735934,,,,,,,,,,,,,,,,p3,001,2025-10-15_20h10.38.487,word_priming,,2025.1.1,60.09409544949801,2025-10-15 20h10.47.716696 +0530,
phone,103,13,6,1.0666666666666667,0.16246540006250143,,,,,,,,,,,,6,13,103,2,,,,,21.23464799998328,,21.208896100055426,21.23464799998328,21.23464799998328,21.403433200437576,1.0666666666666667,0.16246540006250143,,,,,,,,,,,,,,,,p3,001,2025-10-15_20h10.38.487,word_priming,,2025.1.1,60.09409544949801,2025-10-15 20h10.47.716696 +0530,
laptop,104,14,6,1.0666666666666667,0.16090020025148988,,,,,,,,,,,,6,14,104,5,,,,,21.435477000195533,,21.409938200376928,21.435477000195533,21.435477000195533,21.602897900156677,1.0666666666666667,0.16090020025148988,,,,,,,,,,,,,,,,p3,001,2025-10-15_20h10.38.487,word_priming,,2025.1.1,60.09409544949801,2025-10-15 20h10.47.716696 +0530,
marble,105,0,7,1.0666666666666667,0.16103220032528043,,,,,,,,,,,,7,0,105,3,,,,,21.634729700163007,,21.60971670038998,21.634729700163007,21.634729700163007,21.802780200261623,1.0666666666666667,0.16103220032528043,,,,,,,,,,,,,,,,p3,001,2025-10-15_20h10.38.487,word_priming,,2025.1.1,60.09409544949801,2025-10-15 20h10.47.716696 +0530,
T-shirt,106,1,7,1.0666666666666667,0.12809080025181174,,,,,,,,,,,,7,1,106,7,,,,,21.83465680014342,,21.80944300023839,21.83465680014342,21.83465680014342,21.968659300357103,1.0666666666666667,0.12809080025181174,,,,,,,,,,,,,,,,p3,001,2025-10-15_20h10.38.487,word_priming,,2025.1.1,60.09409544949801,2025-10-15 20h10.47.716696 +0530,
mouse,107,2,7,1.0666666666666667,0.16239679977297783,,,,,,,,,,,,7,2,107,8,,,,,22.00063780043274,,21.97468340024352,22.00063780043274,22.00063780043274,22.16898509999737,1.0666666666666667,0.16239679977297783,,,,,,,,,,,,,,,,p3,001,2025-10-15_20h10.38.487,word_priming,,2025.1.1,60.09409544949801,2025-10-15 20h10.47.716696 +0530,
cruise,108,3,7,1.0666666666666667,0.16167339961975813,,,,,,,,,,,,7,3,108,11,,,,,22.20163520006463,,22.175241300370544,22.20163520006463,22.20163520006463,22.3689979002811,1.0666666666666667,0.16167339961975813,,,,,,,,,,,,,,,,p3,001,2025-10-15_20h10.38.487,word_priming,,2025.1.1,60.09409544949801,2025-10-15 20h10.47.716696 +0530,
cushion,109,4,7,1.0666666666666667,0.16246100002899766,,,,,,,,,,,,7,4,109,1,,,,,22.40051980037242,,22.375698200426996,22.40051980037242,22.40051980037242,22.568458400201052,1.0666666666666667,0.16246100002899766,,,,,,,,,,,,,,,,p3,001,2025-10-15_20h10.38.487,word_priming,,2025.1.1,60.09409544949801,2025-10-15 20h10.47.716696 +0530,
chart,110,5,7,1.0666666666666667,0.16254450008273125,,,,,,,,,,,,7,5,110,6,,,,,22.600251900032163,,22.57456360012293,22.600251900032163,22.600251900032163,22.7678520004265,1.0666666666666667,0.16254450008273125,,,,,,,,,,,,,,,,p3,001,2025-10-15_20h10.38.487,word_priming,,2025.1.1,60.09409544949801,2025-10-15 20h10.47.716696 +0530,
book,111,6,7,1.0666666666666667,0.16336370026692748,,,,,,,,,,,,7,6,111,0,,,,,22.799821900203824,,22.773324300069362,22.799821900203824,22.799821900203824,22.96840860042721,1.0666666666666667,0.16336370026692748,,,,,,,,,,,,,,,,p3,001,2025-10-15_20h10.38.487,word_priming,,2025.1.1,60.09409544949801,2025-10-15 20h10.47.716696 +0530,
pastry,112,7,7,1.0666666666666667,0.16195200011134148,,,,,,,,,,,,7,7,112,9,,,,,22.999938200227916,,22.974576100241393,22.999938200227916,22.999938200227916,23.168056800030172,1.0666666666666667,0.16195200011134148,,,,,,,,,,,,,,,,p3,001,2025-10-15_20h10.38.487,word_priming,,2025.1.1,60.09409544949801,2025-10-15 20h10.47.716696 +0530,
case,113,8,7,1.0666666666666667,0.19548830017447472,,,,,,,,,,,,7,8,113,10,,,,,23.199730700347573,,23.174003700260073,23.199730700347573,23.199730700347573,23.40173690021038,1.0666666666666667,0.19548830017447472,,,,,,,,,,,,,,,,p3,001,2025-10-15_20h10.38.487,word_priming,,2025.1.1,60.09409544949801,2025-10-15 20h10.47.716696 +0530,
police,114,9,7,1,10.667198300361633,,,,,,,,,,,,7,9,114,12,,,,,23.432773200329393,,23.408287200145423,23.432773200329393,23.432773200329393,34.09195340005681,1,10.667198300361633,31.476051300298423,,,,,,,,,,,,,,,p3,001,2025-10-15_20h10.38.487,word_priming,,2025.1.1,60.09409544949801,2025-10-15 20h10.47.716696 +0530,
phone,115,10,7,1,0.13103660009801388,,,,,,,,,,,,7,10,115,2,,,,,34.12417440023273,,34.09605769999325,34.12417440023273,34.12417440023273,34.25790030043572,1,0.13103660009801388,,,,,,,,,,,,,,,,p3,001,2025-10-15_20h10.38.487,word_priming,,2025.1.1,60.09409544949801,2025-10-15 20h10.47.716696 +0530,
board ,116,11,7,1,0.14760189969092607,,,,,,,,,,,,7,11,116,4,,,,,34.290964300278574,,34.261911400128156,34.290964300278574,34.290964300278574,34.44301620032638,1,0.14760189969092607,,,,,,,,,,,,,,,,p3,001,2025-10-15_20h10.38.487,word_priming,,2025.1.1,60.09409544949801,2025-10-15 20h10.47.716696 +0530,
keys,117,12,7,1,0.12720370013266802,,,,,,,,,,,,7,12,117,13,,,,,34.47315790038556,,34.4486193000339,34.47315790038556,34.47315790038556,34.60857730032876,1,0.12720370013266802,,,,,,,,,,,,,,,,p3,001,2025-10-15_20h10.38.487,word_priming,,2025.1.1,60.09409544949801,2025-10-15 20h10.47.716696 +0530,
laptop,118,13,7,1,0.12743630027398467,,,,,,,,,,,,7,13,118,5,,,,,34.63946470012888,,34.61496410006657,34.63946470012888,34.63946470012888,34.774719800334424,1,0.12743630027398467,,,,,,,,,,,,,,,,p3,001,2025-10-15_20h10.38.487,word_priming,,2025.1.1,60.09409544949801,2025-10-15 20h10.47.716696 +0530,
poster,119,14,7,1,0.1431399998255074,,,,,,,,,,,,7,14,119,14,,,,,34.80639500031248,,34.78112650010735,34.80639500031248,34.80639500031248,34.94062630040571,1,0.1431399998255074,,,,,,,,,,,,,,,,p3,001,2025-10-15_20h10.38.487,word_priming,,2025.1.1,60.09409544949801,2025-10-15 20h10.47.716696 +0530,
phone,120,0,8,1,0.13056419976055622,,,,,,,,,,,,8,0,120,2,,,,,34.971488300245255,,34.94466740032658,34.971488300245255,34.971488300245255,35.10585980024189,1,0.13056419976055622,,,,,,,,,,,,,,,,p3,001,2025-10-15_20h10.38.487,word_priming,,2025.1.1,60.09409544949801,2025-10-15 20h10.47.716696 +0530,
chart,121,1,8,1,0.16234300006181002,,,,,,,,,,,,8,1,121,6,,,,,35.137958500068635,,35.11181320017204,35.137958500068635,35.137958500068635,35.30597140034661,1,0.16234300006181002,,,,,,,,,,,,,,,,p3,001,2025-10-15_20h10.38.487,word_priming,,2025.1.1,60.09409544949801,2025-10-15 20h10.47.716696 +0530,
keys,122,2,8,1,0.09605919988825917,,,,,,,,,,,,8,2,122,13,,,,,35.33791030012071,,35.31141890026629,35.33791030012071,35.33791030012071,35.43943340005353,1,0.09605919988825917,,,,,,,,,,,,,,,,p3,001,2025-10-15_20h10.38.487,word_priming,,2025.1.1,60.09409544949801,2025-10-15 20h10.47.716696 +0530,
poster,123,3,8,1,0.5307045998051763,,,,,,,,,,,,8,3,123,14,,,,,35.470915000420064,,35.44562580017373,35.470915000420064,35.470915000420064,36.00691210012883,1,0.5307045998051763,,,,,,,,,,,,,,,,p3,001,2025-10-15_20h10.38.487,word_priming,,2025.1.1,60.09409544949801,2025-10-15 20h10.47.716696 +0530,
pastry,124,4,8,1.0,2.858701600227505,,,,,,,,,,,,8,4,124,9,,,,,36.03711130004376,,36.01301880041137,36.03711130004376,36.03711130004376,38.90391320036724,1.0,2.858701600227505,,,,,,,,,,,,,,,,p3,001,2025-10-15_20h10.38.487,word_priming,,2025.1.1,60.09409544949801,2025-10-15 20h10.47.716696 +0530,
cushion,125,5,8,1.0,0.19396369997411966,,,,,,,,,,,,8,5,125,1,,,,,38.93571920040995,,38.91040770011023,38.93571920040995,38.93571920040995,39.13705460028723,1.0,0.19396369997411966,,,,,,,,,,,,,,,,p3,001,2025-10-15_20h10.38.487,word_priming,,2025.1.1,60.09409544949801,2025-10-15 20h10.47.716696 +0530,
mouse,126,6,8,1.0,0.12832899997010827,,,,,,,,,,,,8,6,126,8,,,,,39.16838120017201,,39.14320809999481,39.16838120017201,39.16838120017201,39.30337780015543,1.0,0.12832899997010827,,,,,,,,,,,,,,,,p3,001,2025-10-15_20h10.38.487,word_priming,,2025.1.1,60.09409544949801,2025-10-15 20h10.47.716696 +0530,
T-shirt,127,7,8,1.0,0.1273960000835359,,,,,,,,,,,,8,7,127,7,,,,,39.3348690001294,,39.30945460032672,39.3348690001294,39.3348690001294,39.468478000257164,1.0,0.1273960000835359,,,,,,,,,,,,,,,,p3,001,2025-10-15_20h10.38.487,word_priming,,2025.1.1,60.09409544949801,2025-10-15 20h10.47.716696 +0530,
book,128,8,8,1.0,0.12937350012362003,,,,,,,,,,,,8,8,128,0,,,,,39.4998886003159,,39.47455950034782,39.4998886003159,39.4998886003159,39.637538300361484,1.0,0.12937350012362003,,,,,,,,,,,,,,,,p3,001,2025-10-15_20h10.38.487,word_priming,,2025.1.1,60.09409544949801,2025-10-15 20h10.47.716696 +0530,
board ,129,9,8,1.0,0.16114089963957667,,,,,,,,,,,,8,9,129,4,,,,,39.666822800412774,,39.64366500033066,39.666822800412774,39.666822800412774,39.83691260032356,1.0,0.16114089963957667,,,,,,,,,,,,,,,,p3,001,2025-10-15_20h10.38.487,word_priming,,2025.1.1,60.09409544949801,2025-10-15 20h10.47.716696 +0530,
cruise,130,10,8,1.0,0.126545500010252,,,,,,,,,,,,8,10,130,11,,,,,39.86654260009527,,39.8428831002675,39.86654260009527,39.86654260009527,40.00137440022081,1.0,0.126545500010252,,,,,,,,,,,,,,,,p3,001,2025-10-15_20h10.38.487,word_priming,,2025.1.1,60.09409544949801,2025-10-15 20h10.47.716696 +0530,
laptop,131,11,8,1.0,0.16151029989123344,,,,,,,,,,,,8,11,131,5,,,,,40.0331302001141,,40.00774660008028,40.0331302001141,40.0331302001141,40.201096300035715,1.0,0.16151029989123344,,,,,,,,,,,,,,,,p3,001,2025-10-15_20h10.38.487,word_priming,,2025.1.1,60.09409544949801,2025-10-15 20h10.47.716696 +0530,
case,132,12,8,1.0,0.16232219990342855,,,,,,,,,,,,8,12,132,10,,,,,40.23295920016244,,40.20661980006844,40.23295920016244,40.23295920016244,40.400490400381386,1.0,0.16232219990342855,,,,,,,,,,,,,,,,p3,001,2025-10-15_20h10.38.487,word_priming,,2025.1.1,60.09409544949801,2025-10-15 20h10.47.716696 +0530,
marble,133,13,8,1.0,0.13047310011461377,,,,,,,,,,,,8,13,133,3,,,,,40.432732300367206,,40.406510800123215,40.432732300367206,40.432732300367206,40.56901860004291,1.0,0.13047310011461377,,,,,,,,,,,,,,,,p3,001,2025-10-15_20h10.38.487,word_priming,,2025.1.1,60.09409544949801,2025-10-15 20h10.47.716696 +0530,
police,134,14,8,1.0,0.12887350004166365,,,,,,,,,,,,8,14,134,12,,,,,40.60072800004855,,40.57580590015277,40.60072800004855,40.60072800004855,40.735564100090414,1.0,0.12887350004166365,,,,,,,,,,,,,,,,p3,001,2025-10-15_20h10.38.487,word_priming,,2025.1.1,60.09409544949801,2025-10-15 20h10.47.716696 +0530,
chart,135,0,9,1.0,0.16179310018196702,,,,,,,,,,,,9,0,135,6,,,,,40.76726029999554,,40.741613500285894,40.76726029999554,40.76726029999554,40.93521050037816,1.0,0.16179310018196702,,,,,,,,,,,,,,,,p3,001,2025-10-15_20h10.38.487,word_priming,,2025.1.1,60.09409544949801,2025-10-15 20h10.47.716696 +0530,
cruise,136,1,9,1.0,0.12826240016147494,,,,,,,,,,,,9,1,136,11,,,,,40.96696840040386,,40.94138800026849,40.96696840040386,40.96696840040386,41.0999081004411,1.0,0.12826240016147494,,,,,,,,,,,,,,,,p3,001,2025-10-15_20h10.38.487,word_priming,,2025.1.1,60.09409544949801,2025-10-15 20h10.47.716696 +0530,
board ,137,2,9,1.0,0.16192439990118146,,,,,,,,,,,,9,2,137,4,,,,,41.13166050007567,,41.10648410022259,41.13166050007567,41.13166050007567,41.30010650027543,1.0,0.16192439990118146,,,,,,,,,,,,,,,,p3,001,2025-10-15_20h10.38.487,word_priming,,2025.1.1,60.09409544949801,2025-10-15 20h10.47.716696 +0530,
mouse,138,3,9,1.0,0.16371140023693442,,,,,,,,,,,,9,3,138,8,,,,,41.331683200318366,,41.306093899998814,41.331683200318366,41.331683200318366,41.50133200036362,1.0,0.16371140023693442,,,,,,,,,,,,,,,,p3,001,2025-10-15_20h10.38.487,word_priming,,2025.1.1,60.09409544949801,2025-10-15 20h10.47.716696 +0530,
phone,139,4,9,1.0,0.15986340027302504,,,,,,,,,,,,9,4,139,2,,,,,41.53156270040199,,41.50772440014407,41.53156270040199,41.53156270040199,41.69966100016609,1.0,0.15986340027302504,,,,,,,,,,,,,,,,p3,001,2025-10-15_20h10.38.487,word_priming,,2025.1.1,60.09409544949801,2025-10-15 20h10.47.716696 +0530,
T-shirt,140,5,9,1.0,0.12875369982793927,,,,,,,,,,,,9,5,140,7,,,,,41.73131590010598,,41.70585170015693,41.73131590010598,41.73131590010598,41.866225900128484,1.0,0.12875369982793927,,,,,,,,,,,,,,,,p3,001,2025-10-15_20h10.38.487,word_priming,,2025.1.1,60.09409544949801,2025-10-15 20h10.47.716696 +0530,
laptop,141,6,9,1.0,0.16121440008282661,,,,,,,,,,,,9,6,141,5,,,,,41.897806300316006,,41.87283880030736,41.897806300316006,41.897806300316006,42.05023440020159,1.0,0.16121440008282661,,,,,,,,,,,,,,,,p3,001,2025-10-15_20h10.38.487,word_priming,,2025.1.1,60.09409544949801,2025-10-15 20h10.47.716696 +0530,
marble,142,7,9,1.0,0.19533490017056465,,,,,,,,,,,,9,7,142,3,,,,,42.081403700169176,,42.05451110005379,42.081403700169176,42.081403700169176,42.26676070038229,1.0,0.19533490017056465,,,,,,,,,,,,,,,,p3,001,2025-10-15_20h10.38.487,word_priming,,2025.1.1,60.09409544949801,2025-10-15 20h10.47.716696 +0530,
case,143,8,9,1.0,0.14621559996157885,,,,,,,,,,,,9,8,143,10,,,,,42.29759500036016,,42.270808700006455,42.29759500036016,42.29759500036016,42.448540300130844,1.0,0.14621559996157885,,,,,,,,,,,,,,,,p3,001,2025-10-15_20h10.38.487,word_priming,,2025.1.1,60.09409544949801,2025-10-15 20h10.47.716696 +0530,
pastry,144,9,9,1.0,0.14713639998808503,,,,,,,,,,,,9,9,144,9,,,,,42.48062330018729,,42.453005800023675,42.48062330018729,42.48062330018729,42.61622020043433,1.0,0.14713639998808503,,,,,,,,,,,,,,,,p3,001,2025-10-15_20h10.38.487,word_priming,,2025.1.1,60.09409544949801,2025-10-15 20h10.47.716696 +0530,
police,145,10,9,1.0,0.1801348002627492,,,,,,,,,,,,9,10,145,12,,,,,42.64672140032053,,42.62034990033135,42.64672140032053,42.64672140032053,42.83197640022263,1.0,0.1801348002627492,,,,,,,,,,,,,,,,p3,001,2025-10-15_20h10.38.487,word_priming,,2025.1.1,60.09409544949801,2025-10-15 20h10.47.716696 +0530,
book,146,11,9,1.0,0.16175840003415942,,,,,,,,,,,,9,11,146,0,,,,,42.86358810029924,,42.83788000000641,42.86358810029924,42.86358810029924,43.032421400304884,1.0,0.16175840003415942,,,,,,,,,,,,,,,,p3,001,2025-10-15_20h10.38.487,word_priming,,2025.1.1,60.09409544949801,2025-10-15 20h10.47.716696 +0530,
poster,147,12,9,1.0,0.12818629993125796,,,,,,,,,,,,9,12,147,14,,,,,43.0631124000065,,43.03848860040307,43.0631124000065,43.0631124000065,43.19825760042295,1.0,0.12818629993125796,,,,,,,,,,,,,,,,p3,001,2025-10-15_20h10.38.487,word_priming,,2025.1.1,60.09409544949801,2025-10-15 20h10.47.716696 +0530,
cushion,148,13,9,1.0,0.14549609972164035,,,,,,,,,,,,9,13,148,1,,,,,43.22991460002959,,43.20450060022995,43.22991460002959,43.22991460002959,43.38149950001389,1.0,0.14549609972164035,,,,,,,,,,,,,,,,p3,001,2025-10-15_20h10.38.487,word_priming,,2025.1.1,60.09409544949801,2025-10-15 20h10.47.716696 +0530,
keys,149,14,9,1.0,0.12930119968950748,,,,,,,,,,,,9,14,149,13,,,,,43.41313120024279,,43.38720650039613,43.41313120024279,43.41313120024279,43.547813600394875,1.0,0.12930119968950748,,,,,,,,,,,,,,,,p3,001,2025-10-15_20h10.38.487,word_priming,,2025.1.1,60.09409544949801,2025-10-15 20h10.47.716696 +0530,
marble,150,0,10,1.0,0.13002509996294975,,,,,,,,,,,,10,0,150,3,,,,,43.57962020020932,,43.55262400023639,43.57962020020932,43.57962020020932,43.71451620012522,1.0,0.13002509996294975,,,,,,,,,,,,,,,,p3,001,2025-10-15_20h10.38.487,word_priming,,2025.1.1,60.09409544949801,2025-10-15 20h10.47.716696 +0530,
keys,151,1,10,1.0,0.16268690023571253,,,,,,,,,,,,10,1,151,13,,,,,43.74645610013977,,43.71994540002197,43.74645610013977,43.74645610013977,43.914089400321245,1.0,0.16268690023571253,,,,,,,,,,,,,,,,p3,001,2025-10-15_20h10.38.487,word_priming,,2025.1.1,60.09409544949801,2025-10-15 20h10.47.716696 +0530,
board ,152,2,10,1.0,0.3954381002113223,,,,,,,,,,,,10,2,152,4,,,,,43.94561150018126,,43.92038720007986,43.94561150018126,43.94561150018126,44.346746100112796,1.0,0.3954381002113223,,,,,,,,,,,,,,,,p3,001,2025-10-15_20h10.38.487,word_priming,,2025.1.1,60.09409544949801,2025-10-15 20h10.47.716696 +0530,
phone,153,3,10,1,3.2914999998174608,,,,,,,,,,,,10,3,153,2,,,,,44.37884740019217,,44.353073600213975,44.37884740019217,44.37884740019217,47.67714250041172,1,3.2914999998174608,,,,,,,,,,,,,,,,p3,001,2025-10-15_20h10.38.487,word_priming,,2025.1.1,60.09409544949801,2025-10-15 20h10.47.716696 +0530,
cushion,154,4,10,1,0.1286396998912096,,,,,,,,,,,,10,4,154,1,,,,,47.708850200288,,47.6832329002209,47.708850200288,47.708850200288,47.844457500148565,1,0.1286396998912096,,,,,,,,,,,,,,,,p3,001,2025-10-15_20h10.38.487,word_priming,,2025.1.1,60.09409544949801,2025-10-15 20h10.47.716696 +0530,
T-shirt,155,5,10,1,0.1280558998696506,,,,,,,,,,,,10,5,155,7,,,,,47.87529310025275,,47.85055400012061,47.87529310025275,47.87529310025275,48.01010120008141,1,0.1280558998696506,,,,,,,,,,,,,,,,p3,001,2025-10-15_20h10.38.487,word_priming,,2025.1.1,60.09409544949801,2025-10-15 20h10.47.716696 +0530,
pastry,156,6,10,1,0.16183470003306866,,,,,,,,,,,,10,6,156,9,,,,,48.041898500174284,,48.016122500412166,48.041898500174284,48.041898500174284,48.2099202000536,1,0.16183470003306866,,,,,,,,,,,,,,,,p3,001,2025-10-15_20h10.38.487,word_priming,,2025.1.1,60.09409544949801,2025-10-15 20h10.47.716696 +0530,
case,157,7,10,1,0.1294255000539124,,,,,,,,,,,,10,7,157,10,,,,,48.24169600009918,,48.21558120008558,48.24169600009918,48.24169600009918,48.37633860018104,1,0.1294255000539124,,,,,,,,,,,,,,,,p3,001,2025-10-15_20h10.38.487,word_priming,,2025.1.1,60.09409544949801,2025-10-15 20h10.47.716696 +0530,
book,158,8,10,1,0.16216869978234172,,,,,,,,,,,,10,8,158,0,,,,,48.40853450028226,,48.38193010026589,48.40853450028226,48.40853450028226,48.576334400102496,1,0.16216869978234172,,,,,,,,,,,,,,,,p3,001,2025-10-15_20h10.38.487,word_priming,,2025.1.1,60.09409544949801,2025-10-15 20h10.47.716696 +0530,
mouse,159,9,10,1,0.12885179976001382,,,,,,,,,,,,10,9,159,8,,,,,48.60817080037668,,48.58244020026177,48.60817080037668,48.60817080037668,48.74260350037366,1,0.12885179976001382,,,,,,,,,,,,,,,,p3,001,2025-10-15_20h10.38.487,word_priming,,2025.1.1,60.09409544949801,2025-10-15 20h10.47.716696 +0530,
police,160,10,10,1,0.16141350008547306,,,,,,,,,,,,10,10,160,12,,,,,48.774212000425905,,48.74909930024296,48.774212000425905,48.774212000425905,48.942463000305,1,0.16141350008547306,,,,,,,,,,,,,,,,p3,001,2025-10-15_20h10.38.487,word_priming,,2025.1.1,60.09409544949801,2025-10-15 20h10.47.716696 +0530,
cruise,161,11,10,1,0.16143150022253394,,,,,,,,,,,,10,11,161,11,,,,,48.97392820008099,,48.948808500077575,48.97392820008099,48.97392820008099,49.142324400134385,1,0.16143150022253394,,,,,,,,,,,,,,,,p3,001,2025-10-15_20h10.38.487,word_priming,,2025.1.1,60.09409544949801,2025-10-15 20h10.47.716696 +0530,
laptop,162,12,10,1,0.12919470015913248,,,,,,,,,,,,10,12,162,5,,,,,49.173724700231105,,49.14858830021694,49.173724700231105,49.173724700231105,49.30884860036895,1,0.12919470015913248,,,,,,,,,,,,,,,,p3,001,2025-10-15_20h10.38.487,word_priming,,2025.1.1,60.09409544949801,2025-10-15 20h10.47.716696 +0530,
chart,163,13,10,1,0.16245830012485385,,,,,,,,,,,,10,13,163,6,,,,,49.34095930028707,,49.3149324003607,49.34095930028707,49.34095930028707,49.508576600346714,1,0.16245830012485385,,,,,,,,,,,,,,,,p3,001,2025-10-15_20h10.38.487,word_priming,,2025.1.1,60.09409544949801,2025-10-15 20h10.47.716696 +0530,
poster,164,14,10,1,0.16330809984356165,,,,,,,,,,,,10,14,164,14,,,,,49.54042960004881,,49.5146641000174,49.54042960004881,49.54042960004881,49.70800790004432,1,0.16330809984356165,,,,,,,,,,,,,,,,p3,001,2025-10-15_20h10.38.487,word_priming,,2025.1.1,60.09409544949801,2025-10-15 20h10.47.716696 +0530,
cruise,165,0,11,1,0.16246729996055365,,,,,,,,,,,,11,0,165,11,,,,,49.73999350005761,,49.71404730016366,49.73999350005761,49.73999350005761,49.908295300323516,1,0.16246729996055365,,,,,,,,,,,,,,,,p3,001,2025-10-15_20h10.38.487,word_priming,,2025.1.1,60.09409544949801,2025-10-15 20h10.47.716696 +0530,
pastry,166,1,11,1,0.16171490028500557,,,,,,,,,,,,11,1,166,9,,,,,49.94000120041892,,49.91443370003253,49.94000120041892,49.94000120041892,50.108220000285655,1,0.16171490028500557,,,,,,,,,,,,,,,,p3,001,2025-10-15_20h10.38.487,word_priming,,2025.1.1,60.09409544949801,2025-10-15 20h10.47.716696 +0530,
chart,167,2,11,1,0.16186170000582933,,,,,,,,,,,,11,2,167,6,,,,,50.139710400253534,,50.11409360030666,50.139710400253534,50.139710400253534,50.307882599998266,1,0.16186170000582933,,,,,,,,,,,,,,,,p3,001,2025-10-15_20h10.38.487,word_priming,,2025.1.1,60.09409544949801,2025-10-15 20h10.47.716696 +0530,
case,168,3,11,1,0.16177430003881454,,,,,,,,,,,,11,3,168,10,,,,,50.33942430000752,,50.313830700237304,50.33942430000752,50.33942430000752,50.50731030013412,1,0.16177430003881454,,,,,,,,,,,,,,,,p3,001,2025-10-15_20h10.38.487,word_priming,,2025.1.1,60.09409544949801,2025-10-15 20h10.47.716696 +0530,
laptop,169,4,11,1,0.16120349988341331,,,,,,,,,,,,11,4,169,5,,,,,50.53915820037946,,50.51378050027415,50.53915820037946,50.53915820037946,50.70819859998301,1,0.16120349988341331,,,,,,,,,,,,,,,,p3,001,2025-10-15_20h10.38.487,word_priming,,2025.1.1,60.09409544949801,2025-10-15 20h10.47.716696 +0530,
marble,170,5,11,1,0.14392120018601418,,,,,,,,,,,,11,5,170,3,,,,,50.73893660027534,,50.71417640009895,50.73893660027534,50.73893660027534,50.874912100378424,1,0.14392120018601418,,,,,,,,,,,,,,,,p3,001,2025-10-15_20h10.38.487,word_priming,,2025.1.1,60.09409544949801,2025-10-15 20h10.47.716696 +0530,
police,171,6,11,1,0.17934710020199418,,,,,,,,,,,,11,6,171,12,,,,,50.905583100393414,,50.87893190002069,50.905583100393414,50.905583100393414,51.09054710017517,1,0.17934710020199418,,,,,,,,,,,,,,,,p3,001,2025-10-15_20h10.38.487,word_priming,,2025.1.1,60.09409544949801,2025-10-15 20h10.47.716696 +0530,
mouse,172,7,11,1,0.16154060000553727,,,,,,,,,,,,11,7,172,8,,,,,51.122133100405335,,51.09663700032979,51.122133100405335,51.122133100405335,51.290673500392586,1,0.16154060000553727,,,,,,,,,,,,,,,,p3,001,2025-10-15_20h10.38.487,word_priming,,2025.1.1,60.09409544949801,2025-10-15 20h10.47.716696 +0530,
book,173,8,11,1,0.12897410010918975,,,,,,,,,,,,11,8,173,0,,,,,51.321631600148976,,51.29616550030187,51.321631600148976,51.321631600148976,51.456426800228655,1,0.12897410010918975,,,,,,,,,,,,,,,,p3,001,2025-10-15_20h10.38.487,word_priming,,2025.1.1,60.09409544949801,2025-10-15 20h10.47.716696 +0530,
keys,174,9,11,1,0.12996209971606731,,,,,,,,,,,,11,9,174,13,,,,,51.48830890003592,,51.46187910018489,51.48830890003592,51.48830890003592,51.623016600031406,1,0.12996209971606731,,,,,,,,,,,,,,,,p3,001,2025-10-15_20h10.38.487,word_priming,,2025.1.1,60.09409544949801,2025-10-15 20h10.47.716696 +0530,
board ,175,10,11,1,0.16211030026897788,,,,,,,,,,,,11,10,175,4,,,,,51.65506840031594,,51.62901380006224,51.65506840031594,51.65506840031594,51.82300370000303,1,0.16211030026897788,,,,,,,,,,,,,,,,p3,001,2025-10-15_20h10.38.487,word_priming,,2025.1.1,60.09409544949801,2025-10-15 20h10.47.716696 +0530,
T-shirt,176,11,11,1,0.1603880999609828,,,,,,,,,,,,11,11,176,7,,,,,51.854431700427085,,51.82989350007847,51.854431700427085,51.854431700427085,52.02275420026854,1,0.1603880999609828,,,,,,,,,,,,,,,,p3,001,2025-10-15_20h10.38.487,word_priming,,2025.1.1,60.09409544949801,2025-10-15 20h10.47.716696 +0530,
cushion,177,12,11,1,0.16219950001686811,,,,,,,,,,,,11,12,177,1,,,,,52.05461020022631,,52.028788099996746,52.05461020022631,52.05461020022631,52.222572000231594,1,0.16219950001686811,,,,,,,,,,,,,,,,p3,001,2025-10-15_20h10.38.487,word_priming,,2025.1.1,60.09409544949801,2025-10-15 20h10.47.716696 +0530,
phone,178,13,11,1,0.16214800020679832,,,,,,,,,,,,11,13,178,2,,,,,52.25439990032464,,52.22873990004882,52.25439990032464,52.25439990032464,52.42267530038953,1,0.16214800020679832,,,,,,,,,,,,,,,,p3,001,2025-10-15_20h10.38.487,word_priming,,2025.1.1,60.09409544949801,2025-10-15 20h10.47.716696 +0530,
poster,179,14,11,1,0.16335499985143542,,,,,,,,,,,,11,14,179,14,,,,,52.45417630020529,,52.42880850005895,52.45417630020529,52.45417630020529,52.622041900176555,1,0.16335499985143542,,,,,,,,,,,,,,,,p3,001,2025-10-15_20h10.38.487,word_priming,,2025.1.1,60.09409544949801,2025-10-15 20h10.47.716696 +0530,
police,180,0,12,1,0.1623052000068128,,,,,,,,,,,,12,0,180,12,,,,,52.65396100003272,,52.62798360036686,52.65396100003272,52.65396100003272,52.82202810002491,1,0.1623052000068128,,,,,,,,,,,,,,,,p3,001,2025-10-15_20h10.38.487,word_priming,,2025.1.1,60.09409544949801,2025-10-15 20h10.47.716696 +0530,
case,181,1,12,1,0.16197480028495193,,,,,,,,,,,,12,1,181,10,,,,,52.85363810043782,,52.82790210004896,52.85363810043782,52.85363810043782,53.02214810019359,1,0.16197480028495193,,,,,,,,,,,,,,,,p3,001,2025-10-15_20h10.38.487,word_priming,,2025.1.1,60.09409544949801,2025-10-15 20h10.47.716696 +0530,
book,182,2,12,1,0.16239129984751344,,,,,,,,,,,,12,2,182,0,,,,,53.054032100364566,,53.02764740027487,53.054032100364566,53.054032100364566,53.22177340043709,1,0.16239129984751344,,,,,,,,,,,,,,,,p3,001,2025-10-15_20h10.38.487,word_priming,,2025.1.1,60.09409544949801,2025-10-15 20h10.47.716696 +0530,
T-shirt,183,3,12,1,0.19449020037427545,,,,,,,,,,,,12,3,183,7,,,,,53.25338250026107,,53.22798840003088,53.25338250026107,53.25338250026107,53.45471820002422,1,0.19449020037427545,,,,,,,,,,,,,,,,p3,001,2025-10-15_20h10.38.487,word_priming,,2025.1.1,60.09409544949801,2025-10-15 20h10.47.716696 +0530,
pastry,184,4,12,1,0.14453310007229447,,,,,,,,,,,,12,4,184,9,,,,,53.48616460012272,,53.461263000033796,53.48616460012272,53.48616460012272,53.63771759998053,1,0.14453310007229447,,,,,,,,,,,,,,,,p3,001,2025-10-15_20h10.38.487,word_priming,,2025.1.1,60.09409544949801,2025-10-15 20h10.47.716696 +0530,
cushion,185,5,12,1,0.1952169998548925,,,,,,,,,,,,12,5,185,1,,,,,53.66965090017766,,53.64374850038439,53.66965090017766,53.66965090017766,53.8706328002736,1,0.1952169998548925,,,,,,,,,,,,,,,,p3,001,2025-10-15_20h10.38.487,word_priming,,2025.1.1,60.09409544949801,2025-10-15 20h10.47.716696 +0530,
chart,186,6,12,1,0.16156809963285923,,,,,,,,,,,,12,6,186,6,,,,,53.9025909001939,,53.877147000283,53.9025909001939,53.9025909001939,54.07078850036487,1,0.16156809963285923,,,,,,,,,,,,,,,,p3,001,2025-10-15_20h10.38.487,word_priming,,2025.1.1,60.09409544949801,2025-10-15 20h10.47.716696 +0530,
laptop,187,7,12,1,0.16242840001359582,,,,,,,,,,,,12,7,187,5,,,,,54.102405700366944,,54.07678560027853,54.102405700366944,54.102405700366944,54.270719500258565,1,0.16242840001359582,,,,,,,,,,,,,,,,p3,001,2025-10-15_20h10.38.487,word_priming,,2025.1.1,60.09409544949801,2025-10-15 20h10.47.716696 +0530,
mouse,188,8,12,1,0.19490329967811704,,,,,,,,,,,,12,8,188,8,,,,,54.302628400269896,,54.27696240041405,54.302628400269896,54.302628400269896,54.50411090021953,1,0.19490329967811704,,,,,,,,,,,,,,,,p3,001,2025-10-15_20h10.38.487,word_priming,,2025.1.1,60.09409544949801,2025-10-15 20h10.47.716696 +0530,
poster,189,9,12,1,0.16129820002242923,,,,,,,,,,,,12,9,189,14,,,,,54.53508420009166,,54.51019200030714,54.53508420009166,54.53508420009166,54.703104000072926,1,0.16129820002242923,,,,,,,,,,,,,,,,p3,001,2025-10-15_20h10.38.487,word_priming,,2025.1.1,60.09409544949801,2025-10-15 20h10.47.716696 +0530,
keys,190,10,12,1,0.1628091000020504,,,,,,,,,,,,12,10,190,13,,,,,54.735289900097996,,54.70867280010134,54.735289900097996,54.735289900097996,54.90314840013161,1,0.1628091000020504,,,,,,,,,,,,,,,,p3,001,2025-10-15_20h10.38.487,word_priming,,2025.1.1,60.09409544949801,2025-10-15 20h10.47.716696 +0530,
cruise,191,11,12,1,0.16231009969487786,,,,,,,,,,,,12,11,191,11,,,,,54.93525140034035,,54.90969090024009,54.93525140034035,54.93525140034035,55.102945800404996,1,0.16231009969487786,,,,,,,,,,,,,,,,p3,001,2025-10-15_20h10.38.487,word_priming,,2025.1.1,60.09409544949801,2025-10-15 20h10.47.716696 +0530,
marble,192,12,12,1,0.19474280020222068,,,,,,,,,,,,12,12,192,3,,,,,55.134922600351274,,55.10915290005505,55.134922600351274,55.134922600351274,55.335789300035685,1,0.19474280020222068,,,,,,,,,,,,,,,,p3,001,2025-10-15_20h10.38.487,word_priming,,2025.1.1,60.09409544949801,2025-10-15 20h10.47.716696 +0530,
phone,193,13,12,1,0.1628254996612668,,,,,,,,,,,,12,13,193,2,,,,,55.368020500056446,,55.3418326000683,55.368020500056446,55.368020500056446,55.53615400008857,1,0.1628254996612668,,,,,,,,,,,,,,,,p3,001,2025-10-15_20h10.38.487,word_priming,,2025.1.1,60.09409544949801,2025-10-15 20h10.47.716696 +0530,
board ,194,14,12,1,0.19529669964686036,,,,,,,,,,,,12,14,194,4,,,,,55.56731120031327,,55.54215590003878,55.56731120031327,55.56731120031327,55.769520400092006,1,0.19529669964686036,,,,,,,,,,,,,,,,p3,001,2025-10-15_20h10.38.487,word_priming,,2025.1.1,60.09409544949801,2025-10-15 20h10.47.716696 +0530,
poster,195,0,13,1,0.12880099983885884,,,,,,,,,,,,13,0,195,14,,,,,55.800897400360554,,55.77559440024197,55.800897400360554,55.800897400360554,55.935554100200534,1,0.12880099983885884,,,,,,,,,,,,,,,,p3,001,2025-10-15_20h10.38.487,word_priming,,2025.1.1,60.09409544949801,2025-10-15 20h10.47.716696 +0530,
book,196,1,13,1,0.22826640028506517,,,,,,,,,,,,13,1,196,0,,,,,55.96741480007768,,55.94158830028027,55.96741480007768,55.96741480007768,56.20188320009038,1,0.22826640028506517,,,,,,,,,,,,,,,,p3,001,2025-10-15_20h10.38.487,word_priming,,2025.1.1,60.09409544949801,2025-10-15 20h10.47.716696 +0530,
mouse,197,2,13,1,0.1620958000421524,,,,,,,,,,,,13,2,197,8,,,,,56.233777900226414,,56.20782530028373,56.233777900226414,56.233777900226414,56.40128800040111,1,0.1620958000421524,,,,,,,,,,,,,,,,p3,001,2025-10-15_20h10.38.487,word_priming,,2025.1.1,60.09409544949801,2025-10-15 20h10.47.716696 +0530,
chart,198,3,13,1,0.19585360027849674,,,,,,,,,,,,13,3,198,6,,,,,56.43333450006321,,56.40721600037068,56.43333450006321,56.43333450006321,56.63499470008537,1,0.19585360027849674,,,,,,,,,,,,,,,,p3,001,2025-10-15_20h10.38.487,word_priming,,2025.1.1,60.09409544949801,2025-10-15 20h10.47.716696 +0530,
case,199,4,13,1,0.12964889965951443,,,,,,,,,,,,13,4,199,10,,,,,56.6664134003222,,56.6404505004175,56.6664134003222,56.6664134003222,56.80172030022368,1,0.12964889965951443,,,,,,,,,,,,,,,,p3,001,2025-10-15_20h10.38.487,word_priming,,2025.1.1,60.09409544949801,2025-10-15 20h10.47.716696 +0530,
pastry,200,5,13,1,0.16134579991921782,,,,,,,,,,,,13,5,200,9,,,,,56.83312510000542,,56.80782370036468,56.83312510000542,56.83312510000542,57.001127700321376,1,0.16134579991921782,,,,,,,,,,,,,,,,p3,001,2025-10-15_20h10.38.487,word_priming,,2025.1.1,60.09409544949801,2025-10-15 20h10.47.716696 +0530,
cushion,201,6,13,1,0.1939889001660049,,,,,,,,,,,,13,6,201,1,,,,,57.032921800389886,,57.00792960030958,57.032921800389886,57.032921800389886,57.23415860021487,1,0.1939889001660049,,,,,,,,,,,,,,,,p3,001,2025-10-15_20h10.38.487,word_priming,,2025.1.1,60.09409544949801,2025-10-15 20h10.47.716696 +0530,
marble,202,7,13,1,0.16227889992296696,,,,,,,,,,,,13,7,202,3,,,,,57.26621690019965,,57.2401913003996,57.26621690019965,57.26621690019965,57.434826700016856,1,0.16227889992296696,,,,,,,,,,,,,,,,p3,001,2025-10-15_20h10.38.487,word_priming,,2025.1.1,60.09409544949801,2025-10-15 20h10.47.716696 +0530,
phone,203,8,13,1,0.16066439962014556,,,,,,,,,,,,13,8,203,2,,,,,57.46548750018701,,57.44132290035486,57.46548750018701,57.46548750018701,57.634120700415224,1,0.16066439962014556,,,,,,,,,,,,,,,,p3,001,2025-10-15_20h10.38.487,word_priming,,2025.1.1,60.09409544949801,2025-10-15 20h10.47.716696 +0530,
keys,204,9,13,1,0.1956782997585833,,,,,,,,,,,,13,9,204,13,,,,,57.66576870018616,,57.63970820000395,57.66576870018616,57.66576870018616,57.8680251003243,1,0.1956782997585833,,,,,,,,,,,,,,,,p3,001,2025-10-15_20h10.38.487,word_priming,,2025.1.1,60.09409544949801,2025-10-15 20h10.47.716696 +0530,
police,205,10,13,1,0.1600219001993537,,,,,,,,,,,,13,10,205,12,,,,,57.89841170003638,,57.874618200119585,57.89841170003638,57.89841170003638,58.05132840014994,1,0.1600219001993537,,,,,,,,,,,,,,,,p3,001,2025-10-15_20h10.38.487,word_priming,,2025.1.1,60.09409544949801,2025-10-15 20h10.47.716696 +0530,
T-shirt,206,11,13,1,0.19351340038701892,,,,,,,,,,,,13,11,206,7,,,,,58.0820026001893,,58.05805830005556,58.0820026001893,58.0820026001893,58.282941800076514,1,0.19351340038701892,,,,,,,,,,,,,,,,p3,001,2025-10-15_20h10.38.487,word_priming,,2025.1.1,60.09409544949801,2025-10-15 20h10.47.716696 +0530,
laptop,207,12,13,1,0.19596939999610186,,,,,,,,,,,,13,12,207,5,,,,,58.315168500412256,,58.28893809998408,58.315168500412256,58.315168500412256,58.51591830002144,1,0.19596939999610186,,,,,,,,,,,,,,,,p3,001,2025-10-15_20h10.38.487,word_priming,,2025.1.1,60.09409544949801,2025-10-15 20h10.47.716696 +0530,
cruise,208,13,13,1,0.162882000207901,,,,,,,,,,,,13,13,208,11,,,,,58.54815280018374,,58.52197000011802,58.54815280018374,58.54815280018374,58.716560000088066,1,0.162882000207901,,,,,,,,,,,,,,,,p3,001,2025-10-15_20h10.38.487,word_priming,,2025.1.1,60.09409544949801,2025-10-15 20h10.47.716696 +0530,
board ,209,14,13,1,0.228108000010252,,,,,,,,,,,,13,14,209,4,,,,,58.747756600379944,,58.72275670012459,58.747756600379944,58.747756600379944,58.982360100373626,1,0.228108000010252,,,,,,,,,,,,,,,,p3,001,2025-10-15_20h10.38.487,word_priming,,2025.1.1,60.09409544949801,2025-10-15 20h10.47.716696 +0530,
poster,210,0,14,1,0.16200290014967322,,,,,,,,,,,,14,0,210,14,,,,,59.01439530029893,,58.98837970010936,59.01439530029893,59.01439530029893,59.18279150035232,1,0.16200290014967322,,,,,,,,,,,,,,,,p3,001,2025-10-15_20h10.38.487,word_priming,,2025.1.1,60.09409544949801,2025-10-15 20h10.47.716696 +0530,
keys,211,1,14,1,0.19616100005805492,,,,,,,,,,,,14,1,211,13,,,,,59.21450460003689,,59.18820340000093,59.21450460003689,59.21450460003689,59.415798200294375,1,0.19616100005805492,,,,,,,,,,,,,,,,p3,001,2025-10-15_20h10.38.487,word_priming,,2025.1.1,60.09409544949801,2025-10-15 20h10.47.716696 +0530,
marble,212,2,14,1,0.19477180019021034,,,,,,,,,,,,14,2,212,3,,,,,59.44690049998462,,59.42203780030832,59.44690049998462,59.44690049998462,59.6482810000889,1,0.19477180019021034,,,,,,,,,,,,,,,,p3,001,2025-10-15_20h10.38.487,word_priming,,2025.1.1,60.09409544949801,2025-10-15 20h10.47.716696 +0530,
laptop,213,3,14,1,0.1648958995938301,,,,,,,,,,,,14,3,213,5,,,,,59.680291700176895,,59.65231770044193,59.680291700176895,59.680291700176895,59.848492100369185,1,0.1648958995938301,,,,,,,,,,,,,,,,p3,001,2025-10-15_20h10.38.487,word_priming,,2025.1.1,60.09409544949801,2025-10-15 20h10.47.716696 +0530,
phone,214,4,14,1,0.1948016001842916,,,,,,,,,,,,14,4,214,2,,,,,59.880256799981,,59.85466630011797,59.880256799981,59.880256799981,60.081554900389165,1,0.1948016001842916,,,,,,,,,,,,,,,,p3,001,2025-10-15_20h10.38.487,word_priming,,2025.1.1,60.09409544949801,2025-10-15 20h10.47.716696 +0530,
police,215,5,14,1,0.1612422000616789,,,,,,,,,,,,14,5,215,12,,,,,60.11332270037383,,60.087638000026345,60.11332270037383,60.11332270037383,60.2817911002785,1,0.1612422000616789,,,,,,,,,,,,,,,,p3,001,2025-10-15_20h10.38.487,word_priming,,2025.1.1,60.09409544949801,2025-10-15 20h10.47.716696 +0530,
board ,216,6,14,1,0.1616636998951435,,,,,,,,,,,,14,6,216,4,,,,,60.313123900443316,,60.28778290003538,60.313123900443316,60.313123900443316,60.48122910037637,1,0.1616636998951435,,,,,,,,,,,,,,,,p3,001,2025-10-15_20h10.38.487,word_priming,,2025.1.1,60.09409544949801,2025-10-15 20h10.47.716696 +0530,
book,217,7,14,1,0.19550999999046326,,,,,,,,,,,,14,7,217,0,,,,,60.51249620039016,,60.4866875000298,60.51249620039016,60.51249620039016,60.71428250009194,1,0.19550999999046326,,,,,,,,,,,,,,,,p3,001,2025-10-15_20h10.38.487,word_priming,,2025.1.1,60.09409544949801,2025-10-15 20h10.47.716696 +0530,
cushion,218,8,14,1,0.16236460022628307,,,,,,,,,,,,14,8,218,1,,,,,60.74570710025728,,60.72039490006864,60.74570710025728,60.74570710025728,60.91412890003994,1,0.16236460022628307,,,,,,,,,,,,,,,,p3,001,2025-10-15_20h10.38.487,word_priming,,2025.1.1,60.09409544949801,2025-10-15 20h10.47.716696 +0530,
cruise,219,9,14,1,0.19557489966973662,,,,,,,,,,,,14,9,219,11,,,,,60.94673620024696,,60.92022170033306,60.94673620024696,60.94673620024696,61.147581400349736,1,0.19557489966973662,,,,,,,,,,,,,,,,p3,001,2025-10-15_20h10.38.487,word_priming,,2025.1.1,60.09409544949801,2025-10-15 20h10.47.716696 +0530,
pastry,220,10,14,1,0.19520159997045994,,,,,,,,,,,,14,10,220,9,,,,,61.17892780015245,,61.15363300032914,61.17892780015245,61.17892780015245,61.38127420004457,1,0.19520159997045994,,,,,,,,,,,,,,,,p3,001,2025-10-15_20h10.38.487,word_priming,,2025.1.1,60.09409544949801,2025-10-15 20h10.47.716696 +0530,
chart,221,11,14,1,0.17842150013893843,,,,,,,,,,,,14,11,221,6,,,,,61.41232240013778,,61.38723300024867,61.41232240013778,61.41232240013778,61.581930899992585,1,0.17842150013893843,,,,,,,,,,,,,,,,p3,001,2025-10-15_20h10.38.487,word_priming,,2025.1.1,60.09409544949801,2025-10-15 20h10.47.716696 +0530,
T-shirt,222,12,14,1,0.22831689985468984,,,,,,,,,,,,14,12,222,7,,,,,61.611849300097674,,61.585996200330555,61.611849300097674,61.611849300097674,61.84663230041042,1,0.22831689985468984,,,,,,,,,,,,,,,,p3,001,2025-10-15_20h10.38.487,word_priming,,2025.1.1,60.09409544949801,2025-10-15 20h10.47.716696 +0530,
case,223,13,14,1,0.19405800011008978,,,,,,,,,,,,14,13,223,10,,,,,61.87784980004653,,61.85304560000077,61.87784980004653,61.87784980004653,62.07967480039224,1,0.19405800011008978,,,,,,,,,,,,,,,,p3,001,2025-10-15_20h10.38.487,word_priming,,2025.1.1,60.09409544949801,2025-10-15 20h10.47.716696 +0530,
mouse,224,14,14,1,0.16208249982446432,,,,,,,,,,,,14,14,224,8,,,,,62.110960400197655,,62.085766500327736,62.110960400197655,62.110960400197655,62.27943630004302,1,0.16208249982446432,,,,,,,,,,,,,,,,p3,001,2025-10-15_20h10.38.487,word_priming,,2025.1.1,60.09409544949801,2025-10-15 20h10.47.716696 +0530,
,0,0,0,,,P_st_r,Poster,old ,Pastry,"[np.float64(-0.5116666666666667), np.float64(-0.5116666666666667), np.float64(0.06166666666666667)]","[np.float64(-0.28), np.float64(-0.28), np.float64(-0.31833333333333336)]","[1, 1, 1]","[0, 0, 0]","[0, 0, 0]","[0.2095686001703143, 0.40991290006786585, 4.740640700329095]","[None, None, 'text_3']",,,,,0,0,0,9,62.3634164002724,,,,,,,,,62.31877520028502,62.3634164002724,62.3634164002724,62.3634164002724,0.03936759987846017,67.05996730038896,Pastry,"[np.float64(-0.5116666666666667), np.float64(-0.5116666666666667), np.float64(0.06166666666666667)]","[np.float64(-0.28), np.float64(-0.28), np.float64(-0.31833333333333336)]","[1, 1, 1]","[0, 0, 0]","[0, 0, 0]","[0.2095686001703143, 0.40991290006786585, 4.740640700329095]","[None, None, 'text_3']",p3,001,2025-10-15_20h10.38.487,word_priming,,2025.1.1,60.09409544949801,2025-10-15 20h10.47.716696 +0530,
,1,1,0,,,_ou_se,mouse,old ,mouse,[np.float64(0.01)],[np.float64(-0.285)],[1],[0],[0],[4.637647099792957],['text_3'],,,,,0,1,1,3,67.08948530023918,,,,,,,,,67.06646480038762,67.08948530023918,67.08948530023918,67.08948530023918,0.006183399818837643,71.70463860034943,mouse,[np.float64(0.01)],[np.float64(-0.285)],[1],[0],[0],[4.637647099792957],['text_3'],p3,001,2025-10-15_20h10.38.487,word_priming,,2025.1.1,60.09409544949801,2025-10-15 20h10.47.716696 +0530,
,2,2,0,,,_ha_t,chart,old ,chart,[np.float64(-0.03666666666666667)],[np.float64(-0.3016666666666667)],[1],[0],[0],[3.4086572001688182],['text_3'],,,,,0,2,2,1,71.73503490025178,,,,,,,,,71.70966520020738,71.73503490025178,71.73503490025178,71.73503490025178,0.004826100077480078,75.11887100012973,chart,[np.float64(-0.03666666666666667)],[np.float64(-0.3016666666666667)],[1],[0],[0],[3.4086572001688182],['text_3'],p3,001,2025-10-15_20h10.38.487,word_priming,,2025.1.1,60.09409544949801,2025-10-15 20h10.47.716696 +0530,
,3,3,0,,,P_str_,pastry,old ,Pastry,[np.float64(-0.03666666666666667)],[np.float64(-0.3016666666666667)],[1],[0],[0],[8.733658300247043],['text_3'],,,,,0,3,3,4,75.14852230018005,,,,,,,,,75.12379930028692,75.14852230018005,75.14852230018005,75.14852230018005,0.004705399740487337,83.8580159000121,Pastry,[np.float64(-0.03666666666666667)],[np.float64(-0.3016666666666667)],[1],[0],[0],[8.733658300247043],['text_3'],p3,001,2025-10-15_20h10.38.487,word_priming,,2025.1.1,60.09409544949801,2025-10-15 20h10.47.716696 +0530,
,4,4,0,,,c_m_ra,camera,new,camer,[np.float64(-0.03666666666666667)],[np.float64(-0.3016666666666667)],[1],[0],[0],[3.8587739998474717],['text_3'],,,,,0,4,4,19,83.88974550040439,,,,,,,,,83.86318540014327,83.88974550040439,83.88974550040439,83.88974550040439,0.00494570005685091,87.72254100022838,camer,[np.float64(-0.03666666666666667)],[np.float64(-0.3016666666666667)],[1],[0],[0],[3.8587739998474717],['text_3'],p3,001,2025-10-15_20h10.38.487,word_priming,,2025.1.1,60.09409544949801,2025-10-15 20h10.47.716696 +0530,
,5,5,0,,,c_s_io_,cushion,old ,cushion,[np.float64(-0.03666666666666667)],[np.float64(-0.3016666666666667)],[1],[0],[0],[3.5247603999450803],['text_3'],,,,,0,5,5,14,87.75269900029525,,,,,,,,,87.72754290001467,87.75269900029525,87.75269900029525,87.75269900029525,0.004773299675434828,91.25291510019451,cushion,[np.float64(-0.03666666666666667)],[np.float64(-0.3016666666666667)],[1],[0],[0],[3.5247603999450803],['text_3'],p3,001,2025-10-15_20h10.38.487,word_priming,,2025.1.1,60.09409544949801,2025-10-15 20h10.47.716696 +0530,
,6,6,0,,,bo_t_e,bottle,new,botle,[np.float64(-0.03666666666666667)],[np.float64(-0.3016666666666667)],[1],[0],[0],[7.135195099748671],['text_3'],,,,,0,6,6,18,91.28263780009001,,,,,,,,,91.2579044001177,91.28263780009001,91.28263780009001,91.28263780009001,0.0047911000438034534,98.39371390035376,botle,[np.float64(-0.03666666666666667)],[np.float64(-0.3016666666666667)],[1],[0],[0],[7.135195099748671],['text_3'],p3,001,2025-10-15_20h10.38.487,word_priming,,2025.1.1,60.09409544949801,2025-10-15 20h10.47.716696 +0530,
,7,7,0,,,l_pt_p,laptop,old ,laptop,[np.float64(-0.03666666666666667)],[np.float64(-0.3016666666666667)],[1],[0],[0],[3.825779899954796],['text_3'],,,,,0,7,7,0,98.4255635002628,,,,,,,,,98.39867030037567,98.4255635002628,98.4255635002628,98.4255635002628,0.004738000221550465,102.22501630010083,laptop,[np.float64(-0.03666666666666667)],[np.float64(-0.3016666666666667)],[1],[0],[0],[3.825779899954796],['text_3'],p3,001,2025-10-15_20h10.38.487,word_priming,,2025.1.1,60.09409544949801,2025-10-15 20h10.47.716696 +0530,
,8,8,0,,,K_y_,Keys,old ,Keys,[np.float64(-0.03666666666666667)],[np.float64(-0.3016666666666667)],[1],[0],[0],[2.9073906000703573],['text_3'],,,,,0,8,8,8,102.2551320004277,,,,,,,,,102.23124620039016,102.2551320004277,102.2551320004277,102.2551320004277,0.006070000119507313,105.13918990036473,Keys,[np.float64(-0.03666666666666667)],[np.float64(-0.3016666666666667)],[1],[0],[0],[2.9073906000703573],['text_3'],p3,001,2025-10-15_20h10.38.487,word_priming,,2025.1.1,60.09409544949801,2025-10-15 20h10.47.716696 +0530,
,9,9,0,,,P_li_e,Police,old ,Police,[np.float64(-0.03666666666666667)],[np.float64(-0.3016666666666667)],[1],[0],[0],[2.8404532000422478],['text_3'],,,,,0,9,9,7,105.16885080002248,,,,,,,,,105.14421970024705,105.16885080002248,105.16885080002248,105.16885080002248,0.0048350002616643906,107.98534200014547,Police,[np.float64(-0.03666666666666667)],[np.float64(-0.3016666666666667)],[1],[0],[0],[2.8404532000422478],['text_3'],p3,001,2025-10-15_20h10.38.487,word_priming,,2025.1.1,60.09409544949801,2025-10-15 20h10.47.716696 +0530,
,10,10,0,,,_ho_e,Phone,old ,phone,[np.float64(-0.03666666666666667)],[np.float64(-0.3016666666666667)],[1],[0],[0],[3.8420540997758508],['text_3'],,,,,0,10,10,12,108.01634510001168,,,,,,,,,107.99069870030507,108.01634510001168,108.01634510001168,108.01634510001168,0.005154700018465519,111.83342520007864,phone,[np.float64(-0.03666666666666667)],[np.float64(-0.3016666666666667)],[1],[0],[0],[3.8420540997758508],['text_3'],p3,001,2025-10-15_20h10.38.487,word_priming,,2025.1.1,60.09409544949801,2025-10-15 20h10.47.716696 +0530,
,11,11,0,,,v_s_,vase,new,vase,[np.float64(-0.03666666666666667)],[np.float64(-0.3016666666666667)],[1],[0],[0],[4.4185841996222734],['text_3'],,,,,0,11,11,17,111.86202680040151,,,,,,,,,111.84207110013813,111.86202680040151,111.86202680040151,111.86202680040151,0.008454299997538328,116.26135450042784,vase,[np.float64(-0.03666666666666667)],[np.float64(-0.3016666666666667)],[1],[0],[0],[4.4185841996222734],['text_3'],p3,001,2025-10-15_20h10.38.487,word_priming,,2025.1.1,60.09409544949801,2025-10-15 20h10.47.716696 +0530,
,12,12,0,,,c_s_,case,old ,case,[np.float64(-0.03666666666666667)],[np.float64(-0.3016666666666667)],[1],[0],[0],[2.842611700296402],['text_3'],,,,,0,12,12,5,116.29086300032213,,,,,,,,,116.26572390040383,116.29086300032213,116.29086300032213,116.29086300032213,0.0041726999916136265,119.10903639998287,case,[np.float64(-0.03666666666666667)],[np.float64(-0.3016666666666667)],[1],[0],[0],[2.842611700296402],['text_3'],p3,001,2025-10-15_20h10.38.487,word_priming,,2025.1.1,60.09409544949801,2025-10-15 20h10.47.716696 +0530,
,13,13,0,,,T_hi_t,Tshirt,old ,Tshirt,[np.float64(-0.03666666666666667)],[np.float64(-0.3016666666666667)],[1],[0],[0],[4.389205199666321],['text_3'],,,,,0,13,13,2,119.13803550042212,,,,,,,,,119.11405480001122,119.13803550042212,119.13803550042212,119.13803550042212,0.004806899931281805,123.50390010001138,Tshirt,[np.float64(-0.03666666666666667)],[np.float64(-0.3016666666666667)],[1],[0],[0],[4.389205199666321],['text_3'],p3,001,2025-10-15_20h10.38.487,word_priming,,2025.1.1,60.09409544949801,2025-10-15 20h10.47.716696 +0530,
,14,14,0,,,_ru_s_,cruise,old ,cruise,[np.float64(-0.03666666666666667)],[np.float64(-0.3016666666666667)],[1],[0],[0],[3.0934484000317752],['text_3'],,,,,0,14,14,6,123.53409290034324,,,,,,,,,123.50729109998792,123.53409290034324,123.53409290034324,123.53409290034324,0.003227400127798319,126.6013571000658,cruise,[np.float64(-0.03666666666666667)],[np.float64(-0.3016666666666667)],[1],[0],[0],[3.0934484000317752],['text_3'],p3,001,2025-10-15_20h10.38.487,word_priming,,2025.1.1,60.09409544949801,2025-10-15 20h10.47.716696 +0530,
,15,15,0,,,_a_bl_,Marble,old ,Marble,[np.float64(-0.03666666666666667)],[np.float64(-0.3016666666666667)],[1],[0],[0],[5.021579399704933],['text_3'],,,,,0,15,15,11,126.63087200000882,,,,,,,,,126.60635950043797,126.63087200000882,126.63087200000882,126.63087200000882,0.00479040015488863,131.62868450023234,Marble,[np.float64(-0.03666666666666667)],[np.float64(-0.3016666666666667)],[1],[0],[0],[5.021579399704933],['text_3'],p3,001,2025-10-15_20h10.38.487,word_priming,,2025.1.1,60.09409544949801,2025-10-15 20h10.47.716696 +0530,
,16,16,0,,,ta_l_,table,new,tabel,[np.float64(-0.03666666666666667)],[np.float64(-0.3016666666666667)],[1],[0],[0],[4.173786500003189],['text_3'],,,,,0,16,16,15,131.65898700011894,,,,,,,,,131.63366290042177,131.65898700011894,131.65898700011894,131.65898700011894,0.004765199963003397,135.8081838004291,tabel,[np.float64(-0.03666666666666667)],[np.float64(-0.3016666666666667)],[1],[0],[0],[4.173786500003189],['text_3'],p3,001,2025-10-15_20h10.38.487,word_priming,,2025.1.1,60.09409544949801,2025-10-15 20h10.47.716696 +0530,
,17,17,0,,,_oo_,book,old ,book,[np.float64(-0.03666666666666667)],[np.float64(-0.3016666666666667)],[1],[0],[0],[3.2593106999993324],['text_3'],,,,,0,17,17,13,135.83820450026542,,,,,,,,,135.81267250003293,135.83820450026542,135.83820450026542,135.83820450026542,0.004280700348317623,139.07274470012635,book,[np.float64(-0.03666666666666667)],[np.float64(-0.3016666666666667)],[1],[0],[0],[3.2593106999993324],['text_3'],p3,001,2025-10-15_20h10.38.487,word_priming,,2025.1.1,60.09409544949801,2025-10-15 20h10.47.716696 +0530,
,18,18,0,,,_o_rd,Board,old ,Board,[np.float64(-0.03666666666666667)],[np.float64(-0.3016666666666667)],[1],[0],[0],[7.752048899885267],['text_3'],,,,,0,18,18,10,139.10204790020362,,,,,,,,,139.07756630005315,139.10204790020362,139.10204790020362,139.10204790020362,0.004616999998688698,146.8303863001056,Board,[np.float64(-0.03666666666666667)],[np.float64(-0.3016666666666667)],[1],[0],[0],[7.752048899885267],['text_3'],p3,001,2025-10-15_20h10.38.487,word_priming,,2025.1.1,60.09409544949801,2025-10-15 20h10.47.716696 +0530,
,19,19,0,,,p_nc_l,pencil,new,pencil,[np.float64(-0.03666666666666667)],[np.float64(-0.3016666666666667)],[1],[0],[0],[2.8751853997819126],['text_3'],,,,,0,19,19,16,146.86116530001163,,,,,,,,,146.8353443001397,146.86116530001163,146.86116530001163,146.86116530001163,0.004737799987196922,149.71120980009437,pencil,[np.float64(-0.03666666666666667)],[np.float64(-0.3016666666666667)],[1],[0],[0],[2.8751853997819126],['text_3'],p3,001,2025-10-15_20h10.38.487,word_priming,,2025.1.1,60.09409544949801,2025-10-15 20h10.47.716696 +0530,
,20,0,1,,,P_st_r,Poster,old ,Poster,[np.float64(-0.03666666666666667)],[np.float64(-0.3016666666666667)],[1],[0],[0],[3.9914796999655664],['text_3'],,,,,1,0,20,9,149.7415045001544,,,,,,,,,149.71474660001695,149.7415045001544,149.7415045001544,149.7415045001544,0.003391900099813938,153.7069454002194,Poster,[np.float64(-0.03666666666666667)],[np.float64(-0.3016666666666667)],[1],[0],[0],[3.9914796999655664],['text_3'],p3,001,2025-10-15_20h10.38.487,word_priming,,2025.1.1,60.09409544949801,2025-10-15 20h10.47.716696 +0530,
,21,1,1,,,p_nc_l,pencil,new,pencil,[np.float64(-0.03666666666666667)],[np.float64(-0.3016666666666667)],[1],[0],[0],[4.507116299588233],['text_3'],,,,,1,1,21,16,153.73749010032043,,,,,,,,,153.7119472003542,153.73749010032043,153.73749010032043,153.73749010032043,0.004763899836689234,158.21987020038068,pencil,[np.float64(-0.03666666666666667)],[np.float64(-0.3016666666666667)],[1],[0],[0],[4.507116299588233],['text_3'],p3,001,2025-10-15_20h10.38.487,word_priming,,2025.1.1,60.09409544949801,2025-10-15 20h10.47.716696 +0530,
,22,2,1,,,_ha_t,chart,old ,chart,[np.float64(-0.03666666666666667)],[np.float64(-0.3016666666666667)],[1],[0],[0],[4.473209100309759],['text_3'],,,,,1,2,22,1,158.24985470017418,,,,,,,,,158.22494280012324,158.24985470017418,158.24985470017418,158.24985470017418,0.0048720999620854855,162.69897730043158,chart,[np.float64(-0.03666666666666667)],[np.float64(-0.3016666666666667)],[1],[0],[0],[4.473209100309759],['text_3'],p3,001,2025-10-15_20h10.38.487,word_priming,,2025.1.1,60.09409544949801,2025-10-15 20h10.47.716696 +0530,
,23,3,1,,,P_str_,pastry,old ,Pastry,[np.float64(-0.03666666666666667)],[np.float64(-0.3016666666666667)],[1],[0],[0],[3.373427300248295],['text_3'],,,,,1,3,23,4,162.72871270030737,,,,,,,,,162.70393180008978,162.72871270030737,162.72871270030737,162.72871270030737,0.004756400361657143,166.07821210008115,Pastry,[np.float64(-0.03666666666666667)],[np.float64(-0.3016666666666667)],[1],[0],[0],[3.373427300248295],['text_3'],p3,001,2025-10-15_20h10.38.487,word_priming,,2025.1.1,60.09409544949801,2025-10-15 20h10.47.716696 +0530,
,24,4,1,,,bo_t_e,bottle,new,bottel,[np.float64(-0.03666666666666667)],[np.float64(-0.3016666666666667)],[1],[0],[0],[4.373488300014287],['text_3'],,,,,1,4,24,18,166.10880080005154,,,,,,,,,166.08372160000727,166.10880080005154,166.10880080005154,166.10880080005154,0.005298899952322245,170.45801659999415,bottel,[np.float64(-0.03666666666666667)],[np.float64(-0.3016666666666667)],[1],[0],[0],[4.373488300014287],['text_3'],p3,001,2025-10-15_20h10.38.487,word_priming,,2025.1.1,60.09409544949801,2025-10-15 20h10.47.716696 +0530,
,25,5,1,,,c_s_io_,cushion,old ,cushion,[np.float64(-0.03666666666666667)],[np.float64(-0.3016666666666667)],[1],[0],[0],[3.4256120999343693],['text_3'],,,,,1,5,25,14,170.4877313002944,,,,,,,,,170.4615823002532,170.4877313002944,170.4877313002944,170.4877313002944,0.003416100051254034,173.88786100037396,cushion,[np.float64(-0.03666666666666667)],[np.float64(-0.3016666666666667)],[1],[0],[0],[3.4256120999343693],['text_3'],p3,001,2025-10-15_20h10.38.487,word_priming,,2025.1.1,60.09409544949801,2025-10-15 20h10.47.716696 +0530,
,26,6,1,,,_ou_se,mouse,old ,,[np.float64(-0.03666666666666667)],[np.float64(-0.3016666666666667)],[1],[0],[0],[0.5601038997992873],['text_3'],,,,,1,6,26,3,173.91751260031015,,,,,,,,,173.89132890012115,173.91751260031015,173.91751260031015,173.91751260031015,0.003303700126707554,174.4522166000679,,[np.float64(-0.03666666666666667)],[np.float64(-0.3016666666666667)],[1],[0],[0],[0.5601038997992873],['text_3'],p3,001,2025-10-15_20h10.38.487,word_priming,,2025.1.1,60.09409544949801,2025-10-15 20h10.47.716696 +0530,
,27,7,1,,,P_li_e,Police,old ,Police,[np.float64(-0.03666666666666667)],[np.float64(-0.3016666666666667)],[1],[0],[0],[4.5913257002830505],['text_3'],,,,,1,7,27,7,174.48380070040002,,,,,,,,,174.45716260001063,174.48380070040002,174.48380070040002,174.48380070040002,0.00473450031131506,179.04935390036553,Police,[np.float64(-0.03666666666666667)],[np.float64(-0.3016666666666667)],[1],[0],[0],[4.5913257002830505],['text_3'],p3,001,2025-10-15_20h10.38.487,word_priming,,2025.1.1,60.09409544949801,2025-10-15 20h10.47.716696 +0530,
,28,8,1,,,_oo_,book,old ,book,[np.float64(-0.03666666666666667)],[np.float64(-0.3016666666666667)],[1],[0],[0],[2.909296799916774],['text_3'],,,,,1,8,28,13,179.07921820040792,,,,,,,,,179.05245249997824,179.07921820040792,179.07921820040792,179.07921820040792,0.00295259989798069,181.96255480032414,book,[np.float64(-0.03666666666666667)],[np.float64(-0.3016666666666667)],[1],[0],[0],[2.909296799916774],['text_3'],p3,001,2025-10-15_20h10.38.487,word_priming,,2025.1.1,60.09409544949801,2025-10-15 20h10.47.716696 +0530,
,29,9,1,,,_ho_e,Phone,old ,phone,[np.float64(-0.03666666666666667)],[np.float64(-0.3016666666666667)],[1],[0],[0],[4.04039859957993],['text_3'],,,,,1,9,29,12,181.99293880024925,,,,,,,,,181.9674331001006,181.99293880024925,181.99293880024925,181.99293880024925,0.00465879961848259,186.00873380014673,phone,[np.float64(-0.03666666666666667)],[np.float64(-0.3016666666666667)],[1],[0],[0],[4.04039859957993],['text_3'],p3,001,2025-10-15_20h10.38.487,word_priming,,2025.1.1,60.09409544949801,2025-10-15 20h10.47.716696 +0530,
,30,10,1,,,T_hi_t,Tshirt,old ,Tshirt,[np.float64(-0.03666666666666667)],[np.float64(-0.3016666666666667)],[1],[0],[0],[3.307320499792695],['text_3'],,,,,1,10,30,2,186.0391172003001,,,,,,,,,186.0137105002068,186.0391172003001,186.0391172003001,186.0391172003001,0.004760900046676397,189.32194220041856,Tshirt,[np.float64(-0.03666666666666667)],[np.float64(-0.3016666666666667)],[1],[0],[0],[3.307320499792695],['text_3'],p3,001,2025-10-15_20h10.38.487,word_priming,,2025.1.1,60.09409544949801,2025-10-15 20h10.47.716696 +0530,
,31,11,1,,,_o_rd,Board,old ,,[np.float64(-0.03666666666666667)],[np.float64(-0.3016666666666667)],[1],[0],[0],[1.6247060000896454],['text_3'],,,,,1,11,31,10,189.35251890029758,,,,,,,,,189.32688530022278,189.35251890029758,189.35251890029758,189.35251890029758,0.004707599990069866,190.95252180006355,,[np.float64(-0.03666666666666667)],[np.float64(-0.3016666666666667)],[1],[0],[0],[1.6247060000896454],['text_3'],p3,001,2025-10-15_20h10.38.487,word_priming,,2025.1.1,60.09409544949801,2025-10-15 20h10.47.716696 +0530,
,32,12,1,,,_ru_s_,cruise,old ,,[np.float64(-0.03666666666666667)],[np.float64(-0.3016666666666667)],[1],[0],[0],[0.2273276001214981],['text_3'],,,,,1,12,32,6,190.9842605004087,,,,,,,,,190.9575342000462,190.9842605004087,190.9842605004087,190.9842605004087,0.004799899645149708,191.1857969001867,,[np.float64(-0.03666666666666667)],[np.float64(-0.3016666666666667)],[1],[0],[0],[0.2273276001214981],['text_3'],p3,001,2025-10-15_20h10.38.487,word_priming,,2025.1.1,60.09409544949801,2025-10-15 20h10.47.716696 +0530,
,33,13,1,,,c_s_,case,old ,,[np.float64(-0.03666666666666667)],[np.float64(-0.3016666666666667)],[1],[0],[0],[0.1286884997971356],['text_3'],,,,,1,13,33,5,191.21683970000595,,,,,,,,,191.19006730010733,191.21683970000595,191.21683970000595,191.21683970000595,0.004062599968165159,191.31968470010906,,[np.float64(-0.03666666666666667)],[np.float64(-0.3016666666666667)],[1],[0],[0],[0.1286884997971356],['text_3'],p3,001,2025-10-15_20h10.38.487,word_priming,,2025.1.1,60.09409544949801,2025-10-15 20h10.47.716696 +0530,
,34,14,1,,,K_y_,Keys,old ,,[np.float64(-0.03666666666666667)],[np.float64(-0.3016666666666667)],[1],[0],[0],[0.19398529967293143],['text_3'],,,,,1,14,34,8,191.3500816002488,,,,,,,,,191.32406970020384,191.3500816002488,191.3500816002488,191.3500816002488,0.004185500089079142,191.5189934000373,,[np.float64(-0.03666666666666667)],[np.float64(-0.3016666666666667)],[1],[0],[0],[0.19398529967293143],['text_3'],p3,001,2025-10-15_20h10.38.487,word_priming,,2025.1.1,60.09409544949801,2025-10-15 20h10.47.716696 +0530,
,35,15,1,,,ta_l_,table,new,,[np.float64(-0.03666666666666667)],[np.float64(-0.3016666666666667)],[1],[0],[0],[0.12746089976280928],['text_3'],,,,,1,15,35,15,191.5499635003507,,,,,,,,,191.52379860030487,191.5499635003507,191.5499635003507,191.5499635003507,0.004610499832779169,191.6521949004382,,[np.float64(-0.03666666666666667)],[np.float64(-0.3016666666666667)],[1],[0],[0],[0.12746089976280928],['text_3'],p3,001,2025-10-15_20h10.38.487,word_priming,,2025.1.1,60.09409544949801,2025-10-15 20h10.47.716696 +0530,
,36,16,1,,,l_pt_p,laptop,old ,,[np.float64(-0.03666666666666667)],[np.float64(-0.3016666666666667)],[1],[0],[0],[0.16091350000351667],['text_3'],,,,,1,16,36,0,191.68340660026297,,,,,,,,,191.65726230014116,191.68340660026297,191.68340660026297,191.68340660026297,0.004851500038057566,191.819093500264,,[np.float64(-0.03666666666666667)],[np.float64(-0.3016666666666667)],[1],[0],[0],[0.16091350000351667],['text_3'],p3,001,2025-10-15_20h10.38.487,word_priming,,2025.1.1,60.09409544949801,2025-10-15 20h10.47.716696 +0530,
,37,17,1,,,c_m_ra,camera,new,,[np.float64(-0.03666666666666667)],[np.float64(-0.3016666666666667)],[1],[0],[0],[0.1759709999896586],['text_3'],,,,,1,17,37,19,191.84986980026588,,,,,,,,,191.8245171001181,191.84986980026588,191.84986980026588,191.84986980026588,0.005222999956458807,192.00141420029104,,[np.float64(-0.03666666666666667)],[np.float64(-0.3016666666666667)],[1],[0],[0],[0.1759709999896586],['text_3'],p3,001,2025-10-15_20h10.38.487,word_priming,,2025.1.1,60.09409544949801,2025-10-15 20h10.47.716696 +0530,
,38,18,1,,,_a_bl_,Marble,old ,,[np.float64(-0.03666666666666667)],[np.float64(-0.3016666666666667)],[1],[0],[0],[0.1779259000904858],['text_3'],,,,,1,18,38,11,192.0330967004411,,,,,,,,,192.0062317000702,192.0330967004411,192.0330967004411,192.0330967004411,0.004605799913406372,192.18508100043982,,[np.float64(-0.03666666666666667)],[np.float64(-0.3016666666666667)],[1],[0],[0],[0.1779259000904858],['text_3'],p3,001,2025-10-15_20h10.38.487,word_priming,,2025.1.1,60.09409544949801,2025-10-15 20h10.47.716696 +0530,
,39,19,1,,,v_s_,vase,new,,[np.float64(-0.03666666666666667)],[np.float64(-0.3016666666666667)],[1],[0],[0],[0.17782479990273714],['text_3'],,,,,1,19,39,17,192.21618480002508,,,,,,,,,192.18938200036064,192.21618480002508,192.21618480002508,192.21618480002508,0.004104000050574541,192.3681371002458,,[np.float64(-0.03666666666666667)],[np.float64(-0.3016666666666667)],[1],[0],[0],[0.17782479990273714],['text_3'],p3,001,2025-10-15_20h10.38.487,word_priming,,2025.1.1,60.09409544949801,2025-10-15 20h10.47.716696 +0530,
,40,0,2,,,bo_t_e,bottle,new,,[np.float64(-0.03666666666666667)],[np.float64(-0.3016666666666667)],[1],[0],[0],[0.15994969988241792],['text_3'],,,,,2,0,40,18,192.39933270029724,,,,,,,,,192.37337270006537,192.39933270029724,192.39933270029724,192.39933270029724,0.005032700020819902,192.5342578003183,,[np.float64(-0.03666666666666667)],[np.float64(-0.3016666666666667)],[1],[0],[0],[0.15994969988241792],['text_3'],p3,001,2025-10-15_20h10.38.487,word_priming,,2025.1.1,60.09409544949801,2025-10-15 20h10.47.716696 +0530,
,41,1,2,,,T_hi_t,Tshirt,old ,,[np.float64(-0.03666666666666667)],[np.float64(-0.3016666666666667)],[1],[0],[0],[0.1944654998369515],['text_3'],,,,,2,1,41,2,192.56592359999195,,,,,,,,,192.53919410007074,192.56592359999195,192.56592359999195,192.56592359999195,0.004695499781519175,192.73457770003006,,[np.float64(-0.03666666666666667)],[np.float64(-0.3016666666666667)],[1],[0],[0],[0.1944654998369515],['text_3'],p3,001,2025-10-15_20h10.38.487,word_priming,,2025.1.1,60.09409544949801,2025-10-15 20h10.47.716696 +0530,
,42,2,2,,,_oo_,book,old ,,[np.float64(-0.03666666666666667)],[np.float64(-0.3016666666666667)],[1],[0],[0],[0.17829419998452067],['text_3'],,,,,2,2,42,13,192.7658049003221,,,,,,,,,192.73885580012575,192.7658049003221,192.7658049003221,192.7658049003221,0.004090200178325176,192.91809080028906,,[np.float64(-0.03666666666666667)],[np.float64(-0.3016666666666667)],[1],[0],[0],[0.17829419998452067],['text_3'],p3,001,2025-10-15_20h10.38.487,word_priming,,2025.1.1,60.09409544949801,2025-10-15 20h10.47.716696 +0530,
,43,3,2,,,p_nc_l,pencil,new,,[np.float64(-0.03666666666666667)],[np.float64(-0.3016666666666667)],[1],[0],[0],[0.1933014001697302],['text_3'],,,,,2,3,43,16,192.94870200008154,,,,,,,,,192.9230039003305,192.94870200008154,192.94870200008154,192.94870200008154,0.0047010998241603374,193.11722650006413,,[np.float64(-0.03666666666666667)],[np.float64(-0.3016666666666667)],[1],[0],[0],[0.1933014001697302],['text_3'],p3,001,2025-10-15_20h10.38.487,word_priming,,2025.1.1,60.09409544949801,2025-10-15 20h10.47.716696 +0530,
,44,4,2,,,_o_rd,Board,old ,,[np.float64(-0.03666666666666667)],[np.float64(-0.3016666666666667)],[1],[0],[0],[0.17732639983296394],['text_3'],,,,,2,4,44,10,193.1489755003713,,,,,,,,,193.1226428002119,193.1489755003713,193.1489755003713,193.1489755003713,0.005211899988353252,193.3008950999938,,[np.float64(-0.03666666666666667)],[np.float64(-0.3016666666666667)],[1],[0],[0],[0.17732639983296394],['text_3'],p3,001,2025-10-15_20h10.38.487,word_priming,,2025.1.1,60.09409544949801,2025-10-15 20h10.47.716696 +0530,
,45,5,2,,,P_st_r,Poster,old ,,[np.float64(-0.03666666666666667)],[np.float64(-0.3016666666666667)],[1],[0],[0],[0.12841959996148944],['text_3'],,,,,2,5,45,9,193.33191810036078,,,,,,,,,193.30571830039844,193.33191810036078,193.33191810036078,193.33191810036078,0.004607300274074078,193.4350613001734,,[np.float64(-0.03666666666666667)],[np.float64(-0.3016666666666667)],[1],[0],[0],[0.12841959996148944],['text_3'],p3,001,2025-10-15_20h10.38.487,word_priming,,2025.1.1,60.09409544949801,2025-10-15 20h10.47.716696 +0530,
,46,6,2,,,_ha_t,chart,old ,,[np.float64(-0.03666666666666667)],[np.float64(-0.3016666666666667)],[1],[0],[0],[0.22632750030606985],['text_3'],,,,,2,6,46,1,193.46495470032096,,,,,,,,,193.4400296001695,193.46495470032096,193.46495470032096,193.46495470032096,0.004756799899041653,193.6673290003091,,[np.float64(-0.03666666666666667)],[np.float64(-0.3016666666666667)],[1],[0],[0],[0.22632750030606985],['text_3'],p3,001,2025-10-15_20h10.38.487,word_priming,,2025.1.1,60.09409544949801,2025-10-15 20h10.47.716696 +0530,
,47,7,2,,,l_pt_p,laptop,old ,,[np.float64(-0.03666666666666667)],[np.float64(-0.3016666666666667)],[1],[0],[0],[0.15965160029008985],['text_3'],,,,,2,7,47,0,193.69813280040398,,,,,,,,,193.67230880027637,193.69813280040398,193.69813280040398,193.69813280040398,0.004773699678480625,193.83288020035252,,[np.float64(-0.03666666666666667)],[np.float64(-0.3016666666666667)],[1],[0],[0],[0.15965160029008985],['text_3'],p3,001,2025-10-15_20h10.38.487,word_priming,,2025.1.1,60.09409544949801,2025-10-15 20h10.47.716696 +0530,
,48,8,2,,,K_y_,Keys,old ,,[np.float64(-0.03666666666666667)],[np.float64(-0.3016666666666667)],[1],[0],[0],[0.14507710002362728],['text_3'],,,,,2,8,48,8,193.86479880008847,,,,,,,,,193.83719980018213,193.86479880008847,193.86479880008847,193.86479880008847,0.004112000111490488,193.98319610022008,,[np.float64(-0.03666666666666667)],[np.float64(-0.3016666666666667)],[1],[0],[0],[0.14507710002362728],['text_3'],p3,001,2025-10-15_20h10.38.487,word_priming,,2025.1.1,60.09409544949801,2025-10-15 20h10.47.716696 +0530,
,49,9,2,,,v_s_,vase,new,,[np.float64(-0.03666666666666667)],[np.float64(-0.3016666666666667)],[1],[0],[0],[0.19483570009469986],['text_3'],,,,,2,9,49,17,194.01474340027198,,,,,,,,,193.9876757999882,194.01474340027198,194.01474340027198,194.01474340027198,0.004279499873518944,194.18344390019774,,[np.float64(-0.03666666666666667)],[np.float64(-0.3016666666666667)],[1],[0],[0],[0.19483570009469986],['text_3'],p3,001,2025-10-15_20h10.38.487,word_priming,,2025.1.1,60.09409544949801,2025-10-15 20h10.47.716696 +0530,
,50,10,2,,,ta_l_,table,new,,[np.float64(-0.03666666666666667)],[np.float64(-0.3016666666666667)],[1],[0],[0],[0.1932624001055956],['text_3'],,,,,2,10,50,15,194.21438390016556,,,,,,,,,194.18827410042286,194.21438390016556,194.21438390016556,194.21438390016556,0.004632200114428997,194.3824646002613,,[np.float64(-0.03666666666666667)],[np.float64(-0.3016666666666667)],[1],[0],[0],[0.1932624001055956],['text_3'],p3,001,2025-10-15_20h10.38.487,word_priming,,2025.1.1,60.09409544949801,2025-10-15 20h10.47.716696 +0530,
,51,11,2,,,_ho_e,Phone,old ,,[np.float64(-0.03666666666666667)],[np.float64(-0.3016666666666667)],[1],[0],[0],[0.16200229991227388],['text_3'],,,,,2,11,51,12,194.4141099001281,,,,,,,,,194.38729170011356,194.4141099001281,194.4141099001281,194.4141099001281,0.004592800047248602,194.55021470040083,,[np.float64(-0.03666666666666667)],[np.float64(-0.3016666666666667)],[1],[0],[0],[0.16200229991227388],['text_3'],p3,001,2025-10-15_20h10.38.487,word_priming,,2025.1.1,60.09409544949801,2025-10-15 20h10.47.716696 +0530,
,52,12,2,,,c_s_,case,old ,,[np.float64(-0.03666666666666667)],[np.float64(-0.3016666666666667)],[1],[0],[0],[0.19319549994543195],['text_3'],,,,,2,12,52,5,194.5805820003152,,,,,,,,,194.55455060023814,194.5805820003152,194.5805820003152,194.5805820003152,0.004134399816393852,194.7486697002314,,[np.float64(-0.03666666666666667)],[np.float64(-0.3016666666666667)],[1],[0],[0],[0.19319549994543195],['text_3'],p3,001,2025-10-15_20h10.38.487,word_priming,,2025.1.1,60.09409544949801,2025-10-15 20h10.47.716696 +0530,
,53,13,2,,,P_str_,pastry,old ,,[np.float64(-0.03666666666666667)],[np.float64(-0.3016666666666667)],[1],[0],[0],[0.1772477999329567],['text_3'],,,,,2,13,53,4,194.7808162001893,,,,,,,,,194.75368420034647,194.7808162001893,194.7808162001893,194.7808162001893,0.0048107001930475235,194.93188200006261,,[np.float64(-0.03666666666666667)],[np.float64(-0.3016666666666667)],[1],[0],[0],[0.1772477999329567],['text_3'],p3,001,2025-10-15_20h10.38.487,word_priming,,2025.1.1,60.09409544949801,2025-10-15 20h10.47.716696 +0530,
,54,14,2,,,c_m_ra,camera,new,,[np.float64(-0.03666666666666667)],[np.float64(-0.3016666666666667)],[1],[0],[0],[0.12927060015499592],['text_3'],,,,,2,14,54,19,194.96331920009106,,,,,,,,,194.93677220027894,194.96331920009106,194.96331920009106,194.96331920009106,0.004675200209021568,195.06698210025206,,[np.float64(-0.03666666666666667)],[np.float64(-0.3016666666666667)],[1],[0],[0],[0.12927060015499592],['text_3'],p3,001,2025-10-15_20h10.38.487,word_priming,,2025.1.1,60.09409544949801,2025-10-15 20h10.47.716696 +0530,
,55,15,2,,,_a_bl_,Marble,old ,,[np.float64(-0.03666666666666667)],[np.float64(-0.3016666666666667)],[1],[0],[0],[0.19185249973088503],['text_3'],,,,,2,15,55,11,195.09641850041226,,,,,,,,,195.0723506002687,195.09641850041226,195.09641850041226,195.09641850041226,0.005175999831408262,195.26519360020757,,[np.float64(-0.03666666666666667)],[np.float64(-0.3016666666666667)],[1],[0],[0],[0.19185249973088503],['text_3'],p3,001,2025-10-15_20h10.38.487,word_priming,,2025.1.1,60.09409544949801,2025-10-15 20h10.47.716696 +0530,
,56,16,2,,,c_s_io_,cushion,old ,,[np.float64(-0.03666666666666667)],[np.float64(-0.3016666666666667)],[1],[0],[0],[0.16033140011131763],['text_3'],,,,,2,16,56,14,195.29665630031377,,,,,,,,,195.2701350999996,195.29665630031377,195.29665630031377,195.29665630031377,0.00472630001604557,195.43139510042965,,[np.float64(-0.03666666666666667)],[np.float64(-0.3016666666666667)],[1],[0],[0],[0.16033140011131763],['text_3'],p3,001,2025-10-15_20h10.38.487,word_priming,,2025.1.1,60.09409544949801,2025-10-15 20h10.47.716696 +0530,
,57,17,2,,,P_li_e,Police,old ,,[np.float64(-0.03666666666666667)],[np.float64(-0.3016666666666667)],[1],[0],[0],[0.16082499967887998],['text_3'],,,,,2,17,57,7,195.46304220007733,,,,,,,,,195.43654370028526,195.46304220007733,195.46304220007733,195.46304220007733,0.00494030024856329,195.59831110015512,,[np.float64(-0.03666666666666667)],[np.float64(-0.3016666666666667)],[1],[0],[0],[0.16082499967887998],['text_3'],p3,001,2025-10-15_20h10.38.487,word_priming,,2025.1.1,60.09409544949801,2025-10-15 20h10.47.716696 +0530,
,58,18,2,,,_ru_s_,cruise,old ,,[np.float64(-0.03666666666666667)],[np.float64(-0.3016666666666667)],[1],[0],[0],[0.16109219985082746],['text_3'],,,,,2,18,58,6,195.62943500000983,,,,,,,,,195.60313240019605,195.62943500000983,195.62943500000983,195.62943500000983,0.00461759977042675,195.76514870021492,,[np.float64(-0.03666666666666667)],[np.float64(-0.3016666666666667)],[1],[0],[0],[0.16109219985082746],['text_3'],p3,001,2025-10-15_20h10.38.487,word_priming,,2025.1.1,60.09409544949801,2025-10-15 20h10.47.716696 +0530,
,59,19,2,,,_ou_se,mouse,old ,,[np.float64(-0.03666666666666667)],[np.float64(-0.3016666666666667)],[1],[0],[0],[0.20979319978505373],['text_3'],,,,,2,19,59,3,195.79616550030187,,,,,,,,,195.77008230006322,195.79616550030187,195.79616550030187,195.79616550030187,0.004797700326889753,195.98087170021608,,[np.float64(-0.03666666666666667)],[np.float64(-0.3016666666666667)],[1],[0],[0],[0.20979319978505373],['text_3'],p3,001,2025-10-15_20h10.38.487,word_priming,,2025.1.1,60.09409544949801,2025-10-15 20h10.47.716696 +0530,
,60,0,3,,,P_str_,pastry,old ,,[np.float64(-0.03666666666666667)],[np.float64(-0.3016666666666667)],[1],[0],[0],[0.1774443998001516],['text_3'],,,,,3,0,60,4,196.01302010007203,,,,,,,,,195.98574570007622,196.01302010007203,196.01302010007203,196.01302010007203,0.0046582999639213085,196.16411080025136,,[np.float64(-0.03666666666666667)],[np.float64(-0.3016666666666667)],[1],[0],[0],[0.1774443998001516],['text_3'],p3,001,2025-10-15_20h10.38.487,word_priming,,2025.1.1,60.09409544949801,2025-10-15 20h10.47.716696 +0530,
,61,1,3,,,bo_t_e,bottle,new,,[np.float64(-0.03666666666666667)],[np.float64(-0.3016666666666667)],[1],[0],[0],[0.19393919967114925],['text_3'],,,,,3,1,61,18,196.19574280036613,,,,,,,,,196.16899490030482,196.19574280036613,196.19574280036613,196.19574280036613,0.004681800026446581,196.36386360041797,,[np.float64(-0.03666666666666667)],[np.float64(-0.3016666666666667)],[1],[0],[0],[0.19393919967114925],['text_3'],p3,001,2025-10-15_20h10.38.487,word_priming,,2025.1.1,60.09409544949801,2025-10-15 20h10.47.716696 +0530,
,62,2,3,,,T_hi_t,Tshirt,old ,,[np.float64(-0.03666666666666667)],[np.float64(-0.3016666666666667)],[1],[0],[0],[0.16071989992633462],['text_3'],,,,,3,2,62,2,196.3954161000438,,,,,,,,,196.36929330043495,196.3954161000438,196.3954161000438,196.3954161000438,0.005212800111621618,196.53101210016757,,[np.float64(-0.03666666666666667)],[np.float64(-0.3016666666666667)],[1],[0],[0],[0.16071989992633462],['text_3'],p3,001,2025-10-15_20h10.38.487,word_priming,,2025.1.1,60.09409544949801,2025-10-15 20h10.47.716696 +0530,
,63,3,3,,,c_m_ra,camera,new,,[np.float64(-0.03666666666666667)],[np.float64(-0.3016666666666667)],[1],[0],[0],[0.19323570001870394],['text_3'],,,,,3,3,63,19,196.56213830038905,,,,,,,,,196.53590340027586,196.56213830038905,196.56213830038905,196.56213830038905,0.004689299967139959,196.7301369002089,,[np.float64(-0.03666666666666667)],[np.float64(-0.3016666666666667)],[1],[0],[0],[0.19323570001870394],['text_3'],p3,001,2025-10-15_20h10.38.487,word_priming,,2025.1.1,60.09409544949801,2025-10-15 20h10.47.716696 +0530,
,64,4,3,,,c_s_,case,old ,,[np.float64(-0.03666666666666667)],[np.float64(-0.3016666666666667)],[1],[0],[0],[0.17787980008870363],['text_3'],,,,,3,4,64,5,196.76235560001805,,,,,,,,,196.73442710004747,196.76235560001805,196.76235560001805,196.76235560001805,0.004067699890583754,196.91323620034382,,[np.float64(-0.03666666666666667)],[np.float64(-0.3016666666666667)],[1],[0],[0],[0.17787980008870363],['text_3'],p3,001,2025-10-15_20h10.38.487,word_priming,,2025.1.1,60.09409544949801,2025-10-15 20h10.47.716696 +0530,
,65,5,3,,,_ru_s_,cruise,old ,,[np.float64(-0.03666666666666667)],[np.float64(-0.3016666666666667)],[1],[0],[0],[0.16147480020299554],['text_3'],,,,,3,5,65,6,196.94485109997913,,,,,,,,,196.91813790006563,196.94485109997913,196.94485109997913,196.94485109997913,0.004690700210630894,197.0805478002876,,[np.float64(-0.03666666666666667)],[np.float64(-0.3016666666666667)],[1],[0],[0],[0.16147480020299554],['text_3'],p3,001,2025-10-15_20h10.38.487,word_priming,,2025.1.1,60.09409544949801,2025-10-15 20h10.47.716696 +0530,
,66,6,3,,,v_s_,vase,new,,[np.float64(-0.03666666666666667)],[np.float64(-0.3016666666666667)],[1],[0],[0],[0.17727370001375675],['text_3'],,,,,3,6,66,17,197.1114790001884,,,,,,,,,197.08488280000165,197.1114790001884,197.1114790001884,197.1114790001884,0.004139300435781479,197.2629558001645,,[np.float64(-0.03666666666666667)],[np.float64(-0.3016666666666667)],[1],[0],[0],[0.17727370001375675],['text_3'],p3,001,2025-10-15_20h10.38.487,word_priming,,2025.1.1,60.09409544949801,2025-10-15 20h10.47.716696 +0530,
,67,7,3,,,_ha_t,chart,old ,,[np.float64(-0.03666666666666667)],[np.float64(-0.3016666666666667)],[1],[0],[0],[0.16385210026055574],['text_3'],,,,,3,7,67,1,197.29456910025328,,,,,,,,,197.26631560036913,197.29456910025328,197.29456910025328,197.29456910025328,0.00321759982034564,197.43087610043585,,[np.float64(-0.03666666666666667)],[np.float64(-0.3016666666666667)],[1],[0],[0],[0.16385210026055574],['text_3'],p3,001,2025-10-15_20h10.38.487,word_priming,,2025.1.1,60.09409544949801,2025-10-15 20h10.47.716696 +0530,
,68,8,3,,,ta_l_,table,new,,[np.float64(-0.03666666666666667)],[np.float64(-0.3016666666666667)],[1],[0],[0],[0.24390120012685657],['text_3'],,,,,3,8,68,15,197.46097490005195,,,,,,,,,197.43433870002627,197.46097490005195,197.46097490005195,197.46097490005195,0.003324800170958042,197.6790927001275,,[np.float64(-0.03666666666666667)],[np.float64(-0.3016666666666667)],[1],[0],[0],[0.24390120012685657],['text_3'],p3,001,2025-10-15_20h10.38.487,word_priming,,2025.1.1,60.09409544949801,2025-10-15 20h10.47.716696 +0530,
,69,9,3,,,P_li_e,Police,old ,,[np.float64(-0.03666666666666667)],[np.float64(-0.3016666666666667)],[1],[0],[0],[0.19464150024577975],['text_3'],,,,,3,9,69,7,197.71065510017797,,,,,,,,,197.6845229002647,197.71065510017797,197.71065510017797,197.71065510017797,0.005201099906116724,197.88010860001668,,[np.float64(-0.03666666666666667)],[np.float64(-0.3016666666666667)],[1],[0],[0],[0.19464150024577975],['text_3'],p3,001,2025-10-15_20h10.38.487,word_priming,,2025.1.1,60.09409544949801,2025-10-15 20h10.47.716696 +0530,
,70,10,3,,,p_nc_l,pencil,new,,[np.float64(-0.03666666666666667)],[np.float64(-0.3016666666666667)],[1],[0],[0],[0.19403380015864968],['text_3'],,,,,3,10,70,16,197.91076870029792,,,,,,,,,197.88494290038943,197.91076870029792,197.91076870029792,197.91076870029792,0.004633700009435415,198.07990080025047,,[np.float64(-0.03666666666666667)],[np.float64(-0.3016666666666667)],[1],[0],[0],[0.19403380015864968],['text_3'],p3,001,2025-10-15_20h10.38.487,word_priming,,2025.1.1,60.09409544949801,2025-10-15 20h10.47.716696 +0530,
,71,11,3,,,K_y_,Keys,old ,,[np.float64(-0.03666666666666667)],[np.float64(-0.3016666666666667)],[1],[0],[0],[0.17678309977054596],['text_3'],,,,,3,11,71,8,198.11047220043838,,,,,,,,,198.08427050011232,198.11047220043838,198.11047220043838,198.11047220043838,0.004170999862253666,198.2619793000631,,[np.float64(-0.03666666666666667)],[np.float64(-0.3016666666666667)],[1],[0],[0],[0.17678309977054596],['text_3'],p3,001,2025-10-15_20h10.38.487,word_priming,,2025.1.1,60.09409544949801,2025-10-15 20h10.47.716696 +0530,
,72,12,3,,,_o_rd,Board,old ,,[np.float64(-0.03666666666666667)],[np.float64(-0.3016666666666667)],[1],[0],[0],[0.1617951998487115],['text_3'],,,,,3,12,72,10,198.29373670043424,,,,,,,,,198.2667668000795,198.29373670043424,198.29373670043424,198.29373670043424,0.004574199672788382,198.42948150029406,,[np.float64(-0.03666666666666667)],[np.float64(-0.3016666666666667)],[1],[0],[0],[0.1617951998487115],['text_3'],p3,001,2025-10-15_20h10.38.487,word_priming,,2025.1.1,60.09409544949801,2025-10-15 20h10.47.716696 +0530,
,73,13,3,,,_a_bl_,Marble,old ,,[np.float64(-0.03666666666666667)],[np.float64(-0.3016666666666667)],[1],[0],[0],[0.22630230011418462],['text_3'],,,,,3,13,73,11,198.46017270023003,,,,,,,,,198.43458340037614,198.46017270023003,198.46017270023003,198.46017270023003,0.004906699992716312,198.6618217001669,,[np.float64(-0.03666666666666667)],[np.float64(-0.3016666666666667)],[1],[0],[0],[0.22630230011418462],['text_3'],p3,001,2025-10-15_20h10.38.487,word_priming,,2025.1.1,60.09409544949801,2025-10-15 20h10.47.716696 +0530,
,74,14,3,,,_ho_e,Phone,old ,,[np.float64(-0.03666666666666667)],[np.float64(-0.3016666666666667)],[1],[0],[0],[0.16132960002869368],['text_3'],,,,,3,14,74,12,198.69325080001727,,,,,,,,,198.66660950006917,198.69325080001727,198.69325080001727,198.69325080001727,0.0045692999847233295,198.82886930042878,,[np.float64(-0.03666666666666667)],[np.float64(-0.3016666666666667)],[1],[0],[0],[0.16132960002869368],['text_3'],p3,001,2025-10-15_20h10.38.487,word_priming,,2025.1.1,60.09409544949801,2025-10-15 20h10.47.716696 +0530,
,75,15,3,,,l_pt_p,laptop,old ,,[np.float64(-0.03666666666666667)],[np.float64(-0.3016666666666667)],[1],[0],[0],[0.1770812999457121],['text_3'],,,,,3,15,75,0,198.85980310011655,,,,,,,,,198.83380580041558,198.85980310011655,198.85980310011655,198.85980310011655,0.004739800002425909,199.01181810023263,,[np.float64(-0.03666666666666667)],[np.float64(-0.3016666666666667)],[1],[0],[0],[0.1770812999457121],['text_3'],p3,001,2025-10-15_20h10.38.487,word_priming,,2025.1.1,60.09409544949801,2025-10-15 20h10.47.716696 +0530,
,76,16,3,,,_oo_,book,old ,,[np.float64(-0.03666666666666667)],[np.float64(-0.3016666666666667)],[1],[0],[0],[0.2267543999478221],['text_3'],,,,,3,16,76,13,199.04263410018757,,,,,,,,,199.0166101003997,199.04263410018757,199.04263410018757,199.04263410018757,0.00459160003811121,199.24429990025237,,[np.float64(-0.03666666666666667)],[np.float64(-0.3016666666666667)],[1],[0],[0],[0.2267543999478221],['text_3'],p3,001,2025-10-15_20h10.38.487,word_priming,,2025.1.1,60.09409544949801,2025-10-15 20h10.47.716696 +0530,
,77,17,3,,,P_st_r,Poster,old ,,[np.float64(-0.03666666666666667)],[np.float64(-0.3016666666666667)],[1],[0],[0],[0.1937424000352621],['text_3'],,,,,3,17,77,9,199.27602810040116,,,,,,,,,199.2491761003621,199.27602810040116,199.27602810040116,199.27602810040116,0.004664199892431498,199.44392750039697,,[np.float64(-0.03666666666666667)],[np.float64(-0.3016666666666667)],[1],[0],[0],[0.1937424000352621],['text_3'],p3,001,2025-10-15_20h10.38.487,word_priming,,2025.1.1,60.09409544949801,2025-10-15 20h10.47.716696 +0530,
,78,18,3,,,c_s_io_,cushion,old ,,[np.float64(-0.03666666666666667)],[np.float64(-0.3016666666666667)],[1],[0],[0],[0.1619632001966238],['text_3'],,,,,3,18,78,14,199.47554570017383,,,,,,,,,199.44883890030906,199.47554570017383,199.47554570017383,199.47554570017383,0.004697700031101704,199.6117970002815,,[np.float64(-0.03666666666666667)],[np.float64(-0.3016666666666667)],[1],[0],[0],[0.1619632001966238],['text_3'],p3,001,2025-10-15_20h10.38.487,word_priming,,2025.1.1,60.09409544949801,2025-10-15 20h10.47.716696 +0530,
,79,19,3,,,_ou_se,mouse,old ,,[np.float64(-0.03666666666666667)],[np.float64(-0.3016666666666667)],[1],[0],[0],[0.1923056999221444],['text_3'],,,,,3,19,79,3,199.64230310032144,,,,,,,,,199.61668340023607,199.64230310032144,199.64230310032144,199.64230310032144,0.004670700058341026,199.80992830032483,,[np.float64(-0.03666666666666667)],[np.float64(-0.3016666666666667)],[1],[0],[0],[0.1923056999221444],['text_3'],p3,001,2025-10-15_20h10.38.487,word_priming,,2025.1.1,60.09409544949801,2025-10-15 20h10.47.716696 +0530,
,80,0,4,,,K_y_,Keys,old ,,[np.float64(-0.03666666666666667)],[np.float64(-0.3016666666666667)],[1],[0],[0],[0.17868739971891046],['text_3'],,,,,4,0,80,8,199.8417346002534,,,,,,,,,199.81428410019726,199.8417346002534,199.8417346002534,199.8417346002534,0.004145100247114897,199.99389230040833,,[np.float64(-0.03666666666666667)],[np.float64(-0.3016666666666667)],[1],[0],[0],[0.17868739971891046],['text_3'],p3,001,2025-10-15_20h10.38.487,word_priming,,2025.1.1,60.09409544949801,2025-10-15 20h10.47.716696 +0530,
,81,1,4,,,_ho_e,Phone,old ,,[np.float64(-0.03666666666666667)],[np.float64(-0.3016666666666667)],[1],[0],[0],[0.16157259978353977],['text_3'],,,,,4,1,81,12,200.02502960013226,,,,,,,,,199.99879270000383,200.02502960013226,200.02502960013226,200.02502960013226,0.004701400175690651,200.16131320036948,,[np.float64(-0.03666666666666667)],[np.float64(-0.3016666666666667)],[1],[0],[0],[0.16157259978353977],['text_3'],p3,001,2025-10-15_20h10.38.487,word_priming,,2025.1.1,60.09409544949801,2025-10-15 20h10.47.716696 +0530,
,82,2,4,,,p_nc_l,pencil,new,,[np.float64(-0.03666666666666667)],[np.float64(-0.3016666666666667)],[1],[0],[0],[0.19356879964470863],['text_3'],,,,,4,2,82,16,200.19175920030102,,,,,,,,,200.16621799999848,200.19175920030102,200.19175920030102,200.19175920030102,0.004687800072133541,200.36077450029552,,[np.float64(-0.03666666666666667)],[np.float64(-0.3016666666666667)],[1],[0],[0],[0.19356879964470863],['text_3'],p3,001,2025-10-15_20h10.38.487,word_priming,,2025.1.1,60.09409544949801,2025-10-15 20h10.47.716696 +0530,
,83,3,4,,,v_s_,vase,new,,[np.float64(-0.03666666666666667)],[np.float64(-0.3016666666666667)],[1],[0],[0],[0.19265109999105334],['text_3'],,,,,4,3,83,17,200.39160620002076,,,,,,,,,200.36624850006774,200.39160620002076,200.39160620002076,200.39160620002076,0.00526549993082881,200.5598373003304,,[np.float64(-0.03666666666666667)],[np.float64(-0.3016666666666667)],[1],[0],[0],[0.19265109999105334],['text_3'],p3,001,2025-10-15_20h10.38.487,word_priming,,2025.1.1,60.09409544949801,2025-10-15 20h10.47.716696 +0530,
,84,4,4,,,_oo_,book,old ,,[np.float64(-0.03666666666666667)],[np.float64(-0.3016666666666667)],[1],[0],[0],[0.1942014000378549],['text_3'],,,,,4,4,84,13,200.59128060005605,,,,,,,,,200.5642193001695,200.59128060005605,200.59128060005605,200.59128060005605,0.00414740014821291,200.75935710035264,,[np.float64(-0.03666666666666667)],[np.float64(-0.3016666666666667)],[1],[0],[0],[0.1942014000378549],['text_3'],p3,001,2025-10-15_20h10.38.487,word_priming,,2025.1.1,60.09409544949801,2025-10-15 20h10.47.716696 +0530,
,85,5,4,,,_o_rd,Board,old ,,[np.float64(-0.03666666666666667)],[np.float64(-0.3016666666666667)],[1],[0],[0],[0.17840160010382533],['text_3'],,,,,4,5,85,10,200.7911591003649,,,,,,,,,200.76415810035542,200.7911591003649,200.7911591003649,200.7911591003649,0.004581599961966276,200.9434899003245,,[np.float64(-0.03666666666666667)],[np.float64(-0.3016666666666667)],[1],[0],[0],[0.17840160010382533],['text_3'],p3,001,2025-10-15_20h10.38.487,word_priming,,2025.1.1,60.09409544949801,2025-10-15 20h10.47.716696 +0530,
,86,6,4,,,bo_t_e,bottle,new,,[np.float64(-0.03666666666666667)],[np.float64(-0.3016666666666667)],[1],[0],[0],[0.19443489983677864],['text_3'],,,,,4,6,86,18,200.97439170023426,,,,,,,,,200.94829910015687,200.97439170023426,200.97439170023426,200.97439170023426,0.004607699811458588,201.1436664001085,,[np.float64(-0.03666666666666667)],[np.float64(-0.3016666666666667)],[1],[0],[0],[0.19443489983677864],['text_3'],p3,001,2025-10-15_20h10.38.487,word_priming,,2025.1.1,60.09409544949801,2025-10-15 20h10.47.716696 +0530,
,87,7,4,,,P_st_r,Poster,old ,,[np.float64(-0.03666666666666667)],[np.float64(-0.3016666666666667)],[1],[0],[0],[0.17676089983433485],['text_3'],,,,,4,7,87,9,201.1745033999905,,,,,,,,,201.1486205002293,201.1745033999905,201.1745033999905,201.1745033999905,0.004732500296086073,201.32631100015715,,[np.float64(-0.03666666666666667)],[np.float64(-0.3016666666666667)],[1],[0],[0],[0.17676089983433485],['text_3'],p3,001,2025-10-15_20h10.38.487,word_priming,,2025.1.1,60.09409544949801,2025-10-15 20h10.47.716696 +0530,
,88,8,4,,,_ou_se,mouse,old ,,[np.float64(-0.03666666666666667)],[np.float64(-0.3016666666666667)],[1],[0],[0],[0.19365829974412918],['text_3'],,,,,4,8,88,3,201.35731790028512,,,,,,,,,201.3311382001266,201.35731790028512,201.35731790028512,201.35731790028512,0.004625500179827213,201.52571840025485,,[np.float64(-0.03666666666666667)],[np.float64(-0.3016666666666667)],[1],[0],[0],[0.19365829974412918],['text_3'],p3,001,2025-10-15_20h10.38.487,word_priming,,2025.1.1,60.09409544949801,2025-10-15 20h10.47.716696 +0530,
,89,9,4,,,_ru_s_,cruise,old ,,[np.float64(-0.03666666666666667)],[np.float64(-0.3016666666666667)],[1],[0],[0],[0.19372660014778376],['text_3'],,,,,4,9,89,6,201.55711460020393,,,,,,,,,201.53060470009223,201.55711460020393,201.55711460020393,201.55711460020393,0.004688700195401907,201.7252648002468,,[np.float64(-0.03666666666666667)],[np.float64(-0.3016666666666667)],[1],[0],[0],[0.19372660014778376],['text_3'],p3,001,2025-10-15_20h10.38.487,word_priming,,2025.1.1,60.09409544949801,2025-10-15 20h10.47.716696 +0530,
,90,10,4,,,ta_l_,table,new,,[np.float64(-0.03666666666666667)],[np.float64(-0.3016666666666667)],[1],[0],[0],[0.17799159977585077],['text_3'],,,,,4,10,90,15,201.75693180039525,,,,,,,,,201.73056740034372,201.75693180039525,201.75693180039525,201.75693180039525,0.00509169977158308,201.90950820036232,,[np.float64(-0.03666666666666667)],[np.float64(-0.3016666666666667)],[1],[0],[0],[0.17799159977585077],['text_3'],p3,001,2025-10-15_20h10.38.487,word_priming,,2025.1.1,60.09409544949801,2025-10-15 20h10.47.716696 +0530,
,91,11,4,,,c_m_ra,camera,new,,[np.float64(-0.03666666666666667)],[np.float64(-0.3016666666666667)],[1],[0],[0],[0.20980060007423162],['text_3'],,,,,4,11,91,19,201.94003500044346,,,,,,,,,201.91433440009132,201.94003500044346,201.94003500044346,201.94003500044346,0.004631999880075455,202.12507560011,,[np.float64(-0.03666666666666667)],[np.float64(-0.3016666666666667)],[1],[0],[0],[0.20980060007423162],['text_3'],p3,001,2025-10-15_20h10.38.487,word_priming,,2025.1.1,60.09409544949801,2025-10-15 20h10.47.716696 +0530,
,92,12,4,,,T_hi_t,Tshirt,old ,,[np.float64(-0.03666666666666667)],[np.float64(-0.3016666666666667)],[1],[0],[0],[0.17694350006058812],['text_3'],,,,,4,12,92,2,202.15661340020597,,,,,,,,,202.12997840018943,202.15661340020597,202.15661340020597,202.15661340020597,0.0046824002638459206,202.30784790031612,,[np.float64(-0.03666666666666667)],[np.float64(-0.3016666666666667)],[1],[0],[0],[0.17694350006058812],['text_3'],p3,001,2025-10-15_20h10.38.487,word_priming,,2025.1.1,60.09409544949801,2025-10-15 20h10.47.716696 +0530,
,93,13,4,,,c_s_,case,old ,,[np.float64(-0.03666666666666667)],[np.float64(-0.3016666666666667)],[1],[0],[0],[0.22790429973974824],['text_3'],,,,,4,13,93,5,202.33933210000396,,,,,,,,,202.31223540008068,202.33933210000396,202.33933210000396,202.33933210000396,0.004177700262516737,202.54106550011784,,[np.float64(-0.03666666666666667)],[np.float64(-0.3016666666666667)],[1],[0],[0],[0.22790429973974824],['text_3'],p3,001,2025-10-15_20h10.38.487,word_priming,,2025.1.1,60.09409544949801,2025-10-15 20h10.47.716696 +0530,
,94,14,4,,,_a_bl_,Marble,old ,,[np.float64(-0.03666666666666667)],[np.float64(-0.3016666666666667)],[1],[0],[0],[0.16168820019811392],['text_3'],,,,,4,14,94,11,202.5730884000659,,,,,,,,,202.5459259999916,202.5730884000659,202.5730884000659,202.5730884000659,0.004645999986678362,202.70854550041258,,[np.float64(-0.03666666666666667)],[np.float64(-0.3016666666666667)],[1],[0],[0],[0.16168820019811392],['text_3'],p3,001,2025-10-15_20h10.38.487,word_priming,,2025.1.1,60.09409544949801,2025-10-15 20h10.47.716696 +0530,
,95,15,4,,,l_pt_p,laptop,old ,,[np.float64(-0.03666666666666667)],[np.float64(-0.3016666666666667)],[1],[0],[0],[0.19307700032368302],['text_3'],,,,,4,15,95,0,202.73926920024678,,,,,,,,,202.71341830026358,202.73926920024678,202.73926920024678,202.73926920024678,0.004684300161898136,202.9074436002411,,[np.float64(-0.03666666666666667)],[np.float64(-0.3016666666666667)],[1],[0],[0],[0.19307700032368302],['text_3'],p3,001,2025-10-15_20h10.38.487,word_priming,,2025.1.1,60.09409544949801,2025-10-15 20h10.47.716696 +0530,
,96,16,4,,,P_str_,pastry,old ,,[np.float64(-0.03666666666666667)],[np.float64(-0.3016666666666667)],[1],[0],[0],[0.16208800021559],['text_3'],,,,,4,16,96,4,202.9387269001454,,,,,,,,,202.91258940007538,202.9387269001454,202.9387269001454,202.9387269001454,0.004931200295686722,203.07547100028023,,[np.float64(-0.03666666666666667)],[np.float64(-0.3016666666666667)],[1],[0],[0],[0.16208800021559],['text_3'],p3,001,2025-10-15_20h10.38.487,word_priming,,2025.1.1,60.09409544949801,2025-10-15 20h10.47.716696 +0530,
,97,17,4,,,c_s_io_,cushion,old ,,[np.float64(-0.03666666666666667)],[np.float64(-0.3016666666666667)],[1],[0],[0],[0.1945664002560079],['text_3'],,,,,4,17,97,14,203.10520820040256,,,,,,,,,203.07941090036184,203.10520820040256,203.10520820040256,203.10520820040256,0.0037753996439278126,203.2748148003593,,[np.float64(-0.03666666666666667)],[np.float64(-0.3016666666666667)],[1],[0],[0],[0.1945664002560079],['text_3'],p3,001,2025-10-15_20h10.38.487,word_priming,,2025.1.1,60.09409544949801,2025-10-15 20h10.47.716696 +0530,
,98,18,4,,,P_li_e,Police,old ,,[np.float64(-0.03666666666666667)],[np.float64(-0.3016666666666667)],[1],[0],[0],[0.1934120999649167],['text_3'],,,,,4,18,98,7,203.3059010002762,,,,,,,,,203.27978570014238,203.3059010002762,203.3059010002762,203.3059010002762,0.004777299705892801,203.4741267003119,,[np.float64(-0.03666666666666667)],[np.float64(-0.3016666666666667)],[1],[0],[0],[0.1934120999649167],['text_3'],p3,001,2025-10-15_20h10.38.487,word_priming,,2025.1.1,60.09409544949801,2025-10-15 20h10.47.716696 +0530,
,99,19,4,,,_ha_t,chart,old ,,[np.float64(-0.03666666666666667)],[np.float64(-0.3016666666666667)],[1],[0],[0],[0.19408420007675886],['text_3'],,,,,4,19,99,1,203.50491470005363,,,,,,,,,203.47887170035392,203.50491470005363,203.50491470005363,203.50491470005363,0.004542800132185221,203.67389139998704,,[np.float64(-0.03666666666666667)],[np.float64(-0.3016666666666667)],[1],[0],[0],[0.19408420007675886],['text_3'],p3,001,2025-10-15_20h10.38.487,word_priming,,2025.1.1,60.09409544949801,2025-10-15 20h10.47.716696 +0530,
,100,0,5,,,_a_bl_,Marble,old ,,[np.float64(-0.03666666666666667)],[np.float64(-0.3016666666666667)],[1],[0],[0],[0.21229980001226068],['text_3'],,,,,5,0,100,11,203.70518280006945,,,,,,,,,203.67867050040513,203.70518280006945,203.70518280006945,203.70518280006945,0.004578200168907642,203.89189810026437,,[np.float64(-0.03666666666666667)],[np.float64(-0.3016666666666667)],[1],[0],[0],[0.21229980001226068],['text_3'],p3,001,2025-10-15_20h10.38.487,word_priming,,2025.1.1,60.09409544949801,2025-10-15 20h10.47.716696 +0530,
,101,1,5,,,K_y_,Keys,old ,,[np.float64(-0.03666666666666667)],[np.float64(-0.3016666666666667)],[1],[0],[0],[0.22726960014551878],['text_3'],,,,,5,1,101,8,203.92094160011038,,,,,,,,,203.89621480042115,203.92094160011038,203.92094160011038,203.92094160011038,0.004092299845069647,204.1244246000424,,[np.float64(-0.03666666666666667)],[np.float64(-0.3016666666666667)],[1],[0],[0],[0.22726960014551878],['text_3'],p3,001,2025-10-15_20h10.38.487,word_priming,,2025.1.1,60.09409544949801,2025-10-15 20h10.47.716696 +0530,
,102,2,5,,,P_str_,pastry,old ,,[np.float64(-0.03666666666666667)],[np.float64(-0.3016666666666667)],[1],[0],[0],[0.21089209988713264],['text_3'],,,,,5,2,102,4,204.15444020042196,,,,,,,,,204.1292202002369,204.15444020042196,204.15444020042196,204.15444020042196,0.004578699823468924,204.34090520022437,,[np.float64(-0.03666666666666667)],[np.float64(-0.3016666666666667)],[1],[0],[0],[0.21089209988713264],['text_3'],p3,001,2025-10-15_20h10.38.487,word_priming,,2025.1.1,60.09409544949801,2025-10-15 20h10.47.716696 +0530,
,103,3,5,,,_ou_se,mouse,old ,,[np.float64(-0.03666666666666667)],[np.float64(-0.3016666666666667)],[1],[0],[0],[0.21299479994922876],['text_3'],,,,,5,3,103,3,204.37096910038963,,,,,,,,,204.344265000429,204.37096910038963,204.37096910038963,204.37096910038963,0.00321390014141798,204.5579584003426,,[np.float64(-0.03666666666666667)],[np.float64(-0.3016666666666667)],[1],[0],[0],[0.21299479994922876],['text_3'],p3,001,2025-10-15_20h10.38.487,word_priming,,2025.1.1,60.09409544949801,2025-10-15 20h10.47.716696 +0530,
,104,4,5,,,ta_l_,table,new,,[np.float64(-0.03666666666666667)],[np.float64(-0.3016666666666667)],[1],[0],[0],[0.24339300021529198],['text_3'],,,,,5,4,104,15,204.58757119998336,,,,,,,,,204.56135320011526,204.58757119998336,204.58757119998336,204.58757119998336,0.0032492000609636307,204.80557660013437,,[np.float64(-0.03666666666666667)],[np.float64(-0.3016666666666667)],[1],[0],[0],[0.24339300021529198],['text_3'],p3,001,2025-10-15_20h10.38.487,word_priming,,2025.1.1,60.09409544949801,2025-10-15 20h10.47.716696 +0530,
,105,5,5,,,P_st_r,Poster,old ,,[np.float64(-0.03666666666666667)],[np.float64(-0.3016666666666667)],[1],[0],[0],[0.22721280017867684],['text_3'],,,,,5,5,105,9,204.83731050044298,,,,,,,,,204.8103847000748,204.83731050044298,204.83731050044298,204.83731050044298,0.00459429994225502,205.03849570034072,,[np.float64(-0.03666666666666667)],[np.float64(-0.3016666666666667)],[1],[0],[0],[0.22721280017867684],['text_3'],p3,001,2025-10-15_20h10.38.487,word_priming,,2025.1.1,60.09409544949801,2025-10-15 20h10.47.716696 +0530,
,106,6,5,,,c_s_io_,cushion,old ,,[np.float64(-0.03666666666666667)],[np.float64(-0.3016666666666667)],[1],[0],[0],[0.17756439978256822],['text_3'],,,,,5,6,106,14,205.0724351000972,,,,,,,,,205.04405050026253,205.0724351000972,205.0724351000972,205.0724351000972,0.005321600008755922,205.2225384004414,,[np.float64(-0.03666666666666667)],[np.float64(-0.3016666666666667)],[1],[0],[0],[0.17756439978256822],['text_3'],p3,001,2025-10-15_20h10.38.487,word_priming,,2025.1.1,60.09409544949801,2025-10-15 20h10.47.716696 +0530,
,107,7,5,,,l_pt_p,laptop,old ,,[np.float64(-0.03666666666666667)],[np.float64(-0.3016666666666667)],[1],[0],[0],[0.194011100102216],['text_3'],,,,,5,7,107,0,205.2535063000396,,,,,,,,,205.22741470020264,205.2535063000396,205.2535063000396,205.2535063000396,0.0046803997829556465,205.42235750006512,,[np.float64(-0.03666666666666667)],[np.float64(-0.3016666666666667)],[1],[0],[0],[0.194011100102216],['text_3'],p3,001,2025-10-15_20h10.38.487,word_priming,,2025.1.1,60.09409544949801,2025-10-15 20h10.47.716696 +0530,
,108,8,5,,,c_m_ra,camera,new,,[np.float64(-0.03666666666666667)],[np.float64(-0.3016666666666667)],[1],[0],[0],[0.16064130002632737],['text_3'],,,,,5,8,108,19,205.45295110018924,,,,,,,,,205.4271800001152,205.45295110018924,205.45295110018924,205.45295110018924,0.004615399986505508,205.58874610019848,,[np.float64(-0.03666666666666667)],[np.float64(-0.3016666666666667)],[1],[0],[0],[0.16064130002632737],['text_3'],p3,001,2025-10-15_20h10.38.487,word_priming,,2025.1.1,60.09409544949801,2025-10-15 20h10.47.716696 +0530,
,109,9,5,,,c_s_,case,old ,,[np.float64(-0.03666666666666667)],[np.float64(-0.3016666666666667)],[1],[0],[0],[0.19472810020670295],['text_3'],,,,,5,9,109,5,205.61993250017986,,,,,,,,,205.59303890028968,205.61993250017986,205.61993250017986,205.61993250017986,0.004101500380784273,205.78871680004522,,[np.float64(-0.03666666666666667)],[np.float64(-0.3016666666666667)],[1],[0],[0],[0.19472810020670295],['text_3'],p3,001,2025-10-15_20h10.38.487,word_priming,,2025.1.1,60.09409544949801,2025-10-15 20h10.47.716696 +0530,
,110,10,5,,,T_hi_t,Tshirt,old ,,[np.float64(-0.03666666666666667)],[np.float64(-0.3016666666666667)],[1],[0],[0],[0.19234149996191263],['text_3'],,,,,5,10,110,2,205.8195486003533,,,,,,,,,205.79429330024868,205.8195486003533,205.8195486003533,205.8195486003533,0.00536159984767437,205.9875748003833,,[np.float64(-0.03666666666666667)],[np.float64(-0.3016666666666667)],[1],[0],[0],[0.19234149996191263],['text_3'],p3,001,2025-10-15_20h10.38.487,word_priming,,2025.1.1,60.09409544949801,2025-10-15 20h10.47.716696 +0530,
,111,11,5,,,bo_t_e,bottle,new,,[np.float64(-0.03666666666666667)],[np.float64(-0.3016666666666667)],[1],[0],[0],[0.1944026998244226],['text_3'],,,,,5,11,111,18,206.0193603001535,,,,,,,,,205.99236000003293,206.0193603001535,206.0193603001535,206.0193603001535,0.004570699762552977,206.18765550013632,,[np.float64(-0.03666666666666667)],[np.float64(-0.3016666666666667)],[1],[0],[0],[0.1944026998244226],['text_3'],p3,001,2025-10-15_20h10.38.487,word_priming,,2025.1.1,60.09409544949801,2025-10-15 20h10.47.716696 +0530,
,112,12,5,,,P_li_e,Police,old ,,[np.float64(-0.03666666666666667)],[np.float64(-0.3016666666666667)],[1],[0],[0],[0.16123919980600476],['text_3'],,,,,5,12,112,7,206.21997420024127,,,,,,,,,206.1925025000237,206.21997420024127,206.21997420024127,206.21997420024127,0.0046303002163767815,206.3546691001393,,[np.float64(-0.03666666666666667)],[np.float64(-0.3016666666666667)],[1],[0],[0],[0.16123919980600476],['text_3'],p3,001,2025-10-15_20h10.38.487,word_priming,,2025.1.1,60.09409544949801,2025-10-15 20h10.47.716696 +0530,
,113,13,5,,,_o_rd,Board,old ,,[np.float64(-0.03666666666666667)],[np.float64(-0.3016666666666667)],[1],[0],[0],[0.1931258998811245],['text_3'],,,,,5,13,113,10,206.38562790025026,,,,,,,,,206.36003500036895,206.38562790025026,206.38562790025026,206.38562790025026,0.0051704999059438705,206.55408650031313,,[np.float64(-0.03666666666666667)],[np.float64(-0.3016666666666667)],[1],[0],[0],[0.1931258998811245],['text_3'],p3,001,2025-10-15_20h10.38.487,word_priming,,2025.1.1,60.09409544949801,2025-10-15 20h10.47.716696 +0530,
,114,14,5,,,_ho_e,Phone,old ,,[np.float64(-0.03666666666666667)],[np.float64(-0.3016666666666667)],[1],[0],[0],[0.17992949998006225],['text_3'],,,,,5,14,114,12,206.58541270019487,,,,,,,,,206.55915290024132,206.58541270019487,206.58541270019487,206.58541270019487,0.004866399802267551,206.73987090028822,,[np.float64(-0.03666666666666667)],[np.float64(-0.3016666666666667)],[1],[0],[0],[0.17992949998006225],['text_3'],p3,001,2025-10-15_20h10.38.487,word_priming,,2025.1.1,60.09409544949801,2025-10-15 20h10.47.716696 +0530,
,115,15,5,,,_ru_s_,cruise,old ,,[np.float64(-0.03666666666666667)],[np.float64(-0.3016666666666667)],[1],[0],[0],[0.22603739984333515],['text_3'],,,,,5,15,115,6,206.7685781000182,,,,,,,,,206.74324820004404,206.7685781000182,206.7685781000182,206.7685781000182,0.0032146000303328037,206.97012880025432,,[np.float64(-0.03666666666666667)],[np.float64(-0.3016666666666667)],[1],[0],[0],[0.22603739984333515],['text_3'],p3,001,2025-10-15_20h10.38.487,word_priming,,2025.1.1,60.09409544949801,2025-10-15 20h10.47.716696 +0530,
,116,16,5,,,_oo_,book,old ,,[np.float64(-0.03666666666666667)],[np.float64(-0.3016666666666667)],[1],[0],[0],[0.1945832003839314],['text_3'],,,,,5,16,116,13,207.00175980012864,,,,,,,,,206.97489280020818,207.00175980012864,207.00175980012864,207.00175980012864,0.004541800357401371,207.17039810027927,,[np.float64(-0.03666666666666667)],[np.float64(-0.3016666666666667)],[1],[0],[0],[0.1945832003839314],['text_3'],p3,001,2025-10-15_20h10.38.487,word_priming,,2025.1.1,60.09409544949801,2025-10-15 20h10.47.716696 +0530,
,117,17,5,,,v_s_,vase,new,,[np.float64(-0.03666666666666667)],[np.float64(-0.3016666666666667)],[1],[0],[0],[0.21147119998931885],['text_3'],,,,,5,17,117,17,207.2016702000983,,,,,,,,,207.1746509000659,207.2016702000983,207.2016702000983,207.2016702000983,0.004035900346934795,207.38703820016235,,[np.float64(-0.03666666666666667)],[np.float64(-0.3016666666666667)],[1],[0],[0],[0.21147119998931885],['text_3'],p3,001,2025-10-15_20h10.38.487,word_priming,,2025.1.1,60.09409544949801,2025-10-15 20h10.47.716696 +0530,
,118,18,5,,,p_nc_l,pencil,new,,[np.float64(-0.03666666666666667)],[np.float64(-0.3016666666666667)],[1],[0],[0],[0.19432710018008947],['text_3'],,,,,5,18,118,16,207.41804580017924,,,,,,,,,207.39180650003254,207.41804580017924,207.41804580017924,207.41804580017924,0.0045668999664485455,207.5870584002696,,[np.float64(-0.03666666666666667)],[np.float64(-0.3016666666666667)],[1],[0],[0],[0.19432710018008947],['text_3'],p3,001,2025-10-15_20h10.38.487,word_priming,,2025.1.1,60.09409544949801,2025-10-15 20h10.47.716696 +0530,
,119,19,5,,,_ha_t,chart,old ,,[np.float64(-0.03666666666666667)],[np.float64(-0.3016666666666667)],[1],[0],[0],[0.1929663997143507],['text_3'],,,,,5,19,119,1,207.6177612002939,,,,,,,,,207.59187740040943,207.6177612002939,207.6177612002939,207.6177612002939,0.004586399998515844,207.78576940018684,,[np.float64(-0.03666666666666667)],[np.float64(-0.3016666666666667)],[1],[0],[0],[0.1929663997143507],['text_3'],p3,001,2025-10-15_20h10.38.487,word_priming,,2025.1.1,60.09409544949801,2025-10-15 20h10.47.716696 +0530,
,120,0,6,,,_ou_se,mouse,old ,,[np.float64(-0.03666666666666667)],[np.float64(-0.3016666666666667)],[1],[0],[0],[0.21048639994114637],['text_3'],,,,,6,0,120,3,207.81795770023018,,,,,,,,,207.79092310043052,207.81795770023018,207.81795770023018,207.81795770023018,0.0049438998103141785,208.00233490020037,,[np.float64(-0.03666666666666667)],[np.float64(-0.3016666666666667)],[1],[0],[0],[0.21048639994114637],['text_3'],p3,001,2025-10-15_20h10.38.487,word_priming,,2025.1.1,60.09409544949801,2025-10-15 20h10.47.716696 +0530,
,121,1,6,,,P_li_e,Police,old ,,[np.float64(-0.03666666666666667)],[np.float64(-0.3016666666666667)],[1],[0],[0],[0.19431630009785295],['text_3'],,,,,6,1,121,7,208.0340317999944,,,,,,,,,208.00712960027158,208.0340317999944,208.0340317999944,208.0340317999944,0.004569199867546558,208.202373099979,,[np.float64(-0.03666666666666667)],[np.float64(-0.3016666666666667)],[1],[0],[0],[0.19431630009785295],['text_3'],p3,001,2025-10-15_20h10.38.487,word_priming,,2025.1.1,60.09409544949801,2025-10-15 20h10.47.716696 +0530,
,122,2,6,,,bo_t_e,bottle,new,,[np.float64(-0.03666666666666667)],[np.float64(-0.3016666666666667)],[1],[0],[0],[0.16045930003747344],['text_3'],,,,,6,2,122,18,208.2335792002268,,,,,,,,,208.2076572002843,208.2335792002268,208.2335792002268,208.2335792002268,0.005069300066679716,208.36904850043356,,[np.float64(-0.03666666666666667)],[np.float64(-0.3016666666666667)],[1],[0],[0],[0.16045930003747344],['text_3'],p3,001,2025-10-15_20h10.38.487,word_priming,,2025.1.1,60.09409544949801,2025-10-15 20h10.47.716696 +0530,
,123,3,6,,,p_nc_l,pencil,new,,[np.float64(-0.03666666666666667)],[np.float64(-0.3016666666666667)],[1],[0],[0],[0.19336230028420687],['text_3'],,,,,6,3,123,16,208.40039429999888,,,,,,,,,208.37505190027878,208.40039429999888,208.40039429999888,208.40039429999888,0.005804699845612049,208.56933990027755,,[np.float64(-0.03666666666666667)],[np.float64(-0.3016666666666667)],[1],[0],[0],[0.19336230028420687],['text_3'],p3,001,2025-10-15_20h10.38.487,word_priming,,2025.1.1,60.09409544949801,2025-10-15 20h10.47.716696 +0530,
,124,4,6,,,c_m_ra,camera,new,,[np.float64(-0.03666666666666667)],[np.float64(-0.3016666666666667)],[1],[0],[0],[0.22750090016052127],['text_3'],,,,,6,4,124,19,208.6004547001794,,,,,,,,,208.5740708000958,208.6004547001794,208.6004547001794,208.6004547001794,0.004517999943345785,208.8024897002615,,[np.float64(-0.03666666666666667)],[np.float64(-0.3016666666666667)],[1],[0],[0],[0.22750090016052127],['text_3'],p3,001,2025-10-15_20h10.38.487,word_priming,,2025.1.1,60.09409544949801,2025-10-15 20h10.47.716696 +0530,
,125,5,6,,,c_s_io_,cushion,old ,,[np.float64(-0.03666666666666667)],[np.float64(-0.3016666666666667)],[1],[0],[0],[0.22646190039813519],['text_3'],,,,,6,5,125,14,208.83323370013386,,,,,,,,,208.8074381002225,208.83323370013386,208.83323370013386,208.83323370013386,0.004727800376713276,209.034828200005,,[np.float64(-0.03666666666666667)],[np.float64(-0.3016666666666667)],[1],[0],[0],[0.22646190039813519],['text_3'],p3,001,2025-10-15_20h10.38.487,word_priming,,2025.1.1,60.09409544949801,2025-10-15 20h10.47.716696 +0530,
,126,6,6,,,_ru_s_,cruise,old ,,[np.float64(-0.03666666666666667)],[np.float64(-0.3016666666666667)],[1],[0],[0],[0.19501110026612878],['text_3'],,,,,6,6,126,6,209.06645640032366,,,,,,,,,209.03971150005236,209.06645640032366,209.06645640032366,209.06645640032366,0.004673399962484837,209.2356635001488,,[np.float64(-0.03666666666666667)],[np.float64(-0.3016666666666667)],[1],[0],[0],[0.19501110026612878],['text_3'],p3,001,2025-10-15_20h10.38.487,word_priming,,2025.1.1,60.09409544949801,2025-10-15 20h10.47.716696 +0530,
,127,7,6,,,_ha_t,chart,old ,,[np.float64(-0.03666666666666667)],[np.float64(-0.3016666666666667)],[1],[0],[0],[0.22593529988080263],['text_3'],,,,,6,7,127,1,209.26613520039245,,,,,,,,,209.2404924002476,209.26613520039245,209.26613520039245,209.26613520039245,0.004609300289303064,209.46735350042582,,[np.float64(-0.03666666666666667)],[np.float64(-0.3016666666666667)],[1],[0],[0],[0.22593529988080263],['text_3'],p3,001,2025-10-15_20h10.38.487,word_priming,,2025.1.1,60.09409544949801,2025-10-15 20h10.47.716696 +0530,
,128,8,6,,,_a_bl_,Marble,old ,,[np.float64(-0.03666666666666667)],[np.float64(-0.3016666666666667)],[1],[0],[0],[0.1950266999192536],['text_3'],,,,,6,8,128,11,209.4991642003879,,,,,,,,,209.47209270019084,209.4991642003879,209.4991642003879,209.4991642003879,0.004508799873292446,209.66804060013965,,[np.float64(-0.03666666666666667)],[np.float64(-0.3016666666666667)],[1],[0],[0],[0.1950266999192536],['text_3'],p3,001,2025-10-15_20h10.38.487,word_priming,,2025.1.1,60.09409544949801,2025-10-15 20h10.47.716696 +0530,
,129,9,6,,,_ho_e,Phone,old ,,[np.float64(-0.03666666666666667)],[np.float64(-0.3016666666666667)],[1],[0],[0],[0.2599570997990668],['text_3'],,,,,6,9,129,12,209.69934470020235,,,,,,,,,209.672737700399,209.69934470020235,209.69934470020235,209.69934470020235,0.00449550012126565,209.93361890036613,,[np.float64(-0.03666666666666667)],[np.float64(-0.3016666666666667)],[1],[0],[0],[0.2599570997990668],['text_3'],p3,001,2025-10-15_20h10.38.487,word_priming,,2025.1.1,60.09409544949801,2025-10-15 20h10.47.716696 +0530,
,130,10,6,,,T_hi_t,Tshirt,old ,,[np.float64(-0.03666666666666667)],[np.float64(-0.3016666666666667)],[1],[0],[0],[0.1783038000576198],['text_3'],,,,,6,10,130,2,209.96495830034837,,,,,,,,,209.93840310024098,209.96495830034837,209.96495830034837,209.96495830034837,0.004551500082015991,210.11762320017442,,[np.float64(-0.03666666666666667)],[np.float64(-0.3016666666666667)],[1],[0],[0],[0.1783038000576198],['text_3'],p3,001,2025-10-15_20h10.38.487,word_priming,,2025.1.1,60.09409544949801,2025-10-15 20h10.47.716696 +0530,
,131,11,6,,,c_s_,case,old ,,[np.float64(-0.03666666666666667)],[np.float64(-0.3016666666666667)],[1],[0],[0],[0.17824430018663406],['text_3'],,,,,6,11,131,5,210.14816710026935,,,,,,,,,210.12187220016494,210.14816710026935,210.14816710026935,210.14816710026935,0.004034300334751606,210.30104580009356,,[np.float64(-0.03666666666666667)],[np.float64(-0.3016666666666667)],[1],[0],[0],[0.17824430018663406],['text_3'],p3,001,2025-10-15_20h10.38.487,word_priming,,2025.1.1,60.09409544949801,2025-10-15 20h10.47.716696 +0530,
,132,12,6,,,_o_rd,Board,old ,,[np.float64(-0.03666666666666667)],[np.float64(-0.3016666666666667)],[1],[0],[0],[0.19384399987757206],['text_3'],,,,,6,12,132,10,210.33172700041905,,,,,,,,,210.30577050009742,210.33172700041905,210.33172700041905,210.33172700041905,0.00452479999512434,210.50059190019965,,[np.float64(-0.03666666666666667)],[np.float64(-0.3016666666666667)],[1],[0],[0],[0.19384399987757206],['text_3'],p3,001,2025-10-15_20h10.38.487,word_priming,,2025.1.1,60.09409544949801,2025-10-15 20h10.47.716696 +0530,
,133,13,6,,,P_str_,pastry,old ,,[np.float64(-0.03666666666666667)],[np.float64(-0.3016666666666667)],[1],[0],[0],[0.19282529968768358],['text_3'],,,,,6,13,133,4,210.53199160005897,,,,,,,,,210.5059625003487,210.53199160005897,210.53199160005897,210.53199160005897,0.0051575000397861,210.69971740012988,,[np.float64(-0.03666666666666667)],[np.float64(-0.3016666666666667)],[1],[0],[0],[0.19282529968768358],['text_3'],p3,001,2025-10-15_20h10.38.487,word_priming,,2025.1.1,60.09409544949801,2025-10-15 20h10.47.716696 +0530,
,134,14,6,,,_oo_,book,old ,,[np.float64(-0.03666666666666667)],[np.float64(-0.3016666666666667)],[1],[0],[0],[0.16212760005146265],['text_3'],,,,,6,14,134,13,210.7309708003886,,,,,,,,,210.70389990042895,210.7309708003886,210.7309708003886,210.7309708003886,0.003981600049883127,210.86697950027883,,[np.float64(-0.03666666666666667)],[np.float64(-0.3016666666666667)],[1],[0],[0],[0.16212760005146265],['text_3'],p3,001,2025-10-15_20h10.38.487,word_priming,,2025.1.1,60.09409544949801,2025-10-15 20h10.47.716696 +0530,
,135,15,6,,,P_st_r,Poster,old ,,[np.float64(-0.03666666666666667)],[np.float64(-0.3016666666666667)],[1],[0],[0],[0.21245039999485016],['text_3'],,,,,6,15,135,9,210.89797970000654,,,,,,,,,210.87172530032694,210.89797970000654,210.89797970000654,210.89797970000654,0.004526199772953987,211.08509750012308,,[np.float64(-0.03666666666666667)],[np.float64(-0.3016666666666667)],[1],[0],[0],[0.21245039999485016],['text_3'],p3,001,2025-10-15_20h10.38.487,word_priming,,2025.1.1,60.09409544949801,2025-10-15 20h10.47.716696 +0530,
,136,16,6,,,v_s_,vase,new,,[np.float64(-0.03666666666666667)],[np.float64(-0.3016666666666667)],[1],[0],[0],[0.19304109970107675],['text_3'],,,,,6,16,136,17,211.11428780015558,,,,,,,,,211.0893191001378,211.11428780015558,211.11428780015558,211.11428780015558,0.004026299808174372,211.28330910019577,,[np.float64(-0.03666666666666667)],[np.float64(-0.3016666666666667)],[1],[0],[0],[0.19304109970107675],['text_3'],p3,001,2025-10-15_20h10.38.487,word_priming,,2025.1.1,60.09409544949801,2025-10-15 20h10.47.716696 +0530,
,137,17,6,,,K_y_,Keys,old ,,[np.float64(-0.03666666666666667)],[np.float64(-0.3016666666666667)],[1],[0],[0],[0.1931461002677679],['text_3'],,,,,6,17,137,8,211.3143415004015,,,,,,,,,211.2876455001533,211.3143415004015,211.3143415004015,211.3143415004015,0.004138499964028597,211.48158540017903,,[np.float64(-0.03666666666666667)],[np.float64(-0.3016666666666667)],[1],[0],[0],[0.1931461002677679],['text_3'],p3,001,2025-10-15_20h10.38.487,word_priming,,2025.1.1,60.09409544949801,2025-10-15 20h10.47.716696 +0530,
,138,18,6,,,ta_l_,table,new,,[np.float64(-0.03666666666666667)],[np.float64(-0.3016666666666667)],[1],[0],[0],[0.19611260015517473],['text_3'],,,,,6,18,138,15,211.51405760040507,,,,,,,,,211.48595690028742,211.51405760040507,211.51405760040507,211.51405760040507,0.004222699906677008,211.68296030024067,,[np.float64(-0.03666666666666667)],[np.float64(-0.3016666666666667)],[1],[0],[0],[0.19611260015517473],['text_3'],p3,001,2025-10-15_20h10.38.487,word_priming,,2025.1.1,60.09409544949801,2025-10-15 20h10.47.716696 +0530,
,139,19,6,,,l_pt_p,laptop,old ,,[np.float64(-0.03666666666666667)],[np.float64(-0.3016666666666667)],[1],[0],[0],[0.19305850006639957],['text_3'],,,,,6,19,139,0,211.71355580026284,,,,,,,,,211.6879255999811,211.71355580026284,211.71355580026284,211.71355580026284,0.004765999969094992,211.88191910041496,,[np.float64(-0.03666666666666667)],[np.float64(-0.3016666666666667)],[1],[0],[0],[0.19305850006639957],['text_3'],p3,001,2025-10-15_20h10.38.487,word_priming,,2025.1.1,60.09409544949801,2025-10-15 20h10.47.716696 +0530,
,140,0,7,,,ta_l_,table,new,,[np.float64(-0.03666666666666667)],[np.float64(-0.3016666666666667)],[1],[0],[0],[0.2098814002238214],['text_3'],,,,,7,0,140,15,211.91361420042813,,,,,,,,,211.88712309999391,211.91361420042813,211.91361420042813,211.91361420042813,0.004963099956512451,212.09791790042073,,[np.float64(-0.03666666666666667)],[np.float64(-0.3016666666666667)],[1],[0],[0],[0.2098814002238214],['text_3'],p3,001,2025-10-15_20h10.38.487,word_priming,,2025.1.1,60.09409544949801,2025-10-15 20h10.47.716696 +0530,
,141,1,7,,,P_str_,pastry,old ,,[np.float64(-0.03666666666666667)],[np.float64(-0.3016666666666667)],[1],[0],[0],[0.1787894000299275],['text_3'],,,,,7,1,141,4,212.12997760018334,,,,,,,,,212.1027933000587,212.12997760018334,212.12997760018334,212.12997760018334,0.004646100103855133,212.2823805003427,,[np.float64(-0.03666666666666667)],[np.float64(-0.3016666666666667)],[1],[0],[0],[0.1787894000299275],['text_3'],p3,001,2025-10-15_20h10.38.487,word_priming,,2025.1.1,60.09409544949801,2025-10-15 20h10.47.716696 +0530,
,142,2,7,,,bo_t_e,bottle,new,,[np.float64(-0.03666666666666667)],[np.float64(-0.3016666666666667)],[1],[0],[0],[0.17856349982321262],['text_3'],,,,,7,2,142,18,212.31308050034568,,,,,,,,,212.28597840014845,212.31308050034568,212.31308050034568,212.31308050034568,0.003462699707597494,212.46539420029148,,[np.float64(-0.03666666666666667)],[np.float64(-0.3016666666666667)],[1],[0],[0],[0.17856349982321262],['text_3'],p3,001,2025-10-15_20h10.38.487,word_priming,,2025.1.1,60.09409544949801,2025-10-15 20h10.47.716696 +0530,
,143,3,7,,,c_s_,case,old ,,[np.float64(-0.03666666666666667)],[np.float64(-0.3016666666666667)],[1],[0],[0],[0.2121959002688527],['text_3'],,,,,7,3,143,5,212.49624760029837,,,,,,,,,212.47013910021633,212.49624760029837,212.49624760029837,212.49624760029837,0.004502300173044205,212.6831543003209,,[np.float64(-0.03666666666666667)],[np.float64(-0.3016666666666667)],[1],[0],[0],[0.2121959002688527],['text_3'],p3,001,2025-10-15_20h10.38.487,word_priming,,2025.1.1,60.09409544949801,2025-10-15 20h10.47.716696 +0530,
,144,4,7,,,_ru_s_,cruise,old ,,[np.float64(-0.03666666666666667)],[np.float64(-0.3016666666666667)],[1],[0],[0],[0.17983390018343925],['text_3'],,,,,7,4,144,6,212.71270540030673,,,,,,,,,212.68696020031348,212.71270540030673,212.71270540030673,212.71270540030673,0.0036248997785151005,212.86756640020758,,[np.float64(-0.03666666666666667)],[np.float64(-0.3016666666666667)],[1],[0],[0],[0.17983390018343925],['text_3'],p3,001,2025-10-15_20h10.38.487,word_priming,,2025.1.1,60.09409544949801,2025-10-15 20h10.47.716696 +0530,
,145,5,7,,,_ou_se,mouse,old ,,[np.float64(-0.03666666666666667)],[np.float64(-0.3016666666666667)],[1],[0],[0],[0.2259353999979794],['text_3'],,,,,7,5,145,3,212.89585620025173,,,,,,,,,212.8715582001023,212.89585620025173,212.89585620025173,212.89585620025173,0.0038027004338800907,213.09823570027947,,[np.float64(-0.03666666666666667)],[np.float64(-0.3016666666666667)],[1],[0],[0],[0.2259353999979794],['text_3'],p3,001,2025-10-15_20h10.38.487,word_priming,,2025.1.1,60.09409544949801,2025-10-15 20h10.47.716696 +0530,
,146,6,7,,,P_li_e,Police,old ,,[np.float64(-0.03666666666666667)],[np.float64(-0.3016666666666667)],[1],[0],[0],[0.1950897998176515],['text_3'],,,,,7,6,146,7,213.12900760024786,,,,,,,,,213.10202029999346,213.12900760024786,213.12900760024786,213.12900760024786,0.0036434000357985497,213.29795140028,,[np.float64(-0.03666666666666667)],[np.float64(-0.3016666666666667)],[1],[0],[0],[0.1950897998176515],['text_3'],p3,001,2025-10-15_20h10.38.487,word_priming,,2025.1.1,60.09409544949801,2025-10-15 20h10.47.716696 +0530,
,147,7,7,,,_ha_t,chart,old ,,[np.float64(-0.03666666666666667)],[np.float64(-0.3016666666666667)],[1],[0],[0],[0.19411379983648658],['text_3'],,,,,7,7,147,1,213.32885560020804,,,,,,,,,213.30266300030053,213.32885560020804,213.32885560020804,213.32885560020804,0.004513000138103962,213.49769680015743,,[np.float64(-0.03666666666666667)],[np.float64(-0.3016666666666667)],[1],[0],[0],[0.19411379983648658],['text_3'],p3,001,2025-10-15_20h10.38.487,word_priming,,2025.1.1,60.09409544949801,2025-10-15 20h10.47.716696 +0530,
,148,8,7,,,_oo_,book,old ,,[np.float64(-0.03666666666666667)],[np.float64(-0.3016666666666667)],[1],[0],[0],[0.1942447000183165],['text_3'],,,,,7,8,148,13,213.52844100026414,,,,,,,,,213.50199370039627,213.52844100026414,213.52844100026414,213.52844100026414,0.004094299860298634,213.69718050025403,,[np.float64(-0.03666666666666667)],[np.float64(-0.3016666666666667)],[1],[0],[0],[0.1942447000183165],['text_3'],p3,001,2025-10-15_20h10.38.487,word_priming,,2025.1.1,60.09409544949801,2025-10-15 20h10.47.716696 +0530,
,149,9,7,,,c_s_io_,cushion,old ,,[np.float64(-0.03666666666666667)],[np.float64(-0.3016666666666667)],[1],[0],[0],[0.21043029986321926],['text_3'],,,,,7,9,149,14,213.72829910041764,,,,,,,,,213.70200440008193,213.72829910041764,213.72829910041764,213.72829910041764,0.0046247998252511024,213.9132276000455,,[np.float64(-0.03666666666666667)],[np.float64(-0.3016666666666667)],[1],[0],[0],[0.21043029986321926],['text_3'],p3,001,2025-10-15_20h10.38.487,word_priming,,2025.1.1,60.09409544949801,2025-10-15 20h10.47.716696 +0530,
,150,10,7,,,p_nc_l,pencil,new,,[np.float64(-0.03666666666666667)],[np.float64(-0.3016666666666667)],[1],[0],[0],[0.19706990011036396],['text_3'],,,,,7,10,150,16,213.94463650044054,,,,,,,,,213.9165883003734,213.94463650044054,213.94463650044054,213.94463650044054,0.003212699666619301,214.11435490008444,,[np.float64(-0.03666666666666667)],[np.float64(-0.3016666666666667)],[1],[0],[0],[0.19706990011036396],['text_3'],p3,001,2025-10-15_20h10.38.487,word_priming,,2025.1.1,60.09409544949801,2025-10-15 20h10.47.716696 +0530,
,151,11,7,,,v_s_,vase,new,,[np.float64(-0.03666666666666667)],[np.float64(-0.3016666666666667)],[1],[0],[0],[0.19522959971800447],['text_3'],,,,,7,11,151,17,214.14646110031754,,,,,,,,,214.11752270022407,214.14646110031754,214.14646110031754,214.14646110031754,0.0030294000171124935,214.3135950001888,,[np.float64(-0.03666666666666667)],[np.float64(-0.3016666666666667)],[1],[0],[0],[0.19522959971800447],['text_3'],p3,001,2025-10-15_20h10.38.487,word_priming,,2025.1.1,60.09409544949801,2025-10-15 20h10.47.716696 +0530,
,152,12,7,,,P_st_r,Poster,old ,,[np.float64(-0.03666666666666667)],[np.float64(-0.3016666666666667)],[1],[0],[0],[0.19447400001809],['text_3'],,,,,7,12,152,9,214.3444593003951,,,,,,,,,214.31840210035443,214.3444593003951,214.3444593003951,214.3444593003951,0.004605600144714117,214.51380289997905,,[np.float64(-0.03666666666666667)],[np.float64(-0.3016666666666667)],[1],[0],[0],[0.19447400001809],['text_3'],p3,001,2025-10-15_20h10.38.487,word_priming,,2025.1.1,60.09409544949801,2025-10-15 20h10.47.716696 +0530,
,153,13,7,,,_ho_e,Phone,old ,,[np.float64(-0.03666666666666667)],[np.float64(-0.3016666666666667)],[1],[0],[0],[0.19372070021927357],['text_3'],,,,,7,13,153,12,214.54405900044367,,,,,,,,,214.5185358002782,214.54405900044367,214.54405900044367,214.54405900044367,0.004533699713647366,214.71317910030484,,[np.float64(-0.03666666666666667)],[np.float64(-0.3016666666666667)],[1],[0],[0],[0.19372070021927357],['text_3'],p3,001,2025-10-15_20h10.38.487,word_priming,,2025.1.1,60.09409544949801,2025-10-15 20h10.47.716696 +0530,
,154,14,7,,,K_y_,Keys,old ,,[np.float64(-0.03666666666666667)],[np.float64(-0.3016666666666667)],[1],[0],[0],[0.19450590014457703],['text_3'],,,,,7,14,154,8,214.74361380003393,,,,,,,,,214.71739210002124,214.74361380003393,214.74361380003393,214.74361380003393,0.004007099661976099,214.91284310026094,,[np.float64(-0.03666666666666667)],[np.float64(-0.3016666666666667)],[1],[0],[0],[0.19450590014457703],['text_3'],p3,001,2025-10-15_20h10.38.487,word_priming,,2025.1.1,60.09409544949801,2025-10-15 20h10.47.716696 +0530,
,155,15,7,,,T_hi_t,Tshirt,old ,,[np.float64(-0.03666666666666667)],[np.float64(-0.3016666666666667)],[1],[0],[0],[0.21009549964219332],['text_3'],,,,,7,15,155,2,214.94392150035128,,,,,,,,,214.91765459999442,214.94392150035128,214.94392150035128,214.94392150035128,0.0046072001568973064,215.12878980021924,,[np.float64(-0.03666666666666667)],[np.float64(-0.3016666666666667)],[1],[0],[0],[0.21009549964219332],['text_3'],p3,001,2025-10-15_20h10.38.487,word_priming,,2025.1.1,60.09409544949801,2025-10-15 20h10.47.716696 +0530,
,156,16,7,,,_o_rd,Board,old ,,[np.float64(-0.03666666666666667)],[np.float64(-0.3016666666666667)],[1],[0],[0],[0.2267816001549363],['text_3'],,,,,7,16,156,10,215.16050530038774,,,,,,,,,215.13405820028856,215.16050530038774,215.16050530038774,215.16050530038774,0.005067000165581703,215.3617696003057,,[np.float64(-0.03666666666666667)],[np.float64(-0.3016666666666667)],[1],[0],[0],[0.2267816001549363],['text_3'],p3,001,2025-10-15_20h10.38.487,word_priming,,2025.1.1,60.09409544949801,2025-10-15 20h10.47.716696 +0530,
,157,17,7,,,l_pt_p,laptop,old ,,[np.float64(-0.03666666666666667)],[np.float64(-0.3016666666666667)],[1],[0],[0],[0.1770403003320098],['text_3'],,,,,7,17,157,0,215.39312020037323,,,,,,,,,215.3669435000047,215.39312020037323,215.39312020037323,215.39312020037323,0.004972000140696764,215.54491330031306,,[np.float64(-0.03666666666666667)],[np.float64(-0.3016666666666667)],[1],[0],[0],[0.1770403003320098],['text_3'],p3,001,2025-10-15_20h10.38.487,word_priming,,2025.1.1,60.09409544949801,2025-10-15 20h10.47.716696 +0530,
,158,18,7,,,c_m_ra,camera,new,,[np.float64(-0.03666666666666667)],[np.float64(-0.3016666666666667)],[1],[0],[0],[0.24501860002055764],['text_3'],,,,,7,18,158,19,215.57663430040702,,,,,,,,,215.54994090041146,215.57663430040702,215.57663430040702,215.57663430040702,0.004792700055986643,215.79576160013676,,[np.float64(-0.03666666666666667)],[np.float64(-0.3016666666666667)],[1],[0],[0],[0.24501860002055764],['text_3'],p3,001,2025-10-15_20h10.38.487,word_priming,,2025.1.1,60.09409544949801,2025-10-15 20h10.47.716696 +0530,
,159,19,7,,,_a_bl_,Marble,old ,,[np.float64(-0.03666666666666667)],[np.float64(-0.3016666666666667)],[1],[0],[0],[0.19456639979034662],['text_3'],,,,,7,19,159,11,215.82657170016319,,,,,,,,,215.79960660031065,215.82657170016319,215.82657170016319,215.82657170016319,0.0037000998854637146,215.9950227001682,,[np.float64(-0.03666666666666667)],[np.float64(-0.3016666666666667)],[1],[0],[0],[0.19456639979034662],['text_3'],p3,001,2025-10-15_20h10.38.487,word_priming,,2025.1.1,60.09409544949801,2025-10-15 20h10.47.716696 +0530,
,160,0,8,,,bo_t_e,bottle,new,,[np.float64(-0.03666666666666667)],[np.float64(-0.3016666666666667)],[1],[0],[0],[0.19540670001879334],['text_3'],,,,,8,0,160,18,216.02596570039168,,,,,,,,,215.99980720039457,216.02596570039168,216.02596570039168,216.02596570039168,0.004584399983286858,216.19614090025425,,[np.float64(-0.03666666666666667)],[np.float64(-0.3016666666666667)],[1],[0],[0],[0.19540670001879334],['text_3'],p3,001,2025-10-15_20h10.38.487,word_priming,,2025.1.1,60.09409544949801,2025-10-15 20h10.47.716696 +0530,
,161,1,8,,,v_s_,vase,new,,[np.float64(-0.03666666666666667)],[np.float64(-0.3016666666666667)],[1],[0],[0],[0.21007129969075322],['text_3'],,,,,8,1,161,17,216.22562570031732,,,,,,,,,216.2004446000792,216.22562570031732,216.22562570031732,216.22562570031732,0.004119399935007095,216.41146430000663,,[np.float64(-0.03666666666666667)],[np.float64(-0.3016666666666667)],[1],[0],[0],[0.21007129969075322],['text_3'],p3,001,2025-10-15_20h10.38.487,word_priming,,2025.1.1,60.09409544949801,2025-10-15 20h10.47.716696 +0530,
,162,2,8,,,p_nc_l,pencil,new,,[np.float64(-0.03666666666666667)],[np.float64(-0.3016666666666667)],[1],[0],[0],[0.2266116999089718],['text_3'],,,,,8,2,162,16,216.44203780032694,,,,,,,,,216.41626190021634,216.44203780032694,216.44203780032694,216.44203780032694,0.004594100173562765,216.64380520023406,,[np.float64(-0.03666666666666667)],[np.float64(-0.3016666666666667)],[1],[0],[0],[0.2266116999089718],['text_3'],p3,001,2025-10-15_20h10.38.487,word_priming,,2025.1.1,60.09409544949801,2025-10-15 20h10.47.716696 +0530,
,163,3,8,,,_ou_se,mouse,old ,,[np.float64(-0.03666666666666667)],[np.float64(-0.3016666666666667)],[1],[0],[0],[0.22755640000104904],['text_3'],,,,,8,3,163,3,216.67549780011177,,,,,,,,,216.64865580014884,216.67549780011177,216.67549780011177,216.67549780011177,0.004621400032192469,216.87713999999687,,[np.float64(-0.03666666666666667)],[np.float64(-0.3016666666666667)],[1],[0],[0],[0.22755640000104904],['text_3'],p3,001,2025-10-15_20h10.38.487,word_priming,,2025.1.1,60.09409544949801,2025-10-15 20h10.47.716696 +0530,
,164,4,8,,,c_s_,case,old ,,[np.float64(-0.03666666666666667)],[np.float64(-0.3016666666666667)],[1],[0],[0],[0.22795270010828972],['text_3'],,,,,8,4,164,5,216.90859920019284,,,,,,,,,216.8813961003907,216.90859920019284,216.90859920019284,216.90859920019284,0.004045799840241671,217.11026200000197,,[np.float64(-0.03666666666666667)],[np.float64(-0.3016666666666667)],[1],[0],[0],[0.22795270010828972],['text_3'],p3,001,2025-10-15_20h10.38.487,word_priming,,2025.1.1,60.09409544949801,2025-10-15 20h10.47.716696 +0530,
,165,5,8,,,P_str_,pastry,old ,,[np.float64(-0.03666666666666667)],[np.float64(-0.3016666666666667)],[1],[0],[0],[0.22707860032096505],['text_3'],,,,,8,5,165,4,217.14173490041867,,,,,,,,,217.1149757001549,217.14173490041867,217.14173490041867,217.14173490041867,0.0044976999051868916,217.34297380037606,,[np.float64(-0.03666666666666667)],[np.float64(-0.3016666666666667)],[1],[0],[0],[0.22707860032096505],['text_3'],p3,001,2025-10-15_20h10.38.487,word_priming,,2025.1.1,60.09409544949801,2025-10-15 20h10.47.716696 +0530,
,166,6,8,,,P_st_r,Poster,old ,,[np.float64(-0.03666666666666667)],[np.float64(-0.3016666666666667)],[1],[0],[0],[0.22767110029235482],['text_3'],,,,,8,6,166,9,217.37489600013942,,,,,,,,,217.3477373002097,217.37489600013942,217.37489600013942,217.37489600013942,0.004557600244879723,217.5763401002623,,[np.float64(-0.03666666666666667)],[np.float64(-0.3016666666666667)],[1],[0],[0],[0.22767110029235482],['text_3'],p3,001,2025-10-15_20h10.38.487,word_priming,,2025.1.1,60.09409544949801,2025-10-15 20h10.47.716696 +0530,
,167,7,8,,,P_li_e,Police,old ,,[np.float64(-0.03666666666666667)],[np.float64(-0.3016666666666667)],[1],[0],[0],[0.19474919978529215],['text_3'],,,,,8,7,167,7,217.60772720025852,,,,,,,,,217.58117720019072,217.60772720025852,217.60772720025852,217.60772720025852,0.004619800020009279,217.77685800008476,,[np.float64(-0.03666666666666667)],[np.float64(-0.3016666666666667)],[1],[0],[0],[0.19474919978529215],['text_3'],p3,001,2025-10-15_20h10.38.487,word_priming,,2025.1.1,60.09409544949801,2025-10-15 20h10.47.716696 +0530,
,168,8,8,,,_a_bl_,Marble,old ,,[np.float64(-0.03666666666666667)],[np.float64(-0.3016666666666667)],[1],[0],[0],[0.20987420016899705],['text_3'],,,,,8,8,168,11,217.80840960005298,,,,,,,,,217.78163149999455,217.80840960005298,217.80840960005298,217.80840960005298,0.004551200196146965,217.99243180034682,,[np.float64(-0.03666666666666667)],[np.float64(-0.3016666666666667)],[1],[0],[0],[0.20987420016899705],['text_3'],p3,001,2025-10-15_20h10.38.487,word_priming,,2025.1.1,60.09409544949801,2025-10-15 20h10.47.716696 +0530,
,169,9,8,,,_oo_,book,old ,,[np.float64(-0.03666666666666667)],[np.float64(-0.3016666666666667)],[1],[0],[0],[0.19455619994550943],['text_3'],,,,,8,9,169,13,218.0238474002108,,,,,,,,,217.99721990013495,218.0238474002108,218.0238474002108,218.0238474002108,0.004577799700200558,218.19271850027144,,[np.float64(-0.03666666666666667)],[np.float64(-0.3016666666666667)],[1],[0],[0],[0.19455619994550943],['text_3'],p3,001,2025-10-15_20h10.38.487,word_priming,,2025.1.1,60.09409544949801,2025-10-15 20h10.47.716696 +0530,
,170,10,8,,,_ru_s_,cruise,old ,,[np.float64(-0.03666666666666667)],[np.float64(-0.3016666666666667)],[1],[0],[0],[0.19346040021628141],['text_3'],,,,,8,10,170,6,218.22439620038494,,,,,,,,,218.19770820019767,218.22439620038494,218.22439620038494,218.22439620038494,0.004800000227987766,218.39210850000381,,[np.float64(-0.03666666666666667)],[np.float64(-0.3016666666666667)],[1],[0],[0],[0.19346040021628141],['text_3'],p3,001,2025-10-15_20h10.38.487,word_priming,,2025.1.1,60.09409544949801,2025-10-15 20h10.47.716696 +0530,
,171,11,8,,,_ha_t,chart,old ,,[np.float64(-0.03666666666666667)],[np.float64(-0.3016666666666667)],[1],[0],[0],[0.21089209988713264],['text_3'],,,,,8,11,171,1,218.42390010040253,,,,,,,,,218.39684140030295,218.42390010040253,218.42390010040253,218.42390010040253,0.0045171999372541904,218.60866060014814,,[np.float64(-0.03666666666666667)],[np.float64(-0.3016666666666667)],[1],[0],[0],[0.21089209988713264],['text_3'],p3,001,2025-10-15_20h10.38.487,word_priming,,2025.1.1,60.09409544949801,2025-10-15 20h10.47.716696 +0530,
,172,12,8,,,c_m_ra,camera,new,,[np.float64(-0.03666666666666667)],[np.float64(-0.3016666666666667)],[1],[0],[0],[0.22694499976933002],['text_3'],,,,,8,12,172,19,218.64055690029636,,,,,,,,,218.61342550022528,218.64055690029636,218.64055690029636,218.64055690029636,0.004562700167298317,218.84129800042138,,[np.float64(-0.03666666666666667)],[np.float64(-0.3016666666666667)],[1],[0],[0],[0.22694499976933002],['text_3'],p3,001,2025-10-15_20h10.38.487,word_priming,,2025.1.1,60.09409544949801,2025-10-15 20h10.47.716696 +0530,
,173,13,8,,,_ho_e,Phone,old ,,[np.float64(-0.03666666666666667)],[np.float64(-0.3016666666666667)],[1],[0],[0],[0.19514659978449345],['text_3'],,,,,8,13,173,12,218.87331900000572,,,,,,,,,218.84605590021238,218.87331900000572,218.87331900000572,218.87331900000572,0.004520799964666367,219.04212650004774,,[np.float64(-0.03666666666666667)],[np.float64(-0.3016666666666667)],[1],[0],[0],[0.19514659978449345],['text_3'],p3,001,2025-10-15_20h10.38.487,word_priming,,2025.1.1,60.09409544949801,2025-10-15 20h10.47.716696 +0530,
,174,14,8,,,c_s_io_,cushion,old ,,[np.float64(-0.03666666666666667)],[np.float64(-0.3016666666666667)],[1],[0],[0],[0.19402569998055696],['text_3'],,,,,8,14,174,14,219.07318220008165,,,,,,,,,219.04706900008023,219.07318220008165,219.07318220008165,219.07318220008165,0.004744099918752909,219.24203090043738,,[np.float64(-0.03666666666666667)],[np.float64(-0.3016666666666667)],[1],[0],[0],[0.19402569998055696],['text_3'],p3,001,2025-10-15_20h10.38.487,word_priming,,2025.1.1,60.09409544949801,2025-10-15 20h10.47.716696 +0530,
,175,15,8,,,T_hi_t,Tshirt,old ,,[np.float64(-0.03666666666666667)],[np.float64(-0.3016666666666667)],[1],[0],[0],[0.22663839999586344],['text_3'],,,,,8,15,175,2,219.2729367003776,,,,,,,,,219.24681050004438,219.2729367003776,219.2729367003776,219.2729367003776,0.004583499860018492,219.47437710035592,,[np.float64(-0.03666666666666667)],[np.float64(-0.3016666666666667)],[1],[0],[0],[0.22663839999586344],['text_3'],p3,001,2025-10-15_20h10.38.487,word_priming,,2025.1.1,60.09409544949801,2025-10-15 20h10.47.716696 +0530,
,176,16,8,,,ta_l_,table,new,,[np.float64(-0.03666666666666667)],[np.float64(-0.3016666666666667)],[1],[0],[0],[0.19478899985551834],['text_3'],,,,,8,16,176,15,219.50610790029168,,,,,,,,,219.479211400263,219.50610790029168,219.50610790029168,219.50610790029168,0.004600600339472294,219.67492770031095,,[np.float64(-0.03666666666666667)],[np.float64(-0.3016666666666667)],[1],[0],[0],[0.19478899985551834],['text_3'],p3,001,2025-10-15_20h10.38.487,word_priming,,2025.1.1,60.09409544949801,2025-10-15 20h10.47.716696 +0530,
,177,17,8,,,l_pt_p,laptop,old ,,[np.float64(-0.03666666666666667)],[np.float64(-0.3016666666666667)],[1],[0],[0],[0.24321300024166703],['text_3'],,,,,8,17,177,0,219.70576330041513,,,,,,,,,219.67968410020694,219.70576330041513,219.70576330041513,219.70576330041513,0.004559599794447422,219.92389590013772,,[np.float64(-0.03666666666666667)],[np.float64(-0.3016666666666667)],[1],[0],[0],[0.24321300024166703],['text_3'],p3,001,2025-10-15_20h10.38.487,word_priming,,2025.1.1,60.09409544949801,2025-10-15 20h10.47.716696 +0530,
,178,18,8,,,K_y_,Keys,old ,,[np.float64(-0.03666666666666667)],[np.float64(-0.3016666666666667)],[1],[0],[0],[0.19611610006541014],['text_3'],,,,,8,18,178,8,219.95587610034272,,,,,,,,,219.92813590029255,219.95587610034272,219.95587610034272,219.95587610034272,0.004027499817311764,220.12517980020493,,[np.float64(-0.03666666666666667)],[np.float64(-0.3016666666666667)],[1],[0],[0],[0.19611610006541014],['text_3'],p3,001,2025-10-15_20h10.38.487,word_priming,,2025.1.1,60.09409544949801,2025-10-15 20h10.47.716696 +0530,
,179,19,8,,,_o_rd,Board,old ,,[np.float64(-0.03666666666666667)],[np.float64(-0.3016666666666667)],[1],[0],[0],[0.2424222999252379],['text_3'],,,,,8,19,179,10,220.15556250000373,,,,,,,,,220.13040900044143,220.15556250000373,220.15556250000373,220.15556250000373,0.005033500026911497,220.3737625000067,,[np.float64(-0.03666666666666667)],[np.float64(-0.3016666666666667)],[1],[0],[0],[0.2424222999252379],['text_3'],p3,001,2025-10-15_20h10.38.487,word_priming,,2025.1.1,60.09409544949801,2025-10-15 20h10.47.716696 +0530,
,180,0,9,,,_oo_,book,old ,,[np.float64(-0.03666666666666667)],[np.float64(-0.3016666666666667)],[1],[0],[0],[0.22802509972825646],['text_3'],,,,,9,0,180,13,220.4052964001894,,,,,,,,,220.37811550032347,220.4052964001894,220.4052964001894,220.4052964001894,0.004136299714446068,220.6070629004389,,[np.float64(-0.03666666666666667)],[np.float64(-0.3016666666666667)],[1],[0],[0],[0.22802509972825646],['text_3'],p3,001,2025-10-15_20h10.38.487,word_priming,,2025.1.1,60.09409544949801,2025-10-15 20h10.47.716696 +0530,
,181,1,9,,,P_st_r,Poster,old ,,[np.float64(-0.03666666666666667)],[np.float64(-0.3016666666666667)],[1],[0],[0],[0.22731649968773127],['text_3'],,,,,9,1,181,9,220.63831030018628,,,,,,,,,220.61211190000176,220.63831030018628,220.63831030018628,220.63831030018628,0.004818299785256386,220.84035140043125,,[np.float64(-0.03666666666666667)],[np.float64(-0.3016666666666667)],[1],[0],[0],[0.22731649968773127],['text_3'],p3,001,2025-10-15_20h10.38.487,word_priming,,2025.1.1,60.09409544949801,2025-10-15 20h10.47.716696 +0530,
,182,2,9,,,c_m_ra,camera,new,,[np.float64(-0.03666666666666667)],[np.float64(-0.3016666666666667)],[1],[0],[0],[0.19402759987860918],['text_3'],,,,,9,2,182,19,220.87108260020614,,,,,,,,,220.84561630012468,220.87108260020614,220.87108260020614,220.87108260020614,0.0050653996877372265,221.0405733003281,,[np.float64(-0.03666666666666667)],[np.float64(-0.3016666666666667)],[1],[0],[0],[0.19402759987860918],['text_3'],p3,001,2025-10-15_20h10.38.487,word_priming,,2025.1.1,60.09409544949801,2025-10-15 20h10.47.716696 +0530,
,183,3,9,,,_ru_s_,cruise,old ,,[np.float64(-0.03666666666666667)],[np.float64(-0.3016666666666667)],[1],[0],[0],[0.21174489986151457],['text_3'],,,,,9,3,183,6,221.0711219003424,,,,,,,,,221.04532410018146,221.0711219003424,221.0711219003424,221.0711219003424,0.0045510996133089066,221.257990100421,,[np.float64(-0.03666666666666667)],[np.float64(-0.3016666666666667)],[1],[0],[0],[0.21174489986151457],['text_3'],p3,001,2025-10-15_20h10.38.487,word_priming,,2025.1.1,60.09409544949801,2025-10-15 20h10.47.716696 +0530,
,184,4,9,,,_ha_t,chart,old ,,[np.float64(-0.03666666666666667)],[np.float64(-0.3016666666666667)],[1],[0],[0],[0.22534780018031597],['text_3'],,,,,9,4,184,1,221.28764160024002,,,,,,,,,221.2627398003824,221.28764160024002,221.28764160024002,221.28764160024002,0.004542300011962652,221.48901670007035,,[np.float64(-0.03666666666666667)],[np.float64(-0.3016666666666667)],[1],[0],[0],[0.22534780018031597],['text_3'],p3,001,2025-10-15_20h10.38.487,word_priming,,2025.1.1,60.09409544949801,2025-10-15 20h10.47.716696 +0530,
,185,5,9,,,T_hi_t,Tshirt,old ,,[np.float64(-0.03666666666666667)],[np.float64(-0.3016666666666667)],[1],[0],[0],[0.21074190037325025],['text_3'],,,,,9,5,185,2,221.52077670022845,,,,,,,,,221.49436760041863,221.52077670022845,221.52077670022845,221.52077670022845,0.005141099914908409,221.70604030042887,,[np.float64(-0.03666666666666667)],[np.float64(-0.3016666666666667)],[1],[0],[0],[0.21074190037325025],['text_3'],p3,001,2025-10-15_20h10.38.487,word_priming,,2025.1.1,60.09409544949801,2025-10-15 20h10.47.716696 +0530,
,186,6,9,,,c_s_io_,cushion,old ,,[np.float64(-0.03666666666666667)],[np.float64(-0.3016666666666667)],[1],[0],[0],[0.2778653996065259],['text_3'],,,,,9,6,186,14,221.7372255004011,,,,,,,,,221.71096600033343,221.7372255004011,221.7372255004011,221.7372255004011,0.00469199987128377,221.98979420028627,,[np.float64(-0.03666666666666667)],[np.float64(-0.3016666666666667)],[1],[0],[0],[0.2778653996065259],['text_3'],p3,001,2025-10-15_20h10.38.487,word_priming,,2025.1.1,60.09409544949801,2025-10-15 20h10.47.716696 +0530,
,187,7,9,,,c_s_,case,old ,,[np.float64(-0.03666666666666667)],[np.float64(-0.3016666666666667)],[1],[0],[0],[0.17685459973290563],['text_3'],,,,,9,7,187,5,222.02026750007644,,,,,,,,,221.9940556003712,222.02026750007644,222.02026750007644,222.02026750007644,0.004041099920868874,222.1718534003012,,[np.float64(-0.03666666666666667)],[np.float64(-0.3016666666666667)],[1],[0],[0],[0.17685459973290563],['text_3'],p3,001,2025-10-15_20h10.38.487,word_priming,,2025.1.1,60.09409544949801,2025-10-15 20h10.47.716696 +0530,
,188,8,9,,,l_pt_p,laptop,old ,,[np.float64(-0.03666666666666667)],[np.float64(-0.3016666666666667)],[1],[0],[0],[0.17781980009749532],['text_3'],,,,,9,8,188,0,222.20347750000656,,,,,,,,,222.17721740016714,222.20347750000656,222.20347750000656,222.20347750000656,0.005158700048923492,222.35597590031102,,[np.float64(-0.03666666666666667)],[np.float64(-0.3016666666666667)],[1],[0],[0],[0.17781980009749532],['text_3'],p3,001,2025-10-15_20h10.38.487,word_priming,,2025.1.1,60.09409544949801,2025-10-15 20h10.47.716696 +0530,
,189,9,9,,,p_nc_l,pencil,new,,[np.float64(-0.03666666666666667)],[np.float64(-0.3016666666666667)],[1],[0],[0],[0.19349800003692508],['text_3'],,,,,9,9,189,16,222.38622390013188,,,,,,,,,222.3609209000133,222.38622390013188,222.38622390013188,222.38622390013188,0.004762799944728613,222.55536920018494,,[np.float64(-0.03666666666666667)],[np.float64(-0.3016666666666667)],[1],[0],[0],[0.19349800003692508],['text_3'],p3,001,2025-10-15_20h10.38.487,word_priming,,2025.1.1,60.09409544949801,2025-10-15 20h10.47.716696 +0530,
,190,10,9,,,bo_t_e,bottle,new,,[np.float64(-0.03666666666666667)],[np.float64(-0.3016666666666667)],[1],[0],[0],[0.22662590024992824],['text_3'],,,,,9,10,190,18,222.58631570031866,,,,,,,,,222.56010630028322,222.58631570031866,222.58631570031866,222.58631570031866,0.004536300431936979,222.7877242001705,,[np.float64(-0.03666666666666667)],[np.float64(-0.3016666666666667)],[1],[0],[0],[0.22662590024992824],['text_3'],p3,001,2025-10-15_20h10.38.487,word_priming,,2025.1.1,60.09409544949801,2025-10-15 20h10.47.716696 +0530,
,191,11,9,,,ta_l_,table,new,,[np.float64(-0.03666666666666667)],[np.float64(-0.3016666666666667)],[1],[0],[0],[0.21150430012494326],['text_3'],,,,,9,11,191,15,222.8194109001197,,,,,,,,,222.79256790038198,222.8194109001197,222.8194109001197,222.8194109001197,0.004617700353264809,223.00501750037074,,[np.float64(-0.03666666666666667)],[np.float64(-0.3016666666666667)],[1],[0],[0],[0.21150430012494326],['text_3'],p3,001,2025-10-15_20h10.38.487,word_priming,,2025.1.1,60.09409544949801,2025-10-15 20h10.47.716696 +0530,
,192,12,9,,,P_str_,pastry,old ,,[np.float64(-0.03666666666666667)],[np.float64(-0.3016666666666667)],[1],[0],[0],[0.2263179998844862],['text_3'],,,,,9,12,192,4,223.03592480020598,,,,,,,,,223.01014000037685,223.03592480020598,223.03592480020598,223.03592480020598,0.004924600012600422,223.23740980029106,,[np.float64(-0.03666666666666667)],[np.float64(-0.3016666666666667)],[1],[0],[0],[0.2263179998844862],['text_3'],p3,001,2025-10-15_20h10.38.487,word_priming,,2025.1.1,60.09409544949801,2025-10-15 20h10.47.716696 +0530,
,193,13,9,,,K_y_,Keys,old ,,[np.float64(-0.03666666666666667)],[np.float64(-0.3016666666666667)],[1],[0],[0],[0.1954728001728654],['text_3'],,,,,9,13,193,8,223.26899820007384,,,,,,,,,223.24161890009418,223.26899820007384,223.26899820007384,223.26899820007384,0.004010299686342478,223.43800389999524,,[np.float64(-0.03666666666666667)],[np.float64(-0.3016666666666667)],[1],[0],[0],[0.1954728001728654],['text_3'],p3,001,2025-10-15_20h10.38.487,word_priming,,2025.1.1,60.09409544949801,2025-10-15 20h10.47.716696 +0530,
,194,14,9,,,_a_bl_,Marble,old ,,[np.float64(-0.03666666666666667)],[np.float64(-0.3016666666666667)],[1],[0],[0],[0.2267648996785283],['text_3'],,,,,9,14,194,11,223.4691382003948,,,,,,,,,223.4428145000711,223.4691382003948,223.4691382003948,223.4691382003948,0.004612599965184927,223.67050090013072,,[np.float64(-0.03666666666666667)],[np.float64(-0.3016666666666667)],[1],[0],[0],[0.2267648996785283],['text_3'],p3,001,2025-10-15_20h10.38.487,word_priming,,2025.1.1,60.09409544949801,2025-10-15 20h10.47.716696 +0530,
,195,15,9,,,_o_rd,Board,old ,,[np.float64(-0.03666666666666667)],[np.float64(-0.3016666666666667)],[1],[0],[0],[0.2099142000079155],['text_3'],,,,,9,15,195,10,223.7015500999987,,,,,,,,,223.67584360018373,223.7015500999987,223.7015500999987,223.7015500999987,0.005139899905771017,223.88668510038406,,[np.float64(-0.03666666666666667)],[np.float64(-0.3016666666666667)],[1],[0],[0],[0.2099142000079155],['text_3'],p3,001,2025-10-15_20h10.38.487,word_priming,,2025.1.1,60.09409544949801,2025-10-15 20h10.47.716696 +0530,
,196,16,9,,,P_li_e,Police,old ,,[np.float64(-0.03666666666666667)],[np.float64(-0.3016666666666667)],[1],[0],[0],[0.19469369994476438],['text_3'],,,,,9,16,196,7,223.91841340018436,,,,,,,,,223.89145750040188,223.91841340018436,223.91841340018436,223.91841340018436,0.004529899917542934,224.0870814002119,,[np.float64(-0.03666666666666667)],[np.float64(-0.3016666666666667)],[1],[0],[0],[0.19469369994476438],['text_3'],p3,001,2025-10-15_20h10.38.487,word_priming,,2025.1.1,60.09409544949801,2025-10-15 20h10.47.716696 +0530,
,197,17,9,,,v_s_,vase,new,,[np.float64(-0.03666666666666667)],[np.float64(-0.3016666666666667)],[1],[0],[0],[0.1937458999454975],['text_3'],,,,,9,17,197,17,224.11783200036734,,,,,,,,,224.0916071999818,224.11783200036734,224.11783200036734,224.11783200036734,0.004329100251197815,224.28629940003157,,[np.float64(-0.03666666666666667)],[np.float64(-0.3016666666666667)],[1],[0],[0],[0.1937458999454975],['text_3'],p3,001,2025-10-15_20h10.38.487,word_priming,,2025.1.1,60.09409544949801,2025-10-15 20h10.47.716696 +0530,
,198,18,9,,,_ou_se,mouse,old ,,[np.float64(-0.03666666666666667)],[np.float64(-0.3016666666666667)],[1],[0],[0],[0.19432050036266446],['text_3'],,,,,9,18,198,3,224.31794660026208,,,,,,,,,224.29159869998693,224.31794660026208,224.31794660026208,224.31794660026208,0.005085999611765146,224.48685320001096,,[np.float64(-0.03666666666666667)],[np.float64(-0.3016666666666667)],[1],[0],[0],[0.19432050036266446],['text_3'],p3,001,2025-10-15_20h10.38.487,word_priming,,2025.1.1,60.09409544949801,2025-10-15 20h10.47.716696 +0530,
,199,19,9,,,_ho_e,Phone,old ,,[np.float64(-0.03666666666666667)],[np.float64(-0.3016666666666667)],[1],[0],[0],[0.2263355003669858],['text_3'],,,,,9,19,199,12,224.51782730035484,,,,,,,,,224.49166750023142,224.51782730035484,224.51782730035484,224.51782730035484,0.004618700128048658,224.71895090024918,,[np.float64(-0.03666666666666667)],[np.float64(-0.3016666666666667)],[1],[0],[0],[0.2263355003669858],['text_3'],p3,001,2025-10-15_20h10.38.487,word_priming,,2025.1.1,60.09409544949801,2025-10-15 20h10.47.716696 +0530,
,200,0,10,,,c_m_ra,camera,new,,[np.float64(-0.03666666666666667)],[np.float64(-0.3016666666666667)],[1],[0],[0],[0.180330999661237],['text_3'],,,,,10,0,200,19,224.75092380028218,,,,,,,,,224.72378370026127,224.75092380028218,224.75092380028218,224.75092380028218,0.004630399867892265,224.9050317001529,,[np.float64(-0.03666666666666667)],[np.float64(-0.3016666666666667)],[1],[0],[0],[0.180330999661237],['text_3'],p3,001,2025-10-15_20h10.38.487,word_priming,,2025.1.1,60.09409544949801,2025-10-15 20h10.47.716696 +0530,
,201,1,10,,,c_s_,case,old ,,[np.float64(-0.03666666666666667)],[np.float64(-0.3016666666666667)],[1],[0],[0],[0.22586419992148876],['text_3'],,,,,10,1,201,5,224.93403190001845,,,,,,,,,224.9095269003883,224.93403190001845,224.93403190001845,224.93403190001845,0.004291599616408348,225.13632770022377,,[np.float64(-0.03666666666666667)],[np.float64(-0.3016666666666667)],[1],[0],[0],[0.22586419992148876],['text_3'],p3,001,2025-10-15_20h10.38.487,word_priming,,2025.1.1,60.09409544949801,2025-10-15 20h10.47.716696 +0530,
,202,2,10,,,v_s_,vase,new,,[np.float64(-0.03666666666666667)],[np.float64(-0.3016666666666667)],[1],[0],[0],[0.194350800011307],['text_3'],,,,,10,2,202,17,225.1671134000644,,,,,,,,,225.140680400189,225.1671134000644,225.1671134000644,225.1671134000644,0.004153999965637922,225.33593930024654,,[np.float64(-0.03666666666666667)],[np.float64(-0.3016666666666667)],[1],[0],[0],[0.194350800011307],['text_3'],p3,001,2025-10-15_20h10.38.487,word_priming,,2025.1.1,60.09409544949801,2025-10-15 20h10.47.716696 +0530,
,203,3,10,,,_ho_e,Phone,old ,,[np.float64(-0.03666666666666667)],[np.float64(-0.3016666666666667)],[1],[0],[0],[0.19425430009141564],['text_3'],,,,,10,3,203,12,225.36737730028108,,,,,,,,,225.34067270020023,225.36737730028108,225.36737730028108,225.36737730028108,0.004536699969321489,225.53585440013558,,[np.float64(-0.03666666666666667)],[np.float64(-0.3016666666666667)],[1],[0],[0],[0.19425430009141564],['text_3'],p3,001,2025-10-15_20h10.38.487,word_priming,,2025.1.1,60.09409544949801,2025-10-15 20h10.47.716696 +0530,
,204,4,10,,,_ha_t,chart,old ,,[np.float64(-0.03666666666666667)],[np.float64(-0.3016666666666667)],[1],[0],[0],[0.22668269975110888],['text_3'],,,,,10,4,204,1,225.56680570030585,,,,,,,,,225.54074790002778,225.56680570030585,225.56680570030585,225.56680570030585,0.004681000020354986,225.7683630003594,,[np.float64(-0.03666666666666667)],[np.float64(-0.3016666666666667)],[1],[0],[0],[0.22668269975110888],['text_3'],p3,001,2025-10-15_20h10.38.487,word_priming,,2025.1.1,60.09409544949801,2025-10-15 20h10.47.716696 +0530,
,205,5,10,,,p_nc_l,pencil,new,,[np.float64(-0.03666666666666667)],[np.float64(-0.3016666666666667)],[1],[0],[0],[0.1928260000422597],['text_3'],,,,,10,5,205,16,225.79986080015078,,,,,,,,,225.77401900012046,225.79986080015078,225.79986080015078,225.79986080015078,0.005456299986690283,225.96777920005843,,[np.float64(-0.03666666666666667)],[np.float64(-0.3016666666666667)],[1],[0],[0],[0.1928260000422597],['text_3'],p3,001,2025-10-15_20h10.38.487,word_priming,,2025.1.1,60.09409544949801,2025-10-15 20h10.47.716696 +0530,
,206,6,10,,,c_s_io_,cushion,old ,,[np.float64(-0.03666666666666667)],[np.float64(-0.3016666666666667)],[1],[0],[0],[0.17974620033055544],['text_3'],,,,,10,6,206,14,225.99962970009074,,,,,,,,,225.9726025001146,225.99962970009074,225.99962970009074,225.99962970009074,0.004593200050294399,226.15326960012317,,[np.float64(-0.03666666666666667)],[np.float64(-0.3016666666666667)],[1],[0],[0],[0.17974620033055544],['text_3'],p3,001,2025-10-15_20h10.38.487,word_priming,,2025.1.1,60.09409544949801,2025-10-15 20h10.47.716696 +0530,
,207,7,10,,,ta_l_,table,new,,[np.float64(-0.03666666666666667)],[np.float64(-0.3016666666666667)],[1],[0],[0],[0.2419441998936236],['text_3'],,,,,10,7,207,15,226.1823631003499,,,,,,,,,226.1579781002365,226.1823631003499,226.1823631003499,226.1823631003499,0.004511499777436256,226.40092200040817,,[np.float64(-0.03666666666666667)],[np.float64(-0.3016666666666667)],[1],[0],[0],[0.2419441998936236],['text_3'],p3,001,2025-10-15_20h10.38.487,word_priming,,2025.1.1,60.09409544949801,2025-10-15 20h10.47.716696 +0530,
,208,8,10,,,_o_rd,Board,old ,,[np.float64(-0.03666666666666667)],[np.float64(-0.3016666666666667)],[1],[0],[0],[0.19429370015859604],['text_3'],,,,,10,8,208,10,226.43266750033945,,,,,,,,,226.4061150001362,226.43266750033945,226.43266750033945,226.43266750033945,0.0049859001301229,226.6013667001389,,[np.float64(-0.03666666666666667)],[np.float64(-0.3016666666666667)],[1],[0],[0],[0.19429370015859604],['text_3'],p3,001,2025-10-15_20h10.38.487,word_priming,,2025.1.1,60.09409544949801,2025-10-15 20h10.47.716696 +0530,
,209,9,10,,,_oo_,book,old ,,[np.float64(-0.03666666666666667)],[np.float64(-0.3016666666666667)],[1],[0],[0],[0.1946924002841115],['text_3'],,,,,10,9,209,13,226.63239740021527,,,,,,,,,226.60561330011114,226.63239740021527,226.63239740021527,226.63239740021527,0.004029500298202038,226.80122670019045,,[np.float64(-0.03666666666666667)],[np.float64(-0.3016666666666667)],[1],[0],[0],[0.1946924002841115],['text_3'],p3,001,2025-10-15_20h10.38.487,word_priming,,2025.1.1,60.09409544949801,2025-10-15 20h10.47.716696 +0530,
,210,10,10,,,P_str_,pastry,old ,,[np.float64(-0.03666666666666667)],[np.float64(-0.3016666666666667)],[1],[0],[0],[0.19350659986957908],['text_3'],,,,,10,10,210,4,226.83216510014609,,,,,,,,,226.80608580028638,226.83216510014609,226.83216510014609,226.83216510014609,0.004663900006562471,227.00059220008552,,[np.float64(-0.03666666666666667)],[np.float64(-0.3016666666666667)],[1],[0],[0],[0.19350659986957908],['text_3'],p3,001,2025-10-15_20h10.38.487,word_priming,,2025.1.1,60.09409544949801,2025-10-15 20h10.47.716696 +0530,
,211,11,10,,,_ou_se,mouse,old ,,[np.float64(-0.03666666666666667)],[np.float64(-0.3016666666666667)],[1],[0],[0],[0.21264650020748377],['text_3'],,,,,10,11,211,3,227.0319490004331,,,,,,,,,227.00534500041977,227.0319490004331,227.0319490004331,227.0319490004331,0.0045402999967336655,227.21878850040957,,[np.float64(-0.03666666666666667)],[np.float64(-0.3016666666666667)],[1],[0],[0],[0.21264650020748377],['text_3'],p3,001,2025-10-15_20h10.38.487,word_priming,,2025.1.1,60.09409544949801,2025-10-15 20h10.47.716696 +0530,
,212,12,10,,,P_li_e,Police,old ,,[np.float64(-0.03666666666666667)],[np.float64(-0.3016666666666667)],[1],[0],[0],[0.19589959969744086],['text_3'],,,,,10,12,212,7,227.24807710014284,,,,,,,,,227.2223042002879,227.24807710014284,227.24807710014284,227.24807710014284,0.003371900413185358,227.4189063999802,,[np.float64(-0.03666666666666667)],[np.float64(-0.3016666666666667)],[1],[0],[0],[0.19589959969744086],['text_3'],p3,001,2025-10-15_20h10.38.487,word_priming,,2025.1.1,60.09409544949801,2025-10-15 20h10.47.716696 +0530,
,213,13,10,,,K_y_,Keys,old ,,[np.float64(-0.03666666666666667)],[np.float64(-0.3016666666666667)],[1],[0],[0],[0.21223950013518333],['text_3'],,,,,10,13,213,8,227.44788250001147,,,,,,,,,227.4219299000688,227.44788250001147,227.44788250001147,227.44788250001147,0.0028769001364707947,227.6348625002429,,[np.float64(-0.03666666666666667)],[np.float64(-0.3016666666666667)],[1],[0],[0],[0.21223950013518333],['text_3'],p3,001,2025-10-15_20h10.38.487,word_priming,,2025.1.1,60.09409544949801,2025-10-15 20h10.47.716696 +0530,
,214,14,10,,,P_st_r,Poster,old ,,[np.float64(-0.03666666666666667)],[np.float64(-0.3016666666666667)],[1],[0],[0],[0.21110079996287823],['text_3'],,,,,10,14,214,9,227.66468930011615,,,,,,,,,227.63861050037667,227.66468930011615,227.66468930011615,227.66468930011615,0.003577900119125843,227.85041700024158,,[np.float64(-0.03666666666666667)],[np.float64(-0.3016666666666667)],[1],[0],[0],[0.21110079996287823],['text_3'],p3,001,2025-10-15_20h10.38.487,word_priming,,2025.1.1,60.09409544949801,2025-10-15 20h10.47.716696 +0530,
,215,15,10,,,_ru_s_,cruise,old ,,[np.float64(-0.03666666666666667)],[np.float64(-0.3016666666666667)],[1],[0],[0],[0.212865199893713],['text_3'],,,,,10,15,215,6,227.88117060018703,,,,,,,,,227.85395550029352,227.88117060018703,227.88117060018703,227.88117060018703,0.0034096003510057926,228.0675579002127,,[np.float64(-0.03666666666666667)],[np.float64(-0.3016666666666667)],[1],[0],[0],[0.212865199893713],['text_3'],p3,001,2025-10-15_20h10.38.487,word_priming,,2025.1.1,60.09409544949801,2025-10-15 20h10.47.716696 +0530,
,216,16,10,,,_a_bl_,Marble,old ,,[np.float64(-0.03666666666666667)],[np.float64(-0.3016666666666667)],[1],[0],[0],[0.1781096998602152],['text_3'],,,,,10,16,216,11,228.09757190011442,,,,,,,,,228.07089400012046,228.09757190011442,228.09757190011442,228.09757190011442,0.0031890999525785446,228.24984090030193,,[np.float64(-0.03666666666666667)],[np.float64(-0.3016666666666667)],[1],[0],[0],[0.1781096998602152],['text_3'],p3,001,2025-10-15_20h10.38.487,word_priming,,2025.1.1,60.09409544949801,2025-10-15 20h10.47.716696 +0530,
,217,17,10,,,T_hi_t,Tshirt,old ,,[np.float64(-0.03666666666666667)],[np.float64(-0.3016666666666667)],[1],[0],[0],[0.19463959988206625],['text_3'],,,,,10,17,217,2,228.28142160037532,,,,,,,,,228.2546680001542,228.28142160037532,228.28142160037532,228.28142160037532,0.004633599892258644,228.45023389998823,,[np.float64(-0.03666666666666667)],[np.float64(-0.3016666666666667)],[1],[0],[0],[0.19463959988206625],['text_3'],p3,001,2025-10-15_20h10.38.487,word_priming,,2025.1.1,60.09409544949801,2025-10-15 20h10.47.716696 +0530,
,218,18,10,,,l_pt_p,laptop,old ,,[np.float64(-0.03666666666666667)],[np.float64(-0.3016666666666667)],[1],[0],[0],[0.22556499997153878],['text_3'],,,,,10,18,218,0,228.48050690023229,,,,,,,,,228.4550933004357,228.48050690023229,228.48050690023229,228.48050690023229,0.0046502999030053616,228.68159430008382,,[np.float64(-0.03666666666666667)],[np.float64(-0.3016666666666667)],[1],[0],[0],[0.22556499997153878],['text_3'],p3,001,2025-10-15_20h10.38.487,word_priming,,2025.1.1,60.09409544949801,2025-10-15 20h10.47.716696 +0530,
,219,19,10,,,bo_t_e,bottle,new,,[np.float64(-0.03666666666666667)],[np.float64(-0.3016666666666667)],[1],[0],[0],[0.1951577002182603],['text_3'],,,,,10,19,219,18,228.7133434000425,,,,,,,,,228.68635930027813,228.7133434000425,228.7133434000425,228.7133434000425,0.004527699667960405,228.8824460003525,,[np.float64(-0.03666666666666667)],[np.float64(-0.3016666666666667)],[1],[0],[0],[0.1951577002182603],['text_3'],p3,001,2025-10-15_20h10.38.487,word_priming,,2025.1.1,60.09409544949801,2025-10-15 20h10.47.716696 +0530,
,220,0,11,,,c_s_,case,old ,,[np.float64(-0.03666666666666667)],[np.float64(-0.3016666666666667)],[1],[0],[0],[0.17923799995332956],['text_3'],,,,,11,0,220,5,228.9129731003195,,,,,,,,,228.88717040000483,228.9129731003195,228.9129731003195,228.9129731003195,0.004522399976849556,229.0673370002769,,[np.float64(-0.03666666666666667)],[np.float64(-0.3016666666666667)],[1],[0],[0],[0.17923799995332956],['text_3'],p3,001,2025-10-15_20h10.38.487,word_priming,,2025.1.1,60.09409544949801,2025-10-15 20h10.47.716696 +0530,
,221,1,11,,,T_hi_t,Tshirt,old ,,[np.float64(-0.03666666666666667)],[np.float64(-0.3016666666666667)],[1],[0],[0],[0.24164630006998777],['text_3'],,,,,11,1,221,2,229.09673380013555,,,,,,,,,229.0723120002076,229.09673380013555,229.09673380013555,229.09673380013555,0.0047752996906638145,229.31488800002262,,[np.float64(-0.03666666666666667)],[np.float64(-0.3016666666666667)],[1],[0],[0],[0.24164630006998777],['text_3'],p3,001,2025-10-15_20h10.38.487,word_priming,,2025.1.1,60.09409544949801,2025-10-15 20h10.47.716696 +0530,
,222,2,11,,,_a_bl_,Marble,old ,,[np.float64(-0.03666666666666667)],[np.float64(-0.3016666666666667)],[1],[0],[0],[0.1936718001961708],['text_3'],,,,,11,2,222,11,229.34642620012164,,,,,,,,,229.31971479998901,229.34642620012164,229.34642620012164,229.34642620012164,0.00461990013718605,229.51431960007176,,[np.float64(-0.03666666666666667)],[np.float64(-0.3016666666666667)],[1],[0],[0],[0.1936718001961708],['text_3'],p3,001,2025-10-15_20h10.38.487,word_priming,,2025.1.1,60.09409544949801,2025-10-15 20h10.47.716696 +0530,
,223,3,11,,,P_str_,pastry,old ,,[np.float64(-0.03666666666666667)],[np.float64(-0.3016666666666667)],[1],[0],[0],[0.19451409997418523],['text_3'],,,,,11,3,223,4,229.5461291000247,,,,,,,,,229.5196679001674,229.5461291000247,229.5461291000247,229.5461291000247,0.005121000111103058,229.7151220003143,,[np.float64(-0.03666666666666667)],[np.float64(-0.3016666666666667)],[1],[0],[0],[0.19451409997418523],['text_3'],p3,001,2025-10-15_20h10.38.487,word_priming,,2025.1.1,60.09409544949801,2025-10-15 20h10.47.716696 +0530,
,224,4,11,,,ta_l_,table,new,,[np.float64(-0.03666666666666667)],[np.float64(-0.3016666666666667)],[1],[0],[0],[0.2098330003209412],['text_3'],,,,,11,4,224,15,229.74596700025722,,,,,,,,,229.71992790000513,229.74596700025722,229.74596700025722,229.74596700025722,0.004594999831169844,229.93069250043482,,[np.float64(-0.03666666666666667)],[np.float64(-0.3016666666666667)],[1],[0],[0],[0.2098330003209412],['text_3'],p3,001,2025-10-15_20h10.38.487,word_priming,,2025.1.1,60.09409544949801,2025-10-15 20h10.47.716696 +0530,
,225,5,11,,,c_s_io_,cushion,old ,,[np.float64(-0.03666666666666667)],[np.float64(-0.3016666666666667)],[1],[0],[0],[0.16285439999774098],['text_3'],,,,,11,5,225,14,229.9623883003369,,,,,,,,,229.93556420039386,229.9623883003369,229.9623883003369,229.9623883003369,0.0046628001146018505,230.09936080034822,,[np.float64(-0.03666666666666667)],[np.float64(-0.3016666666666667)],[1],[0],[0],[0.16285439999774098],['text_3'],p3,001,2025-10-15_20h10.38.487,word_priming,,2025.1.1,60.09409544949801,2025-10-15 20h10.47.716696 +0530,
,226,6,11,,,bo_t_e,bottle,new,,[np.float64(-0.03666666666666667)],[np.float64(-0.3016666666666667)],[1],[0],[0],[0.22646160004660487],['text_3'],,,,,11,6,226,18,230.12898120004684,,,,,,,,,230.10434680012986,230.12898120004684,230.12898120004684,230.12898120004684,0.004754200112074614,230.331751300022,,[np.float64(-0.03666666666666667)],[np.float64(-0.3016666666666667)],[1],[0],[0],[0.22646160004660487],['text_3'],p3,001,2025-10-15_20h10.38.487,word_priming,,2025.1.1,60.09409544949801,2025-10-15 20h10.47.716696 +0530,
,227,7,11,,,_ha_t,chart,old ,,[np.float64(-0.03666666666666667)],[np.float64(-0.3016666666666667)],[1],[0],[0],[0.19330690009519458],['text_3'],,,,,11,7,227,1,230.36249370034784,,,,,,,,,230.3365106000565,230.36249370034784,230.36249370034784,230.36249370034784,0.004561400040984154,230.53075130004436,,[np.float64(-0.03666666666666667)],[np.float64(-0.3016666666666667)],[1],[0],[0],[0.19330690009519458],['text_3'],p3,001,2025-10-15_20h10.38.487,word_priming,,2025.1.1,60.09409544949801,2025-10-15 20h10.47.716696 +0530,
,228,8,11,,,l_pt_p,laptop,old ,,[np.float64(-0.03666666666666667)],[np.float64(-0.3016666666666667)],[1],[0],[0],[0.19411779986694455],['text_3'],,,,,11,8,228,0,230.56184570025653,,,,,,,,,230.5355732003227,230.56184570025653,230.56184570025653,230.56184570025653,0.004601099994033575,230.73061480000615,,[np.float64(-0.03666666666666667)],[np.float64(-0.3016666666666667)],[1],[0],[0],[0.19411779986694455],['text_3'],p3,001,2025-10-15_20h10.38.487,word_priming,,2025.1.1,60.09409544949801,2025-10-15 20h10.47.716696 +0530,
,229,9,11,,,_o_rd,Board,old ,,[np.float64(-0.03666666666666667)],[np.float64(-0.3016666666666667)],[1],[0],[0],[0.20981190027669072],['text_3'],,,,,11,9,229,10,230.7616167999804,,,,,,,,,230.735383100342,230.7616167999804,230.7616167999804,230.7616167999804,0.0045540002174675465,230.94613030040637,,[np.float64(-0.03666666666666667)],[np.float64(-0.3016666666666667)],[1],[0],[0],[0.20981190027669072],['text_3'],p3,001,2025-10-15_20h10.38.487,word_priming,,2025.1.1,60.09409544949801,2025-10-15 20h10.47.716696 +0530,
,230,10,11,,,v_s_,vase,new,,[np.float64(-0.03666666666666667)],[np.float64(-0.3016666666666667)],[1],[0],[0],[0.21135730016976595],['text_3'],,,,,11,10,230,17,230.9780594999902,,,,,,,,,230.95087790023535,230.9780594999902,230.9780594999902,230.9780594999902,0.004527900367975235,231.1631415002048,,[np.float64(-0.03666666666666667)],[np.float64(-0.3016666666666667)],[1],[0],[0],[0.21135730016976595],['text_3'],p3,001,2025-10-15_20h10.38.487,word_priming,,2025.1.1,60.09409544949801,2025-10-15 20h10.47.716696 +0530,
,231,11,11,,,K_y_,Keys,old ,,[np.float64(-0.03666666666666667)],[np.float64(-0.3016666666666667)],[1],[0],[0],[0.19513180013746023],['text_3'],,,,,11,11,231,8,231.1945281000808,,,,,,,,,231.16749200038612,231.1945281000808,231.1945281000808,231.1945281000808,0.004152900073677301,231.36356000043452,,[np.float64(-0.03666666666666667)],[np.float64(-0.3016666666666667)],[1],[0],[0],[0.19513180013746023],['text_3'],p3,001,2025-10-15_20h10.38.487,word_priming,,2025.1.1,60.09409544949801,2025-10-15 20h10.47.716696 +0530,
,232,12,11,,,p_nc_l,pencil,new,,[np.float64(-0.03666666666666667)],[np.float64(-0.3016666666666667)],[1],[0],[0],[0.19324749987572432],['text_3'],,,,,11,12,232,16,231.39428590005264,,,,,,,,,231.36829700041562,231.39428590005264,231.39428590005264,231.39428590005264,0.004528500139713287,231.56236020009965,,[np.float64(-0.03666666666666667)],[np.float64(-0.3016666666666667)],[1],[0],[0],[0.19324749987572432],['text_3'],p3,001,2025-10-15_20h10.38.487,word_priming,,2025.1.1,60.09409544949801,2025-10-15 20h10.47.716696 +0530,
,233,13,11,,,c_m_ra,camera,new,,[np.float64(-0.03666666666666667)],[np.float64(-0.3016666666666667)],[1],[0],[0],[0.17984170001000166],['text_3'],,,,,11,13,233,19,231.59426030004397,,,,,,,,,231.56619680020958,231.59426030004397,231.59426030004397,231.59426030004397,0.003676299937069416,231.74676380027086,,[np.float64(-0.03666666666666667)],[np.float64(-0.3016666666666667)],[1],[0],[0],[0.17984170001000166],['text_3'],p3,001,2025-10-15_20h10.38.487,word_priming,,2025.1.1,60.09409544949801,2025-10-15 20h10.47.716696 +0530,
,234,14,11,,,_ho_e,Phone,old ,,[np.float64(-0.03666666666666667)],[np.float64(-0.3016666666666667)],[1],[0],[0],[0.21148680010810494],['text_3'],,,,,11,14,234,12,231.77725380007178,,,,,,,,,231.75011420017108,231.77725380007178,231.77725380007178,231.77725380007178,0.003204799722880125,231.9624358001165,,[np.float64(-0.03666666666666667)],[np.float64(-0.3016666666666667)],[1],[0],[0],[0.21148680010810494],['text_3'],p3,001,2025-10-15_20h10.38.487,word_priming,,2025.1.1,60.09409544949801,2025-10-15 20h10.47.716696 +0530,
,235,15,11,,,_oo_,book,old ,,[np.float64(-0.03666666666666667)],[np.float64(-0.3016666666666667)],[1],[0],[0],[0.21105810021981597],['text_3'],,,,,11,15,235,13,231.99374790024012,,,,,,,,,231.96678700018674,231.99374790024012,231.99374790024012,231.99374790024012,0.004135999828577042,232.17878680024296,,[np.float64(-0.03666666666666667)],[np.float64(-0.3016666666666667)],[1],[0],[0],[0.21105810021981597],['text_3'],p3,001,2025-10-15_20h10.38.487,word_priming,,2025.1.1,60.09409544949801,2025-10-15 20h10.47.716696 +0530,
,236,16,11,,,P_st_r,Poster,old ,,[np.float64(-0.03666666666666667)],[np.float64(-0.3016666666666667)],[1],[0],[0],[0.21117360005155206],['text_3'],,,,,11,16,236,9,232.2102982001379,,,,,,,,,232.18359520006925,232.2102982001379,232.2102982001379,232.2102982001379,0.00459529971703887,232.395694100298,,[np.float64(-0.03666666666666667)],[np.float64(-0.3016666666666667)],[1],[0],[0],[0.21117360005155206],['text_3'],p3,001,2025-10-15_20h10.38.487,word_priming,,2025.1.1,60.09409544949801,2025-10-15 20h10.47.716696 +0530,
,237,17,11,,,_ou_se,mouse,old ,,[np.float64(-0.03666666666666667)],[np.float64(-0.3016666666666667)],[1],[0],[0],[0.19381779991090298],['text_3'],,,,,11,17,237,3,232.4266571002081,,,,,,,,,232.4008812000975,232.4266571002081,232.4266571002081,232.4266571002081,0.004971199668943882,232.5956145003438,,[np.float64(-0.03666666666666667)],[np.float64(-0.3016666666666667)],[1],[0],[0],[0.19381779991090298],['text_3'],p3,001,2025-10-15_20h10.38.487,word_priming,,2025.1.1,60.09409544949801,2025-10-15 20h10.47.716696 +0530,
,238,18,11,,,P_li_e,Police,old ,,[np.float64(-0.03666666666666667)],[np.float64(-0.3016666666666667)],[1],[0],[0],[0.19392200000584126],['text_3'],,,,,11,18,238,7,232.6264287000522,,,,,,,,,232.6004392001778,232.6264287000522,232.6264287000522,232.6264287000522,0.004633000120520592,232.79530490003526,,[np.float64(-0.03666666666666667)],[np.float64(-0.3016666666666667)],[1],[0],[0],[0.19392200000584126],['text_3'],p3,001,2025-10-15_20h10.38.487,word_priming,,2025.1.1,60.09409544949801,2025-10-15 20h10.47.716696 +0530,
,239,19,11,,,_ru_s_,cruise,old ,,[np.float64(-0.03666666666666667)],[np.float64(-0.3016666666666667)],[1],[0],[0],[0.21009409986436367],['text_3'],,,,,11,19,239,6,232.8261802000925,,,,,,,,,232.80011539999396,232.8261802000925,232.8261802000925,232.8261802000925,0.0046120998449623585,233.0111393001862,,[np.float64(-0.03666666666666667)],[np.float64(-0.3016666666666667)],[1],[0],[0],[0.21009409986436367],['text_3'],p3,001,2025-10-15_20h10.38.487,word_priming,,2025.1.1,60.09409544949801,2025-10-15 20h10.47.716696 +0530,
,240,0,12,,,_ho_e,Phone,old ,,[np.float64(-0.03666666666666667)],[np.float64(-0.3016666666666667)],[1],[0],[0],[0.24299579998478293],['text_3'],,,,,12,0,240,12,233.04315990023315,,,,,,,,,233.0169935002923,233.04315990023315,233.04315990023315,233.04315990023315,0.005642700009047985,233.2609375002794,,[np.float64(-0.03666666666666667)],[np.float64(-0.3016666666666667)],[1],[0],[0],[0.24299579998478293],['text_3'],p3,001,2025-10-15_20h10.38.487,word_priming,,2025.1.1,60.09409544949801,2025-10-15 20h10.47.716696 +0530,
,241,1,12,,,_o_rd,Board,old ,,[np.float64(-0.03666666666666667)],[np.float64(-0.3016666666666667)],[1],[0],[0],[0.22729860013350844],['text_3'],,,,,12,1,241,10,233.29246290028095,,,,,,,,,233.2656605001539,233.29246290028095,233.29246290028095,233.29246290028095,0.004506300203502178,233.49388810014352,,[np.float64(-0.03666666666666667)],[np.float64(-0.3016666666666667)],[1],[0],[0],[0.22729860013350844],['text_3'],p3,001,2025-10-15_20h10.38.487,word_priming,,2025.1.1,60.09409544949801,2025-10-15 20h10.47.716696 +0530,
,242,2,12,,,p_nc_l,pencil,new,,[np.float64(-0.03666666666666667)],[np.float64(-0.3016666666666667)],[1],[0],[0],[0.19431950012221932],['text_3'],,,,,12,2,242,16,233.52555990032852,,,,,,,,,233.4986891001463,233.52555990032852,233.52555990032852,233.52555990032852,0.004562600050121546,233.69393080007285,,[np.float64(-0.03666666666666667)],[np.float64(-0.3016666666666667)],[1],[0],[0],[0.19431950012221932],['text_3'],p3,001,2025-10-15_20h10.38.487,word_priming,,2025.1.1,60.09409544949801,2025-10-15 20h10.47.716696 +0530,
,243,3,12,,,v_s_,vase,new,,[np.float64(-0.03666666666666667)],[np.float64(-0.3016666666666667)],[1],[0],[0],[0.19392619980499148],['text_3'],,,,,12,3,243,17,233.72536060027778,,,,,,,,,233.69868310028687,233.72536060027778,233.72536060027778,233.72536060027778,0.004551100078970194,233.8935534004122,,[np.float64(-0.03666666666666667)],[np.float64(-0.3016666666666667)],[1],[0],[0],[0.19392619980499148],['text_3'],p3,001,2025-10-15_20h10.38.487,word_priming,,2025.1.1,60.09409544949801,2025-10-15 20h10.47.716696 +0530,
,244,4,12,,,P_li_e,Police,old ,,[np.float64(-0.03666666666666667)],[np.float64(-0.3016666666666667)],[1],[0],[0],[0.260487399995327],['text_3'],,,,,12,4,244,7,233.92560040019453,,,,,,,,,233.89829530008137,233.92560040019453,233.92560040019453,233.92560040019453,0.0045369998551905155,234.15971320029348,,[np.float64(-0.03666666666666667)],[np.float64(-0.3016666666666667)],[1],[0],[0],[0.260487399995327],['text_3'],p3,001,2025-10-15_20h10.38.487,word_priming,,2025.1.1,60.09409544949801,2025-10-15 20h10.47.716696 +0530,
,245,5,12,,,l_pt_p,laptop,old ,,[np.float64(-0.03666666666666667)],[np.float64(-0.3016666666666667)],[1],[0],[0],[0.21052159974351525],['text_3'],,,,,12,5,245,0,234.19119400018826,,,,,,,,,234.16485180007294,234.19119400018826,234.19119400018826,234.19119400018826,0.004923800006508827,234.37631400022656,,[np.float64(-0.03666666666666667)],[np.float64(-0.3016666666666667)],[1],[0],[0],[0.21052159974351525],['text_3'],p3,001,2025-10-15_20h10.38.487,word_priming,,2025.1.1,60.09409544949801,2025-10-15 20h10.47.716696 +0530,
,246,6,12,,,c_s_,case,old ,,[np.float64(-0.03666666666666667)],[np.float64(-0.3016666666666667)],[1],[0],[0],[0.19401900004595518],['text_3'],,,,,12,6,246,5,234.4079892002046,,,,,,,,,234.3811366003938,234.4079892002046,234.4079892002046,234.4079892002046,0.004580599721521139,234.57608480006456,,[np.float64(-0.03666666666666667)],[np.float64(-0.3016666666666667)],[1],[0],[0],[0.19401900004595518],['text_3'],p3,001,2025-10-15_20h10.38.487,word_priming,,2025.1.1,60.09409544949801,2025-10-15 20h10.47.716696 +0530,
,247,7,12,,,_ou_se,mouse,old ,,[np.float64(-0.03666666666666667)],[np.float64(-0.3016666666666667)],[1],[0],[0],[0.19441029988229275],['text_3'],,,,,12,7,247,3,234.60783320013434,,,,,,,,,234.58084519999102,234.60783320013434,234.60783320013434,234.60783320013434,0.004524999763816595,234.77618180029094,,[np.float64(-0.03666666666666667)],[np.float64(-0.3016666666666667)],[1],[0],[0],[0.19441029988229275],['text_3'],p3,001,2025-10-15_20h10.38.487,word_priming,,2025.1.1,60.09409544949801,2025-10-15 20h10.47.716696 +0530,
,248,8,12,,,P_st_r,Poster,old ,,[np.float64(-0.03666666666666667)],[np.float64(-0.3016666666666667)],[1],[0],[0],[0.16353419981896877],['text_3'],,,,,12,8,248,9,234.80762020032853,,,,,,,,,234.78094820026308,234.80762020032853,234.80762020032853,234.80762020032853,0.004552900325506926,234.94541730033234,,[np.float64(-0.03666666666666667)],[np.float64(-0.3016666666666667)],[1],[0],[0],[0.16353419981896877],['text_3'],p3,001,2025-10-15_20h10.38.487,word_priming,,2025.1.1,60.09409544949801,2025-10-15 20h10.47.716696 +0530,
,249,9,12,,,P_str_,pastry,old ,,[np.float64(-0.03666666666666667)],[np.float64(-0.3016666666666667)],[1],[0],[0],[0.19279230013489723],['text_3'],,,,,12,9,249,4,234.97478430019692,,,,,,,,,234.95024930033833,234.97478430019692,234.97478430019692,234.97478430019692,0.004631900228559971,235.14400080032647,,[np.float64(-0.03666666666666667)],[np.float64(-0.3016666666666667)],[1],[0],[0],[0.19279230013489723],['text_3'],p3,001,2025-10-15_20h10.38.487,word_priming,,2025.1.1,60.09409544949801,2025-10-15 20h10.47.716696 +0530,
,250,10,12,,,_ru_s_,cruise,old ,,[np.float64(-0.03666666666666667)],[np.float64(-0.3016666666666667)],[1],[0],[0],[0.1760728000663221],['text_3'],,,,,12,10,250,6,235.17448829999194,,,,,,,,,235.14887500042096,235.17448829999194,235.17448829999194,235.17448829999194,0.0046711997129023075,235.32588330004364,,[np.float64(-0.03666666666666667)],[np.float64(-0.3016666666666667)],[1],[0],[0],[0.1760728000663221],['text_3'],p3,001,2025-10-15_20h10.38.487,word_priming,,2025.1.1,60.09409544949801,2025-10-15 20h10.47.716696 +0530,
,251,11,12,,,ta_l_,table,new,,[np.float64(-0.03666666666666667)],[np.float64(-0.3016666666666667)],[1],[0],[0],[0.1612160997465253],['text_3'],,,,,12,11,251,15,235.3567347000353,,,,,,,,,235.3305300003849,235.3567347000353,235.3567347000353,235.3567347000353,0.004445800092071295,235.49267350044101,,[np.float64(-0.03666666666666667)],[np.float64(-0.3016666666666667)],[1],[0],[0],[0.1612160997465253],['text_3'],p3,001,2025-10-15_20h10.38.487,word_priming,,2025.1.1,60.09409544949801,2025-10-15 20h10.47.716696 +0530,
,252,12,12,,,c_m_ra,camera,new,,[np.float64(-0.03666666666666667)],[np.float64(-0.3016666666666667)],[1],[0],[0],[0.19396169995889068],['text_3'],,,,,12,12,252,19,235.5240980000235,,,,,,,,,235.49750910000876,235.5240980000235,235.5240980000235,235.5240980000235,0.004582899622619152,235.69240210019052,,[np.float64(-0.03666666666666667)],[np.float64(-0.3016666666666667)],[1],[0],[0],[0.19396169995889068],['text_3'],p3,001,2025-10-15_20h10.38.487,word_priming,,2025.1.1,60.09409544949801,2025-10-15 20h10.47.716696 +0530,
,253,13,12,,,_oo_,book,old ,,[np.float64(-0.03666666666666667)],[np.float64(-0.3016666666666667)],[1],[0],[0],[0.21135960007086396],['text_3'],,,,,12,13,253,13,235.72338660014793,,,,,,,,,235.69717820035294,235.72338660014793,235.72338660014793,235.72338660014793,0.004575700033456087,235.90933980001137,,[np.float64(-0.03666666666666667)],[np.float64(-0.3016666666666667)],[1],[0],[0],[0.21135960007086396],['text_3'],p3,001,2025-10-15_20h10.38.487,word_priming,,2025.1.1,60.09409544949801,2025-10-15 20h10.47.716696 +0530,
,254,14,12,,,c_s_io_,cushion,old ,,[np.float64(-0.03666666666666667)],[np.float64(-0.3016666666666667)],[1],[0],[0],[0.17959500011056662],['text_3'],,,,,12,14,254,14,235.9398570000194,,,,,,,,,235.91311080008745,235.9398570000194,235.9398570000194,235.9398570000194,0.0036357999779284,236.09342140005901,,[np.float64(-0.03666666666666667)],[np.float64(-0.3016666666666667)],[1],[0],[0],[0.17959500011056662],['text_3'],p3,001,2025-10-15_20h10.38.487,word_priming,,2025.1.1,60.09409544949801,2025-10-15 20h10.47.716696 +0530,
,255,15,12,,,_a_bl_,Marble,old ,,[np.float64(-0.03666666666666667)],[np.float64(-0.3016666666666667)],[1],[0],[0],[0.21237980015575886],['text_3'],,,,,12,15,255,11,236.12267870036885,,,,,,,,,236.09678190015256,236.12267870036885,236.12267870036885,236.12267870036885,0.003218399826437235,236.30986350029707,,[np.float64(-0.03666666666666667)],[np.float64(-0.3016666666666667)],[1],[0],[0],[0.21237980015575886],['text_3'],p3,001,2025-10-15_20h10.38.487,word_priming,,2025.1.1,60.09409544949801,2025-10-15 20h10.47.716696 +0530,
,256,16,12,,,K_y_,Keys,old ,,[np.float64(-0.03666666666666667)],[np.float64(-0.3016666666666667)],[1],[0],[0],[0.161620800383389],['text_3'],,,,,12,16,256,8,236.3391574001871,,,,,,,,,236.31282520014793,236.3391574001871,236.3391574001871,236.3391574001871,0.0028166002593934536,236.47514270013198,,[np.float64(-0.03666666666666667)],[np.float64(-0.3016666666666667)],[1],[0],[0],[0.161620800383389],['text_3'],p3,001,2025-10-15_20h10.38.487,word_priming,,2025.1.1,60.09409544949801,2025-10-15 20h10.47.716696 +0530,
,257,17,12,,,_ha_t,chart,old ,,[np.float64(-0.03666666666666667)],[np.float64(-0.3016666666666667)],[1],[0],[0],[0.24624070012941957],['text_3'],,,,,12,17,257,1,236.50586970010772,,,,,,,,,236.47855630004779,236.50586970010772,236.50586970010772,236.50586970010772,0.003254299983382225,236.72550640022382,,[np.float64(-0.03666666666666667)],[np.float64(-0.3016666666666667)],[1],[0],[0],[0.24624070012941957],['text_3'],p3,001,2025-10-15_20h10.38.487,word_priming,,2025.1.1,60.09409544949801,2025-10-15 20h10.47.716696 +0530,
,258,18,12,,,T_hi_t,Tshirt,old ,,[np.float64(-0.03666666666666667)],[np.float64(-0.3016666666666667)],[1],[0],[0],[0.1628983998671174],['text_3'],,,,,12,18,258,2,236.75571750011295,,,,,,,,,236.7288704002276,236.75571750011295,236.75571750011295,236.75571750011295,0.0032003000378608704,236.8924786001444,,[np.float64(-0.03666666666666667)],[np.float64(-0.3016666666666667)],[1],[0],[0],[0.1628983998671174],['text_3'],p3,001,2025-10-15_20h10.38.487,word_priming,,2025.1.1,60.09409544949801,2025-10-15 20h10.47.716696 +0530,
,259,19,12,,,bo_t_e,bottle,new,,[np.float64(-0.03666666666666667)],[np.float64(-0.3016666666666667)],[1],[0],[0],[0.21199300000444055],['text_3'],,,,,12,19,259,18,236.92214480042458,,,,,,,,,236.89583390019834,236.92214480042458,236.92214480042458,236.92214480042458,0.0032071000896394253,237.1085275001824,,[np.float64(-0.03666666666666667)],[np.float64(-0.3016666666666667)],[1],[0],[0],[0.21199300000444055],['text_3'],p3,001,2025-10-15_20h10.38.487,word_priming,,2025.1.1,60.09409544949801,2025-10-15 20h10.47.716696 +0530,
,260,0,13,,,_a_bl_,Marble,old ,,[np.float64(-0.03666666666666667)],[np.float64(-0.3016666666666667)],[1],[0],[0],[0.1946725002489984],['text_3'],,,,,13,0,260,11,237.1387103004381,,,,,,,,,237.11190070025623,237.1387103004381,237.1387103004381,237.1387103004381,0.003227700013667345,237.30740970000625,,[np.float64(-0.03666666666666667)],[np.float64(-0.3016666666666667)],[1],[0],[0],[0.1946725002489984],['text_3'],p3,001,2025-10-15_20h10.38.487,word_priming,,2025.1.1,60.09409544949801,2025-10-15 20h10.47.716696 +0530,
,261,1,13,,,_ou_se,mouse,old ,,[np.float64(-0.03666666666666667)],[np.float64(-0.3016666666666667)],[1],[0],[0],[0.19380609970539808],['text_3'],,,,,13,1,261,3,237.33843000000343,,,,,,,,,237.31263170018792,237.33843000000343,237.33843000000343,237.33843000000343,0.005026699975132942,237.50739550031722,,[np.float64(-0.03666666666666667)],[np.float64(-0.3016666666666667)],[1],[0],[0],[0.19380609970539808],['text_3'],p3,001,2025-10-15_20h10.38.487,word_priming,,2025.1.1,60.09409544949801,2025-10-15 20h10.47.716696 +0530,
,262,2,13,,,_oo_,book,old ,,[np.float64(-0.03666666666666667)],[np.float64(-0.3016666666666667)],[1],[0],[0],[0.1948195002041757],['text_3'],,,,,13,2,262,13,237.5383757003583,,,,,,,,,237.51171070011333,237.5383757003583,237.5383757003583,237.5383757003583,0.004086699802428484,237.70748240035027,,[np.float64(-0.03666666666666667)],[np.float64(-0.3016666666666667)],[1],[0],[0],[0.1948195002041757],['text_3'],p3,001,2025-10-15_20h10.38.487,word_priming,,2025.1.1,60.09409544949801,2025-10-15 20h10.47.716696 +0530,
,263,3,13,,,l_pt_p,laptop,old ,,[np.float64(-0.03666666666666667)],[np.float64(-0.3016666666666667)],[1],[0],[0],[0.1926770000718534],['text_3'],,,,,13,3,263,0,237.7380102002062,,,,,,,,,237.71259360015392,237.7380102002062,237.7380102002062,237.7380102002062,0.004918899852782488,237.90621010027826,,[np.float64(-0.03666666666666667)],[np.float64(-0.3016666666666667)],[1],[0],[0],[0.1926770000718534],['text_3'],p3,001,2025-10-15_20h10.38.487,word_priming,,2025.1.1,60.09409544949801,2025-10-15 20h10.47.716696 +0530,
,264,4,13,,,P_str_,pastry,old ,,[np.float64(-0.03666666666666667)],[np.float64(-0.3016666666666667)],[1],[0],[0],[0.19407989969477057],['text_3'],,,,,13,4,264,4,237.9378380002454,,,,,,,,,237.9110573004,237.9378380002454,237.9378380002454,237.9378380002454,0.004627900198101997,238.106065900065,,[np.float64(-0.03666666666666667)],[np.float64(-0.3016666666666667)],[1],[0],[0],[0.19407989969477057],['text_3'],p3,001,2025-10-15_20h10.38.487,word_priming,,2025.1.1,60.09409544949801,2025-10-15 20h10.47.716696 +0530,
,265,5,13,,,c_s_,case,old ,,[np.float64(-0.03666666666666667)],[np.float64(-0.3016666666666667)],[1],[0],[0],[0.19514690013602376],['text_3'],,,,,13,5,265,5,238.1376702003181,,,,,,,,,238.1103513003327,238.1376702003181,238.1376702003181,238.1376702003181,0.004098400007933378,238.30643960041925,,[np.float64(-0.03666666666666667)],[np.float64(-0.3016666666666667)],[1],[0],[0],[0.19514690013602376],['text_3'],p3,001,2025-10-15_20h10.38.487,word_priming,,2025.1.1,60.09409544949801,2025-10-15 20h10.47.716696 +0530,
,266,6,13,,,T_hi_t,Tshirt,old ,,[np.float64(-0.03666666666666667)],[np.float64(-0.3016666666666667)],[1],[0],[0],[0.194085200317204],['text_3'],,,,,13,6,266,2,238.33803910017014,,,,,,,,,238.31128270039335,238.33803910017014,238.33803910017014,238.33803910017014,0.004640600178390741,238.50629190029576,,[np.float64(-0.03666666666666667)],[np.float64(-0.3016666666666667)],[1],[0],[0],[0.194085200317204],['text_3'],p3,001,2025-10-15_20h10.38.487,word_priming,,2025.1.1,60.09409544949801,2025-10-15 20h10.47.716696 +0530,
,267,7,13,,,_ru_s_,cruise,old ,,[np.float64(-0.03666666666666667)],[np.float64(-0.3016666666666667)],[1],[0],[0],[0.1940798000432551],['text_3'],,,,,13,7,267,6,238.53728530043736,,,,,,,,,238.5110671003349,238.53728530043736,238.53728530043736,238.53728530043736,0.004576700273901224,238.70607690000907,,[np.float64(-0.03666666666666667)],[np.float64(-0.3016666666666667)],[1],[0],[0],[0.1940798000432551],['text_3'],p3,001,2025-10-15_20h10.38.487,word_priming,,2025.1.1,60.09409544949801,2025-10-15 20h10.47.716696 +0530,
,268,8,13,,,ta_l_,table,new,,[np.float64(-0.03666666666666667)],[np.float64(-0.3016666666666667)],[1],[0],[0],[0.16102269990369678],['text_3'],,,,,13,8,268,15,238.73712470009923,,,,,,,,,238.71132270013914,238.73712470009923,238.73712470009923,238.73712470009923,0.005016000010073185,238.8732975004241,,[np.float64(-0.03666666666666667)],[np.float64(-0.3016666666666667)],[1],[0],[0],[0.16102269990369678],['text_3'],p3,001,2025-10-15_20h10.38.487,word_priming,,2025.1.1,60.09409544949801,2025-10-15 20h10.47.716696 +0530,
,269,9,13,,,bo_t_e,bottle,new,,[np.float64(-0.03666666666666667)],[np.float64(-0.3016666666666667)],[1],[0],[0],[0.20963869988918304],['text_3'],,,,,13,9,269,18,238.9031751002185,,,,,,,,,238.87801650026813,238.9031751002185,238.9031751002185,238.9031751002185,0.004513999912887812,239.08857180038467,,[np.float64(-0.03666666666666667)],[np.float64(-0.3016666666666667)],[1],[0],[0],[0.20963869988918304],['text_3'],p3,001,2025-10-15_20h10.38.487,word_priming,,2025.1.1,60.09409544949801,2025-10-15 20h10.47.716696 +0530,
,270,10,13,,,_ha_t,chart,old ,,[np.float64(-0.03666666666666667)],[np.float64(-0.3016666666666667)],[1],[0],[0],[0.1618923000060022],['text_3'],,,,,13,10,270,1,239.1197684002109,,,,,,,,,239.09341910015792,239.1197684002109,239.1197684002109,239.1197684002109,0.00461820000782609,239.25611850013956,,[np.float64(-0.03666666666666667)],[np.float64(-0.3016666666666667)],[1],[0],[0],[0.1618923000060022],['text_3'],p3,001,2025-10-15_20h10.38.487,word_priming,,2025.1.1,60.09409544949801,2025-10-15 20h10.47.716696 +0530,
,271,11,13,,,v_s_,vase,new,,[np.float64(-0.03666666666666667)],[np.float64(-0.3016666666666667)],[1],[0],[0],[0.2133358996361494],['text_3'],,,,,13,11,271,17,239.28631580015644,,,,,,,,,239.25917090009898,239.28631580015644,239.28631580015644,239.28631580015644,0.0029194997623562813,239.47322980035096,,[np.float64(-0.03666666666666667)],[np.float64(-0.3016666666666667)],[1],[0],[0],[0.2133358996361494],['text_3'],p3,001,2025-10-15_20h10.38.487,word_priming,,2025.1.1,60.09409544949801,2025-10-15 20h10.47.716696 +0530,
,272,12,13,,,c_m_ra,camera,new,,[np.float64(-0.03666666666666667)],[np.float64(-0.3016666666666667)],[1],[0],[0],[0.17807369958609343],['text_3'],,,,,13,12,272,19,239.50281170010567,,,,,,,,,239.4765667002648,239.50281170010567,239.50281170010567,239.50281170010567,0.0031922999769449234,239.65534420032054,,[np.float64(-0.03666666666666667)],[np.float64(-0.3016666666666667)],[1],[0],[0],[0.17807369958609343],['text_3'],p3,001,2025-10-15_20h10.38.487,word_priming,,2025.1.1,60.09409544949801,2025-10-15 20h10.47.716696 +0530,
,273,13,13,,,c_s_io_,cushion,old ,,[np.float64(-0.03666666666666667)],[np.float64(-0.3016666666666667)],[1],[0],[0],[0.1957005998119712],['text_3'],,,,,13,13,273,14,239.68615399999544,,,,,,,,,239.65875030029565,239.68615399999544,239.68615399999544,239.68615399999544,0.0032350998371839523,239.85515100043267,,[np.float64(-0.03666666666666667)],[np.float64(-0.3016666666666667)],[1],[0],[0],[0.1957005998119712],['text_3'],p3,001,2025-10-15_20h10.38.487,word_priming,,2025.1.1,60.09409544949801,2025-10-15 20h10.47.716696 +0530,
,274,14,13,,,_o_rd,Board,old ,,[np.float64(-0.03666666666666667)],[np.float64(-0.3016666666666667)],[1],[0],[0],[0.19463030016049743],['text_3'],,,,,13,14,274,10,239.8858855003491,,,,,,,,,239.85916039999574,239.8858855003491,239.8858855003491,239.8858855003491,0.0038733999244868755,240.05464090034366,,[np.float64(-0.03666666666666667)],[np.float64(-0.3016666666666667)],[1],[0],[0],[0.19463030016049743],['text_3'],p3,001,2025-10-15_20h10.38.487,word_priming,,2025.1.1,60.09409544949801,2025-10-15 20h10.47.716696 +0530,
,275,15,13,,,P_st_r,Poster,old ,,[np.float64(-0.03666666666666667)],[np.float64(-0.3016666666666667)],[1],[0],[0],[0.21046889992430806],['text_3'],,,,,13,15,275,9,240.08582220040262,,,,,,,,,240.05941240023822,240.08582220040262,240.08582220040262,240.08582220040262,0.004547699820250273,240.27080400008708,,[np.float64(-0.03666666666666667)],[np.float64(-0.3016666666666667)],[1],[0],[0],[0.21046889992430806],['text_3'],p3,001,2025-10-15_20h10.38.487,word_priming,,2025.1.1,60.09409544949801,2025-10-15 20h10.47.716696 +0530,
,276,16,13,,,K_y_,Keys,old ,,[np.float64(-0.03666666666666667)],[np.float64(-0.3016666666666667)],[1],[0],[0],[0.19431310007348657],['text_3'],,,,,13,16,276,8,240.3022667001933,,,,,,,,,240.27505810000002,240.3022667001933,240.3022667001933,240.3022667001933,0.004050500225275755,240.4703640001826,,[np.float64(-0.03666666666666667)],[np.float64(-0.3016666666666667)],[1],[0],[0],[0.19431310007348657],['text_3'],p3,001,2025-10-15_20h10.38.487,word_priming,,2025.1.1,60.09409544949801,2025-10-15 20h10.47.716696 +0530,
,277,17,13,,,P_li_e,Police,old ,,[np.float64(-0.03666666666666667)],[np.float64(-0.3016666666666667)],[1],[0],[0],[0.19375130021944642],['text_3'],,,,,13,17,277,7,240.5020151003264,,,,,,,,,240.47545640030876,240.5020151003264,240.5020151003264,240.5020151003264,0.004897300153970718,240.67014110041782,,[np.float64(-0.03666666666666667)],[np.float64(-0.3016666666666667)],[1],[0],[0],[0.19375130021944642],['text_3'],p3,001,2025-10-15_20h10.38.487,word_priming,,2025.1.1,60.09409544949801,2025-10-15 20h10.47.716696 +0530,
,278,18,13,,,p_nc_l,pencil,new,,[np.float64(-0.03666666666666667)],[np.float64(-0.3016666666666667)],[1],[0],[0],[0.19433700013905764],['text_3'],,,,,13,18,278,16,240.70178500004113,,,,,,,,,240.6749170999974,240.70178500004113,240.70178500004113,240.70178500004113,0.004576400388032198,240.87017720006406,,[np.float64(-0.03666666666666667)],[np.float64(-0.3016666666666667)],[1],[0],[0],[0.19433700013905764],['text_3'],p3,001,2025-10-15_20h10.38.487,word_priming,,2025.1.1,60.09409544949801,2025-10-15 20h10.47.716696 +0530,
,279,19,13,,,_ho_e,Phone,old ,,[np.float64(-0.03666666666666667)],[np.float64(-0.3016666666666667)],[1],[0],[0],[0.17805910017341375],['text_3'],,,,,13,19,279,12,240.9015914001502,,,,,,,,,240.87492930004373,240.9015914001502,240.9015914001502,240.9015914001502,0.004542199894785881,241.05391500005499,,[np.float64(-0.03666666666666667)],[np.float64(-0.3016666666666667)],[1],[0],[0],[0.17805910017341375],['text_3'],p3,001,2025-10-15_20h10.38.487,word_priming,,2025.1.1,60.09409544949801,2025-10-15 20h10.47.716696 +0530,
,280,0,14,,,l_pt_p,laptop,old ,,[np.float64(-0.03666666666666667)],[np.float64(-0.3016666666666667)],[1],[0],[0],[0.21036889962852],['text_3'],,,,,14,0,280,0,241.08477320009843,,,,,,,,,241.0588618000038,241.08477320009843,241.08477320009843,241.08477320009843,0.00472790002822876,241.2701541003771,,[np.float64(-0.03666666666666667)],[np.float64(-0.3016666666666667)],[1],[0],[0],[0.21036889962852],['text_3'],p3,001,2025-10-15_20h10.38.487,word_priming,,2025.1.1,60.09409544949801,2025-10-15 20h10.47.716696 +0530,
,281,1,14,,,P_li_e,Police,old ,,[np.float64(-0.03666666666666667)],[np.float64(-0.3016666666666667)],[1],[0],[0],[0.22608220018446445],['text_3'],,,,,14,1,281,7,241.30136670032516,,,,,,,,,241.27568220021203,241.30136670032516,241.30136670032516,241.30136670032516,0.005338499788194895,241.50270040007308,,[np.float64(-0.03666666666666667)],[np.float64(-0.3016666666666667)],[1],[0],[0],[0.22608220018446445],['text_3'],p3,001,2025-10-15_20h10.38.487,word_priming,,2025.1.1,60.09409544949801,2025-10-15 20h10.47.716696 +0530,
,282,2,14,,,T_hi_t,Tshirt,old ,,[np.float64(-0.03666666666666667)],[np.float64(-0.3016666666666667)],[1],[0],[0],[0.19439599988982081],['text_3'],,,,,14,2,282,2,241.53430030029267,,,,,,,,,241.50772460037842,241.53430030029267,241.53430030029267,241.53430030029267,0.004817199893295765,241.70305720018223,,[np.float64(-0.03666666666666667)],[np.float64(-0.3016666666666667)],[1],[0],[0],[0.19439599988982081],['text_3'],p3,001,2025-10-15_20h10.38.487,word_priming,,2025.1.1,60.09409544949801,2025-10-15 20h10.47.716696 +0530,
,283,3,14,,,_o_rd,Board,old ,,[np.float64(-0.03666666666666667)],[np.float64(-0.3016666666666667)],[1],[0],[0],[0.19294050009921193],['text_3'],,,,,14,3,283,10,241.7341489000246,,,,,,,,,241.70794830005616,241.7341489000246,241.7341489000246,241.7341489000246,0.0046998001635074615,241.90182980010286,,[np.float64(-0.03666666666666667)],[np.float64(-0.3016666666666667)],[1],[0],[0],[0.19294050009921193],['text_3'],p3,001,2025-10-15_20h10.38.487,word_priming,,2025.1.1,60.09409544949801,2025-10-15 20h10.47.716696 +0530,
,284,4,14,,,c_s_io_,cushion,old ,,[np.float64(-0.03666666666666667)],[np.float64(-0.3016666666666667)],[1],[0],[0],[0.180146099999547],['text_3'],,,,,14,4,284,14,241.93402950000018,,,,,,,,,241.90691840043291,241.93402950000018,241.93402950000018,241.93402950000018,0.004873400088399649,242.0879978002049,,[np.float64(-0.03666666666666667)],[np.float64(-0.3016666666666667)],[1],[0],[0],[0.180146099999547],['text_3'],p3,001,2025-10-15_20h10.38.487,word_priming,,2025.1.1,60.09409544949801,2025-10-15 20h10.47.716696 +0530,
,285,5,14,,,K_y_,Keys,old ,,[np.float64(-0.03666666666666667)],[np.float64(-0.3016666666666667)],[1],[0],[0],[0.2258991999551654],['text_3'],,,,,14,5,285,8,242.11716900020838,,,,,,,,,242.0925124003552,242.11716900020838,242.11716900020838,242.11716900020838,0.004282900132238865,242.31935050012544,,[np.float64(-0.03666666666666667)],[np.float64(-0.3016666666666667)],[1],[0],[0],[0.2258991999551654],['text_3'],p3,001,2025-10-15_20h10.38.487,word_priming,,2025.1.1,60.09409544949801,2025-10-15 20h10.47.716696 +0530,
,286,6,14,,,bo_t_e,bottle,new,,[np.float64(-0.03666666666666667)],[np.float64(-0.3016666666666667)],[1],[0],[0],[0.1946939998306334],['text_3'],,,,,14,6,286,18,242.35064760036767,,,,,,,,,242.3242999999784,242.35064760036767,242.35064760036767,242.35064760036767,0.0047484999522566795,242.5199222001247,,[np.float64(-0.03666666666666667)],[np.float64(-0.3016666666666667)],[1],[0],[0],[0.1946939998306334],['text_3'],p3,001,2025-10-15_20h10.38.487,word_priming,,2025.1.1,60.09409544949801,2025-10-15 20h10.47.716696 +0530,
,287,7,14,,,P_str_,pastry,old ,,[np.float64(-0.03666666666666667)],[np.float64(-0.3016666666666667)],[1],[0],[0],[0.2257860000245273],['text_3'],,,,,14,7,287,4,242.55054259998724,,,,,,,,,242.52490060031414,242.55054259998724,242.55054259998724,242.55054259998724,0.00476980023086071,242.75160850025713,,[np.float64(-0.03666666666666667)],[np.float64(-0.3016666666666667)],[1],[0],[0],[0.2257860000245273],['text_3'],p3,001,2025-10-15_20h10.38.487,word_priming,,2025.1.1,60.09409544949801,2025-10-15 20h10.47.716696 +0530,
,288,8,14,,,_ha_t,chart,old ,,[np.float64(-0.03666666666666667)],[np.float64(-0.3016666666666667)],[1],[0],[0],[0.17927739955484867],['text_3'],,,,,14,8,288,1,242.7831079000607,,,,,,,,,242.75694840028882,242.7831079000607,242.7831079000607,242.7831079000607,0.005103799980133772,242.9371580001898,,[np.float64(-0.03666666666666667)],[np.float64(-0.3016666666666667)],[1],[0],[0],[0.17927739955484867],['text_3'],p3,001,2025-10-15_20h10.38.487,word_priming,,2025.1.1,60.09409544949801,2025-10-15 20h10.47.716696 +0530,
,289,9,14,,,P_st_r,Poster,old ,,[np.float64(-0.03666666666666667)],[np.float64(-0.3016666666666667)],[1],[0],[0],[0.20880249980837107],['text_3'],,,,,14,9,289,9,242.96622200030833,,,,,,,,,242.94204730028287,242.96622200030833,242.96622200030833,242.96622200030833,0.00468670018017292,243.15177260013297,,[np.float64(-0.03666666666666667)],[np.float64(-0.3016666666666667)],[1],[0],[0],[0.20880249980837107],['text_3'],p3,001,2025-10-15_20h10.38.487,word_priming,,2025.1.1,60.09409544949801,2025-10-15 20h10.47.716696 +0530,
,290,10,14,,,_a_bl_,Marble,old ,,[np.float64(-0.03666666666666667)],[np.float64(-0.3016666666666667)],[1],[0],[0],[0.21050200005993247],['text_3'],,,,,14,10,290,11,243.18273870041594,,,,,,,,,243.1567510003224,243.18273870041594,243.18273870041594,243.18273870041594,0.0047577000223100185,243.3681854000315,,[np.float64(-0.03666666666666667)],[np.float64(-0.3016666666666667)],[1],[0],[0],[0.21050200005993247],['text_3'],p3,001,2025-10-15_20h10.38.487,word_priming,,2025.1.1,60.09409544949801,2025-10-15 20h10.47.716696 +0530,
,291,11,14,,,_ru_s_,cruise,old ,,[np.float64(-0.03666666666666667)],[np.float64(-0.3016666666666667)],[1],[0],[0],[0.20906140003353357],['text_3'],,,,,14,11,291,6,243.3992900000885,,,,,,,,,243.37387830018997,243.3992900000885,243.3992900000885,243.3992900000885,0.005455699749290943,243.58387310011312,,[np.float64(-0.03666666666666667)],[np.float64(-0.3016666666666667)],[1],[0],[0],[0.20906140003353357],['text_3'],p3,001,2025-10-15_20h10.38.487,word_priming,,2025.1.1,60.09409544949801,2025-10-15 20h10.47.716696 +0530,
,292,12,14,,,p_nc_l,pencil,new,,[np.float64(-0.03666666666666667)],[np.float64(-0.3016666666666667)],[1],[0],[0],[0.22740020044147968],['text_3'],,,,,14,12,292,16,243.61562480032444,,,,,,,,,243.58879880001768,243.61562480032444,243.61562480032444,243.61562480032444,0.004710899665951729,243.81713009998202,,[np.float64(-0.03666666666666667)],[np.float64(-0.3016666666666667)],[1],[0],[0],[0.22740020044147968],['text_3'],p3,001,2025-10-15_20h10.38.487,word_priming,,2025.1.1,60.09409544949801,2025-10-15 20h10.47.716696 +0530,
,293,13,14,,,c_m_ra,camera,new,,[np.float64(-0.03666666666666667)],[np.float64(-0.3016666666666667)],[1],[0],[0],[0.17915080022066832],['text_3'],,,,,14,13,293,19,243.84868740011007,,,,,,,,,243.82204090012237,243.84868740011007,243.84868740011007,243.84868740011007,0.00467839976772666,244.0019817003049,,[np.float64(-0.03666666666666667)],[np.float64(-0.3016666666666667)],[1],[0],[0],[0.17915080022066832],['text_3'],p3,001,2025-10-15_20h10.38.487,word_priming,,2025.1.1,60.09409544949801,2025-10-15 20h10.47.716696 +0530,
,294,14,14,,,v_s_,vase,new,,[np.float64(-0.03666666666666667)],[np.float64(-0.3016666666666667)],[1],[0],[0],[0.22783799981698394],['text_3'],,,,,14,14,294,17,244.0318526001647,,,,,,,,,244.00548470020294,244.0318526001647,244.0318526001647,244.0318526001647,0.0033586001954972744,244.23417469998822,,[np.float64(-0.03666666666666667)],[np.float64(-0.3016666666666667)],[1],[0],[0],[0.22783799981698394],['text_3'],p3,001,2025-10-15_20h10.38.487,word_priming,,2025.1.1,60.09409544949801,2025-10-15 20h10.47.716696 +0530,
,295,15,14,,,ta_l_,table,new,,[np.float64(-0.03666666666666667)],[np.float64(-0.3016666666666667)],[1],[0],[0],[0.19364269962534308],['text_3'],,,,,14,15,295,15,244.26533590024337,,,,,,,,,244.23919630004093,244.26533590024337,244.26533590024337,244.26533590024337,0.004812499973922968,244.43377950042486,,[np.float64(-0.03666666666666667)],[np.float64(-0.3016666666666667)],[1],[0],[0],[0.19364269962534308],['text_3'],p3,001,2025-10-15_20h10.38.487,word_priming,,2025.1.1,60.09409544949801,2025-10-15 20h10.47.716696 +0530,
,296,16,14,,,c_s_,case,old ,,[np.float64(-0.03666666666666667)],[np.float64(-0.3016666666666667)],[1],[0],[0],[0.19421559991315007],['text_3'],,,,,14,16,296,5,244.46482060011476,,,,,,,,,244.43821800034493,244.46482060011476,244.46482060011476,244.46482060011476,0.004228200297802687,244.6334077999927,,[np.float64(-0.03666666666666667)],[np.float64(-0.3016666666666667)],[1],[0],[0],[0.19421559991315007],['text_3'],p3,001,2025-10-15_20h10.38.487,word_priming,,2025.1.1,60.09409544949801,2025-10-15 20h10.47.716696 +0530,
,297,17,14,,,_ho_e,Phone,old ,,[np.float64(-0.03666666666666667)],[np.float64(-0.3016666666666667)],[1],[0],[0],[0.19441810017451644],['text_3'],,,,,14,17,297,12,244.6647482002154,,,,,,,,,244.63824090035632,244.6647482002154,244.6647482002154,244.6647482002154,0.004637000150978565,244.83358670026064,,[np.float64(-0.03666666666666667)],[np.float64(-0.3016666666666667)],[1],[0],[0],[0.19441810017451644],['text_3'],p3,001,2025-10-15_20h10.38.487,word_priming,,2025.1.1,60.09409544949801,2025-10-15 20h10.47.716696 +0530,
,298,18,14,,,_oo_,book,old ,,[np.float64(-0.03666666666666667)],[np.float64(-0.3016666666666667)],[1],[0],[0],[0.22769719967618585],['text_3'],,,,,14,18,298,13,244.86434590024874,,,,,,,,,244.83796040015295,244.86434590024874,244.86434590024874,244.86434590024874,0.004158599767833948,245.06658290000632,,[np.float64(-0.03666666666666667)],[np.float64(-0.3016666666666667)],[1],[0],[0],[0.22769719967618585],['text_3'],p3,001,2025-10-15_20h10.38.487,word_priming,,2025.1.1,60.09409544949801,2025-10-15 20h10.47.716696 +0530,
,299,19,14,,,_ou_se,mouse,old ,,[np.float64(-0.03666666666666667)],[np.float64(-0.3016666666666667)],[1],[0],[0],[0.19391039991751313],['text_3'],,,,,14,19,299,3,245.0982385003008,,,,,,,,,245.07153860013932,245.0982385003008,245.0982385003008,245.0982385003008,0.004740600008517504,245.26639830041677,,[np.float64(-0.03666666666666667)],[np.float64(-0.3016666666666667)],[1],[0],[0],[0.19391039991751313],['text_3'],p3,001,2025-10-15_20h10.38.487,word_priming,,2025.1.1,60.09409544949801,2025-10-15 20h10.47.716696 +0530,
,300,0,15,,,_o_rd,Board,old ,,[np.float64(-0.03666666666666667)],[np.float64(-0.3016666666666667)],[1],[0],[0],[0.22610919969156384],['text_3'],,,,,15,0,300,10,245.29719620011747,,,,,,,,,245.2717163003981,245.29719620011747,245.29719620011747,245.29719620011747,0.005112700164318085,245.49878300027922,,[np.float64(-0.03666666666666667)],[np.float64(-0.3016666666666667)],[1],[0],[0],[0.22610919969156384],['text_3'],p3,001,2025-10-15_20h10.38.487,word_priming,,2025.1.1,60.09409544949801,2025-10-15 20h10.47.716696 +0530,
,301,1,15,,,c_s_,case,old ,,[np.float64(-0.03666666666666667)],[np.float64(-0.3016666666666667)],[1],[0],[0],[0.19509029993787408],['text_3'],,,,,15,1,301,5,245.53044590028003,,,,,,,,,245.50323380017653,245.53044590028003,245.53044590028003,245.53044590028003,0.004250799771398306,245.6992568001151,,[np.float64(-0.03666666666666667)],[np.float64(-0.3016666666666667)],[1],[0],[0],[0.19509029993787408],['text_3'],p3,001,2025-10-15_20h10.38.487,word_priming,,2025.1.1,60.09409544949801,2025-10-15 20h10.47.716696 +0530,
,302,2,15,,,_ho_e,Phone,old ,,[np.float64(-0.03666666666666667)],[np.float64(-0.3016666666666667)],[1],[0],[0],[0.22666560020297766],['text_3'],,,,,15,2,302,12,245.7302631000057,,,,,,,,,245.70421140035614,245.7302631000057,245.7302631000057,245.7302631000057,0.004756700247526169,245.93179220007733,,[np.float64(-0.03666666666666667)],[np.float64(-0.3016666666666667)],[1],[0],[0],[0.22666560020297766],['text_3'],p3,001,2025-10-15_20h10.38.487,word_priming,,2025.1.1,60.09409544949801,2025-10-15 20h10.47.716696 +0530,
,303,3,15,,,bo_t_e,bottle,new,,[np.float64(-0.03666666666666667)],[np.float64(-0.3016666666666667)],[1],[0],[0],[0.2104059001430869],['text_3'],,,,,15,3,303,18,245.9632602003403,,,,,,,,,245.93674790021032,245.9632602003403,245.9632602003403,245.9632602003403,0.0047250003553926945,246.14808320021257,,[np.float64(-0.03666666666666667)],[np.float64(-0.3016666666666667)],[1],[0],[0],[0.2104059001430869],['text_3'],p3,001,2025-10-15_20h10.38.487,word_priming,,2025.1.1,60.09409544949801,2025-10-15 20h10.47.716696 +0530,
,304,4,15,,,v_s_,vase,new,,[np.float64(-0.03666666666666667)],[np.float64(-0.3016666666666667)],[1],[0],[0],[0.17750389967113733],['text_3'],,,,,15,4,304,17,246.17976259998977,,,,,,,,,246.1529920003377,246.17976259998977,246.17976259998977,246.17976259998977,0.004695999901741743,246.3314205002971,,[np.float64(-0.03666666666666667)],[np.float64(-0.3016666666666667)],[1],[0],[0],[0.17750389967113733],['text_3'],p3,001,2025-10-15_20h10.38.487,word_priming,,2025.1.1,60.09409544949801,2025-10-15 20h10.47.716696 +0530,
,305,5,15,,,_oo_,book,old ,,[np.float64(-0.03666666666666667)],[np.float64(-0.3016666666666667)],[1],[0],[0],[0.19452349981293082],['text_3'],,,,,15,5,305,13,246.3629079000093,,,,,,,,,246.335789100267,246.3629079000093,246.3629079000093,246.3629079000093,0.004170599859207869,246.53125330014154,,[np.float64(-0.03666666666666667)],[np.float64(-0.3016666666666667)],[1],[0],[0],[0.19452349981293082],['text_3'],p3,001,2025-10-15_20h10.38.487,word_priming,,2025.1.1,60.09409544949801,2025-10-15 20h10.47.716696 +0530,
,306,6,15,,,P_li_e,Police,old ,,[np.float64(-0.03666666666666667)],[np.float64(-0.3016666666666667)],[1],[0],[0],[0.22692839987576008],['text_3'],,,,,15,6,306,7,246.56288590002805,,,,,,,,,246.53625290002674,246.56288590002805,246.56288590002805,246.56288590002805,0.004805099684745073,246.76411700015888,,[np.float64(-0.03666666666666667)],[np.float64(-0.3016666666666667)],[1],[0],[0],[0.22692839987576008],['text_3'],p3,001,2025-10-15_20h10.38.487,word_priming,,2025.1.1,60.09409544949801,2025-10-15 20h10.47.716696 +0530,
,307,7,15,,,P_str_,pastry,old ,,[np.float64(-0.03666666666666667)],[np.float64(-0.3016666666666667)],[1],[0],[0],[0.1771986000239849],['text_3'],,,,,15,7,307,4,246.7957864003256,,,,,,,,,246.76906180009246,246.7957864003256,246.7957864003256,246.7957864003256,0.004730199929326773,246.94719900004566,,[np.float64(-0.03666666666666667)],[np.float64(-0.3016666666666667)],[1],[0],[0],[0.1771986000239849],['text_3'],p3,001,2025-10-15_20h10.38.487,word_priming,,2025.1.1,60.09409544949801,2025-10-15 20h10.47.716696 +0530,
,308,8,15,,,p_nc_l,pencil,new,,[np.float64(-0.03666666666666667)],[np.float64(-0.3016666666666667)],[1],[0],[0],[0.21068309992551804],['text_3'],,,,,15,8,308,16,246.97900490043685,,,,,,,,,246.95226900000125,246.97900490043685,246.97900490043685,246.97900490043685,0.004832000005990267,247.16387689998373,,[np.float64(-0.03666666666666667)],[np.float64(-0.3016666666666667)],[1],[0],[0],[0.21068309992551804],['text_3'],p3,001,2025-10-15_20h10.38.487,word_priming,,2025.1.1,60.09409544949801,2025-10-15 20h10.47.716696 +0530,
,309,9,15,,,P_st_r,Poster,old ,,[np.float64(-0.03666666666666667)],[np.float64(-0.3016666666666667)],[1],[0],[0],[0.19317350024357438],['text_3'],,,,,15,9,309,9,247.19542190013453,,,,,,,,,247.1689553000033,247.19542190013453,247.19542190013453,247.19542190013453,0.004873199854046106,247.36307199997827,,[np.float64(-0.03666666666666667)],[np.float64(-0.3016666666666667)],[1],[0],[0],[0.19317350024357438],['text_3'],p3,001,2025-10-15_20h10.38.487,word_priming,,2025.1.1,60.09409544949801,2025-10-15 20h10.47.716696 +0530,
,310,10,15,,,l_pt_p,laptop,old ,,[np.float64(-0.03666666666666667)],[np.float64(-0.3016666666666667)],[1],[0],[0],[0.19613170018419623],['text_3'],,,,,15,10,310,0,247.39534510020167,,,,,,,,,247.3680422003381,247.39534510020167,247.39534510020167,247.39534510020167,0.004763300064951181,247.5650979001075,,[np.float64(-0.03666666666666667)],[np.float64(-0.3016666666666667)],[1],[0],[0],[0.19613170018419623],['text_3'],p3,001,2025-10-15_20h10.38.487,word_priming,,2025.1.1,60.09409544949801,2025-10-15 20h10.47.716696 +0530,
,311,11,15,,,ta_l_,table,new,,[np.float64(-0.03666666666666667)],[np.float64(-0.3016666666666667)],[1],[0],[0],[0.19243549974635243],['text_3'],,,,,15,11,311,15,247.59463300043717,,,,,,,,,247.57049810001627,247.59463300043717,247.59463300043717,247.59463300043717,0.005202700383961201,247.76386880036443,,[np.float64(-0.03666666666666667)],[np.float64(-0.3016666666666667)],[1],[0],[0],[0.19243549974635243],['text_3'],p3,001,2025-10-15_20h10.38.487,word_priming,,2025.1.1,60.09409544949801,2025-10-15 20h10.47.716696 +0530,
,312,12,15,,,_ru_s_,cruise,old ,,[np.float64(-0.03666666666666667)],[np.float64(-0.3016666666666667)],[1],[0],[0],[0.22633039997890592],['text_3'],,,,,15,12,312,6,247.79479430010542,,,,,,,,,247.76874179998413,247.79479430010542,247.79479430010542,247.79479430010542,0.004676199983805418,247.99603110039607,,[np.float64(-0.03666666666666667)],[np.float64(-0.3016666666666667)],[1],[0],[0],[0.22633039997890592],['text_3'],p3,001,2025-10-15_20h10.38.487,word_priming,,2025.1.1,60.09409544949801,2025-10-15 20h10.47.716696 +0530,
,313,13,15,,,K_y_,Keys,old ,,[np.float64(-0.03666666666666667)],[np.float64(-0.3016666666666667)],[1],[0],[0],[0.19493910018354654],['text_3'],,,,,15,13,313,8,248.02779370034114,,,,,,,,,248.00088710011914,248.02779370034114,248.02779370034114,248.02779370034114,0.0046318997628986835,248.19677320029587,,[np.float64(-0.03666666666666667)],[np.float64(-0.3016666666666667)],[1],[0],[0],[0.19493910018354654],['text_3'],p3,001,2025-10-15_20h10.38.487,word_priming,,2025.1.1,60.09409544949801,2025-10-15 20h10.47.716696 +0530,
,314,14,15,,,c_s_io_,cushion,old ,,[np.float64(-0.03666666666666667)],[np.float64(-0.3016666666666667)],[1],[0],[0],[0.22637979965656996],['text_3'],,,,,15,14,314,14,248.2276640003547,,,,,,,,,248.20183979999274,248.2276640003547,248.2276640003547,248.2276640003547,0.004870799835771322,248.42915110010654,,[np.float64(-0.03666666666666667)],[np.float64(-0.3016666666666667)],[1],[0],[0],[0.22637979965656996],['text_3'],p3,001,2025-10-15_20h10.38.487,word_priming,,2025.1.1,60.09409544949801,2025-10-15 20h10.47.716696 +0530,
,315,15,15,,,_a_bl_,Marble,old ,,[np.float64(-0.03666666666666667)],[np.float64(-0.3016666666666667)],[1],[0],[0],[0.19423589995130897],['text_3'],,,,,15,15,315,11,248.4612776003778,,,,,,,,,248.43442860012874,248.4612776003778,248.4612776003778,248.4612776003778,0.005071000196039677,248.62965410016477,,[np.float64(-0.03666666666666667)],[np.float64(-0.3016666666666667)],[1],[0],[0],[0.19423589995130897],['text_3'],p3,001,2025-10-15_20h10.38.487,word_priming,,2025.1.1,60.09409544949801,2025-10-15 20h10.47.716696 +0530,
,316,16,15,,,c_m_ra,camera,new,,[np.float64(-0.03666666666666667)],[np.float64(-0.3016666666666667)],[1],[0],[0],[0.19353249995037913],['text_3'],,,,,15,16,316,19,248.66049270005897,,,,,,,,,248.63464390020818,248.66049270005897,248.66049270005897,248.66049270005897,0.004791699815541506,248.82909710006788,,[np.float64(-0.03666666666666667)],[np.float64(-0.3016666666666667)],[1],[0],[0],[0.19353249995037913],['text_3'],p3,001,2025-10-15_20h10.38.487,word_priming,,2025.1.1,60.09409544949801,2025-10-15 20h10.47.716696 +0530,
,317,17,15,,,_ha_t,chart,old ,,[np.float64(-0.03666666666666667)],[np.float64(-0.3016666666666667)],[1],[0],[0],[0.21105469996109605],['text_3'],,,,,15,17,317,1,248.86056510033086,,,,,,,,,248.83396650012583,248.86056510033086,248.86056510033086,248.86056510033086,0.004671500064432621,249.04595720022917,,[np.float64(-0.03666666666666667)],[np.float64(-0.3016666666666667)],[1],[0],[0],[0.21105469996109605],['text_3'],p3,001,2025-10-15_20h10.38.487,word_priming,,2025.1.1,60.09409544949801,2025-10-15 20h10.47.716696 +0530,
,318,18,15,,,_ou_se,mouse,old ,,[np.float64(-0.03666666666666667)],[np.float64(-0.3016666666666667)],[1],[0],[0],[0.22557809995487332],['text_3'],,,,,15,18,318,3,249.07750240014866,,,,,,,,,249.0521805002354,249.07750240014866,249.07750240014866,249.07750240014866,0.006025499664247036,249.27874480001628,,[np.float64(-0.03666666666666667)],[np.float64(-0.3016666666666667)],[1],[0],[0],[0.22557809995487332],['text_3'],p3,001,2025-10-15_20h10.38.487,word_priming,,2025.1.1,60.09409544949801,2025-10-15 20h10.47.716696 +0530,
,319,19,15,,,T_hi_t,Tshirt,old ,,[np.float64(-0.03666666666666667)],[np.float64(-0.3016666666666667)],[1],[0],[0],[0.2269790000282228],['text_3'],,,,,15,19,319,2,249.31026659999043,,,,,,,,,249.28369830036536,249.31026659999043,249.31026659999043,249.31026659999043,0.004753400105983019,249.51160960039124,,[np.float64(-0.03666666666666667)],[np.float64(-0.3016666666666667)],[1],[0],[0],[0.2269790000282228],['text_3'],p3,001,2025-10-15_20h10.38.487,word_priming,,2025.1.1,60.09409544949801,2025-10-15 20h10.47.716696 +0530,
,320,0,16,,,P_str_,pastry,old ,,[np.float64(-0.03666666666666667)],[np.float64(-0.3016666666666667)],[1],[0],[0],[0.19454809976741672],['text_3'],,,,,16,0,320,4,249.54305020021275,,,,,,,,,249.5165382004343,249.54305020021275,249.54305020021275,249.54305020021275,0.004712700378149748,249.71199900005013,,[np.float64(-0.03666666666666667)],[np.float64(-0.3016666666666667)],[1],[0],[0],[0.19454809976741672],['text_3'],p3,001,2025-10-15_20h10.38.487,word_priming,,2025.1.1,60.09409544949801,2025-10-15 20h10.47.716696 +0530,
,321,1,16,,,T_hi_t,Tshirt,old ,,[np.float64(-0.03666666666666667)],[np.float64(-0.3016666666666667)],[1],[0],[0],[0.20996910007670522],['text_3'],,,,,16,1,321,2,249.74294870020822,,,,,,,,,249.71755590010434,249.74294870020822,249.74294870020822,249.74294870020822,0.00533499987795949,249.92845310037956,,[np.float64(-0.03666666666666667)],[np.float64(-0.3016666666666667)],[1],[0],[0],[0.20996910007670522],['text_3'],p3,001,2025-10-15_20h10.38.487,word_priming,,2025.1.1,60.09409544949801,2025-10-15 20h10.47.716696 +0530,
,322,2,16,,,c_s_,case,old ,,[np.float64(-0.03666666666666667)],[np.float64(-0.3016666666666667)],[1],[0],[0],[0.21028489992022514],['text_3'],,,,,16,2,322,5,249.9594145002775,,,,,,,,,249.93286820035428,249.9594145002775,249.9594145002775,249.9594145002775,0.0042152004316449165,250.14409070042893,,[np.float64(-0.03666666666666667)],[np.float64(-0.3016666666666667)],[1],[0],[0],[0.21028489992022514],['text_3'],p3,001,2025-10-15_20h10.38.487,word_priming,,2025.1.1,60.09409544949801,2025-10-15 20h10.47.716696 +0530,
,323,3,16,,,p_nc_l,pencil,new,,[np.float64(-0.03666666666666667)],[np.float64(-0.3016666666666667)],[1],[0],[0],[0.21083700004965067],['text_3'],,,,,16,3,323,16,250.17576330015436,,,,,,,,,250.14931430015713,250.17576330015436,250.17576330015436,250.17576330015436,0.005006600171327591,250.36095220036805,,[np.float64(-0.03666666666666667)],[np.float64(-0.3016666666666667)],[1],[0],[0],[0.21083700004965067],['text_3'],p3,001,2025-10-15_20h10.38.487,word_priming,,2025.1.1,60.09409544949801,2025-10-15 20h10.47.716696 +0530,
,324,4,16,,,_ou_se,mouse,old ,,[np.float64(-0.03666666666666667)],[np.float64(-0.3016666666666667)],[1],[0],[0],[0.17842299956828356],['text_3'],,,,,16,4,324,3,250.39217700017616,,,,,,,,,250.3644575001672,250.39217700017616,250.39217700017616,250.39217700017616,0.0033463002182543278,250.54371770005673,,[np.float64(-0.03666666666666667)],[np.float64(-0.3016666666666667)],[1],[0],[0],[0.17842299956828356],['text_3'],p3,001,2025-10-15_20h10.38.487,word_priming,,2025.1.1,60.09409544949801,2025-10-15 20h10.47.716696 +0530,
,325,5,16,,,_a_bl_,Marble,old ,,[np.float64(-0.03666666666666667)],[np.float64(-0.3016666666666667)],[1],[0],[0],[0.19389809994027019],['text_3'],,,,,16,5,325,11,250.57544500008225,,,,,,,,,250.54866750026122,250.57544500008225,250.57544500008225,250.57544500008225,0.004737100098282099,250.7435004999861,,[np.float64(-0.03666666666666667)],[np.float64(-0.3016666666666667)],[1],[0],[0],[0.19389809994027019],['text_3'],p3,001,2025-10-15_20h10.38.487,word_priming,,2025.1.1,60.09409544949801,2025-10-15 20h10.47.716696 +0530,
,326,6,16,,,bo_t_e,bottle,new,,[np.float64(-0.03666666666666667)],[np.float64(-0.3016666666666667)],[1],[0],[0],[0.17804339993745089],['text_3'],,,,,16,6,326,18,250.77520640008152,,,,,,,,,250.74843040015548,250.77520640008152,250.77520640008152,250.77520640008152,0.004696900025010109,250.92739470023662,,[np.float64(-0.03666666666666667)],[np.float64(-0.3016666666666667)],[1],[0],[0],[0.17804339993745089],['text_3'],p3,001,2025-10-15_20h10.38.487,word_priming,,2025.1.1,60.09409544949801,2025-10-15 20h10.47.716696 +0530,
,327,7,16,,,_o_rd,Board,old ,,[np.float64(-0.03666666666666667)],[np.float64(-0.3016666666666667)],[1],[0],[0],[0.22729860013350844],['text_3'],,,,,16,7,327,10,250.95838410034776,,,,,,,,,250.9323032000102,250.95838410034776,250.95838410034776,250.95838410034776,0.004710800014436245,251.1605281000957,,[np.float64(-0.03666666666666667)],[np.float64(-0.3016666666666667)],[1],[0],[0],[0.22729860013350844],['text_3'],p3,001,2025-10-15_20h10.38.487,word_priming,,2025.1.1,60.09409544949801,2025-10-15 20h10.47.716696 +0530,
,328,8,16,,,K_y_,Keys,old ,,[np.float64(-0.03666666666666667)],[np.float64(-0.3016666666666667)],[1],[0],[0],[0.21126969996839762],['text_3'],,,,,16,8,328,8,251.1915253000334,,,,,,,,,251.1649112002924,251.1915253000334,251.1915253000334,251.1915253000334,0.00418309960514307,251.37711120024323,,[np.float64(-0.03666666666666667)],[np.float64(-0.3016666666666667)],[1],[0],[0],[0.21126969996839762],['text_3'],p3,001,2025-10-15_20h10.38.487,word_priming,,2025.1.1,60.09409544949801,2025-10-15 20h10.47.716696 +0530,
,329,9,16,,,_ho_e,Phone,old ,,[np.float64(-0.03666666666666667)],[np.float64(-0.3016666666666667)],[1],[0],[0],[0.22650469979271293],['text_3'],,,,,16,9,329,12,251.40807720040902,,,,,,,,,251.38203260023147,251.40807720040902,251.40807720040902,251.40807720040902,0.004723299760371447,251.60947790043429,,[np.float64(-0.03666666666666667)],[np.float64(-0.3016666666666667)],[1],[0],[0],[0.22650469979271293],['text_3'],p3,001,2025-10-15_20h10.38.487,word_priming,,2025.1.1,60.09409544949801,2025-10-15 20h10.47.716696 +0530,
,330,10,16,,,ta_l_,table,new,,[np.float64(-0.03666666666666667)],[np.float64(-0.3016666666666667)],[1],[0],[0],[0.1941835000179708],['text_3'],,,,,16,10,330,15,251.64068480022252,,,,,,,,,251.6143951001577,251.64068480022252,251.64068480022252,251.64068480022252,0.0047220997512340546,251.80951350042596,,[np.float64(-0.03666666666666667)],[np.float64(-0.3016666666666667)],[1],[0],[0],[0.1941835000179708],['text_3'],p3,001,2025-10-15_20h10.38.487,word_priming,,2025.1.1,60.09409544949801,2025-10-15 20h10.47.716696 +0530,
,331,11,16,,,v_s_,vase,new,,[np.float64(-0.03666666666666667)],[np.float64(-0.3016666666666667)],[1],[0],[0],[0.21229980001226068],['text_3'],,,,,16,11,331,17,251.84083460038528,,,,,,,,,251.81445160042495,251.84083460038528,251.84083460038528,251.84083460038528,0.004715699702501297,252.02767540002242,,[np.float64(-0.03666666666666667)],[np.float64(-0.3016666666666667)],[1],[0],[0],[0.21229980001226068],['text_3'],p3,001,2025-10-15_20h10.38.487,word_priming,,2025.1.1,60.09409544949801,2025-10-15 20h10.47.716696 +0530,
,332,12,16,,,P_st_r,Poster,old ,,[np.float64(-0.03666666666666667)],[np.float64(-0.3016666666666667)],[1],[0],[0],[0.20931270020082593],['text_3'],,,,,16,12,332,9,252.0571053000167,,,,,,,,,252.03263470018283,252.0571053000167,252.0571053000167,252.0571053000167,0.004724700003862381,252.2428791001439,,[np.float64(-0.03666666666666667)],[np.float64(-0.3016666666666667)],[1],[0],[0],[0.20931270020082593],['text_3'],p3,001,2025-10-15_20h10.38.487,word_priming,,2025.1.1,60.09409544949801,2025-10-15 20h10.47.716696 +0530,
,333,13,16,,,l_pt_p,laptop,old ,,[np.float64(-0.03666666666666667)],[np.float64(-0.3016666666666667)],[1],[0],[0],[0.21050320006906986],['text_3'],,,,,16,13,333,0,252.27402110025287,,,,,,,,,252.24782940000296,252.27402110025287,252.27402110025287,252.27402110025287,0.004754200112074614,252.45912800030783,,[np.float64(-0.03666666666666667)],[np.float64(-0.3016666666666667)],[1],[0],[0],[0.21050320006906986],['text_3'],p3,001,2025-10-15_20h10.38.487,word_priming,,2025.1.1,60.09409544949801,2025-10-15 20h10.47.716696 +0530,
,334,14,16,,,_ha_t,chart,old ,,[np.float64(-0.03666666666666667)],[np.float64(-0.3016666666666667)],[1],[0],[0],[0.17769070016220212],['text_3'],,,,,16,14,334,1,252.49007310019806,,,,,,,,,252.46425670012832,252.49007310019806,252.49007310019806,252.49007310019806,0.004976900294423103,252.64269810030237,,[np.float64(-0.03666666666666667)],[np.float64(-0.3016666666666667)],[1],[0],[0],[0.17769070016220212],['text_3'],p3,001,2025-10-15_20h10.38.487,word_priming,,2025.1.1,60.09409544949801,2025-10-15 20h10.47.716696 +0530,
,335,15,16,,,c_m_ra,camera,new,,[np.float64(-0.03666666666666667)],[np.float64(-0.3016666666666667)],[1],[0],[0],[0.19471249962225556],['text_3'],,,,,16,15,335,19,252.67326680012047,,,,,,,,,252.64615799998865,252.67326680012047,252.67326680012047,252.67326680012047,0.0033175996504724026,252.84174620034173,,[np.float64(-0.03666666666666667)],[np.float64(-0.3016666666666667)],[1],[0],[0],[0.19471249962225556],['text_3'],p3,001,2025-10-15_20h10.38.487,word_priming,,2025.1.1,60.09409544949801,2025-10-15 20h10.47.716696 +0530,
,336,16,16,,,c_s_io_,cushion,old ,,[np.float64(-0.03666666666666667)],[np.float64(-0.3016666666666667)],[1],[0],[0],[0.19621279975399375],['text_3'],,,,,16,16,336,14,252.87303310027346,,,,,,,,,252.84678700007498,252.87303310027346,252.87303310027346,252.87303310027346,0.004798799753189087,253.04393410030752,,[np.float64(-0.03666666666666667)],[np.float64(-0.3016666666666667)],[1],[0],[0],[0.19621279975399375],['text_3'],p3,001,2025-10-15_20h10.38.487,word_priming,,2025.1.1,60.09409544949801,2025-10-15 20h10.47.716696 +0530,
,337,17,16,,,_ru_s_,cruise,old ,,[np.float64(-0.03666666666666667)],[np.float64(-0.3016666666666667)],[1],[0],[0],[0.24288470018655062],['text_3'],,,,,16,17,337,6,253.0729616000317,,,,,,,,,253.049436500296,253.0729616000317,253.0729616000317,253.0729616000317,0.005289600230753422,253.29312210017815,,[np.float64(-0.03666666666666667)],[np.float64(-0.3016666666666667)],[1],[0],[0],[0.24288470018655062],['text_3'],p3,001,2025-10-15_20h10.38.487,word_priming,,2025.1.1,60.09409544949801,2025-10-15 20h10.47.716696 +0530,
,338,18,16,,,_oo_,book,old ,,[np.float64(-0.03666666666666667)],[np.float64(-0.3016666666666667)],[1],[0],[0],[0.22957840003073215],['text_3'],,,,,16,18,338,13,253.32235720008612,,,,,,,,,253.2962181000039,253.32235720008612,253.32235720008612,253.32235720008612,0.002952100243419409,253.52649349998683,,[np.float64(-0.03666666666666667)],[np.float64(-0.3016666666666667)],[1],[0],[0],[0.22957840003073215],['text_3'],p3,001,2025-10-15_20h10.38.487,word_priming,,2025.1.1,60.09409544949801,2025-10-15 20h10.47.716696 +0530,
,339,19,16,,,P_li_e,Police,old ,,[np.float64(-0.03666666666666667)],[np.float64(-0.3016666666666667)],[1],[0],[0],[0.21070539997890592],['text_3'],,,,,16,19,339,7,253.55582040036097,,,,,,,,,253.5300400000997,253.55582040036097,253.55582040036097,253.55582040036097,0.0034028999507427216,253.7414548001252,,[np.float64(-0.03666666666666667)],[np.float64(-0.3016666666666667)],[1],[0],[0],[0.21070539997890592],['text_3'],p3,001,2025-10-15_20h10.38.487,word_priming,,2025.1.1,60.09409544949801,2025-10-15 20h10.47.716696 +0530,
,340,0,17,,,ta_l_,table,new,,[np.float64(-0.03666666666666667)],[np.float64(-0.3016666666666667)],[1],[0],[0],[0.21247160015627742],['text_3'],,,,,17,0,340,15,253.7721932004206,,,,,,,,,253.74489190010354,253.7721932004206,253.7721932004206,253.7721932004206,0.0032862001098692417,253.95806260034442,,[np.float64(-0.03666666666666667)],[np.float64(-0.3016666666666667)],[1],[0],[0],[0.21247160015627742],['text_3'],p3,001,2025-10-15_20h10.38.487,word_priming,,2025.1.1,60.09409544949801,2025-10-15 20h10.47.716696 +0530,
,341,1,17,,,v_s_,vase,new,,[np.float64(-0.03666666666666667)],[np.float64(-0.3016666666666667)],[1],[0],[0],[0.24571850011125207],['text_3'],,,,,17,1,341,17,253.98861790029332,,,,,,,,,253.96122620021924,253.98861790029332,253.98861790029332,253.98861790029332,0.002990699838846922,254.2076492002234,,[np.float64(-0.03666666666666667)],[np.float64(-0.3016666666666667)],[1],[0],[0],[0.24571850011125207],['text_3'],p3,001,2025-10-15_20h10.38.487,word_priming,,2025.1.1,60.09409544949801,2025-10-15 20h10.47.716696 +0530,
,342,2,17,,,_ho_e,Phone,old ,,[np.float64(-0.03666666666666667)],[np.float64(-0.3016666666666667)],[1],[0],[0],[0.2277565998956561],['text_3'],,,,,17,2,342,12,254.23838360002264,,,,,,,,,254.21126560028642,254.23838360002264,254.23838360002264,254.23838360002264,0.0034714997746050358,254.43984550004825,,[np.float64(-0.03666666666666667)],[np.float64(-0.3016666666666667)],[1],[0],[0],[0.2277565998956561],['text_3'],p3,001,2025-10-15_20h10.38.487,word_priming,,2025.1.1,60.09409544949801,2025-10-15 20h10.47.716696 +0530,
,343,3,17,,,_ru_s_,cruise,old ,,[np.float64(-0.03666666666666667)],[np.float64(-0.3016666666666667)],[1],[0],[0],[0.1939479000866413],['text_3'],,,,,17,3,343,6,254.47153130033985,,,,,,,,,254.44504120014608,254.47153130033985,254.47153130033985,254.47153130033985,0.004987800028175116,254.6399242002517,,[np.float64(-0.03666666666666667)],[np.float64(-0.3016666666666667)],[1],[0],[0],[0.1939479000866413],['text_3'],p3,001,2025-10-15_20h10.38.487,word_priming,,2025.1.1,60.09409544949801,2025-10-15 20h10.47.716696 +0530,
,344,4,17,,,l_pt_p,laptop,old ,,[np.float64(-0.03666666666666667)],[np.float64(-0.3016666666666667)],[1],[0],[0],[0.17866160022094846],['text_3'],,,,,17,4,344,0,254.6713150003925,,,,,,,,,254.64493220020086,254.6713150003925,254.6713150003925,254.6713150003925,0.00479739997535944,254.82440250040963,,[np.float64(-0.03666666666666667)],[np.float64(-0.3016666666666667)],[1],[0],[0],[0.17866160022094846],['text_3'],p3,001,2025-10-15_20h10.38.487,word_priming,,2025.1.1,60.09409544949801,2025-10-15 20h10.47.716696 +0530,
,345,5,17,,,p_nc_l,pencil,new,,[np.float64(-0.03666666666666667)],[np.float64(-0.3016666666666667)],[1],[0],[0],[0.22811050014570355],['text_3'],,,,,17,5,345,16,254.85423480020836,,,,,,,,,254.8279305002652,254.85423480020836,254.85423480020836,254.85423480020836,0.0033808997832238674,255.05689710006118,,[np.float64(-0.03666666666666667)],[np.float64(-0.3016666666666667)],[1],[0],[0],[0.22811050014570355],['text_3'],p3,001,2025-10-15_20h10.38.487,word_priming,,2025.1.1,60.09409544949801,2025-10-15 20h10.47.716696 +0530,
,346,6,17,,,bo_t_e,bottle,new,,[np.float64(-0.03666666666666667)],[np.float64(-0.3016666666666667)],[1],[0],[0],[0.20948419999331236],['text_3'],,,,,17,6,346,18,255.08767760032788,,,,,,,,,255.06207220023498,255.08767760032788,255.08767760032788,255.08767760032788,0.004974700044840574,255.27249540016055,,[np.float64(-0.03666666666666667)],[np.float64(-0.3016666666666667)],[1],[0],[0],[0.20948419999331236],['text_3'],p3,001,2025-10-15_20h10.38.487,word_priming,,2025.1.1,60.09409544949801,2025-10-15 20h10.47.716696 +0530,
,347,7,17,,,P_st_r,Poster,old ,,[np.float64(-0.03666666666666667)],[np.float64(-0.3016666666666667)],[1],[0],[0],[0.16127520008012652],['text_3'],,,,,17,7,347,9,255.30412260023877,,,,,,,,,255.2778748003766,255.30412260023877,255.30412260023877,255.30412260023877,0.0051887002773582935,255.44013300025836,,[np.float64(-0.03666666666666667)],[np.float64(-0.3016666666666667)],[1],[0],[0],[0.16127520008012652],['text_3'],p3,001,2025-10-15_20h10.38.487,word_priming,,2025.1.1,60.09409544949801,2025-10-15 20h10.47.716696 +0530,
,348,8,17,,,c_s_,case,old ,,[np.float64(-0.03666666666666667)],[np.float64(-0.3016666666666667)],[1],[0],[0],[0.22682210011407733],['text_3'],,,,,17,8,348,5,255.47058930015191,,,,,,,,,255.44500230019912,255.47058930015191,255.47058930015191,255.47058930015191,0.004664999898523092,255.6727540004067,,[np.float64(-0.03666666666666667)],[np.float64(-0.3016666666666667)],[1],[0],[0],[0.22682210011407733],['text_3'],p3,001,2025-10-15_20h10.38.487,word_priming,,2025.1.1,60.09409544949801,2025-10-15 20h10.47.716696 +0530,
,349,9,17,,,c_s_io_,cushion,old ,,[np.float64(-0.03666666666666667)],[np.float64(-0.3016666666666667)],[1],[0],[0],[0.21209800010547042],['text_3'],,,,,17,9,349,14,255.70333220018074,,,,,,,,,255.6777479001321,255.70333220018074,255.70333220018074,255.70333220018074,0.004768700338900089,255.89077420020476,,[np.float64(-0.03666666666666667)],[np.float64(-0.3016666666666667)],[1],[0],[0],[0.21209800010547042],['text_3'],p3,001,2025-10-15_20h10.38.487,word_priming,,2025.1.1,60.09409544949801,2025-10-15 20h10.47.716696 +0530,
,350,10,17,,,_o_rd,Board,old ,,[np.float64(-0.03666666666666667)],[np.float64(-0.3016666666666667)],[1],[0],[0],[0.2248395001515746],['text_3'],,,,,17,10,350,10,255.92000080039725,,,,,,,,,255.89569730032235,255.92000080039725,255.92000080039725,255.92000080039725,0.0047126999124884605,256.1214713002555,,[np.float64(-0.03666666666666667)],[np.float64(-0.3016666666666667)],[1],[0],[0],[0.2248395001515746],['text_3'],p3,001,2025-10-15_20h10.38.487,word_priming,,2025.1.1,60.09409544949801,2025-10-15 20h10.47.716696 +0530,
,351,11,17,,,c_m_ra,camera,new,,[np.float64(-0.03666666666666667)],[np.float64(-0.3016666666666667)],[1],[0],[0],[0.260657100006938],['text_3'],,,,,17,11,351,19,256.1532315001823,,,,,,,,,256.1272666002624,256.1532315001823,256.1532315001823,256.1532315001823,0.00558330025523901,256.3888700003736,,[np.float64(-0.03666666666666667)],[np.float64(-0.3016666666666667)],[1],[0],[0],[0.260657100006938],['text_3'],p3,001,2025-10-15_20h10.38.487,word_priming,,2025.1.1,60.09409544949801,2025-10-15 20h10.47.716696 +0530,
,352,12,17,,,K_y_,Keys,old ,,[np.float64(-0.03666666666666667)],[np.float64(-0.3016666666666667)],[1],[0],[0],[0.21132729994133115],['text_3'],,,,,17,12,352,8,256.42003120016307,,,,,,,,,256.3932309001684,256.42003120016307,256.42003120016307,256.42003120016307,0.004153599962592125,256.60536900023,,[np.float64(-0.03666666666666667)],[np.float64(-0.3016666666666667)],[1],[0],[0],[0.21132729994133115],['text_3'],p3,001,2025-10-15_20h10.38.487,word_priming,,2025.1.1,60.09409544949801,2025-10-15 20h10.47.716696 +0530,
,353,13,17,,,_ou_se,mouse,old ,,[np.float64(-0.03666666666666667)],[np.float64(-0.3016666666666667)],[1],[0],[0],[0.2114253002218902],['text_3'],,,,,17,13,353,3,256.6361718000844,,,,,,,,,256.608901000116,256.6361718000844,256.6361718000844,256.6361718000844,0.0033591999672353268,256.82115510012954,,[np.float64(-0.03666666666666667)],[np.float64(-0.3016666666666667)],[1],[0],[0],[0.2114253002218902],['text_3'],p3,001,2025-10-15_20h10.38.487,word_priming,,2025.1.1,60.09409544949801,2025-10-15 20h10.47.716696 +0530,
,354,14,17,,,_oo_,book,old ,,[np.float64(-0.03666666666666667)],[np.float64(-0.3016666666666667)],[1],[0],[0],[0.17715130001306534],['text_3'],,,,,17,14,354,13,256.85261210007593,,,,,,,,,256.82675430038944,256.85261210007593,256.85261210007593,256.85261210007593,0.005348099861294031,257.00484629999846,,[np.float64(-0.03666666666666667)],[np.float64(-0.3016666666666667)],[1],[0],[0],[0.17715130001306534],['text_3'],p3,001,2025-10-15_20h10.38.487,word_priming,,2025.1.1,60.09409544949801,2025-10-15 20h10.47.716696 +0530,
,355,15,17,,,P_li_e,Police,old ,,[np.float64(-0.03666666666666667)],[np.float64(-0.3016666666666667)],[1],[0],[0],[0.21039649983868003],['text_3'],,,,,17,15,355,7,257.0359933003783,,,,,,,,,257.00987320020795,257.0359933003783,257.0359933003783,257.0359933003783,0.004828599747270346,257.2212070003152,,[np.float64(-0.03666666666666667)],[np.float64(-0.3016666666666667)],[1],[0],[0],[0.21039649983868003],['text_3'],p3,001,2025-10-15_20h10.38.487,word_priming,,2025.1.1,60.09409544949801,2025-10-15 20h10.47.716696 +0530,
,356,16,17,,,P_str_,pastry,old ,,[np.float64(-0.03666666666666667)],[np.float64(-0.3016666666666667)],[1],[0],[0],[0.24404100002720952],['text_3'],,,,,17,16,356,4,257.25212540011853,,,,,,,,,257.2261458002031,257.25212540011853,257.25212540011853,257.25212540011853,0.004743499681353569,257.47111340006813,,[np.float64(-0.03666666666666667)],[np.float64(-0.3016666666666667)],[1],[0],[0],[0.24404100002720952],['text_3'],p3,001,2025-10-15_20h10.38.487,word_priming,,2025.1.1,60.09409544949801,2025-10-15 20h10.47.716696 +0530,
,357,17,17,,,T_hi_t,Tshirt,old ,,[np.float64(-0.03666666666666667)],[np.float64(-0.3016666666666667)],[1],[0],[0],[0.2262730998918414],['text_3'],,,,,17,17,357,2,257.5019208001904,,,,,,,,,257.4768360001035,257.5019208001904,257.5019208001904,257.5019208001904,0.005532700102776289,257.70406000036746,,[np.float64(-0.03666666666666667)],[np.float64(-0.3016666666666667)],[1],[0],[0],[0.2262730998918414],['text_3'],p3,001,2025-10-15_20h10.38.487,word_priming,,2025.1.1,60.09409544949801,2025-10-15 20h10.47.716696 +0530,
,358,18,17,,,_a_bl_,Marble,old ,,[np.float64(-0.03666666666666667)],[np.float64(-0.3016666666666667)],[1],[0],[0],[0.19375039963051677],['text_3'],,,,,17,18,358,11,257.7354105003178,,,,,,,,,257.70908860024065,257.7354105003178,257.7354105003178,257.7354105003178,0.004830799996852875,257.90377179998904,,[np.float64(-0.03666666666666667)],[np.float64(-0.3016666666666667)],[1],[0],[0],[0.19375039963051677],['text_3'],p3,001,2025-10-15_20h10.38.487,word_priming,,2025.1.1,60.09409544949801,2025-10-15 20h10.47.716696 +0530,
,359,19,17,,,_ha_t,chart,old ,,[np.float64(-0.03666666666666667)],[np.float64(-0.3016666666666667)],[1],[0],[0],[0.16032000025734305],['text_3'],,,,,17,19,359,1,257.93533440027386,,,,,,,,,257.90876820031554,257.93533440027386,257.93533440027386,257.93533440027386,0.004758900031447411,258.0698949000798,,[np.float64(-0.03666666666666667)],[np.float64(-0.3016666666666667)],[1],[0],[0],[0.16032000025734305],['text_3'],p3,001,2025-10-15_20h10.38.487,word_priming,,2025.1.1,60.09409544949801,2025-10-15 20h10.47.716696 +0530,
,360,0,18,,,l_pt_p,laptop,old ,,[np.float64(-0.03666666666666667)],[np.float64(-0.3016666666666667)],[1],[0],[0],[0.2126490999944508],['text_3'],,,,,18,0,360,0,258.10135590005666,,,,,,,,,258.0736649003811,258.10135590005666,258.10135590005666,258.10135590005666,0.0036212000995874405,258.2871644999832,,[np.float64(-0.03666666666666667)],[np.float64(-0.3016666666666667)],[1],[0],[0],[0.2126490999944508],['text_3'],p3,001,2025-10-15_20h10.38.487,word_priming,,2025.1.1,60.09409544949801,2025-10-15 20h10.47.716696 +0530,
,361,1,18,,,T_hi_t,Tshirt,old ,,[np.float64(-0.03666666666666667)],[np.float64(-0.3016666666666667)],[1],[0],[0],[0.19338219985365868],['text_3'],,,,,18,1,361,2,258.31742560025305,,,,,,,,,258.2922454001382,258.31742560025305,258.31742560025305,258.31742560025305,0.0048814998008310795,258.4865561001934,,[np.float64(-0.03666666666666667)],[np.float64(-0.3016666666666667)],[1],[0],[0],[0.19338219985365868],['text_3'],p3,001,2025-10-15_20h10.38.487,word_priming,,2025.1.1,60.09409544949801,2025-10-15 20h10.47.716696 +0530,
,362,2,18,,,v_s_,vase,new,,[np.float64(-0.03666666666666667)],[np.float64(-0.3016666666666667)],[1],[0],[0],[0.22913320036605],['text_3'],,,,,18,2,362,17,258.5175197003409,,,,,,,,,258.4909077002667,258.5175197003409,258.5175197003409,258.5175197003409,0.004146200139075518,258.72098250035197,,[np.float64(-0.03666666666666667)],[np.float64(-0.3016666666666667)],[1],[0],[0],[0.22913320036605],['text_3'],p3,001,2025-10-15_20h10.38.487,word_priming,,2025.1.1,60.09409544949801,2025-10-15 20h10.47.716696 +0530,
,363,3,18,,,_a_bl_,Marble,old ,,[np.float64(-0.03666666666666667)],[np.float64(-0.3016666666666667)],[1],[0],[0],[0.22522810008376837],['text_3'],,,,,18,3,363,11,258.7507021003403,,,,,,,,,258.72602000040933,258.7507021003403,258.7507021003403,258.7507021003403,0.004836400039494038,258.95218420028687,,[np.float64(-0.03666666666666667)],[np.float64(-0.3016666666666667)],[1],[0],[0],[0.22522810008376837],['text_3'],p3,001,2025-10-15_20h10.38.487,word_priming,,2025.1.1,60.09409544949801,2025-10-15 20h10.47.716696 +0530,
,364,4,18,,,ta_l_,table,new,,[np.float64(-0.03666666666666667)],[np.float64(-0.3016666666666667)],[1],[0],[0],[0.22725330013781786],['text_3'],,,,,18,4,364,15,258.9838137002662,,,,,,,,,258.95768710039556,258.9838137002662,258.9838137002662,258.9838137002662,0.005219500046223402,259.18588370038196,,[np.float64(-0.03666666666666667)],[np.float64(-0.3016666666666667)],[1],[0],[0],[0.22725330013781786],['text_3'],p3,001,2025-10-15_20h10.38.487,word_priming,,2025.1.1,60.09409544949801,2025-10-15 20h10.47.716696 +0530,
,365,5,18,,,c_s_io_,cushion,old ,,[np.float64(-0.03666666666666667)],[np.float64(-0.3016666666666667)],[1],[0],[0],[0.1933984998613596],['text_3'],,,,,18,5,365,14,259.21738440031186,,,,,,,,,259.1910500000231,259.21738440031186,259.21738440031186,259.21738440031186,0.004966500215232372,259.3853783002123,,[np.float64(-0.03666666666666667)],[np.float64(-0.3016666666666667)],[1],[0],[0],[0.1933984998613596],['text_3'],p3,001,2025-10-15_20h10.38.487,word_priming,,2025.1.1,60.09409544949801,2025-10-15 20h10.47.716696 +0530,
,366,6,18,,,_ho_e,Phone,old ,,[np.float64(-0.03666666666666667)],[np.float64(-0.3016666666666667)],[1],[0],[0],[0.2267001001164317],['text_3'],,,,,18,6,366,12,259.41669850004837,,,,,,,,,259.39026790019125,259.41669850004837,259.41669850004837,259.41669850004837,0.004689399618655443,259.61790399998426,,[np.float64(-0.03666666666666667)],[np.float64(-0.3016666666666667)],[1],[0],[0],[0.2267001001164317],['text_3'],p3,001,2025-10-15_20h10.38.487,word_priming,,2025.1.1,60.09409544949801,2025-10-15 20h10.47.716696 +0530,
,367,7,18,,,_oo_,book,old ,,[np.float64(-0.03666666666666667)],[np.float64(-0.3016666666666667)],[1],[0],[0],[0.19579779962077737],['text_3'],,,,,18,7,367,13,259.64976030029356,,,,,,,,,259.62283070012927,259.64976030029356,259.64976030029356,259.64976030029356,0.004695500247180462,259.81956610037014,,[np.float64(-0.03666666666666667)],[np.float64(-0.3016666666666667)],[1],[0],[0],[0.19579779962077737],['text_3'],p3,001,2025-10-15_20h10.38.487,word_priming,,2025.1.1,60.09409544949801,2025-10-15 20h10.47.716696 +0530,
,368,8,18,,,bo_t_e,bottle,new,,[np.float64(-0.03666666666666667)],[np.float64(-0.3016666666666667)],[1],[0],[0],[0.24259279994294047],['text_3'],,,,,18,8,368,18,259.8490985999815,,,,,,,,,259.82461690017954,259.8490985999815,259.8490985999815,259.8490985999815,0.004851500038057566,260.06816250039265,,[np.float64(-0.03666666666666667)],[np.float64(-0.3016666666666667)],[1],[0],[0],[0.24259279994294047],['text_3'],p3,001,2025-10-15_20h10.38.487,word_priming,,2025.1.1,60.09409544949801,2025-10-15 20h10.47.716696 +0530,
,369,9,18,,,P_li_e,Police,old ,,[np.float64(-0.03666666666666667)],[np.float64(-0.3016666666666667)],[1],[0],[0],[0.19356900034472346],['text_3'],,,,,18,9,369,7,260.09941010037437,,,,,,,,,260.07316420041025,260.09941010037437,260.09941010037437,260.09941010037437,0.004777899943292141,260.26766430027783,,[np.float64(-0.03666666666666667)],[np.float64(-0.3016666666666667)],[1],[0],[0],[0.19356900034472346],['text_3'],p3,001,2025-10-15_20h10.38.487,word_priming,,2025.1.1,60.09409544949801,2025-10-15 20h10.47.716696 +0530,
,370,10,18,,,c_m_ra,camera,new,,[np.float64(-0.03666666666666667)],[np.float64(-0.3016666666666667)],[1],[0],[0],[0.16057270020246506],['text_3'],,,,,18,10,370,19,260.2992020002566,,,,,,,,,260.2733551003039,260.2992020002566,260.2992020002566,260.2992020002566,0.00546060036867857,260.4348463001661,,[np.float64(-0.03666666666666667)],[np.float64(-0.3016666666666667)],[1],[0],[0],[0.16057270020246506],['text_3'],p3,001,2025-10-15_20h10.38.487,word_priming,,2025.1.1,60.09409544949801,2025-10-15 20h10.47.716696 +0530,
,371,11,18,,,c_s_,case,old ,,[np.float64(-0.03666666666666667)],[np.float64(-0.3016666666666667)],[1],[0],[0],[0.22760639991611242],['text_3'],,,,,18,11,371,5,260.4662260003388,,,,,,,,,260.4392504002899,260.4662260003388,260.4662260003388,260.4662260003388,0.0042153000831604,260.6678074002266,,[np.float64(-0.03666666666666667)],[np.float64(-0.3016666666666667)],[1],[0],[0],[0.22760639991611242],['text_3'],p3,001,2025-10-15_20h10.38.487,word_priming,,2025.1.1,60.09409544949801,2025-10-15 20h10.47.716696 +0530,
,372,12,18,,,_ou_se,mouse,old ,,[np.float64(-0.03666666666666667)],[np.float64(-0.3016666666666667)],[1],[0],[0],[0.19366919994354248],['text_3'],,,,,18,12,372,3,260.6985726002604,,,,,,,,,260.6727860001847,260.6985726002604,260.6985726002604,260.6985726002604,0.004748899955302477,260.86737160012126,,[np.float64(-0.03666666666666667)],[np.float64(-0.3016666666666667)],[1],[0],[0],[0.19366919994354248],['text_3'],p3,001,2025-10-15_20h10.38.487,word_priming,,2025.1.1,60.09409544949801,2025-10-15 20h10.47.716696 +0530,
,373,13,18,,,_o_rd,Board,old ,,[np.float64(-0.03666666666666667)],[np.float64(-0.3016666666666667)],[1],[0],[0],[0.20952720008790493],['text_3'],,,,,18,13,373,10,260.8990246001631,,,,,,,,,260.87278730003163,260.8990246001631,260.8990246001631,260.8990246001631,0.005217700265347958,261.0832363003865,,[np.float64(-0.03666666666666667)],[np.float64(-0.3016666666666667)],[1],[0],[0],[0.20952720008790493],['text_3'],p3,001,2025-10-15_20h10.38.487,word_priming,,2025.1.1,60.09409544949801,2025-10-15 20h10.47.716696 +0530,
,374,14,18,,,P_str_,pastry,old ,,[np.float64(-0.03666666666666667)],[np.float64(-0.3016666666666667)],[1],[0],[0],[0.21020109998062253],['text_3'],,,,,18,14,374,4,261.1150409001857,,,,,,,,,261.0889060003683,261.1150409001857,261.1150409001857,261.1150409001857,0.005453499965369701,261.3000370999798,,[np.float64(-0.03666666666666667)],[np.float64(-0.3016666666666667)],[1],[0],[0],[0.21020109998062253],['text_3'],p3,001,2025-10-15_20h10.38.487,word_priming,,2025.1.1,60.09409544949801,2025-10-15 20h10.47.716696 +0530,
,375,15,18,,,K_y_,Keys,old ,,[np.float64(-0.03666666666666667)],[np.float64(-0.3016666666666667)],[1],[0],[0],[0.19494639988988638],['text_3'],,,,,18,15,375,8,261.33153110044077,,,,,,,,,261.30449000000954,261.33153110044077,261.33153110044077,261.33153110044077,0.004247900098562241,261.50043930020183,,[np.float64(-0.03666666666666667)],[np.float64(-0.3016666666666667)],[1],[0],[0],[0.19494639988988638],['text_3'],p3,001,2025-10-15_20h10.38.487,word_priming,,2025.1.1,60.09409544949801,2025-10-15 20h10.47.716696 +0530,
,376,16,18,,,_ha_t,chart,old ,,[np.float64(-0.03666666666666667)],[np.float64(-0.3016666666666667)],[1],[0],[0],[0.19367239996790886],['text_3'],,,,,18,16,376,1,261.53125120000914,,,,,,,,,261.50539950001985,261.53125120000914,261.53125120000914,261.53125120000914,0.004755400121212006,261.70000300044194,,[np.float64(-0.03666666666666667)],[np.float64(-0.3016666666666667)],[1],[0],[0],[0.19367239996790886],['text_3'],p3,001,2025-10-15_20h10.38.487,word_priming,,2025.1.1,60.09409544949801,2025-10-15 20h10.47.716696 +0530,
,377,17,18,,,p_nc_l,pencil,new,,[np.float64(-0.03666666666666667)],[np.float64(-0.3016666666666667)],[1],[0],[0],[0.20951629988849163],['text_3'],,,,,18,17,377,16,261.730728500057,,,,,,,,,261.705560200382,261.730728500057,261.730728500057,261.730728500057,0.005316500086337328,261.9160036002286,,[np.float64(-0.03666666666666667)],[np.float64(-0.3016666666666667)],[1],[0],[0],[0.20951629988849163],['text_3'],p3,001,2025-10-15_20h10.38.487,word_priming,,2025.1.1,60.09409544949801,2025-10-15 20h10.47.716696 +0530,
,378,18,18,,,_ru_s_,cruise,old ,,[np.float64(-0.03666666666666667)],[np.float64(-0.3016666666666667)],[1],[0],[0],[0.17686729971319437],['text_3'],,,,,18,18,378,6,261.94760000007227,,,,,,,,,261.9210414001718,261.94760000007227,261.94760000007227,261.94760000007227,0.004825400188565254,262.09883350040764,,[np.float64(-0.03666666666666667)],[np.float64(-0.3016666666666667)],[1],[0],[0],[0.17686729971319437],['text_3'],p3,001,2025-10-15_20h10.38.487,word_priming,,2025.1.1,60.09409544949801,2025-10-15 20h10.47.716696 +0530,
,379,19,18,,,P_st_r,Poster,old ,,[np.float64(-0.03666666666666667)],[np.float64(-0.3016666666666667)],[1],[0],[0],[0.2274388000369072],['text_3'],,,,,18,19,379,9,262.13067690003663,,,,,,,,,262.10388560034335,262.13067690003663,262.13067690003663,262.13067690003663,0.004856999963521957,262.33225890016183,,[np.float64(-0.03666666666666667)],[np.float64(-0.3016666666666667)],[1],[0],[0],[0.2274388000369072],['text_3'],p3,001,2025-10-15_20h10.38.487,word_priming,,2025.1.1,60.09409544949801,2025-10-15 20h10.47.716696 +0530,
,380,0,19,,,v_s_,vase,new,,[np.float64(-0.03666666666666667)],[np.float64(-0.3016666666666667)],[1],[0],[0],[0.161797100212425],['text_3'],,,,,19,0,380,17,262.36387420026585,,,,,,,,,262.3366498001851,262.36387420026585,262.36387420026585,262.36387420026585,0.004175900015980005,262.49937300011516,,[np.float64(-0.03666666666666667)],[np.float64(-0.3016666666666667)],[1],[0],[0],[0.161797100212425],['text_3'],p3,001,2025-10-15_20h10.38.487,word_priming,,2025.1.1,60.09409544949801,2025-10-15 20h10.47.716696 +0530,
,381,1,19,,,p_nc_l,pencil,new,,[np.float64(-0.03666666666666667)],[np.float64(-0.3016666666666667)],[1],[0],[0],[0.19352960027754307],['text_3'],,,,,19,1,381,16,262.5304315001704,,,,,,,,,262.50445540016517,262.5304315001704,262.5304315001704,262.5304315001704,0.004867000039666891,262.69892040034756,,[np.float64(-0.03666666666666667)],[np.float64(-0.3016666666666667)],[1],[0],[0],[0.19352960027754307],['text_3'],p3,001,2025-10-15_20h10.38.487,word_priming,,2025.1.1,60.09409544949801,2025-10-15 20h10.47.716696 +0530,
,382,2,19,,,ta_l_,table,new,,[np.float64(-0.03666666666666667)],[np.float64(-0.3016666666666667)],[1],[0],[0],[0.21075970027595758],['text_3'],,,,,19,2,382,15,262.7301203003153,,,,,,,,,262.70389600005,262.7301203003153,262.7301203003153,262.7301203003153,0.004753800109028816,262.91558640031144,,[np.float64(-0.03666666666666667)],[np.float64(-0.3016666666666667)],[1],[0],[0],[0.21075970027595758],['text_3'],p3,001,2025-10-15_20h10.38.487,word_priming,,2025.1.1,60.09409544949801,2025-10-15 20h10.47.716696 +0530,
,383,3,19,,,_ha_t,chart,old ,,[np.float64(-0.03666666666666667)],[np.float64(-0.3016666666666667)],[1],[0],[0],[0.22694439999759197],['text_3'],,,,,19,3,383,1,262.9467596001923,,,,,,,,,262.92077570036054,262.9467596001923,262.9467596001923,262.9467596001923,0.0049909004010260105,263.1486530001275,,[np.float64(-0.03666666666666667)],[np.float64(-0.3016666666666667)],[1],[0],[0],[0.22694439999759197],['text_3'],p3,001,2025-10-15_20h10.38.487,word_priming,,2025.1.1,60.09409544949801,2025-10-15 20h10.47.716696 +0530,
,384,4,19,,,c_m_ra,camera,new,,[np.float64(-0.03666666666666667)],[np.float64(-0.3016666666666667)],[1],[0],[0],[0.1937498999759555],['text_3'],,,,,19,4,384,19,263.17974709998816,,,,,,,,,263.1541797001846,263.17974709998816,263.17974709998816,263.17974709998816,0.005333200097084045,263.34886470017955,,[np.float64(-0.03666666666666667)],[np.float64(-0.3016666666666667)],[1],[0],[0],[0.1937498999759555],['text_3'],p3,001,2025-10-15_20h10.38.487,word_priming,,2025.1.1,60.09409544949801,2025-10-15 20h10.47.716696 +0530,
,385,5,19,,,P_st_r,Poster,old ,,[np.float64(-0.03666666666666667)],[np.float64(-0.3016666666666667)],[1],[0],[0],[0.19279409991577268],['text_3'],,,,,19,5,385,9,263.379523599986,,,,,,,,,263.3539276001975,263.379523599986,263.379523599986,263.379523599986,0.004869699943810701,263.5476565002464,,[np.float64(-0.03666666666666667)],[np.float64(-0.3016666666666667)],[1],[0],[0],[0.19279409991577268],['text_3'],p3,001,2025-10-15_20h10.38.487,word_priming,,2025.1.1,60.09409544949801,2025-10-15 20h10.47.716696 +0530,
,386,6,19,,,_ou_se,mouse,old ,,[np.float64(-0.03666666666666667)],[np.float64(-0.3016666666666667)],[1],[0],[0],[0.19446420017629862],['text_3'],,,,,19,6,386,3,263.57938700029626,,,,,,,,,263.55265030032024,263.57938700029626,263.57938700029626,263.57938700029626,0.004796900320798159,263.7480521001853,,[np.float64(-0.03666666666666667)],[np.float64(-0.3016666666666667)],[1],[0],[0],[0.19446420017629862],['text_3'],p3,001,2025-10-15_20h10.38.487,word_priming,,2025.1.1,60.09409544949801,2025-10-15 20h10.47.716696 +0530,
,387,7,19,,,bo_t_e,bottle,new,,[np.float64(-0.03666666666666667)],[np.float64(-0.3016666666666667)],[1],[0],[0],[0.21038400009274483],['text_3'],,,,,19,7,387,18,263.7789811003022,,,,,,,,,263.7531554000452,263.7789811003022,263.7789811003022,263.7789811003022,0.0048917001113295555,263.9644576003775,,[np.float64(-0.03666666666666667)],[np.float64(-0.3016666666666667)],[1],[0],[0],[0.21038400009274483],['text_3'],p3,001,2025-10-15_20h10.38.487,word_priming,,2025.1.1,60.09409544949801,2025-10-15 20h10.47.716696 +0530,
,388,8,19,,,_o_rd,Board,old ,,[np.float64(-0.03666666666666667)],[np.float64(-0.3016666666666667)],[1],[0],[0],[0.19395950017496943],['text_3'],,,,,19,8,388,10,263.9955090000294,,,,,,,,,263.9694385002367,263.9955090000294,263.9955090000294,263.9955090000294,0.004780500195920467,264.1643272000365,,[np.float64(-0.03666666666666667)],[np.float64(-0.3016666666666667)],[1],[0],[0],[0.19395950017496943],['text_3'],p3,001,2025-10-15_20h10.38.487,word_priming,,2025.1.1,60.09409544949801,2025-10-15 20h10.47.716696 +0530,
,389,9,19,,,_ru_s_,cruise,old ,,[np.float64(-0.03666666666666667)],[np.float64(-0.3016666666666667)],[1],[0],[0],[0.1930400002747774],['text_3'],,,,,19,9,389,6,264.1953506004065,,,,,,,,,264.16927220020443,264.1953506004065,264.1953506004065,264.1953506004065,0.004747200291603804,264.3632459002547,,[np.float64(-0.03666666666666667)],[np.float64(-0.3016666666666667)],[1],[0],[0],[0.1930400002747774],['text_3'],p3,001,2025-10-15_20h10.38.487,word_priming,,2025.1.1,60.09409544949801,2025-10-15 20h10.47.716696 +0530,
,390,10,19,,,_ho_e,Phone,old ,,[np.float64(-0.03666666666666667)],[np.float64(-0.3016666666666667)],[1],[0],[0],[0.1950086997821927],['text_3'],,,,,19,10,390,12,264.3951295004226,,,,,,,,,264.36820210004225,264.3951295004226,264.3951295004226,264.3951295004226,0.004721799865365028,264.5641534002498,,[np.float64(-0.03666666666666667)],[np.float64(-0.3016666666666667)],[1],[0],[0],[0.1950086997821927],['text_3'],p3,001,2025-10-15_20h10.38.487,word_priming,,2025.1.1,60.09409544949801,2025-10-15 20h10.47.716696 +0530,
,391,11,19,,,T_hi_t,Tshirt,old ,,[np.float64(-0.03666666666666667)],[np.float64(-0.3016666666666667)],[1],[0],[0],[0.22574799973517656],['text_3'],,,,,19,11,391,2,264.594932500273,,,,,,,,,264.5696019004099,264.594932500273,264.594932500273,264.594932500273,0.005250799935311079,264.79628270026296,,[np.float64(-0.03666666666666667)],[np.float64(-0.3016666666666667)],[1],[0],[0],[0.22574799973517656],['text_3'],p3,001,2025-10-15_20h10.38.487,word_priming,,2025.1.1,60.09409544949801,2025-10-15 20h10.47.716696 +0530,
,392,12,19,,,c_s_io_,cushion,old ,,[np.float64(-0.03666666666666667)],[np.float64(-0.3016666666666667)],[1],[0],[0],[0.177010300103575],['text_3'],,,,,19,12,392,14,264.8279913002625,,,,,,,,,264.8015058999881,264.8279913002625,264.8279913002625,264.8279913002625,0.004989299923181534,264.9794555003755,,[np.float64(-0.03666666666666667)],[np.float64(-0.3016666666666667)],[1],[0],[0],[0.177010300103575],['text_3'],p3,001,2025-10-15_20h10.38.487,word_priming,,2025.1.1,60.09409544949801,2025-10-15 20h10.47.716696 +0530,
,393,13,19,,,l_pt_p,laptop,old ,,[np.float64(-0.03666666666666667)],[np.float64(-0.3016666666666667)],[1],[0],[0],[0.19586540013551712],['text_3'],,,,,19,13,393,0,265.01154350023717,,,,,,,,,264.9845529003069,265.01154350023717,265.01154350023717,265.01154350023717,0.004880300257354975,265.1813572002575,,[np.float64(-0.03666666666666667)],[np.float64(-0.3016666666666667)],[1],[0],[0],[0.19586540013551712],['text_3'],p3,001,2025-10-15_20h10.38.487,word_priming,,2025.1.1,60.09409544949801,2025-10-15 20h10.47.716696 +0530,
,394,14,19,,,c_s_,case,old ,,[np.float64(-0.03666666666666667)],[np.float64(-0.3016666666666667)],[1],[0],[0],[0.1927047003991902],['text_3'],,,,,19,14,394,5,265.21093980036676,,,,,,,,,265.18574820039794,265.21093980036676,265.21093980036676,265.21093980036676,0.004197400063276291,265.3794011003338,,[np.float64(-0.03666666666666667)],[np.float64(-0.3016666666666667)],[1],[0],[0],[0.1927047003991902],['text_3'],p3,001,2025-10-15_20h10.38.487,word_priming,,2025.1.1,60.09409544949801,2025-10-15 20h10.47.716696 +0530,
,395,15,19,,,K_y_,Keys,old ,,[np.float64(-0.03666666666666667)],[np.float64(-0.3016666666666667)],[1],[0],[0],[0.24396570026874542],['text_3'],,,,,19,15,395,8,265.41107540018857,,,,,,,,,265.383868700359,265.41107540018857,265.41107540018857,265.41107540018857,0.0042686001397669315,265.6287721004337,,[np.float64(-0.03666666666666667)],[np.float64(-0.3016666666666667)],[1],[0],[0],[0.24396570026874542],['text_3'],p3,001,2025-10-15_20h10.38.487,word_priming,,2025.1.1,60.09409544949801,2025-10-15 20h10.47.716696 +0530,
,396,16,19,,,P_li_e,Police,old ,,[np.float64(-0.03666666666666667)],[np.float64(-0.3016666666666667)],[1],[0],[0],[0.1942244004458189],['text_3'],,,,,19,16,396,7,265.66052100015804,,,,,,,,,265.63376400014386,265.66052100015804,265.66052100015804,265.66052100015804,0.00478319963440299,265.82892010034993,,[np.float64(-0.03666666666666667)],[np.float64(-0.3016666666666667)],[1],[0],[0],[0.1942244004458189],['text_3'],p3,001,2025-10-15_20h10.38.487,word_priming,,2025.1.1,60.09409544949801,2025-10-15 20h10.47.716696 +0530,
,397,17,19,,,_oo_,book,old ,,[np.float64(-0.03666666666666667)],[np.float64(-0.3016666666666667)],[1],[0],[0],[0.19491139985620975],['text_3'],,,,,19,17,397,13,265.8603366999887,,,,,,,,,265.8333253003657,265.8603366999887,265.8603366999887,265.8603366999887,0.004158100113272667,266.029165700078,,[np.float64(-0.03666666666666667)],[np.float64(-0.3016666666666667)],[1],[0],[0],[0.19491139985620975],['text_3'],p3,001,2025-10-15_20h10.38.487,word_priming,,2025.1.1,60.09409544949801,2025-10-15 20h10.47.716696 +0530,
,398,18,19,,,_a_bl_,Marble,old ,,[np.float64(-0.03666666666666667)],[np.float64(-0.3016666666666667)],[1],[0],[0],[0.17634529992938042],['text_3'],,,,,19,18,398,11,266.06014270009473,,,,,,,,,266.03487149998546,266.06014270009473,266.06014270009473,266.06014270009473,0.005511700175702572,266.212147900369,,[np.float64(-0.03666666666666667)],[np.float64(-0.3016666666666667)],[1],[0],[0],[0.17634529992938042],['text_3'],p3,001,2025-10-15_20h10.38.487,word_priming,,2025.1.1,60.09409544949801,2025-10-15 20h10.47.716696 +0530,
,399,19,19,,,P_str_,pastry,old ,,[np.float64(-0.03666666666666667)],[np.float64(-0.3016666666666667)],[1],[0],[0],[0.22637710021808743],['text_3'],,,,,19,19,399,4,266.2433731001802,,,,,,,,,266.21714480035007,266.2433731001802,266.2433731001802,266.2433731001802,0.004801600240170956,266.44444910017774,,[np.float64(-0.03666666666666667)],[np.float64(-0.3016666666666667)],[1],[0],[0],[0.22637710021808743],['text_3'],p3,001,2025-10-15_20h10.38.487,word_priming,,2025.1.1,60.09409544949801,2025-10-15 20h10.47.716696 +0530,
