study_word,thisN,thisTrialN,thisRepN,slider.response,slider.rt,test_words,reference,old_new,textbox.text,mouse.x,mouse.y,mouse.leftButton,mouse.midButton,mouse.rightButton,mouse.time,mouse.clicked_name,trials.thisRepN,trials.thisTrialN,trials.thisN,trials.thisIndex,trials_2.thisRepN,trials_2.thisTrialN,trials_2.thisN,trials_2.thisIndex,thisRow.t,notes,trial.started,text.started,slider.started,trial.stopped,trials.slider.response,trials.slider.rt,test.started,text_2.started,textbox.started,text_3.started,mouse.started,test.stopped,trials_2.textbox.text,trials_2.mouse.x,trials_2.mouse.y,trials_2.mouse.leftButton,trials_2.mouse.midButton,trials_2.mouse.rightButton,trials_2.mouse.time,trials_2.mouse.clicked_name,participant,session,date,expName,expVersion,psychopyVersion,frameRate,expStart,
T-shirt,0,0,0,1.06,3.30821490008384,,,,,,,,,,,,0,0,0,7,,,,,0.06126939970999956,,0.034312000032514334,0.06126939970999956,0.06126939970999956,3.3743997998535633,1.06,3.30821490008384,,,,,,,,,,,,,,,p4,001,2025-10-15_20h26.42.979,word_priming,,2025.1.1,60.223477326749595,2025-10-15 20h26.50.209440 +0530,
poster,1,1,0,1.06,0.12576780002564192,,,,,,,,,,,,0,1,1,14,,,,,3.407084099948406,,3.384396200068295,3.407084099948406,3.407084099948406,3.540836399886757,1.06,0.12576780002564192,,,,,,,,,,,,,,,p4,001,2025-10-15_20h26.42.979,word_priming,,2025.1.1,60.223477326749595,2025-10-15 20h26.50.209440 +0530,
board ,2,2,0,1.06,0.15850970009341836,,,,,,,,,,,,0,2,2,4,,,,,3.5726288999430835,,3.550548099912703,3.5726288999430835,3.5726288999430835,3.7404654999263585,1.06,0.15850970009341836,,,,,,,,,,,,,,,p4,001,2025-10-15_20h26.42.979,word_priming,,2025.1.1,60.223477326749595,2025-10-15 20h26.50.209440 +0530,
police,3,3,0,1.06,0.13082489976659417,,,,,,,,,,,,0,3,3,12,,,,,3.7723823999986053,,3.747067399788648,3.7723823999986053,3.7723823999986053,3.9067688998766243,1.06,0.13082489976659417,,,,,,,,,,,,,,,p4,001,2025-10-15_20h26.42.979,word_priming,,2025.1.1,60.223477326749595,2025-10-15 20h26.50.209440 +0530,
chart,4,4,0,1.06,0.19569089962169528,,,,,,,,,,,,0,4,4,6,,,,,3.9385215998627245,,3.9131879000924528,3.9385215998627245,3.9385215998627245,4.1406446998007596,1.06,0.19569089962169528,,,,,,,,,,,,,,,p4,001,2025-10-15_20h26.42.979,word_priming,,2025.1.1,60.223477326749595,2025-10-15 20h26.50.209440 +0530,
laptop,5,5,0,1,4.773284299764782,,,,,,,,,,,,0,5,5,5,,,,,4.172375400085002,,4.147137099877,4.172375400085002,4.172375400085002,8.952226599678397,1,4.773284299764782,,,,,,,,,,,,,,,p4,001,2025-10-15_20h26.42.979,word_priming,,2025.1.1,60.223477326749595,2025-10-15 20h26.50.209440 +0530,
book,6,6,0,1,0.11181689985096455,,,,,,,,,,,,0,6,6,0,,,,,8.983780900016427,,8.958098699804395,8.983780900016427,8.983780900016427,9.086343899834901,1,0.11181689985096455,,,,,,,,,,,,,,,p4,001,2025-10-15_20h26.42.979,word_priming,,2025.1.1,60.223477326749595,2025-10-15 20h26.50.209440 +0530,
cruise,7,7,0,1,0.13019059970974922,,,,,,,,,,,,0,7,7,11,,,,,9.11710189981386,,9.090917699970305,9.11710189981386,9.11710189981386,9.251785699743778,1,0.13019059970974922,,,,,,,,,,,,,,,p4,001,2025-10-15_20h26.42.979,word_priming,,2025.1.1,60.223477326749595,2025-10-15 20h26.50.209440 +0530,
phone,8,8,0,1,0.16062310012057424,,,,,,,,,,,,0,8,8,2,,,,,9.283663999754936,,9.260878900066018,9.283663999754936,9.283663999754936,9.45177169982344,1,0.16062310012057424,,,,,,,,,,,,,,,p4,001,2025-10-15_20h26.42.979,word_priming,,2025.1.1,60.223477326749595,2025-10-15 20h26.50.209440 +0530,
marble,9,9,0,1,0.12818440003320575,,,,,,,,,,,,0,9,9,3,,,,,9.483143299818039,,9.457949599716812,9.483143299818039,9.483143299818039,9.618062799796462,1,0.12818440003320575,,,,,,,,,,,,,,,p4,001,2025-10-15_20h26.42.979,word_priming,,2025.1.1,60.223477326749595,2025-10-15 20h26.50.209440 +0530,
pastry,10,10,0,1,0.12433840008452535,,,,,,,,,,,,0,10,10,9,,,,,9.649461699649692,,9.62724189972505,9.649461699649692,9.649461699649692,9.76884560007602,1,0.12433840008452535,,,,,,,,,,,,,,,p4,001,2025-10-15_20h26.42.979,word_priming,,2025.1.1,60.223477326749595,2025-10-15 20h26.50.209440 +0530,
case,11,11,0,1,0.13116219965741038,,,,,,,,,,,,0,11,11,10,,,,,9.800154199823737,,9.772592700086534,9.800154199823737,9.800154199823737,9.934119299985468,1,0.13116219965741038,,,,,,,,,,,,,,,p4,001,2025-10-15_20h26.42.979,word_priming,,2025.1.1,60.223477326749595,2025-10-15 20h26.50.209440 +0530,
keys,12,12,0,1,0.14851889992132783,,,,,,,,,,,,0,12,12,13,,,,,9.966314000077546,,9.9383229999803,9.966314000077546,9.966314000077546,10.117709799669683,1,0.14851889992132783,,,,,,,,,,,,,,,p4,001,2025-10-15_20h26.42.979,word_priming,,2025.1.1,60.223477326749595,2025-10-15 20h26.50.209440 +0530,
cushion,13,13,0,1,0.13048280030488968,,,,,,,,,,,,0,13,13,1,,,,,10.14909219974652,,10.121842300053686,10.14909219974652,10.14909219974652,10.284135200083256,1,0.13048280030488968,,,,,,,,,,,,,,,p4,001,2025-10-15_20h26.42.979,word_priming,,2025.1.1,60.223477326749595,2025-10-15 20h26.50.209440 +0530,
mouse,14,14,0,1,0.12968780007213354,,,,,,,,,,,,0,14,14,8,,,,,10.315515999682248,,10.290196899790317,10.315515999682248,10.315515999682248,10.451061700005084,1,0.12968780007213354,,,,,,,,,,,,,,,p4,001,2025-10-15_20h26.42.979,word_priming,,2025.1.1,60.223477326749595,2025-10-15 20h26.50.209440 +0530,
police,15,0,1,1,0.16092090029269457,,,,,,,,,,,,1,0,15,12,,,,,10.482456899713725,,10.457211500033736,10.482456899713725,10.482456899713725,10.650086099747568,1,0.16092090029269457,,,,,,,,,,,,,,,p4,001,2025-10-15_20h26.42.979,word_priming,,2025.1.1,60.223477326749595,2025-10-15 20h26.50.209440 +0530,
poster,16,1,1,1,0.12897969968616962,,,,,,,,,,,,1,1,16,14,,,,,10.68190379999578,,10.656337699852884,10.68190379999578,10.68190379999578,10.817660099826753,1,0.12897969968616962,,,,,,,,,,,,,,,p4,001,2025-10-15_20h26.42.979,word_priming,,2025.1.1,60.223477326749595,2025-10-15 20h26.50.209440 +0530,
pastry,17,2,1,1,0.12701330007985234,,,,,,,,,,,,1,2,17,9,,,,,10.848458799999207,,10.824226699769497,10.848458799999207,10.848458799999207,10.983602799940854,1,0.12701330007985234,,,,,,,,,,,,,,,p4,001,2025-10-15_20h26.42.979,word_priming,,2025.1.1,60.223477326749595,2025-10-15 20h26.50.209440 +0530,
phone,18,3,1,1,0.12833580002188683,,,,,,,,,,,,1,3,18,2,,,,,11.014940099790692,,10.990267899818718,11.014940099790692,11.014940099790692,11.150102699641138,1,0.12833580002188683,,,,,,,,,,,,,,,p4,001,2025-10-15_20h26.42.979,word_priming,,2025.1.1,60.223477326749595,2025-10-15 20h26.50.209440 +0530,
mouse,19,4,1,1,0.16256099985912442,,,,,,,,,,,,1,4,19,8,,,,,11.18136869976297,,11.156160399783403,11.18136869976297,11.18136869976297,11.349803799763322,1,0.16256099985912442,,,,,,,,,,,,,,,p4,001,2025-10-15_20h26.42.979,word_priming,,2025.1.1,60.223477326749595,2025-10-15 20h26.50.209440 +0530,
chart,20,5,1,1,0.1614160998724401,,,,,,,,,,,,1,5,20,6,,,,,11.382275499869138,,11.356014699675143,11.382275499869138,11.382275499869138,11.549971799831837,1,0.1614160998724401,,,,,,,,,,,,,,,p4,001,2025-10-15_20h26.42.979,word_priming,,2025.1.1,60.223477326749595,2025-10-15 20h26.50.209440 +0530,
T-shirt,21,6,1,1,0.12756199995055795,,,,,,,,,,,,1,6,21,7,,,,,11.5814119996503,,11.556303599849343,11.5814119996503,11.5814119996503,11.715717799961567,1,0.12756199995055795,,,,,,,,,,,,,,,p4,001,2025-10-15_20h26.42.979,word_priming,,2025.1.1,60.223477326749595,2025-10-15 20h26.50.209440 +0530,
keys,22,7,1,1,0.129643099848181,,,,,,,,,,,,1,7,22,13,,,,,11.747568499762565,,11.721891100052744,11.747568499762565,11.747568499762565,11.882663999684155,1,0.129643099848181,,,,,,,,,,,,,,,p4,001,2025-10-15_20h26.42.979,word_priming,,2025.1.1,60.223477326749595,2025-10-15 20h26.50.209440 +0530,
case,23,8,1,1,0.16183950006961823,,,,,,,,,,,,1,8,23,10,,,,,11.914188500028104,,11.888235500082374,11.914188500028104,11.914188500028104,12.082650399766862,1,0.16183950006961823,,,,,,,,,,,,,,,p4,001,2025-10-15_20h26.42.979,word_priming,,2025.1.1,60.223477326749595,2025-10-15 20h26.50.209440 +0530,
marble,24,9,1,1,0.12855800008401275,,,,,,,,,,,,1,9,24,3,,,,,12.11429339973256,,12.088829699903727,12.11429339973256,12.11429339973256,12.248575899749994,1,0.12855800008401275,,,,,,,,,,,,,,,p4,001,2025-10-15_20h26.42.979,word_priming,,2025.1.1,60.223477326749595,2025-10-15 20h26.50.209440 +0530,
cushion,25,10,1,1,0.12937120022252202,,,,,,,,,,,,1,10,25,1,,,,,12.280736499931663,,12.25478639965877,12.280736499931663,12.280736499931663,12.415622999891639,1,0.12937120022252202,,,,,,,,,,,,,,,p4,001,2025-10-15_20h26.42.979,word_priming,,2025.1.1,60.223477326749595,2025-10-15 20h26.50.209440 +0530,
cruise,26,11,1,1,0.16158910002559423,,,,,,,,,,,,1,11,26,11,,,,,12.447172099724412,,12.421803100034595,12.447172099724412,12.447172099724412,12.61535259988159,1,0.16158910002559423,,,,,,,,,,,,,,,p4,001,2025-10-15_20h26.42.979,word_priming,,2025.1.1,60.223477326749595,2025-10-15 20h26.50.209440 +0530,
board ,27,12,1,1,0.12697160011157393,,,,,,,,,,,,1,12,27,4,,,,,12.646681999787688,,12.62243209965527,12.646681999787688,12.646681999787688,12.781567399855703,1,0.12697160011157393,,,,,,,,,,,,,,,p4,001,2025-10-15_20h26.42.979,word_priming,,2025.1.1,60.223477326749595,2025-10-15 20h26.50.209440 +0530,
laptop,28,13,1,1,0.14581340039148927,,,,,,,,,,,,1,13,28,5,,,,,12.813040199689567,,12.787826600018889,12.813040199689567,12.813040199689567,12.96492449985817,1,0.14581340039148927,,,,,,,,,,,,,,,p4,001,2025-10-15_20h26.42.979,word_priming,,2025.1.1,60.223477326749595,2025-10-15 20h26.50.209440 +0530,
book,29,14,1,1,0.11388219986110926,,,,,,,,,,,,1,14,29,0,,,,,12.99665470002219,,12.968792099971324,12.99665470002219,12.99665470002219,13.09907539980486,1,0.11388219986110926,,,,,,,,,,,,,,,p4,001,2025-10-15_20h26.42.979,word_priming,,2025.1.1,60.223477326749595,2025-10-15 20h26.50.209440 +0530,
pastry,30,0,2,1,0.16362119978293777,,,,,,,,,,,,2,0,30,9,,,,,13.129750899970531,,13.103147400077432,13.129750899970531,13.129750899970531,13.297922600060701,1,0.16362119978293777,,,,,,,,,,,,,,,p4,001,2025-10-15_20h26.42.979,word_priming,,2025.1.1,60.223477326749595,2025-10-15 20h26.50.209440 +0530,
board ,31,1,2,1,0.1620190003886819,,,,,,,,,,,,2,1,31,4,,,,,13.329692899715155,,13.304146599955857,13.329692899715155,13.329692899715155,13.497602399904281,1,0.1620190003886819,,,,,,,,,,,,,,,p4,001,2025-10-15_20h26.42.979,word_priming,,2025.1.1,60.223477326749595,2025-10-15 20h26.50.209440 +0530,
police,32,2,2,1,0.16110249981284142,,,,,,,,,,,,2,2,32,12,,,,,13.529100299812853,,13.504631799645722,13.529100299812853,13.529100299812853,13.69740099972114,1,0.16110249981284142,,,,,,,,,,,,,,,p4,001,2025-10-15_20h26.42.979,word_priming,,2025.1.1,60.223477326749595,2025-10-15 20h26.50.209440 +0530,
keys,33,3,2,1,0.16251329984515905,,,,,,,,,,,,2,3,33,13,,,,,13.729287999682128,,13.70297159999609,13.729287999682128,13.729287999682128,13.8977354997769,1,0.16251329984515905,,,,,,,,,,,,,,,p4,001,2025-10-15_20h26.42.979,word_priming,,2025.1.1,60.223477326749595,2025-10-15 20h26.50.209440 +0530,
T-shirt,34,4,2,1,0.1285760998725891,,,,,,,,,,,,2,4,34,7,,,,,13.92903109965846,,13.903948999941349,13.92903109965846,13.92903109965846,14.063836799934506,1,0.1285760998725891,,,,,,,,,,,,,,,p4,001,2025-10-15_20h26.42.979,word_priming,,2025.1.1,60.223477326749595,2025-10-15 20h26.50.209440 +0530,
phone,35,5,2,1,0.16164050018414855,,,,,,,,,,,,2,5,35,2,,,,,14.095574999693781,,14.070012299809605,14.095574999693781,14.095574999693781,14.26320349983871,1,0.16164050018414855,,,,,,,,,,,,,,,p4,001,2025-10-15_20h26.42.979,word_priming,,2025.1.1,60.223477326749595,2025-10-15 20h26.50.209440 +0530,
chart,36,6,2,1,0.12931039975956082,,,,,,,,,,,,2,6,36,6,,,,,14.29545470001176,,14.269239699933678,14.29545470001176,14.29545470001176,14.430552199948579,1,0.12931039975956082,,,,,,,,,,,,,,,p4,001,2025-10-15_20h26.42.979,word_priming,,2025.1.1,60.223477326749595,2025-10-15 20h26.50.209440 +0530,
case,37,7,2,1,0.16163539979606867,,,,,,,,,,,,2,7,37,10,,,,,14.462164099793881,,14.436362799722701,14.462164099793881,14.462164099793881,14.629879899788648,1,0.16163539979606867,,,,,,,,,,,,,,,p4,001,2025-10-15_20h26.42.979,word_priming,,2025.1.1,60.223477326749595,2025-10-15 20h26.50.209440 +0530,
cruise,38,8,2,1,0.1281241998076439,,,,,,,,,,,,2,8,38,11,,,,,14.661328800022602,,14.636996899731457,14.661328800022602,14.661328800022602,14.796072599943727,1,0.1281241998076439,,,,,,,,,,,,,,,p4,001,2025-10-15_20h26.42.979,word_priming,,2025.1.1,60.223477326749595,2025-10-15 20h26.50.209440 +0530,
book,39,9,2,1,0.1627072999253869,,,,,,,,,,,,2,9,39,0,,,,,14.828020599670708,,14.801608299836516,14.828020599670708,14.828020599670708,14.996259399689734,1,0.1627072999253869,,,,,,,,,,,,,,,p4,001,2025-10-15_20h26.42.979,word_priming,,2025.1.1,60.223477326749595,2025-10-15 20h26.50.209440 +0530,
cushion,40,10,2,1,0.1286892998032272,,,,,,,,,,,,2,10,40,1,,,,,15.028019499965012,,15.002410300076008,15.028019499965012,15.028019499965012,15.162752199918032,1,0.1286892998032272,,,,,,,,,,,,,,,p4,001,2025-10-15_20h26.42.979,word_priming,,2025.1.1,60.223477326749595,2025-10-15 20h26.50.209440 +0530,
marble,41,11,2,1,0.16221620002761483,,,,,,,,,,,,2,11,41,3,,,,,15.194464199710637,,15.16888999985531,15.194464199710637,15.194464199710637,15.363301899749786,1,0.16221620002761483,,,,,,,,,,,,,,,p4,001,2025-10-15_20h26.42.979,word_priming,,2025.1.1,60.223477326749595,2025-10-15 20h26.50.209440 +0530,
mouse,42,12,2,1,0.1619242997840047,,,,,,,,,,,,2,12,42,8,,,,,15.39426409965381,,15.369365999940783,15.39426409965381,15.39426409965381,15.56207159999758,1,0.1619242997840047,,,,,,,,,,,,,,,p4,001,2025-10-15_20h26.42.979,word_priming,,2025.1.1,60.223477326749595,2025-10-15 20h26.50.209440 +0530,
poster,43,13,2,1,0.16225679963827133,,,,,,,,,,,,2,13,43,14,,,,,15.593837500084192,,15.568157299887389,15.593837500084192,15.593837500084192,15.762300999835134,1,0.16225679963827133,,,,,,,,,,,,,,,p4,001,2025-10-15_20h26.42.979,word_priming,,2025.1.1,60.223477326749595,2025-10-15 20h26.50.209440 +0530,
laptop,44,14,2,1,0.14424300007522106,,,,,,,,,,,,2,14,44,5,,,,,15.793997100088745,,15.76880279975012,15.793997100088745,15.793997100088745,15.929002199787647,1,0.14424300007522106,,,,,,,,,,,,,,,p4,001,2025-10-15_20h26.42.979,word_priming,,2025.1.1,60.223477326749595,2025-10-15 20h26.50.209440 +0530,
board ,45,0,3,1,0.14708050014451146,,,,,,,,,,,,3,0,45,4,,,,,15.960166899953038,,15.933602799661458,15.960166899953038,15.960166899953038,16.111464200075716,1,0.14708050014451146,,,,,,,,,,,,,,,p4,001,2025-10-15_20h26.42.979,word_priming,,2025.1.1,60.223477326749595,2025-10-15 20h26.50.209440 +0530,
chart,46,1,3,1,0.16261130012571812,,,,,,,,,,,,3,1,46,6,,,,,16.14383659977466,,16.11734650004655,16.14383659977466,16.14383659977466,16.311296899802983,1,0.16261130012571812,,,,,,,,,,,,,,,p4,001,2025-10-15_20h26.42.979,word_priming,,2025.1.1,60.223477326749595,2025-10-15 20h26.50.209440 +0530,
mouse,47,2,3,1,0.1624206998385489,,,,,,,,,,,,3,2,47,8,,,,,16.343591100070626,,16.31729230005294,16.343591100070626,16.343591100070626,16.511507699731737,1,0.1624206998385489,,,,,,,,,,,,,,,p4,001,2025-10-15_20h26.42.979,word_priming,,2025.1.1,60.223477326749595,2025-10-15 20h26.50.209440 +0530,
keys,48,3,3,1,0.16287559969350696,,,,,,,,,,,,3,3,48,13,,,,,16.542698400095105,,16.51705399993807,16.542698400095105,16.542698400095105,16.711482199840248,1,0.16287559969350696,,,,,,,,,,,,,,,p4,001,2025-10-15_20h26.42.979,word_priming,,2025.1.1,60.223477326749595,2025-10-15 20h26.50.209440 +0530,
book,49,4,3,1,0.16184590011835098,,,,,,,,,,,,3,4,49,0,,,,,16.742721499875188,,16.71721399994567,16.742721499875188,16.742721499875188,16.911874199751765,1,0.16184590011835098,,,,,,,,,,,,,,,p4,001,2025-10-15_20h26.42.979,word_priming,,2025.1.1,60.223477326749595,2025-10-15 20h26.50.209440 +0530,
case,50,5,3,1,0.1291338000446558,,,,,,,,,,,,3,5,50,10,,,,,16.94227179978043,,16.9173849998042,16.94227179978043,16.94227179978043,17.07746629975736,1,0.1291338000446558,,,,,,,,,,,,,,,p4,001,2025-10-15_20h26.42.979,word_priming,,2025.1.1,60.223477326749595,2025-10-15 20h26.50.209440 +0530,
poster,51,6,3,1,0.12795580038800836,,,,,,,,,,,,3,6,51,14,,,,,17.108961999882013,,17.083918599877506,17.108961999882013,17.108961999882013,17.228420400060713,1,0.12795580038800836,,,,,,,,,,,,,,,p4,001,2025-10-15_20h26.42.979,word_priming,,2025.1.1,60.223477326749595,2025-10-15 20h26.50.209440 +0530,
laptop,52,7,3,1,0.17901939991861582,,,,,,,,,,,,3,7,52,5,,,,,17.259051699656993,,17.232669899705797,17.259051699656993,17.259051699656993,17.4437688998878,1,0.17901939991861582,,,,,,,,,,,,,,,p4,001,2025-10-15_20h26.42.979,word_priming,,2025.1.1,60.223477326749595,2025-10-15 20h26.50.209440 +0530,
police,53,8,3,1,0.12767129996791482,,,,,,,,,,,,3,8,53,12,,,,,17.4752434999682,,17.451040899846703,17.4752434999682,17.4752434999682,17.61020619980991,1,0.12767129996791482,,,,,,,,,,,,,,,p4,001,2025-10-15_20h26.42.979,word_priming,,2025.1.1,60.223477326749595,2025-10-15 20h26.50.209440 +0530,
pastry,54,9,3,1,0.1621488998644054,,,,,,,,,,,,3,9,54,9,,,,,17.641674099955708,,17.616359000094235,17.641674099955708,17.641674099955708,17.810197999700904,1,0.1621488998644054,,,,,,,,,,,,,,,p4,001,2025-10-15_20h26.42.979,word_priming,,2025.1.1,60.223477326749595,2025-10-15 20h26.50.209440 +0530,
cushion,55,10,3,1,0.12839980004355311,,,,,,,,,,,,3,10,55,1,,,,,17.841513599734753,,17.81632909970358,17.841513599734753,17.841513599734753,17.96144239977002,1,0.12839980004355311,,,,,,,,,,,,,,,p4,001,2025-10-15_20h26.42.979,word_priming,,2025.1.1,60.223477326749595,2025-10-15 20h26.50.209440 +0530,
cruise,56,11,3,1,0.17783229984343052,,,,,,,,,,,,3,11,56,11,,,,,17.991449600085616,,17.9659830997698,17.991449600085616,17.991449600085616,18.160526199731976,1,0.17783229984343052,,,,,,,,,,,,,,,p4,001,2025-10-15_20h26.42.979,word_priming,,2025.1.1,60.223477326749595,2025-10-15 20h26.50.209440 +0530,
phone,57,12,3,1,0.1634252998046577,,,,,,,,,,,,3,12,57,2,,,,,18.191626999992877,,18.164612900000066,18.191626999992877,18.191626999992877,18.359539600089192,1,0.1634252998046577,,,,,,,,,,,,,,,p4,001,2025-10-15_20h26.42.979,word_priming,,2025.1.1,60.223477326749595,2025-10-15 20h26.50.209440 +0530,
T-shirt,58,13,3,1,0.12893419992178679,,,,,,,,,,,,3,13,58,7,,,,,18.390955499839038,,18.36587719991803,18.390955499839038,18.390955499839038,18.52605429990217,1,0.12893419992178679,,,,,,,,,,,,,,,p4,001,2025-10-15_20h26.42.979,word_priming,,2025.1.1,60.223477326749595,2025-10-15 20h26.50.209440 +0530,
marble,59,14,3,1,0.1616878998465836,,,,,,,,,,,,3,14,59,3,,,,,18.55784389982,,18.532206299714744,18.55784389982,18.55784389982,18.72562409983948,1,0.1616878998465836,,,,,,,,,,,,,,,p4,001,2025-10-15_20h26.42.979,word_priming,,2025.1.1,60.223477326749595,2025-10-15 20h26.50.209440 +0530,
mouse,60,0,4,1,0.16103019984439015,,,,,,,,,,,,4,0,60,8,,,,,18.757716599851847,,18.732231999747455,18.757716599851847,18.757716599851847,18.9257001997903,1,0.16103019984439015,,,,,,,,,,,,,,,p4,001,2025-10-15_20h26.42.979,word_priming,,2025.1.1,60.223477326749595,2025-10-15 20h26.50.209440 +0530,
case,61,1,4,1,0.16215059999376535,,,,,,,,,,,,4,1,61,10,,,,,18.95742869982496,,18.9312490997836,18.95742869982496,18.95742869982496,19.125987899955362,1,0.16215059999376535,,,,,,,,,,,,,,,p4,001,2025-10-15_20h26.42.979,word_priming,,2025.1.1,60.223477326749595,2025-10-15 20h26.50.209440 +0530,
laptop,62,2,4,1,0.19466560008004308,,,,,,,,,,,,4,2,62,5,,,,,19.15702509973198,,19.13208629982546,19.15702509973198,19.15702509973198,19.35909749986604,1,0.19466560008004308,,,,,,,,,,,,,,,p4,001,2025-10-15_20h26.42.979,word_priming,,2025.1.1,60.223477326749595,2025-10-15 20h26.50.209440 +0530,
marble,63,3,4,1,0.14442209992557764,,,,,,,,,,,,4,3,63,3,,,,,19.39029139978811,,19.365236199926585,19.39029139978811,19.39029139978811,19.54131869971752,1,0.14442209992557764,,,,,,,,,,,,,,,p4,001,2025-10-15_20h26.42.979,word_priming,,2025.1.1,60.223477326749595,2025-10-15 20h26.50.209440 +0530,
keys,64,4,4,1,0.16320639988407493,,,,,,,,,,,,4,4,64,13,,,,,19.57355359988287,,19.546845099888742,19.57355359988287,19.57355359988287,19.742065199650824,1,0.16320639988407493,,,,,,,,,,,,,,,p4,001,2025-10-15_20h26.42.979,word_priming,,2025.1.1,60.223477326749595,2025-10-15 20h26.50.209440 +0530,
cushion,65,5,4,1,0.16098549962043762,,,,,,,,,,,,4,5,65,1,,,,,19.7729015997611,,19.748273300006986,19.7729015997611,19.7729015997611,19.941758499946445,1,0.16098549962043762,,,,,,,,,,,,,,,p4,001,2025-10-15_20h26.42.979,word_priming,,2025.1.1,60.223477326749595,2025-10-15 20h26.50.209440 +0530,
board ,66,6,4,1,0.16096930019557476,,,,,,,,,,,,4,6,66,4,,,,,19.972814799752086,,19.947963200043887,19.972814799752086,19.972814799752086,20.141403399873525,1,0.16096930019557476,,,,,,,,,,,,,,,p4,001,2025-10-15_20h26.42.979,word_priming,,2025.1.1,60.223477326749595,2025-10-15 20h26.50.209440 +0530,
book,67,7,4,1,0.14555069990456104,,,,,,,,,,,,4,7,67,0,,,,,20.17249060003087,,20.147723299916834,20.17249060003087,20.17249060003087,20.32506289985031,1,0.14555069990456104,,,,,,,,,,,,,,,p4,001,2025-10-15_20h26.42.979,word_priming,,2025.1.1,60.223477326749595,2025-10-15 20h26.50.209440 +0530,
chart,68,8,4,1,0.14592850022017956,,,,,,,,,,,,4,8,68,6,,,,,20.356300299987197,,20.329377299640328,20.356300299987197,20.356300299987197,20.492046900093555,1,0.14592850022017956,,,,,,,,,,,,,,,p4,001,2025-10-15_20h26.42.979,word_priming,,2025.1.1,60.223477326749595,2025-10-15 20h26.50.209440 +0530,
poster,69,9,4,1,0.16246349969878793,,,,,,,,,,,,4,9,69,14,,,,,20.522534299641848,,20.49670249968767,20.522534299641848,20.522534299641848,20.690649099648,1,0.16246349969878793,,,,,,,,,,,,,,,p4,001,2025-10-15_20h26.42.979,word_priming,,2025.1.1,60.223477326749595,2025-10-15 20h26.50.209440 +0530,
cruise,70,10,4,1,0.16264900006353855,,,,,,,,,,,,4,10,70,11,,,,,20.72237639967352,,20.696707899682224,20.72237639967352,20.72237639967352,20.890180899761617,1,0.16264900006353855,,,,,,,,,,,,,,,p4,001,2025-10-15_20h26.42.979,word_priming,,2025.1.1,60.223477326749595,2025-10-15 20h26.50.209440 +0530,
pastry,71,11,4,1,0.16247389977797866,,,,,,,,,,,,4,11,71,9,,,,,20.921837499830872,,20.896252699662,20.921837499830872,20.921837499830872,21.09068170003593,1,0.16247389977797866,,,,,,,,,,,,,,,p4,001,2025-10-15_20h26.42.979,word_priming,,2025.1.1,60.223477326749595,2025-10-15 20h26.50.209440 +0530,
police,72,12,4,1,0.16096630040556192,,,,,,,,,,,,4,12,72,12,,,,,21.121552899945527,,21.09698969963938,21.121552899945527,21.121552899945527,21.29001329978928,1,0.16096630040556192,,,,,,,,,,,,,,,p4,001,2025-10-15_20h26.42.979,word_priming,,2025.1.1,60.223477326749595,2025-10-15 20h26.50.209440 +0530,
T-shirt,73,13,4,1,0.12854979978874326,,,,,,,,,,,,4,13,73,7,,,,,21.32182569988072,,21.296428699977696,21.32182569988072,21.32182569988072,21.456260399892926,1,0.12854979978874326,,,,,,,,,,,,,,,p4,001,2025-10-15_20h26.42.979,word_priming,,2025.1.1,60.223477326749595,2025-10-15 20h26.50.209440 +0530,
phone,74,14,4,1,0.19555450044572353,,,,,,,,,,,,4,14,74,2,,,,,21.48839499987662,,21.46221880009398,21.48839499987662,21.48839499987662,21.68937029968947,1,0.19555450044572353,,,,,,,,,,,,,,,p4,001,2025-10-15_20h26.42.979,word_priming,,2025.1.1,60.223477326749595,2025-10-15 20h26.50.209440 +0530,
phone,75,0,5,1,0.16635339986532927,,,,,,,,,,,,5,0,75,2,,,,,21.721353199798614,,21.691363399848342,21.721353199798614,21.721353199798614,21.889395699836314,1,0.16635339986532927,,,,,,,,,,,,,,,p4,001,2025-10-15_20h26.42.979,word_priming,,2025.1.1,60.223477326749595,2025-10-15 20h26.50.209440 +0530,
poster,76,1,5,1,0.12891790037974715,,,,,,,,,,,,5,1,76,14,,,,,21.92181139998138,,21.895487200003117,21.92181139998138,21.92181139998138,22.056002999655902,1,0.12891790037974715,,,,,,,,,,,,,,,p4,001,2025-10-15_20h26.42.979,word_priming,,2025.1.1,60.223477326749595,2025-10-15 20h26.50.209440 +0530,
mouse,77,2,5,1,0.16213670000433922,,,,,,,,,,,,5,2,77,8,,,,,22.087773900013417,,22.062161799985915,22.087773900013417,22.087773900013417,22.25566369993612,1,0.16213670000433922,,,,,,,,,,,,,,,p4,001,2025-10-15_20h26.42.979,word_priming,,2025.1.1,60.223477326749595,2025-10-15 20h26.50.209440 +0530,
book,78,3,5,1,0.16262469999492168,,,,,,,,,,,,5,3,78,0,,,,,22.287532499991357,,22.261206700000912,22.287532499991357,22.287532499991357,22.45585689973086,1,0.16262469999492168,,,,,,,,,,,,,,,p4,001,2025-10-15_20h26.42.979,word_priming,,2025.1.1,60.223477326749595,2025-10-15 20h26.50.209440 +0530,
keys,79,4,5,1,0.16249600006267428,,,,,,,,,,,,5,4,79,13,,,,,22.48679169965908,,22.46137259993702,22.48679169965908,22.48679169965908,22.655438899993896,1,0.16249600006267428,,,,,,,,,,,,,,,p4,001,2025-10-15_20h26.42.979,word_priming,,2025.1.1,60.223477326749595,2025-10-15 20h26.50.209440 +0530,
marble,80,5,5,1,0.1287442003376782,,,,,,,,,,,,5,5,80,3,,,,,22.687251099850982,,22.661506399977952,22.687251099850982,22.687251099850982,22.821792399976403,1,0.1287442003376782,,,,,,,,,,,,,,,p4,001,2025-10-15_20h26.42.979,word_priming,,2025.1.1,60.223477326749595,2025-10-15 20h26.50.209440 +0530,
T-shirt,81,6,5,1,0.1616239999420941,,,,,,,,,,,,5,6,81,7,,,,,22.85358090000227,,22.828125,22.85358090000227,22.85358090000227,23.02194229979068,1,0.1616239999420941,,,,,,,,,,,,,,,p4,001,2025-10-15_20h26.42.979,word_priming,,2025.1.1,60.223477326749595,2025-10-15 20h26.50.209440 +0530,
cruise,82,7,5,1,0.1610316000878811,,,,,,,,,,,,5,7,82,11,,,,,23.052936099935323,,23.028355400078,23.052936099935323,23.052936099935323,23.221057899761945,1,0.1610316000878811,,,,,,,,,,,,,,,p4,001,2025-10-15_20h26.42.979,word_priming,,2025.1.1,60.223477326749595,2025-10-15 20h26.50.209440 +0530,
laptop,83,8,5,1,0.14498599991202354,,,,,,,,,,,,5,8,83,5,,,,,23.25291629973799,,23.22729909978807,23.25291629973799,23.25291629973799,23.388495299965143,1,0.14498599991202354,,,,,,,,,,,,,,,p4,001,2025-10-15_20h26.42.979,word_priming,,2025.1.1,60.223477326749595,2025-10-15 20h26.50.209440 +0530,
board ,84,9,5,1,0.17895920015871525,,,,,,,,,,,,5,9,84,4,,,,,23.419413599651307,,23.39317149994895,23.419413599651307,23.419413599651307,23.588548599742353,1,0.17895920015871525,,,,,,,,,,,,,,,p4,001,2025-10-15_20h26.42.979,word_priming,,2025.1.1,60.223477326749595,2025-10-15 20h26.50.209440 +0530,
chart,85,10,5,1,0.1964231003075838,,,,,,,,,,,,5,10,85,6,,,,,23.61925629992038,,23.592806699685752,23.61925629992038,23.61925629992038,23.820934100076556,1,0.1964231003075838,,,,,,,,,,,,,,,p4,001,2025-10-15_20h26.42.979,word_priming,,2025.1.1,60.223477326749595,2025-10-15 20h26.50.209440 +0530,
pastry,86,11,5,1,0.19537049997597933,,,,,,,,,,,,5,11,86,9,,,,,23.852653599809855,,23.82659599976614,23.852653599809855,23.852653599809855,24.053899699822068,1,0.19537049997597933,,,,,,,,,,,,,,,p4,001,2025-10-15_20h26.42.979,word_priming,,2025.1.1,60.223477326749595,2025-10-15 20h26.50.209440 +0530,
cushion,87,12,5,1,0.14687340008094907,,,,,,,,,,,,5,12,87,1,,,,,24.08568899985403,,24.058740600012243,24.08568899985403,24.08568899985403,24.23705910006538,1,0.14687340008094907,,,,,,,,,,,,,,,p4,001,2025-10-15_20h26.42.979,word_priming,,2025.1.1,60.223477326749595,2025-10-15 20h26.50.209440 +0530,
police,88,13,5,1,0.17940140003338456,,,,,,,,,,,,5,13,88,12,,,,,24.268250899855047,,24.241801999974996,24.268250899855047,24.268250899855047,24.43790559982881,1,0.17940140003338456,,,,,,,,,,,,,,,p4,001,2025-10-15_20h26.42.979,word_priming,,2025.1.1,60.223477326749595,2025-10-15 20h26.50.209440 +0530,
case,89,14,5,1,0.17953279986977577,,,,,,,,,,,,5,14,89,10,,,,,24.468541599810123,,24.441649499814957,24.468541599810123,24.468541599810123,24.637914599850774,1,0.17953279986977577,,,,,,,,,,,,,,,p4,001,2025-10-15_20h26.42.979,word_priming,,2025.1.1,60.223477326749595,2025-10-15 20h26.50.209440 +0530,
cruise,90,0,6,1,0.1946335001848638,,,,,,,,,,,,6,0,90,11,,,,,24.668483399786055,,24.644007799681276,24.668483399786055,24.668483399786055,24.87062619999051,1,0.1946335001848638,,,,,,,,,,,,,,,p4,001,2025-10-15_20h26.42.979,word_priming,,2025.1.1,60.223477326749595,2025-10-15 20h26.50.209440 +0530,
keys,91,1,6,1,0.16171689983457327,,,,,,,,,,,,6,1,91,13,,,,,24.901607200037688,,24.876260799821466,24.901607200037688,24.901607200037688,25.06984160002321,1,0.16171689983457327,,,,,,,,,,,,,,,p4,001,2025-10-15_20h26.42.979,word_priming,,2025.1.1,60.223477326749595,2025-10-15 20h26.50.209440 +0530,
T-shirt,92,2,6,1,0.16108560003340244,,,,,,,,,,,,6,2,92,7,,,,,25.101392299868166,,25.076128599699587,25.101392299868166,25.101392299868166,25.269439799711108,1,0.16108560003340244,,,,,,,,,,,,,,,p4,001,2025-10-15_20h26.42.979,word_priming,,2025.1.1,60.223477326749595,2025-10-15 20h26.50.209440 +0530,
cushion,93,3,6,1,0.17754589999094605,,,,,,,,,,,,6,3,93,1,,,,,25.301101599819958,,25.276092200074345,25.301101599819958,25.301101599819958,25.485891199670732,1,0.17754589999094605,,,,,,,,,,,,,,,p4,001,2025-10-15_20h26.42.979,word_priming,,2025.1.1,60.223477326749595,2025-10-15 20h26.50.209440 +0530,
pastry,94,4,6,1,0.1622482999227941,,,,,,,,,,,,6,4,94,9,,,,,25.517307699657977,,25.492004199884832,25.517307699657977,25.517307699657977,25.685858400072902,1,0.1622482999227941,,,,,,,,,,,,,,,p4,001,2025-10-15_20h26.42.979,word_priming,,2025.1.1,60.223477326749595,2025-10-15 20h26.50.209440 +0530,
marble,95,5,6,1,0.16155229974538088,,,,,,,,,,,,6,5,95,3,,,,,25.717120399698615,,25.69220759999007,25.717120399698615,25.717120399698615,25.88544509978965,1,0.16155229974538088,,,,,,,,,,,,,,,p4,001,2025-10-15_20h26.42.979,word_priming,,2025.1.1,60.223477326749595,2025-10-15 20h26.50.209440 +0530,
board ,96,6,6,1,0.16217449959367514,,,,,,,,,,,,6,6,96,4,,,,,25.917252999730408,,25.89151949994266,25.917252999730408,25.917252999730408,26.084774299990386,1,0.16217449959367514,,,,,,,,,,,,,,,p4,001,2025-10-15_20h26.42.979,word_priming,,2025.1.1,60.223477326749595,2025-10-15 20h26.50.209440 +0530,
case,97,7,6,1,0.19636690011247993,,,,,,,,,,,,6,7,97,10,,,,,26.11663379985839,,26.09024769999087,26.11663379985839,26.11663379985839,26.31949310004711,1,0.19636690011247993,,,,,,,,,,,,,,,p4,001,2025-10-15_20h26.42.979,word_priming,,2025.1.1,60.223477326749595,2025-10-15 20h26.50.209440 +0530,
mouse,98,8,6,1,0.1437908997759223,,,,,,,,,,,,6,8,98,8,,,,,26.350038699805737,,26.325680499896407,26.350038699805737,26.350038699805737,26.5020011998713,1,0.1437908997759223,,,,,,,,,,,,,,,p4,001,2025-10-15_20h26.42.979,word_priming,,2025.1.1,60.223477326749595,2025-10-15 20h26.50.209440 +0530,
phone,99,9,6,1,0.16086550010368228,,,,,,,,,,,,6,9,99,2,,,,,26.53354869969189,,26.508131599985063,26.53354869969189,26.53354869969189,26.685255500022322,1,0.16086550010368228,,,,,,,,,,,,,,,p4,001,2025-10-15_20h26.42.979,word_priming,,2025.1.1,60.223477326749595,2025-10-15 20h26.50.209440 +0530,
laptop,100,10,6,1,0.1621059998869896,,,,,,,,,,,,6,10,100,5,,,,,26.716395099647343,,26.690085100010037,26.716395099647343,26.716395099647343,26.86892109969631,1,0.1621059998869896,,,,,,,,,,,,,,,p4,001,2025-10-15_20h26.42.979,word_priming,,2025.1.1,60.223477326749595,2025-10-15 20h26.50.209440 +0530,
police,101,11,6,1,0.17916399985551834,,,,,,,,,,,,6,11,101,12,,,,,26.899728499818593,,26.873004999943078,26.899728499818593,26.899728499818593,27.08404179988429,1,0.17916399985551834,,,,,,,,,,,,,,,p4,001,2025-10-15_20h26.42.979,word_priming,,2025.1.1,60.223477326749595,2025-10-15 20h26.50.209440 +0530,
chart,102,12,6,1,0.162465900182724,,,,,,,,,,,,6,12,102,6,,,,,27.116234899964184,,27.090023699682206,27.116234899964184,27.116234899964184,27.284573199693114,1,0.162465900182724,,,,,,,,,,,,,,,p4,001,2025-10-15_20h26.42.979,word_priming,,2025.1.1,60.223477326749595,2025-10-15 20h26.50.209440 +0530,
poster,103,13,6,1,0.194771199952811,,,,,,,,,,,,6,13,103,14,,,,,27.315500299911946,,27.290651199873537,27.315500299911946,27.315500299911946,27.51767099974677,1,0.194771199952811,,,,,,,,,,,,,,,p4,001,2025-10-15_20h26.42.979,word_priming,,2025.1.1,60.223477326749595,2025-10-15 20h26.50.209440 +0530,
book,104,14,6,1,0.16231210017576814,,,,,,,,,,,,6,14,104,0,,,,,27.549577599857002,,27.5231965999119,27.549577599857002,27.549577599857002,27.716637199744582,1,0.16231210017576814,,,,,,,,,,,,,,,p4,001,2025-10-15_20h26.42.979,word_priming,,2025.1.1,60.223477326749595,2025-10-15 20h26.50.209440 +0530,
laptop,105,0,7,1,0.16156530007719994,,,,,,,,,,,,7,0,105,5,,,,,27.748851499985904,,27.723651299718767,27.748851499985904,27.748851499985904,27.916848099790514,1,0.16156530007719994,,,,,,,,,,,,,,,p4,001,2025-10-15_20h26.42.979,word_priming,,2025.1.1,60.223477326749595,2025-10-15 20h26.50.209440 +0530,
cruise,106,1,7,1,0.16164160007610917,,,,,,,,,,,,7,1,106,11,,,,,27.948223299812526,,27.923136400058866,27.948223299812526,27.948223299812526,28.1166047998704,1,0.16164160007610917,,,,,,,,,,,,,,,p4,001,2025-10-15_20h26.42.979,word_priming,,2025.1.1,60.223477326749595,2025-10-15 20h26.50.209440 +0530,
board ,107,2,7,1,0.16186629980802536,,,,,,,,,,,,7,2,107,4,,,,,28.14802059996873,,28.122764399740845,28.14802059996873,28.14802059996873,28.316531099844724,1,0.16186629980802536,,,,,,,,,,,,,,,p4,001,2025-10-15_20h26.42.979,word_priming,,2025.1.1,60.223477326749595,2025-10-15 20h26.50.209440 +0530,
poster,108,3,7,1,0.16210970003157854,,,,,,,,,,,,7,3,108,14,,,,,28.348071299958974,,28.32268609991297,28.348071299958974,28.348071299958974,28.516174599993974,1,0.16210970003157854,,,,,,,,,,,,,,,p4,001,2025-10-15_20h26.42.979,word_priming,,2025.1.1,60.223477326749595,2025-10-15 20h26.50.209440 +0530,
police,109,4,7,1,0.1627198001369834,,,,,,,,,,,,7,4,109,12,,,,,28.54801779985428,,28.522243299987167,28.54801779985428,28.54801779985428,28.71561189973727,1,0.1627198001369834,,,,,,,,,,,,,,,p4,001,2025-10-15_20h26.42.979,word_priming,,2025.1.1,60.223477326749595,2025-10-15 20h26.50.209440 +0530,
phone,110,5,7,1,0.1611115001142025,,,,,,,,,,,,7,5,110,2,,,,,28.747865399811417,,28.722541199997067,28.747865399811417,28.747865399811417,28.915756599977612,1,0.1611115001142025,,,,,,,,,,,,,,,p4,001,2025-10-15_20h26.42.979,word_priming,,2025.1.1,60.223477326749595,2025-10-15 20h26.50.209440 +0530,
book,111,6,7,1,0.1629093997180462,,,,,,,,,,,,7,6,111,0,,,,,28.947619799990207,,28.921227399725467,28.947619799990207,28.947619799990207,29.1151159000583,1,0.1629093997180462,,,,,,,,,,,,,,,p4,001,2025-10-15_20h26.42.979,word_priming,,2025.1.1,60.223477326749595,2025-10-15 20h26.50.209440 +0530,
pastry,112,7,7,1,0.1954493997618556,,,,,,,,,,,,7,7,112,9,,,,,29.147197399754077,,29.12113850004971,29.147197399754077,29.147197399754077,29.34951759967953,1,0.1954493997618556,,,,,,,,,,,,,,,p4,001,2025-10-15_20h26.42.979,word_priming,,2025.1.1,60.223477326749595,2025-10-15 20h26.50.209440 +0530,
cushion,113,8,7,1,0.144068599678576,,,,,,,,,,,,7,8,113,1,,,,,29.380586700048298,,29.355605399701744,29.380586700048298,29.380586700048298,29.51612209994346,1,0.144068599678576,,,,,,,,,,,,,,,p4,001,2025-10-15_20h26.42.979,word_priming,,2025.1.1,60.223477326749595,2025-10-15 20h26.50.209440 +0530,
case,114,9,7,1,0.17964480025693774,,,,,,,,,,,,7,9,114,10,,,,,29.546927500050515,,29.520013199653476,29.546927500050515,29.546927500050515,29.715737599879503,1,0.17964480025693774,,,,,,,,,,,,,,,p4,001,2025-10-15_20h26.42.979,word_priming,,2025.1.1,60.223477326749595,2025-10-15 20h26.50.209440 +0530,
chart,115,10,7,1,0.17882440006360412,,,,,,,,,,,,7,10,115,6,,,,,29.746733699925244,,29.720127400010824,29.746733699925244,29.746733699925244,29.915751199703664,1,0.17882440006360412,,,,,,,,,,,,,,,p4,001,2025-10-15_20h26.42.979,word_priming,,2025.1.1,60.223477326749595,2025-10-15 20h26.50.209440 +0530,
mouse,116,11,7,1,0.14673350006341934,,,,,,,,,,,,7,11,116,8,,,,,29.946191299706697,,29.919787199702114,29.946191299706697,29.946191299706697,30.082442000042647,1,0.14673350006341934,,,,,,,,,,,,,,,p4,001,2025-10-15_20h26.42.979,word_priming,,2025.1.1,60.223477326749595,2025-10-15 20h26.50.209440 +0530,
marble,117,12,7,1,0.19650769978761673,,,,,,,,,,,,7,12,117,3,,,,,30.113229599781334,,30.086613799910992,30.113229599781334,30.113229599781334,30.314636699855328,1,0.19650769978761673,,,,,,,,,,,,,,,p4,001,2025-10-15_20h26.42.979,word_priming,,2025.1.1,60.223477326749595,2025-10-15 20h26.50.209440 +0530,
T-shirt,118,13,7,1,0.16149770002812147,,,,,,,,,,,,7,13,118,7,,,,,30.346197299659252,,30.320835799910128,30.346197299659252,30.346197299659252,30.514232399873435,1,0.16149770002812147,,,,,,,,,,,,,,,p4,001,2025-10-15_20h26.42.979,word_priming,,2025.1.1,60.223477326749595,2025-10-15 20h26.50.209440 +0530,
keys,119,14,7,1,0.16235509980469942,,,,,,,,,,,,7,14,119,13,,,,,30.54606269998476,,30.519764400087297,30.54606269998476,30.54606269998476,30.714478599838912,1,0.16235509980469942,,,,,,,,,,,,,,,p4,001,2025-10-15_20h26.42.979,word_priming,,2025.1.1,60.223477326749595,2025-10-15 20h26.50.209440 +0530,
case,120,0,8,1,0.19578070007264614,,,,,,,,,,,,8,0,120,10,,,,,30.74590089963749,,30.72003259975463,30.74590089963749,30.74590089963749,30.947441699914634,1,0.19578070007264614,,,,,,,,,,,,,,,p4,001,2025-10-15_20h26.42.979,word_priming,,2025.1.1,60.223477326749595,2025-10-15 20h26.50.209440 +0530,
laptop,121,1,8,1,0.17858549999073148,,,,,,,,,,,,8,1,121,5,,,,,30.978509499691427,,30.953420199919492,30.978509499691427,30.978509499691427,31.163550300057977,1,0.17858549999073148,,,,,,,,,,,,,,,p4,001,2025-10-15_20h26.42.979,word_priming,,2025.1.1,60.223477326749595,2025-10-15 20h26.50.209440 +0530,
pastry,122,2,8,1,0.19509699987247586,,,,,,,,,,,,8,2,122,9,,,,,31.19537839991972,,31.16960039967671,31.19537839991972,31.19537839991972,31.396685099694878,1,0.19509699987247586,,,,,,,,,,,,,,,p4,001,2025-10-15_20h26.42.979,word_priming,,2025.1.1,60.223477326749595,2025-10-15 20h26.50.209440 +0530,
police,123,3,8,1,0.16169939981773496,,,,,,,,,,,,8,3,123,12,,,,,31.428445199970156,,31.402921499684453,31.428445199970156,31.428445199970156,31.59637979976833,1,0.16169939981773496,,,,,,,,,,,,,,,p4,001,2025-10-15_20h26.42.979,word_priming,,2025.1.1,60.223477326749595,2025-10-15 20h26.50.209440 +0530,
chart,124,4,8,1,0.14631670014932752,,,,,,,,,,,,8,4,124,6,,,,,31.627925399690866,,31.602388499770314,31.627925399690866,31.627925399690866,31.77893349993974,1,0.14631670014932752,,,,,,,,,,,,,,,p4,001,2025-10-15_20h26.42.979,word_priming,,2025.1.1,60.223477326749595,2025-10-15 20h26.50.209440 +0530,
cushion,125,5,8,1,0.1975381001830101,,,,,,,,,,,,8,5,125,1,,,,,31.81119569996372,,31.783105199690908,31.81119569996372,31.81119569996372,32.01300029968843,1,0.1975381001830101,,,,,,,,,,,,,,,p4,001,2025-10-15_20h26.42.979,word_priming,,2025.1.1,60.223477326749595,2025-10-15 20h26.50.209440 +0530,
T-shirt,126,6,8,1,0.16154180001467466,,,,,,,,,,,,8,6,126,7,,,,,32.04416349995881,,32.019084400031716,32.04416349995881,32.04416349995881,32.21254700003192,1,0.16154180001467466,,,,,,,,,,,,,,,p4,001,2025-10-15_20h26.42.979,word_priming,,2025.1.1,60.223477326749595,2025-10-15 20h26.50.209440 +0530,
mouse,127,7,8,1,0.16134139988571405,,,,,,,,,,,,8,7,127,8,,,,,32.24426759965718,,32.21905529964715,32.24426759965718,32.24426759965718,32.41238889982924,1,0.16134139988571405,,,,,,,,,,,,,,,p4,001,2025-10-15_20h26.42.979,word_priming,,2025.1.1,60.223477326749595,2025-10-15 20h26.50.209440 +0530,
cruise,128,8,8,1,0.16164200007915497,,,,,,,,,,,,8,8,128,11,,,,,32.444212599657476,,32.41853309981525,32.444212599657476,32.444212599657476,32.612260499969125,1,0.16164200007915497,,,,,,,,,,,,,,,p4,001,2025-10-15_20h26.42.979,word_priming,,2025.1.1,60.223477326749595,2025-10-15 20h26.50.209440 +0530,
book,129,9,8,1,0.19582009967416525,,,,,,,,,,,,8,9,129,0,,,,,32.64437199989334,,32.61782359983772,32.64437199989334,32.64437199989334,32.845285799819976,1,0.19582009967416525,,,,,,,,,,,,,,,p4,001,2025-10-15_20h26.42.979,word_priming,,2025.1.1,60.223477326749595,2025-10-15 20h26.50.209440 +0530,
keys,130,10,8,1,0.16296690003946424,,,,,,,,,,,,8,10,130,13,,,,,32.87689069984481,,32.85079019982368,32.87689069984481,32.87689069984481,33.04558079969138,1,0.16296690003946424,,,,,,,,,,,,,,,p4,001,2025-10-15_20h26.42.979,word_priming,,2025.1.1,60.223477326749595,2025-10-15 20h26.50.209440 +0530,
marble,131,11,8,1,0.17789460020139813,,,,,,,,,,,,8,11,131,3,,,,,33.07652739994228,,33.05160250002518,33.07652739994228,33.07652739994228,33.26149330008775,1,0.17789460020139813,,,,,,,,,,,,,,,p4,001,2025-10-15_20h26.42.979,word_priming,,2025.1.1,60.223477326749595,2025-10-15 20h26.50.209440 +0530,
phone,132,12,8,1,0.16160829970613122,,,,,,,,,,,,8,12,132,2,,,,,33.293700399808586,,33.26803159993142,33.293700399808586,33.293700399808586,33.46190209966153,1,0.16160829970613122,,,,,,,,,,,,,,,p4,001,2025-10-15_20h26.42.979,word_priming,,2025.1.1,60.223477326749595,2025-10-15 20h26.50.209440 +0530,
board ,133,13,8,1,0.19457749975845218,,,,,,,,,,,,8,13,133,4,,,,,33.4931381996721,,33.467941999901086,33.4931381996721,33.4931381996721,33.69436329975724,1,0.19457749975845218,,,,,,,,,,,,,,,p4,001,2025-10-15_20h26.42.979,word_priming,,2025.1.1,60.223477326749595,2025-10-15 20h26.50.209440 +0530,
poster,134,14,8,1,0.19479979993775487,,,,,,,,,,,,8,14,134,14,,,,,33.72627320000902,,33.70062669971958,33.72627320000902,33.72627320000902,33.92747029988095,1,0.19479979993775487,,,,,,,,,,,,,,,p4,001,2025-10-15_20h26.42.979,word_priming,,2025.1.1,60.223477326749595,2025-10-15 20h26.50.209440 +0530,
poster,135,0,9,1,0.1991151999682188,,,,,,,,,,,,9,0,135,14,,,,,33.95936329988763,,33.92942290008068,33.95936329988763,33.95936329988763,34.160638799890876,1,0.1991151999682188,,,,,,,,,,,,,,,p4,001,2025-10-15_20h26.42.979,word_priming,,2025.1.1,60.223477326749595,2025-10-15 20h26.50.209440 +0530,
T-shirt,136,1,9,1,0.16148340003564954,,,,,,,,,,,,9,1,136,7,,,,,34.19279079977423,,34.16676939977333,34.19279079977423,34.19279079977423,34.360366499982774,1,0.16148340003564954,,,,,,,,,,,,,,,p4,001,2025-10-15_20h26.42.979,word_priming,,2025.1.1,60.223477326749595,2025-10-15 20h26.50.209440 +0530,
police,137,2,9,1,0.1613205000758171,,,,,,,,,,,,9,2,137,12,,,,,34.39183109998703,,34.36686189984903,34.39183109998703,34.39183109998703,34.560687199700624,1,0.1613205000758171,,,,,,,,,,,,,,,p4,001,2025-10-15_20h26.42.979,word_priming,,2025.1.1,60.223477326749595,2025-10-15 20h26.50.209440 +0530,
marble,138,3,9,1,0.19451299961656332,,,,,,,,,,,,9,3,138,3,,,,,34.591612400021404,,34.566762699745595,34.591612400021404,34.591612400021404,34.793944499921054,1,0.19451299961656332,,,,,,,,,,,,,,,p4,001,2025-10-15_20h26.42.979,word_priming,,2025.1.1,60.223477326749595,2025-10-15 20h26.50.209440 +0530,
case,139,4,9,1,0.16158699989318848,,,,,,,,,,,,9,4,139,10,,,,,34.82473549991846,,34.80019719991833,34.82473549991846,34.82473549991846,34.99313329998404,1,0.16158699989318848,,,,,,,,,,,,,,,p4,001,2025-10-15_20h26.42.979,word_priming,,2025.1.1,60.223477326749595,2025-10-15 20h26.50.209440 +0530,
book,140,5,9,1,0.19548649992793798,,,,,,,,,,,,9,5,140,0,,,,,35.02496679965407,,34.998813199810684,35.02496679965407,35.02496679965407,35.22607140010223,1,0.19548649992793798,,,,,,,,,,,,,,,p4,001,2025-10-15_20h26.42.979,word_priming,,2025.1.1,60.223477326749595,2025-10-15 20h26.50.209440 +0530,
laptop,141,6,9,1,0.1622256999835372,,,,,,,,,,,,9,6,141,5,,,,,35.25813139975071,,35.2321373000741,35.25813139975071,35.25813139975071,35.426010499708354,1,0.1622256999835372,,,,,,,,,,,,,,,p4,001,2025-10-15_20h26.42.979,word_priming,,2025.1.1,60.223477326749595,2025-10-15 20h26.50.209440 +0530,
mouse,142,7,9,1,0.19507799996063113,,,,,,,,,,,,9,7,142,8,,,,,35.4578621997498,,35.432437600102276,35.4578621997498,35.4578621997498,35.65862979972735,1,0.19507799996063113,,,,,,,,,,,,,,,p4,001,2025-10-15_20h26.42.979,word_priming,,2025.1.1,60.223477326749595,2025-10-15 20h26.50.209440 +0530,
chart,143,8,9,1,0.19607280008494854,,,,,,,,,,,,9,8,143,6,,,,,35.69077369989827,,35.66454119980335,35.69077369989827,35.69077369989827,35.89284319989383,1,0.19607280008494854,,,,,,,,,,,,,,,p4,001,2025-10-15_20h26.42.979,word_priming,,2025.1.1,60.223477326749595,2025-10-15 20h26.50.209440 +0530,
board ,144,9,9,1,0.16148620005697012,,,,,,,,,,,,9,9,144,4,,,,,35.92400379991159,,35.898941999766976,35.92400379991159,35.92400379991159,36.09201039979234,1,0.16148620005697012,,,,,,,,,,,,,,,p4,001,2025-10-15_20h26.42.979,word_priming,,2025.1.1,60.223477326749595,2025-10-15 20h26.50.209440 +0530,
keys,145,10,9,1,0.1617245003581047,,,,,,,,,,,,9,10,145,13,,,,,36.12382389977574,,36.09778819978237,36.12382389977574,36.12382389977574,36.2918473999016,1,0.1617245003581047,,,,,,,,,,,,,,,p4,001,2025-10-15_20h26.42.979,word_priming,,2025.1.1,60.223477326749595,2025-10-15 20h26.50.209440 +0530,
pastry,146,11,9,1,0.16177429957315326,,,,,,,,,,,,9,11,146,9,,,,,36.3236765996553,,36.297863699961454,36.3236765996553,36.3236765996553,36.49115159967914,1,0.16177429957315326,,,,,,,,,,,,,,,p4,001,2025-10-15_20h26.42.979,word_priming,,2025.1.1,60.223477326749595,2025-10-15 20h26.50.209440 +0530,
cushion,147,12,9,1,0.1444920999929309,,,,,,,,,,,,9,12,147,1,,,,,36.52342629991472,,36.49779439996928,36.52342629991472,36.52342629991472,36.65930929966271,1,0.1444920999929309,,,,,,,,,,,,,,,p4,001,2025-10-15_20h26.42.979,word_priming,,2025.1.1,60.223477326749595,2025-10-15 20h26.50.209440 +0530,
cruise,148,13,9,1,0.19589699991047382,,,,,,,,,,,,9,13,148,11,,,,,36.69027999974787,,36.66346629988402,36.69027999974787,36.69027999974787,36.89134049974382,1,0.19589699991047382,,,,,,,,,,,,,,,p4,001,2025-10-15_20h26.42.979,word_priming,,2025.1.1,60.223477326749595,2025-10-15 20h26.50.209440 +0530,
phone,149,14,9,1,0.16174119990319014,,,,,,,,,,,,9,14,149,2,,,,,36.92268279986456,,36.89729189965874,36.92268279986456,36.92268279986456,37.091074499767274,1,0.16174119990319014,,,,,,,,,,,,,,,p4,001,2025-10-15_20h26.42.979,word_priming,,2025.1.1,60.223477326749595,2025-10-15 20h26.50.209440 +0530,
chart,150,0,10,1,0.16141719976440072,,,,,,,,,,,,10,0,150,6,,,,,37.122521199751645,,37.09729210007936,37.122521199751645,37.122521199751645,37.29075209982693,1,0.16141719976440072,,,,,,,,,,,,,,,p4,001,2025-10-15_20h26.42.979,word_priming,,2025.1.1,60.223477326749595,2025-10-15 20h26.50.209440 +0530,
cruise,151,1,10,1,0.1950606000609696,,,,,,,,,,,,10,1,151,11,,,,,37.32254799967632,,37.29683989984915,37.32254799967632,37.32254799967632,37.523912199772894,1,0.1950606000609696,,,,,,,,,,,,,,,p4,001,2025-10-15_20h26.42.979,word_priming,,2025.1.1,60.223477326749595,2025-10-15 20h26.50.209440 +0530,
phone,152,2,10,1,0.16200170014053583,,,,,,,,,,,,10,2,152,2,,,,,37.555368499830365,,37.5303070996888,37.555368499830365,37.555368499830365,37.72373230010271,1,0.16200170014053583,,,,,,,,,,,,,,,p4,001,2025-10-15_20h26.42.979,word_priming,,2025.1.1,60.223477326749595,2025-10-15 20h26.50.209440 +0530,
T-shirt,153,3,10,1,0.16287570027634501,,,,,,,,,,,,10,3,153,7,,,,,37.75562019972131,,37.72980959992856,37.75562019972131,37.75562019972131,37.92360429977998,1,0.16287570027634501,,,,,,,,,,,,,,,p4,001,2025-10-15_20h26.42.979,word_priming,,2025.1.1,60.223477326749595,2025-10-15 20h26.50.209440 +0530,
mouse,154,4,10,1,0.19579869974404573,,,,,,,,,,,,10,4,154,8,,,,,37.955433999653906,,37.929621799848974,37.955433999653906,37.955433999653906,38.156525699887425,1,0.19579869974404573,,,,,,,,,,,,,,,p4,001,2025-10-15_20h26.42.979,word_priming,,2025.1.1,60.223477326749595,2025-10-15 20h26.50.209440 +0530,
keys,155,5,10,1,0.19606509990990162,,,,,,,,,,,,10,5,155,13,,,,,38.18850350007415,,38.16222399985418,38.18850350007415,38.18850350007415,38.389812800101936,1,0.19606509990990162,,,,,,,,,,,,,,,p4,001,2025-10-15_20h26.42.979,word_priming,,2025.1.1,60.223477326749595,2025-10-15 20h26.50.209440 +0530,
cushion,156,6,10,1,0.22796689998358488,,,,,,,,,,,,10,6,156,1,,,,,38.421593700069934,,38.39590429980308,38.421593700069934,38.421593700069934,38.6562723997049,1,0.22796689998358488,,,,,,,,,,,,,,,p4,001,2025-10-15_20h26.42.979,word_priming,,2025.1.1,60.223477326749595,2025-10-15 20h26.50.209440 +0530,
case,157,7,10,1,0.16284959996119142,,,,,,,,,,,,10,7,157,10,,,,,38.68827439984307,,38.66174539970234,38.68827439984307,38.68827439984307,38.85591599997133,1,0.16284959996119142,,,,,,,,,,,,,,,p4,001,2025-10-15_20h26.42.979,word_priming,,2025.1.1,60.223477326749595,2025-10-15 20h26.50.209440 +0530,
book,158,8,10,1,0.16294999979436398,,,,,,,,,,,,10,8,158,0,,,,,38.88742419984192,,38.86136809969321,38.88742419984192,38.88742419984192,39.055737500078976,1,0.16294999979436398,,,,,,,,,,,,,,,p4,001,2025-10-15_20h26.42.979,word_priming,,2025.1.1,60.223477326749595,2025-10-15 20h26.50.209440 +0530,
pastry,159,9,10,1,0.1627159002237022,,,,,,,,,,,,10,9,159,9,,,,,39.087616299744695,,39.061929599847645,39.087616299744695,39.087616299744695,39.255554699804634,1,0.1627159002237022,,,,,,,,,,,,,,,p4,001,2025-10-15_20h26.42.979,word_priming,,2025.1.1,60.223477326749595,2025-10-15 20h26.50.209440 +0530,
marble,160,10,10,1,0.19521450018510222,,,,,,,,,,,,10,10,160,3,,,,,39.287365899886936,,39.26165389968082,39.287365899886936,39.287365899886936,39.4886167999357,1,0.19521450018510222,,,,,,,,,,,,,,,p4,001,2025-10-15_20h26.42.979,word_priming,,2025.1.1,60.223477326749595,2025-10-15 20h26.50.209440 +0530,
laptop,161,11,10,1,0.14713789988309145,,,,,,,,,,,,10,11,161,5,,,,,39.52026479970664,,39.49467650009319,39.52026479970664,39.52026479970664,39.6722331000492,1,0.14713789988309145,,,,,,,,,,,,,,,p4,001,2025-10-15_20h26.42.979,word_priming,,2025.1.1,60.223477326749595,2025-10-15 20h26.50.209440 +0530,
poster,162,12,10,1,0.1937436000443995,,,,,,,,,,,,10,12,162,14,,,,,39.70338260009885,,39.67876169970259,39.70338260009885,39.70338260009885,39.90489959996194,1,0.1937436000443995,,,,,,,,,,,,,,,p4,001,2025-10-15_20h26.42.979,word_priming,,2025.1.1,60.223477326749595,2025-10-15 20h26.50.209440 +0530,
board ,163,13,10,1,0.1623543999157846,,,,,,,,,,,,10,13,163,4,,,,,39.9363627997227,,39.91091279964894,39.9363627997227,39.9363627997227,40.103698200080544,1,0.1623543999157846,,,,,,,,,,,,,,,p4,001,2025-10-15_20h26.42.979,word_priming,,2025.1.1,60.223477326749595,2025-10-15 20h26.50.209440 +0530,
police,164,14,10,1,0.19859840022400022,,,,,,,,,,,,10,14,164,12,,,,,40.1363387000747,,40.107798899989575,40.1363387000747,40.1363387000747,40.33781739976257,1,0.19859840022400022,,,,,,,,,,,,,,,p4,001,2025-10-15_20h26.42.979,word_priming,,2025.1.1,60.223477326749595,2025-10-15 20h26.50.209440 +0530,
marble,165,0,11,1,0.19529860001057386,,,,,,,,,,,,11,0,165,3,,,,,40.36933110002428,,40.343847000040114,40.36933110002428,40.36933110002428,40.57058320008218,1,0.19529860001057386,,,,,,,,,,,,,,,p4,001,2025-10-15_20h26.42.979,word_priming,,2025.1.1,60.223477326749595,2025-10-15 20h26.50.209440 +0530,
police,166,1,11,1,0.1626238999888301,,,,,,,,,,,,11,1,166,12,,,,,40.60232830001041,,40.57661199988797,40.60232830001041,40.60232830001041,40.77117219986394,1,0.1626238999888301,,,,,,,,,,,,,,,p4,001,2025-10-15_20h26.42.979,word_priming,,2025.1.1,60.223477326749595,2025-10-15 20h26.50.209440 +0530,
cruise,167,2,11,1,0.19451839989051223,,,,,,,,,,,,11,2,167,11,,,,,40.80264130001888,,40.777339099906385,40.80264130001888,40.80264130001888,41.003939900081605,1,0.19451839989051223,,,,,,,,,,,,,,,p4,001,2025-10-15_20h26.42.979,word_priming,,2025.1.1,60.223477326749595,2025-10-15 20h26.50.209440 +0530,
poster,168,3,11,1,0.1620314996689558,,,,,,,,,,,,11,3,168,14,,,,,41.035286699887365,,41.01023249980062,41.035286699887365,41.035286699887365,41.20369239989668,1,0.1620314996689558,,,,,,,,,,,,,,,p4,001,2025-10-15_20h26.42.979,word_priming,,2025.1.1,60.223477326749595,2025-10-15 20h26.50.209440 +0530,
keys,169,4,11,1,0.194860499817878,,,,,,,,,,,,11,4,169,13,,,,,41.23506399989128,,41.20961449993774,41.23506399989128,41.23506399989128,41.43640760006383,1,0.194860499817878,,,,,,,,,,,,,,,p4,001,2025-10-15_20h26.42.979,word_priming,,2025.1.1,60.223477326749595,2025-10-15 20h26.50.209440 +0530,
cushion,170,5,11,1,0.1621621996164322,,,,,,,,,,,,11,5,170,1,,,,,41.46866209991276,,41.442482999991626,41.46866209991276,41.46866209991276,41.63696919986978,1,0.1621621996164322,,,,,,,,,,,,,,,p4,001,2025-10-15_20h26.42.979,word_priming,,2025.1.1,60.223477326749595,2025-10-15 20h26.50.209440 +0530,
board ,171,6,11,1,0.1614577998407185,,,,,,,,,,,,11,6,171,4,,,,,41.668001499958336,,41.64312499994412,41.668001499958336,41.668001499958336,41.83641989994794,1,0.1614577998407185,,,,,,,,,,,,,,,p4,001,2025-10-15_20h26.42.979,word_priming,,2025.1.1,60.223477326749595,2025-10-15 20h26.50.209440 +0530,
laptop,172,7,11,1,0.14484919980168343,,,,,,,,,,,,11,7,172,5,,,,,41.86778640002012,,41.842652699910104,41.86778640002012,41.86778640002012,42.01948429970071,1,0.14484919980168343,,,,,,,,,,,,,,,p4,001,2025-10-15_20h26.42.979,word_priming,,2025.1.1,60.223477326749595,2025-10-15 20h26.50.209440 +0530,
mouse,173,8,11,1,0.16219220031052828,,,,,,,,,,,,11,8,173,8,,,,,42.05129089998081,,42.02546009980142,42.05129089998081,42.05129089998081,42.21949839964509,1,0.16219220031052828,,,,,,,,,,,,,,,p4,001,2025-10-15_20h26.42.979,word_priming,,2025.1.1,60.223477326749595,2025-10-15 20h26.50.209440 +0530,
case,174,9,11,1,0.16212250012904406,,,,,,,,,,,,11,9,174,10,,,,,42.25113319978118,,42.22540619969368,42.25113319978118,42.25113319978118,42.4189381999895,1,0.16212250012904406,,,,,,,,,,,,,,,p4,001,2025-10-15_20h26.42.979,word_priming,,2025.1.1,60.223477326749595,2025-10-15 20h26.50.209440 +0530,
book,175,10,11,1,0.19539999961853027,,,,,,,,,,,,11,10,175,0,,,,,42.45087519986555,,42.42448029993102,42.45087519986555,42.45087519986555,42.651899999938905,1,0.19539999961853027,,,,,,,,,,,,,,,p4,001,2025-10-15_20h26.42.979,word_priming,,2025.1.1,60.223477326749595,2025-10-15 20h26.50.209440 +0530,
T-shirt,176,11,11,1,0.1639572000131011,,,,,,,,,,,,11,11,176,7,,,,,42.68399279983714,,42.655986099969596,42.68399279983714,42.68399279983714,42.837454199790955,1,0.1639572000131011,,,,,,,,,,,,,,,p4,001,2025-10-15_20h26.42.979,word_priming,,2025.1.1,60.223477326749595,2025-10-15 20h26.50.209440 +0530,
phone,177,12,11,1,0.1792480000294745,,,,,,,,,,,,11,12,177,2,,,,,42.866617700085044,,42.84150550002232,42.866617700085044,42.866617700085044,43.051920499652624,1,0.1792480000294745,,,,,,,,,,,,,,,p4,001,2025-10-15_20h26.42.979,word_priming,,2025.1.1,60.223477326749595,2025-10-15 20h26.50.209440 +0530,
chart,178,13,11,1,0.19516790006309748,,,,,,,,,,,,11,13,178,6,,,,,43.08376539964229,,43.05801389971748,43.08376539964229,43.08376539964229,43.285266200080514,1,0.19516790006309748,,,,,,,,,,,,,,,p4,001,2025-10-15_20h26.42.979,word_priming,,2025.1.1,60.223477326749595,2025-10-15 20h26.50.209440 +0530,
pastry,179,14,11,1,0.16189990006387234,,,,,,,,,,,,11,14,179,9,,,,,43.31627989979461,,43.29135910002515,43.31627989979461,43.31627989979461,43.48480259999633,1,0.16189990006387234,,,,,,,,,,,,,,,p4,001,2025-10-15_20h26.42.979,word_priming,,2025.1.1,60.223477326749595,2025-10-15 20h26.50.209440 +0530,
keys,180,0,12,1,0.16288919979706407,,,,,,,,,,,,12,0,180,13,,,,,43.516156499739736,,43.490250799804926,43.516156499739736,43.516156499739736,43.68437290005386,1,0.16288919979706407,,,,,,,,,,,,,,,p4,001,2025-10-15_20h26.42.979,word_priming,,2025.1.1,60.223477326749595,2025-10-15 20h26.50.209440 +0530,
cruise,181,1,12,1,0.22805800009518862,,,,,,,,,,,,12,1,181,11,,,,,43.71632739994675,,43.69083799980581,43.71632739994675,43.71632739994675,43.95077869994566,1,0.22805800009518862,,,,,,,,,,,,,,,p4,001,2025-10-15_20h26.42.979,word_priming,,2025.1.1,60.223477326749595,2025-10-15 20h26.50.209440 +0530,
laptop,182,2,12,1,0.1624148003757,,,,,,,,,,,,12,2,182,5,,,,,43.98257640004158,,43.95680229971185,43.98257640004158,43.98257640004158,44.15106919966638,1,0.1624148003757,,,,,,,,,,,,,,,p4,001,2025-10-15_20h26.42.979,word_priming,,2025.1.1,60.223477326749595,2025-10-15 20h26.50.209440 +0530,
pastry,183,3,12,1,0.16189860040321946,,,,,,,,,,,,12,3,183,9,,,,,44.182554099708796,,44.157089999876916,44.182554099708796,44.182554099708796,44.35083269979805,1,0.16189860040321946,,,,,,,,,,,,,,,p4,001,2025-10-15_20h26.42.979,word_priming,,2025.1.1,60.223477326749595,2025-10-15 20h26.50.209440 +0530,
phone,184,4,12,1,0.19531899970024824,,,,,,,,,,,,12,4,184,2,,,,,44.3825463000685,,44.35696059977636,44.3825463000685,44.3825463000685,44.58371159993112,1,0.19531899970024824,,,,,,,,,,,,,,,p4,001,2025-10-15_20h26.42.979,word_priming,,2025.1.1,60.223477326749595,2025-10-15 20h26.50.209440 +0530,
poster,185,5,12,1,0.19540969980880618,,,,,,,,,,,,12,5,185,14,,,,,44.61554849985987,,44.58974389964715,44.61554849985987,44.61554849985987,44.817073999904096,1,0.19540969980880618,,,,,,,,,,,,,,,p4,001,2025-10-15_20h26.42.979,word_priming,,2025.1.1,60.223477326749595,2025-10-15 20h26.50.209440 +0530,
case,186,6,12,1,0.1624799999408424,,,,,,,,,,,,12,6,186,10,,,,,44.84856669977307,,44.82268199976534,44.84856669977307,44.84856669977307,45.01694499980658,1,0.1624799999408424,,,,,,,,,,,,,,,p4,001,2025-10-15_20h26.42.979,word_priming,,2025.1.1,60.223477326749595,2025-10-15 20h26.50.209440 +0530,
mouse,187,7,12,1,0.19504739996045828,,,,,,,,,,,,12,7,187,8,,,,,45.048783400096,,45.022971499711275,45.048783400096,45.048783400096,45.25003069965169,1,0.19504739996045828,,,,,,,,,,,,,,,p4,001,2025-10-15_20h26.42.979,word_priming,,2025.1.1,60.223477326749595,2025-10-15 20h26.50.209440 +0530,
cushion,188,8,12,1,0.16070699971169233,,,,,,,,,,,,12,8,188,1,,,,,45.28148719994351,,45.25661819986999,45.28148719994351,45.28148719994351,45.44979659980163,1,0.16070699971169233,,,,,,,,,,,,,,,p4,001,2025-10-15_20h26.42.979,word_priming,,2025.1.1,60.223477326749595,2025-10-15 20h26.50.209440 +0530,
board ,189,9,12,1,0.1953541999682784,,,,,,,,,,,,12,9,189,4,,,,,45.480822700075805,,45.456055199727416,45.480822700075805,45.480822700075805,45.682614899706095,1,0.1953541999682784,,,,,,,,,,,,,,,p4,001,2025-10-15_20h26.42.979,word_priming,,2025.1.1,60.223477326749595,2025-10-15 20h26.50.209440 +0530,
marble,190,10,12,1,0.19471029983833432,,,,,,,,,,,,12,10,190,3,,,,,45.71401940006763,,45.6887575997971,45.71401940006763,45.71401940006763,45.91564599983394,1,0.19471029983833432,,,,,,,,,,,,,,,p4,001,2025-10-15_20h26.42.979,word_priming,,2025.1.1,60.223477326749595,2025-10-15 20h26.50.209440 +0530,
chart,191,11,12,1,0.16186470026150346,,,,,,,,,,,,12,11,191,6,,,,,45.94749779999256,,45.92215619981289,45.94749779999256,45.94749779999256,46.11503280000761,1,0.16186470026150346,,,,,,,,,,,,,,,p4,001,2025-10-15_20h26.42.979,word_priming,,2025.1.1,60.223477326749595,2025-10-15 20h26.50.209440 +0530,
book,192,12,12,1,0.19658870017156005,,,,,,,,,,,,12,12,192,0,,,,,46.147465399932116,,46.120479699689895,46.147465399932116,46.147465399932116,46.34854510007426,1,0.19658870017156005,,,,,,,,,,,,,,,p4,001,2025-10-15_20h26.42.979,word_priming,,2025.1.1,60.223477326749595,2025-10-15 20h26.50.209440 +0530,
T-shirt,193,13,12,1,0.17744400026276708,,,,,,,,,,,,12,13,193,7,,,,,46.38187539996579,,46.355126899667084,46.38187539996579,46.38187539996579,46.54942879965529,1,0.17744400026276708,,,,,,,,,,,,,,,p4,001,2025-10-15_20h26.42.979,word_priming,,2025.1.1,60.223477326749595,2025-10-15 20h26.50.209440 +0530,
police,194,14,12,1,0.21318310033529997,,,,,,,,,,,,12,14,194,12,,,,,46.58000149996951,,46.5537755000405,46.58000149996951,46.58000149996951,46.798010299913585,1,0.21318310033529997,,,,,,,,,,,,,,,p4,001,2025-10-15_20h26.42.979,word_priming,,2025.1.1,60.223477326749595,2025-10-15 20h26.50.209440 +0530,
board ,195,0,13,1,0.19495119992643595,,,,,,,,,,,,13,0,195,4,,,,,46.82987800007686,,46.804681399837136,46.82987800007686,46.82987800007686,47.031149599701166,1,0.19495119992643595,,,,,,,,,,,,,,,p4,001,2025-10-15_20h26.42.979,word_priming,,2025.1.1,60.223477326749595,2025-10-15 20h26.50.209440 +0530,
pastry,196,1,13,1,0.16176299983635545,,,,,,,,,,,,13,1,196,9,,,,,47.062966499943286,,47.037413799669594,47.062966499943286,47.062966499943286,47.23076679976657,1,0.16176299983635545,,,,,,,,,,,,,,,p4,001,2025-10-15_20h26.42.979,word_priming,,2025.1.1,60.223477326749595,2025-10-15 20h26.50.209440 +0530,
marble,197,2,13,1,0.16216420009732246,,,,,,,,,,,,13,2,197,3,,,,,47.26227639988065,,47.23679960006848,47.26227639988065,47.26227639988065,47.43032679986209,1,0.16216420009732246,,,,,,,,,,,,,,,p4,001,2025-10-15_20h26.42.979,word_priming,,2025.1.1,60.223477326749595,2025-10-15 20h26.50.209440 +0530,
laptop,198,3,13,1,0.19597729993984103,,,,,,,,,,,,13,3,198,5,,,,,47.46232239995152,,47.43641120009124,47.46232239995152,47.46232239995152,47.6641531996429,1,0.19597729993984103,,,,,,,,,,,,,,,p4,001,2025-10-15_20h26.42.979,word_priming,,2025.1.1,60.223477326749595,2025-10-15 20h26.50.209440 +0530,
cushion,199,4,13,1,0.19566139997914433,,,,,,,,,,,,13,4,199,1,,,,,47.695629799738526,,47.670260299928486,47.695629799738526,47.695629799738526,47.89733629999682,1,0.19566139997914433,,,,,,,,,,,,,,,p4,001,2025-10-15_20h26.42.979,word_priming,,2025.1.1,60.223477326749595,2025-10-15 20h26.50.209440 +0530,
cruise,200,5,13,1,0.1946241003461182,,,,,,,,,,,,13,5,200,11,,,,,47.92880850005895,,47.90343639999628,47.92880850005895,47.92880850005895,48.130132199730724,1,0.1946241003461182,,,,,,,,,,,,,,,p4,001,2025-10-15_20h26.42.979,word_priming,,2025.1.1,60.223477326749595,2025-10-15 20h26.50.209440 +0530,
mouse,201,6,13,1,0.4615005999803543,,,,,,,,,,,,13,6,201,8,,,,,48.16198410000652,,48.13629789976403,48.16198410000652,48.16198410000652,48.629743199795485,1,0.4615005999803543,,,,,,,,,,,,,,,p4,001,2025-10-15_20h26.42.979,word_priming,,2025.1.1,60.223477326749595,2025-10-15 20h26.50.209440 +0530,
case,202,7,13,1,0.16247129999101162,,,,,,,,,,,,13,7,202,10,,,,,48.66134889982641,,48.63539699977264,48.66134889982641,48.66134889982641,48.82925029983744,1,0.16247129999101162,,,,,,,,,,,,,,,p4,001,2025-10-15_20h26.42.979,word_priming,,2025.1.1,60.223477326749595,2025-10-15 20h26.50.209440 +0530,
book,203,8,13,1,0.21313519962131977,,,,,,,,,,,,13,8,203,0,,,,,48.86085970001295,,48.83508659992367,48.86085970001295,48.86085970001295,49.06370549974963,1,0.21313519962131977,,,,,,,,,,,,,,,p4,001,2025-10-15_20h26.42.979,word_priming,,2025.1.1,60.223477326749595,2025-10-15 20h26.50.209440 +0530,
poster,204,9,13,1,0.19617930008098483,,,,,,,,,,,,13,9,204,14,,,,,49.09402310010046,,49.06782449968159,49.09402310010046,49.09402310010046,49.298606699798256,1,0.19617930008098483,,,,,,,,,,,,,,,p4,001,2025-10-15_20h26.42.979,word_priming,,2025.1.1,60.223477326749595,2025-10-15 20h26.50.209440 +0530,
keys,205,10,13,1,0.19298260007053614,,,,,,,,,,,,13,10,205,13,,,,,49.32743649976328,,49.30409129988402,49.32743649976328,49.32743649976328,49.529349099844694,1,0.19298260007053614,,,,,,,,,,,,,,,p4,001,2025-10-15_20h26.42.979,word_priming,,2025.1.1,60.223477326749595,2025-10-15 20h26.50.209440 +0530,
T-shirt,206,11,13,1,0.1947111003100872,,,,,,,,,,,,13,11,206,7,,,,,49.5604818998836,,49.53555230004713,49.5604818998836,49.5604818998836,49.76177580002695,1,0.1947111003100872,,,,,,,,,,,,,,,p4,001,2025-10-15_20h26.42.979,word_priming,,2025.1.1,60.223477326749595,2025-10-15 20h26.50.209440 +0530,
police,207,12,13,1,0.16241220012307167,,,,,,,,,,,,13,12,207,12,,,,,49.793867599684745,,49.76780840009451,49.793867599684745,49.793867599684745,49.96158539969474,1,0.16241220012307167,,,,,,,,,,,,,,,p4,001,2025-10-15_20h26.42.979,word_priming,,2025.1.1,60.223477326749595,2025-10-15 20h26.50.209440 +0530,
chart,208,13,13,1,0.1786174001172185,,,,,,,,,,,,13,13,208,6,,,,,49.99339579977095,,49.967878999654204,49.99339579977095,49.99339579977095,50.17807879997417,1,0.1786174001172185,,,,,,,,,,,,,,,p4,001,2025-10-15_20h26.42.979,word_priming,,2025.1.1,60.223477326749595,2025-10-15 20h26.50.209440 +0530,
phone,209,14,13,1,0.16206409968435764,,,,,,,,,,,,13,14,209,2,,,,,50.209866899996996,,50.18420669995248,50.209866899996996,50.209866899996996,50.37802689988166,1,0.16206409968435764,,,,,,,,,,,,,,,p4,001,2025-10-15_20h26.42.979,word_priming,,2025.1.1,60.223477326749595,2025-10-15 20h26.50.209440 +0530,
case,210,0,14,1,0.19593429984524846,,,,,,,,,,,,14,0,210,10,,,,,50.409169799648225,,50.38346799975261,50.409169799648225,50.409169799648225,50.610962099861354,1,0.19593429984524846,,,,,,,,,,,,,,,p4,001,2025-10-15_20h26.42.979,word_priming,,2025.1.1,60.223477326749595,2025-10-15 20h26.50.209440 +0530,
poster,211,1,14,1,0.22863049991428852,,,,,,,,,,,,14,1,211,14,,,,,50.6426965999417,,50.617113899905235,50.6426965999417,50.6426965999417,50.87753579998389,1,0.22863049991428852,,,,,,,,,,,,,,,p4,001,2025-10-15_20h26.42.979,word_priming,,2025.1.1,60.223477326749595,2025-10-15 20h26.50.209440 +0530,
pastry,212,2,14,1,0.16153529984876513,,,,,,,,,,,,14,2,212,9,,,,,50.908772700000554,,50.88367659971118,50.908772700000554,50.908772700000554,51.07715919986367,1,0.16153529984876513,,,,,,,,,,,,,,,p4,001,2025-10-15_20h26.42.979,word_priming,,2025.1.1,60.223477326749595,2025-10-15 20h26.50.209440 +0530,
keys,213,3,14,1,0.16177350003272295,,,,,,,,,,,,14,3,213,13,,,,,51.10894459998235,,51.08328799996525,51.10894459998235,51.10894459998235,51.278551399707794,1,0.16177350003272295,,,,,,,,,,,,,,,p4,001,2025-10-15_20h26.42.979,word_priming,,2025.1.1,60.223477326749595,2025-10-15 20h26.50.209440 +0530,
book,214,4,14,1,0.14148599980399013,,,,,,,,,,,,14,4,214,0,,,,,51.32529899990186,,51.28680699970573,51.32529899990186,51.32529899990186,51.44477739976719,1,0.14148599980399013,,,,,,,,,,,,,,,p4,001,2025-10-15_20h26.42.979,word_priming,,2025.1.1,60.223477326749595,2025-10-15 20h26.50.209440 +0530,
phone,215,5,14,1,0.22933280002325773,,,,,,,,,,,,14,5,215,2,,,,,51.47515100007877,,51.44882889976725,51.47515100007877,51.47515100007877,51.71003700001165,1,0.22933280002325773,,,,,,,,,,,,,,,p4,001,2025-10-15_20h26.42.979,word_priming,,2025.1.1,60.223477326749595,2025-10-15 20h26.50.209440 +0530,
cruise,216,6,14,1,0.17802640004083514,,,,,,,,,,,,14,6,216,11,,,,,51.74102750001475,,51.716126299928874,51.74102750001475,51.74102750001475,51.911231599748135,1,0.17802640004083514,,,,,,,,,,,,,,,p4,001,2025-10-15_20h26.42.979,word_priming,,2025.1.1,60.223477326749595,2025-10-15 20h26.50.209440 +0530,
cushion,217,7,14,1,0.19322640029713511,,,,,,,,,,,,14,7,217,1,,,,,51.94150399975479,,51.91757489973679,51.94150399975479,51.94150399975479,52.142563600093126,1,0.19322640029713511,,,,,,,,,,,,,,,p4,001,2025-10-15_20h26.42.979,word_priming,,2025.1.1,60.223477326749595,2025-10-15 20h26.50.209440 +0530,
chart,218,8,14,1,0.1951748002320528,,,,,,,,,,,,14,8,218,6,,,,,52.174360199831426,,52.14860629988834,52.174360199831426,52.174360199831426,52.37584939971566,1,0.1951748002320528,,,,,,,,,,,,,,,p4,001,2025-10-15_20h26.42.979,word_priming,,2025.1.1,60.223477326749595,2025-10-15 20h26.50.209440 +0530,
marble,219,9,14,1,0.19596320018172264,,,,,,,,,,,,14,9,219,3,,,,,52.407324499916285,,52.38182959984988,52.407324499916285,52.407324499916285,52.608925099950284,1,0.19596320018172264,,,,,,,,,,,,,,,p4,001,2025-10-15_20h26.42.979,word_priming,,2025.1.1,60.223477326749595,2025-10-15 20h26.50.209440 +0530,
board ,220,10,14,1,0.16222950024530292,,,,,,,,,,,,14,10,220,4,,,,,52.64076039986685,,52.61495429975912,52.64076039986685,52.64076039986685,52.80879659997299,1,0.16222950024530292,,,,,,,,,,,,,,,p4,001,2025-10-15_20h26.42.979,word_priming,,2025.1.1,60.223477326749595,2025-10-15 20h26.50.209440 +0530,
T-shirt,221,11,14,1,0.22903709998354316,,,,,,,,,,,,14,11,221,7,,,,,52.840713900048286,,52.814902499783784,52.840713900048286,52.840713900048286,53.07512669963762,1,0.22903709998354316,,,,,,,,,,,,,,,p4,001,2025-10-15_20h26.42.979,word_priming,,2025.1.1,60.223477326749595,2025-10-15 20h26.50.209440 +0530,
laptop,222,12,14,1,0.16146510001271963,,,,,,,,,,,,14,12,222,5,,,,,53.10702499980107,,53.081648599822074,53.10702499980107,53.10702499980107,53.27482410008088,1,0.16146510001271963,,,,,,,,,,,,,,,p4,001,2025-10-15_20h26.42.979,word_priming,,2025.1.1,60.223477326749595,2025-10-15 20h26.50.209440 +0530,
mouse,223,13,14,1,0.19577609980478883,,,,,,,,,,,,14,13,223,8,,,,,53.306818099692464,,53.28082659980282,53.306818099692464,53.306818099692464,53.508254499640316,1,0.19577609980478883,,,,,,,,,,,,,,,p4,001,2025-10-15_20h26.42.979,word_priming,,2025.1.1,60.223477326749595,2025-10-15 20h26.50.209440 +0530,
police,224,14,14,1,0.16255539981648326,,,,,,,,,,,,14,14,224,12,,,,,53.53985850000754,,53.51423479989171,53.53985850000754,53.53985850000754,53.708021899685264,1,0.16255539981648326,,,,,,,,,,,,,,,p4,001,2025-10-15_20h26.42.979,word_priming,,2025.1.1,60.223477326749595,2025-10-15 20h26.50.209440 +0530,
,0,0,0,,,c_s_io_,cushion,old ,cushion,"[np.float64(-0.5116666666666667), np.float64(-0.5116666666666667), np.float64(-0.04)]","[np.float64(-0.29833333333333334), np.float64(-0.29833333333333334), np.float64(-0.28833333333333333)]","[1, 1, 1]","[0, 0, 0]","[0, 0, 0]","[0.20060910005122423, 0.4323249002918601, 5.1622796999290586]","[None, None, 'text_3']",,,,,0,0,0,14,53.77520139981061,,,,,,,,53.74091799976304,53.77520139981061,53.77520139981061,53.77520139981061,0.03289070026949048,58.903643999714404,cushion,"[np.float64(-0.5116666666666667), np.float64(-0.5116666666666667), np.float64(-0.04)]","[np.float64(-0.29833333333333334), np.float64(-0.29833333333333334), np.float64(-0.28833333333333333)]","[1, 1, 1]","[0, 0, 0]","[0, 0, 0]","[0.20060910005122423, 0.4323249002918601, 5.1622796999290586]","[None, None, 'text_3']",p4,001,2025-10-15_20h26.42.979,word_priming,,2025.1.1,60.223477326749595,2025-10-15 20h26.50.209440 +0530,
,1,1,0,,,_ru_s_,cruise,old ,cruise,[np.float64(-0.04)],[np.float64(-0.28833333333333333)],[1],[0],[0],[3.324397400021553],['text_3'],,,,,0,1,1,6,58.93444489967078,,,,,,,,58.90872390009463,58.93444489967078,58.93444489967078,58.93444489967078,0.004753699991852045,62.23365129996091,cruise,[np.float64(-0.04)],[np.float64(-0.28833333333333333)],[1],[0],[0],[3.324397400021553],['text_3'],p4,001,2025-10-15_20h26.42.979,word_priming,,2025.1.1,60.223477326749595,2025-10-15 20h26.50.209440 +0530,
,2,2,0,,,P_li_e,Police,old ,Police,[np.float64(-0.04)],[np.float64(-0.28833333333333333)],[1],[0],[0],[3.1064349999651313],['text_3'],,,,,0,2,2,7,62.26464239973575,,,,,,,,62.24153329990804,62.26464239973575,62.26464239973575,62.26464239973575,0.007689599879086018,65.34851349983364,Police,[np.float64(-0.04)],[np.float64(-0.28833333333333333)],[1],[0],[0],[3.1064349999651313],['text_3'],p4,001,2025-10-15_20h26.42.979,word_priming,,2025.1.1,60.223477326749595,2025-10-15 20h26.50.209440 +0530,
,3,3,0,,,_ha_t,chart,old ,chart,[np.float64(-0.04)],[np.float64(-0.28833333333333333)],[1],[0],[0],[2.475116000045091],['text_3'],,,,,0,3,3,1,65.37808470008895,,,,,,,,65.35340989986435,65.37808470008895,65.37808470008895,65.37808470008895,0.004699100274592638,67.82903489982709,chart,[np.float64(-0.04)],[np.float64(-0.28833333333333333)],[1],[0],[0],[2.475116000045091],['text_3'],p4,001,2025-10-15_20h26.42.979,word_priming,,2025.1.1,60.223477326749595,2025-10-15 20h26.50.209440 +0530,
,4,4,0,,,l_pt_p,laptop,old ,laptop,[np.float64(-0.04)],[np.float64(-0.28833333333333333)],[1],[0],[0],[2.8259906000457704],['text_3'],,,,,0,4,4,0,67.85904109990224,,,,,,,,67.83251329977065,67.85904109990224,67.85904109990224,67.85904109990224,0.003336300142109394,70.65897889994085,laptop,[np.float64(-0.04)],[np.float64(-0.28833333333333333)],[1],[0],[0],[2.8259906000457704],['text_3'],p4,001,2025-10-15_20h26.42.979,word_priming,,2025.1.1,60.223477326749595,2025-10-15 20h26.50.209440 +0530,
,5,5,0,,,v_s_,vase,new,vas,[np.float64(-0.04)],[np.float64(-0.28833333333333333)],[1],[0],[0],[2.3566394997760653],['text_3'],,,,,0,5,5,17,70.6897117998451,,,,,,,,70.66665969975293,70.6897117998451,70.6897117998451,70.6897117998451,0.007489699870347977,73.023885499686,vas,[np.float64(-0.04)],[np.float64(-0.28833333333333333)],[1],[0],[0],[2.3566394997760653],['text_3'],p4,001,2025-10-15_20h26.42.979,word_priming,,2025.1.1,60.223477326749595,2025-10-15 20h26.50.209440 +0530,
,6,6,0,,,c_m_ra,camera,new,camer,[np.float64(-0.04)],[np.float64(-0.28833333333333333)],[1],[0],[0],[3.1238707001321018],['text_3'],,,,,0,6,6,19,73.05393899977207,,,,,,,,73.02888849982992,73.05393899977207,73.05393899977207,73.05393899977207,0.004798500332981348,76.15333649981767,camer,[np.float64(-0.04)],[np.float64(-0.28833333333333333)],[1],[0],[0],[3.1238707001321018],['text_3'],p4,001,2025-10-15_20h26.42.979,word_priming,,2025.1.1,60.223477326749595,2025-10-15 20h26.50.209440 +0530,
,7,7,0,,,P_str_,pastry,old ,Pastry,[np.float64(-0.04)],[np.float64(-0.28833333333333333)],[1],[0],[0],[3.0429188003763556],['text_3'],,,,,0,7,7,4,76.18421529978514,,,,,,,,76.15831610001624,76.18421529978514,76.18421529978514,76.18421529978514,0.00478340033441782,79.20182830002159,Pastry,[np.float64(-0.04)],[np.float64(-0.28833333333333333)],[1],[0],[0],[3.0429188003763556],['text_3'],p4,001,2025-10-15_20h26.42.979,word_priming,,2025.1.1,60.223477326749595,2025-10-15 20h26.50.209440 +0530,
,8,8,0,,,p_nc_l,pencil,new,pencil,[np.float64(-0.04)],[np.float64(-0.28833333333333333)],[1],[0],[0],[3.073810499627143],['text_3'],,,,,0,8,8,16,79.23122709989548,,,,,,,,79.20696849981323,79.23122709989548,79.23122709989548,79.23122709989548,0.00492840027436614,82.28140199976042,pencil,[np.float64(-0.04)],[np.float64(-0.28833333333333333)],[1],[0],[0],[3.073810499627143],['text_3'],p4,001,2025-10-15_20h26.42.979,word_priming,,2025.1.1,60.223477326749595,2025-10-15 20h26.50.209440 +0530,
,9,9,0,,,ta_l_,table,new,table,[np.float64(-0.04)],[np.float64(-0.28833333333333333)],[1],[0],[0],[3.0094019998796284],['text_3'],,,,,0,9,9,15,82.31159689975902,,,,,,,,82.28627040004358,82.31159689975902,82.31159689975902,82.31159689975902,0.0046661002561450005,85.29628479992971,table,[np.float64(-0.04)],[np.float64(-0.28833333333333333)],[1],[0],[0],[3.0094019998796284],['text_3'],p4,001,2025-10-15_20h26.42.979,word_priming,,2025.1.1,60.223477326749595,2025-10-15 20h26.50.209440 +0530,
,10,10,0,,,T_hi_t,Tshirt,old ,Tshirt,[np.float64(-0.04)],[np.float64(-0.28833333333333333)],[1],[0],[0],[2.807651299983263],['text_3'],,,,,0,10,10,2,85.32488030008972,,,,,,,,85.30119280004874,85.32488030008972,85.32488030008972,85.32488030008972,0.004709099885076284,88.10947809973732,Tshirt,[np.float64(-0.04)],[np.float64(-0.28833333333333333)],[1],[0],[0],[2.807651299983263],['text_3'],p4,001,2025-10-15_20h26.42.979,word_priming,,2025.1.1,60.223477326749595,2025-10-15 20h26.50.209440 +0530,
,11,11,0,,,bo_t_e,bottle,new,botle,[np.float64(-0.04)],[np.float64(-0.28833333333333333)],[1],[0],[0],[4.056397799868137],['text_3'],,,,,0,11,11,18,88.13875269982964,,,,,,,,88.1156158996746,88.13875269982964,88.13875269982964,88.13875269982964,0.005946500226855278,92.17261829972267,botle,[np.float64(-0.04)],[np.float64(-0.28833333333333333)],[1],[0],[0],[4.056397799868137],['text_3'],p4,001,2025-10-15_20h26.42.979,word_priming,,2025.1.1,60.223477326749595,2025-10-15 20h26.50.209440 +0530,
,12,12,0,,,_a_bl_,Marble,old ,,[np.float64(-0.04)],[np.float64(-0.28833333333333333)],[1],[0],[0],[0.2287674001418054],['text_3'],,,,,0,12,12,11,92.20191850000992,,,,,,,,92.17622919986024,92.20191850000992,92.20191850000992,92.20191850000992,0.0034766001626849174,92.40549529995769,,[np.float64(-0.04)],[np.float64(-0.28833333333333333)],[1],[0],[0],[0.2287674001418054],['text_3'],p4,001,2025-10-15_20h26.42.979,word_priming,,2025.1.1,60.223477326749595,2025-10-15 20h26.50.209440 +0530,
,13,13,0,,,c_s_,case,old ,,[np.float64(-0.04)],[np.float64(-0.28833333333333333)],[1],[0],[0],[0.1775020002387464],['text_3'],,,,,0,13,13,5,92.43479709979147,,,,,,,,92.40872969990596,92.43479709979147,92.43479709979147,92.43479709979147,0.0030696000903844833,92.58678409969434,,[np.float64(-0.04)],[np.float64(-0.28833333333333333)],[1],[0],[0],[0.1775020002387464],['text_3'],p4,001,2025-10-15_20h26.42.979,word_priming,,2025.1.1,60.223477326749595,2025-10-15 20h26.50.209440 +0530,
,14,14,0,,,_o_rd,Board,old ,,[np.float64(-0.04)],[np.float64(-0.28833333333333333)],[1],[0],[0],[0.16045879991725087],['text_3'],,,,,0,14,14,10,92.61767689976841,,,,,,,,92.59168990002945,92.61767689976841,92.61767689976841,92.61767689976841,0.004709800239652395,92.75273159984499,,[np.float64(-0.04)],[np.float64(-0.28833333333333333)],[1],[0],[0],[0.16045879991725087],['text_3'],p4,001,2025-10-15_20h26.42.979,word_priming,,2025.1.1,60.223477326749595,2025-10-15 20h26.50.209440 +0530,
,15,15,0,,,_oo_,book,old ,,[np.float64(-0.04)],[np.float64(-0.28833333333333333)],[1],[0],[0],[0.18037719978019595],['text_3'],,,,,0,15,15,13,92.78438219986856,,,,,,,,92.75578399980441,92.78438219986856,92.78438219986856,92.78438219986856,0.0029104002751410007,92.93665509996936,,[np.float64(-0.04)],[np.float64(-0.28833333333333333)],[1],[0],[0],[0.18037719978019595],['text_3'],p4,001,2025-10-15_20h26.42.979,word_priming,,2025.1.1,60.223477326749595,2025-10-15 20h26.50.209440 +0530,
,16,16,0,,,_ho_e,Phone,old ,,[np.float64(-0.04)],[np.float64(-0.28833333333333333)],[1],[0],[0],[0.17833139980211854],['text_3'],,,,,0,16,16,12,92.96838909992948,,,,,,,,92.94018319994211,92.96838909992948,92.96838909992948,92.96838909992948,0.0033689001575112343,93.11906889965758,,[np.float64(-0.04)],[np.float64(-0.28833333333333333)],[1],[0],[0],[0.17833139980211854],['text_3'],p4,001,2025-10-15_20h26.42.979,word_priming,,2025.1.1,60.223477326749595,2025-10-15 20h26.50.209440 +0530,
,17,17,0,,,P_st_r,Poster,old ,,[np.float64(-0.04)],[np.float64(-0.28833333333333333)],[1],[0],[0],[0.1603620001114905],['text_3'],,,,,0,17,17,9,93.1503490996547,,,,,,,,93.12417649989948,93.1503490996547,93.1503490996547,93.1503490996547,0.00491679972037673,93.28520709974691,,[np.float64(-0.04)],[np.float64(-0.28833333333333333)],[1],[0],[0],[0.1603620001114905],['text_3'],p4,001,2025-10-15_20h26.42.979,word_priming,,2025.1.1,60.223477326749595,2025-10-15 20h26.50.209440 +0530,
,18,18,0,,,_ou_se,mouse,old ,,[np.float64(-0.04)],[np.float64(-0.28833333333333333)],[1],[0],[0],[0.16125119989737868],['text_3'],,,,,0,18,18,3,93.31749859964475,,,,,,,,93.29006659984589,93.31749859964475,93.31749859964475,93.31749859964475,0.004659999627619982,93.45196299999952,,[np.float64(-0.04)],[np.float64(-0.28833333333333333)],[1],[0],[0],[0.16125119989737868],['text_3'],p4,001,2025-10-15_20h26.42.979,word_priming,,2025.1.1,60.223477326749595,2025-10-15 20h26.50.209440 +0530,
,19,19,0,,,K_y_,Keys,old ,,[np.float64(-0.04)],[np.float64(-0.28833333333333333)],[1],[0],[0],[0.1583059998229146],['text_3'],,,,,0,19,19,8,93.48330939980224,,,,,,,,93.46004289994016,93.48330939980224,93.48330939980224,93.48330939980224,0.007867699954658747,93.61900529963896,,[np.float64(-0.04)],[np.float64(-0.28833333333333333)],[1],[0],[0],[0.1583059998229146],['text_3'],p4,001,2025-10-15_20h26.42.979,word_priming,,2025.1.1,60.223477326749595,2025-10-15 20h26.50.209440 +0530,
,20,0,1,,,P_st_r,Poster,old ,,[np.float64(-0.04)],[np.float64(-0.28833333333333333)],[1],[0],[0],[0.1780807999894023],['text_3'],,,,,1,0,20,9,93.65030709980056,,,,,,,,93.6239049998112,93.65030709980056,93.65030709980056,93.65030709980056,0.004707399755716324,93.80264959996566,,[np.float64(-0.04)],[np.float64(-0.28833333333333333)],[1],[0],[0],[0.1780807999894023],['text_3'],p4,001,2025-10-15_20h26.42.979,word_priming,,2025.1.1,60.223477326749595,2025-10-15 20h26.50.209440 +0530,
,21,1,1,,,_oo_,book,old ,,[np.float64(-0.04)],[np.float64(-0.28833333333333333)],[1],[0],[0],[0.17681200010702014],['text_3'],,,,,1,1,21,13,93.83347589988261,,,,,,,,93.80701150000095,93.83347589988261,93.83347589988261,93.83347589988261,0.004164900165051222,93.98446519998834,,[np.float64(-0.04)],[np.float64(-0.28833333333333333)],[1],[0],[0],[0.17681200010702014],['text_3'],p4,001,2025-10-15_20h26.42.979,word_priming,,2025.1.1,60.223477326749595,2025-10-15 20h26.50.209440 +0530,
,22,2,1,,,c_m_ra,camera,new,,[np.float64(-0.04)],[np.float64(-0.28833333333333333)],[1],[0],[0],[0.14564110012724996],['text_3'],,,,,1,2,22,19,94.01662250002846,,,,,,,,93.9893419998698,94.01662250002846,94.01662250002846,94.01662250002846,0.004655400291085243,94.1356277000159,,[np.float64(-0.04)],[np.float64(-0.28833333333333333)],[1],[0],[0],[0.14564110012724996],['text_3'],p4,001,2025-10-15_20h26.42.979,word_priming,,2025.1.1,60.223477326749595,2025-10-15 20h26.50.209440 +0530,
,23,3,1,,,p_nc_l,pencil,new,,[np.float64(-0.04)],[np.float64(-0.28833333333333333)],[1],[0],[0],[0.1758150001987815],['text_3'],,,,,1,3,23,16,94.16647659987211,,,,,,,,94.14119709981605,94.16647659987211,94.16647659987211,94.16647659987211,0.005376999732106924,94.3175900997594,,[np.float64(-0.04)],[np.float64(-0.28833333333333333)],[1],[0],[0],[0.1758150001987815],['text_3'],p4,001,2025-10-15_20h26.42.979,word_priming,,2025.1.1,60.223477326749595,2025-10-15 20h26.50.209440 +0530,
,24,4,1,,,c_s_io_,cushion,old ,,[np.float64(-0.04)],[np.float64(-0.28833333333333333)],[1],[0],[0],[0.16393080027773976],['text_3'],,,,,1,4,24,14,94.34959229966626,,,,,,,,94.32100629992783,94.34959229966626,94.34959229966626,94.34959229966626,0.0032514003105461597,94.48548229970038,,[np.float64(-0.04)],[np.float64(-0.28833333333333333)],[1],[0],[0],[0.16393080027773976],['text_3'],p4,001,2025-10-15_20h26.42.979,word_priming,,2025.1.1,60.223477326749595,2025-10-15 20h26.50.209440 +0530,
,25,5,1,,,_ru_s_,cruise,old ,,[np.float64(-0.04)],[np.float64(-0.28833333333333333)],[1],[0],[0],[0.2096346002072096],['text_3'],,,,,1,5,25,6,94.5157673000358,,,,,,,,94.49035899993032,94.5157673000358,94.5157673000358,94.5157673000358,0.004671700298786163,94.70064570009708,,[np.float64(-0.04)],[np.float64(-0.28833333333333333)],[1],[0],[0],[0.2096346002072096],['text_3'],p4,001,2025-10-15_20h26.42.979,word_priming,,2025.1.1,60.223477326749595,2025-10-15 20h26.50.209440 +0530,
,26,6,1,,,c_s_,case,old ,,[np.float64(-0.04)],[np.float64(-0.28833333333333333)],[1],[0],[0],[0.16201459988951683],['text_3'],,,,,1,6,26,5,94.73251929972321,,,,,,,,94.70509429974481,94.73251929972321,94.73251929972321,94.73251929972321,0.004256700165569782,94.8677570996806,,[np.float64(-0.04)],[np.float64(-0.28833333333333333)],[1],[0],[0],[0.16201459988951683],['text_3'],p4,001,2025-10-15_20h26.42.979,word_priming,,2025.1.1,60.223477326749595,2025-10-15 20h26.50.209440 +0530,
,27,7,1,,,v_s_,vase,new,,[np.float64(-0.04)],[np.float64(-0.28833333333333333)],[1],[0],[0],[0.1599634001031518],['text_3'],,,,,1,7,27,17,94.89989120000973,,,,,,,,94.87254050001502,94.89989120000973,94.89989120000973,94.89989120000973,0.004590599797666073,95.03317479975522,,[np.float64(-0.04)],[np.float64(-0.28833333333333333)],[1],[0],[0],[0.1599634001031518],['text_3'],p4,001,2025-10-15_20h26.42.979,word_priming,,2025.1.1,60.223477326749595,2025-10-15 20h26.50.209440 +0530,
,28,8,1,,,_ou_se,mouse,old ,,[np.float64(-0.04)],[np.float64(-0.28833333333333333)],[1],[0],[0],[0.1630949997343123],['text_3'],,,,,1,8,28,3,95.06545689981431,,,,,,,,95.03804560005665,95.06545689981431,95.06545689981431,95.06545689981431,0.004676300100982189,95.20177989965305,,[np.float64(-0.04)],[np.float64(-0.28833333333333333)],[1],[0],[0],[0.1630949997343123],['text_3'],p4,001,2025-10-15_20h26.42.979,word_priming,,2025.1.1,60.223477326749595,2025-10-15 20h26.50.209440 +0530,
,29,9,1,,,T_hi_t,Tshirt,old ,,[np.float64(-0.04)],[np.float64(-0.28833333333333333)],[1],[0],[0],[0.17683300003409386],['text_3'],,,,,1,9,29,2,95.23235470009968,,,,,,,,95.20667489990592,95.23235470009968,95.23235470009968,95.23235470009968,0.004702599719166756,95.38415869977325,,[np.float64(-0.04)],[np.float64(-0.28833333333333333)],[1],[0],[0],[0.17683300003409386],['text_3'],p4,001,2025-10-15_20h26.42.979,word_priming,,2025.1.1,60.223477326749595,2025-10-15 20h26.50.209440 +0530,
,30,10,1,,,l_pt_p,laptop,old ,,[np.float64(-0.04)],[np.float64(-0.28833333333333333)],[1],[0],[0],[0.17753939982503653],['text_3'],,,,,1,10,30,0,95.4153223996982,,,,,,,,95.3895721998997,95.4153223996982,95.4153223996982,95.4153223996982,0.005200500134378672,95.56768779968843,,[np.float64(-0.04)],[np.float64(-0.28833333333333333)],[1],[0],[0],[0.17753939982503653],['text_3'],p4,001,2025-10-15_20h26.42.979,word_priming,,2025.1.1,60.223477326749595,2025-10-15 20h26.50.209440 +0530,
,31,11,1,,,_a_bl_,Marble,old ,,[np.float64(-0.04)],[np.float64(-0.28833333333333333)],[1],[0],[0],[0.16391370026394725],['text_3'],,,,,1,11,31,11,95.59834360005334,,,,,,,,95.57106159999967,95.59834360005334,95.59834360005334,95.59834360005334,0.0032285000197589397,95.73545560007915,,[np.float64(-0.04)],[np.float64(-0.28833333333333333)],[1],[0],[0],[0.16391370026394725],['text_3'],p4,001,2025-10-15_20h26.42.979,word_priming,,2025.1.1,60.223477326749595,2025-10-15 20h26.50.209440 +0530,
,32,12,1,,,K_y_,Keys,old ,,[np.float64(-0.04)],[np.float64(-0.28833333333333333)],[1],[0],[0],[0.17919999966397882],['text_3'],,,,,1,12,32,8,95.76449640002102,,,,,,,,95.73849539970979,95.76449640002102,95.76449640002102,95.76449640002102,0.0028982004150748253,95.91817419975996,,[np.float64(-0.04)],[np.float64(-0.28833333333333333)],[1],[0],[0],[0.17919999966397882],['text_3'],p4,001,2025-10-15_20h26.42.979,word_priming,,2025.1.1,60.223477326749595,2025-10-15 20h26.50.209440 +0530,
,33,13,1,,,bo_t_e,bottle,new,,[np.float64(-0.04)],[np.float64(-0.28833333333333333)],[1],[0],[0],[0.19437270006164908],['text_3'],,,,,1,13,33,18,95.94805889995769,,,,,,,,95.92208410007879,95.94805889995769,95.94805889995769,95.94805889995769,0.0037463000044226646,96.11693349992856,,[np.float64(-0.04)],[np.float64(-0.28833333333333333)],[1],[0],[0],[0.19437270006164908],['text_3'],p4,001,2025-10-15_20h26.42.979,word_priming,,2025.1.1,60.223477326749595,2025-10-15 20h26.50.209440 +0530,
,34,14,1,,,P_str_,pastry,old ,,[np.float64(-0.04)],[np.float64(-0.28833333333333333)],[1],[0],[0],[0.1631612996570766],['text_3'],,,,,1,14,34,4,96.14782939990982,,,,,,,,96.12041349988431,96.14782939990982,96.14782939990982,96.14782939990982,0.00334359984844923,96.28406680002809,,[np.float64(-0.04)],[np.float64(-0.28833333333333333)],[1],[0],[0],[0.1631612996570766],['text_3'],p4,001,2025-10-15_20h26.42.979,word_priming,,2025.1.1,60.223477326749595,2025-10-15 20h26.50.209440 +0530,
,35,15,1,,,_ha_t,chart,old ,,[np.float64(-0.04)],[np.float64(-0.28833333333333333)],[1],[0],[0],[0.19671589974313974],['text_3'],,,,,1,15,35,1,96.31428009970114,,,,,,,,96.28738809982315,96.31428009970114,96.31428009970114,96.31428009970114,0.0031714998185634613,96.4845841997303,,[np.float64(-0.04)],[np.float64(-0.28833333333333333)],[1],[0],[0],[0.19671589974313974],['text_3'],p4,001,2025-10-15_20h26.42.979,word_priming,,2025.1.1,60.223477326749595,2025-10-15 20h26.50.209440 +0530,
,36,16,1,,,P_li_e,Police,old ,,[np.float64(-0.04)],[np.float64(-0.28833333333333333)],[1],[0],[0],[0.17841479973867536],['text_3'],,,,,1,16,36,7,96.51412699976936,,,,,,,,96.48801609966904,96.51412699976936,96.51412699976936,96.51412699976936,0.0032861996442079544,96.66690219985321,,[np.float64(-0.04)],[np.float64(-0.28833333333333333)],[1],[0],[0],[0.17841479973867536],['text_3'],p4,001,2025-10-15_20h26.42.979,word_priming,,2025.1.1,60.223477326749595,2025-10-15 20h26.50.209440 +0530,
,37,17,1,,,ta_l_,table,new,,[np.float64(-0.04)],[np.float64(-0.28833333333333333)],[1],[0],[0],[0.17883680015802383],['text_3'],,,,,1,17,37,15,96.69740010006353,,,,,,,,96.67026529973373,96.69740010006353,96.69740010006353,96.69740010006353,0.0032226000912487507,96.849576999899,,[np.float64(-0.04)],[np.float64(-0.28833333333333333)],[1],[0],[0],[0.17883680015802383],['text_3'],p4,001,2025-10-15_20h26.42.979,word_priming,,2025.1.1,60.223477326749595,2025-10-15 20h26.50.209440 +0530,
,38,18,1,,,_o_rd,Board,old ,,[np.float64(-0.04)],[np.float64(-0.28833333333333333)],[1],[0],[0],[0.18004890019074082],['text_3'],,,,,1,18,38,10,96.88048489997163,,,,,,,,96.85299619985744,96.88048489997163,96.88048489997163,96.88048489997163,0.003249799832701683,97.03351929970086,,[np.float64(-0.04)],[np.float64(-0.28833333333333333)],[1],[0],[0],[0.18004890019074082],['text_3'],p4,001,2025-10-15_20h26.42.979,word_priming,,2025.1.1,60.223477326749595,2025-10-15 20h26.50.209440 +0530,
,39,19,1,,,_ho_e,Phone,old ,,[np.float64(-0.04)],[np.float64(-0.28833333333333333)],[1],[0],[0],[0.18029259983450174],['text_3'],,,,,1,19,39,12,97.06369340000674,,,,,,,,97.03695129975677,97.06369340000674,97.06369340000674,97.06369340000674,0.00329469982534647,97.2177253998816,,[np.float64(-0.04)],[np.float64(-0.28833333333333333)],[1],[0],[0],[0.18029259983450174],['text_3'],p4,001,2025-10-15_20h26.42.979,word_priming,,2025.1.1,60.223477326749595,2025-10-15 20h26.50.209440 +0530,
,40,0,2,,,_ou_se,mouse,old ,,[np.float64(-0.04)],[np.float64(-0.28833333333333333)],[1],[0],[0],[0.1940485001541674],['text_3'],,,,,2,0,40,3,97.24680260010064,,,,,,,,97.22106879996136,97.24680260010064,97.24680260010064,97.24680260010064,0.0032017999328672886,97.41560889966786,,[np.float64(-0.04)],[np.float64(-0.28833333333333333)],[1],[0],[0],[0.1940485001541674],['text_3'],p4,001,2025-10-15_20h26.42.979,word_priming,,2025.1.1,60.223477326749595,2025-10-15 20h26.50.209440 +0530,
,41,1,2,,,v_s_,vase,new,,[np.float64(-0.04)],[np.float64(-0.28833333333333333)],[1],[0],[0],[0.16319579957053065],['text_3'],,,,,2,1,41,17,97.44660109980032,,,,,,,,97.41964229987934,97.44660109980032,97.44660109980032,97.44660109980032,0.003875299822539091,97.58332149963826,,[np.float64(-0.04)],[np.float64(-0.28833333333333333)],[1],[0],[0],[0.16319579957053065],['text_3'],p4,001,2025-10-15_20h26.42.979,word_priming,,2025.1.1,60.223477326749595,2025-10-15 20h26.50.209440 +0530,
,42,2,2,,,c_s_,case,old ,,[np.float64(-0.04)],[np.float64(-0.28833333333333333)],[1],[0],[0],[0.1781770996749401],['text_3'],,,,,2,2,42,5,97.61289629992098,,,,,,,,97.58636269997805,97.61289629992098,97.61289629992098,97.61289629992098,0.002898199949413538,97.76527530001476,,[np.float64(-0.04)],[np.float64(-0.28833333333333333)],[1],[0],[0],[0.1781770996749401],['text_3'],p4,001,2025-10-15_20h26.42.979,word_priming,,2025.1.1,60.223477326749595,2025-10-15 20h26.50.209440 +0530,
,43,3,2,,,P_li_e,Police,old ,,[np.float64(-0.04)],[np.float64(-0.28833333333333333)],[1],[0],[0],[0.17698420025408268],['text_3'],,,,,2,3,43,7,97.79616299970075,,,,,,,,97.77017919998616,97.79616299970075,97.79616299970075,97.79616299970075,0.004691800102591515,97.94781589973718,,[np.float64(-0.04)],[np.float64(-0.28833333333333333)],[1],[0],[0],[0.17698420025408268],['text_3'],p4,001,2025-10-15_20h26.42.979,word_priming,,2025.1.1,60.223477326749595,2025-10-15 20h26.50.209440 +0530,
,44,4,2,,,_ho_e,Phone,old ,,[np.float64(-0.04)],[np.float64(-0.28833333333333333)],[1],[0],[0],[0.19587259972468019],['text_3'],,,,,2,4,44,12,97.97901479993016,,,,,,,,97.95276159979403,97.97901479993016,97.97901479993016,97.97901479993016,0.004734199959784746,98.1492983000353,,[np.float64(-0.04)],[np.float64(-0.28833333333333333)],[1],[0],[0],[0.19587259972468019],['text_3'],p4,001,2025-10-15_20h26.42.979,word_priming,,2025.1.1,60.223477326749595,2025-10-15 20h26.50.209440 +0530,
,45,5,2,,,_ha_t,chart,old ,,[np.float64(-0.04)],[np.float64(-0.28833333333333333)],[1],[0],[0],[0.19302729982882738],['text_3'],,,,,2,5,45,1,98.1790320998989,,,,,,,,98.1540983999148,98.1790320998989,98.1790320998989,98.1790320998989,0.004600899759680033,98.34776449995115,,[np.float64(-0.04)],[np.float64(-0.28833333333333333)],[1],[0],[0],[0.19302729982882738],['text_3'],p4,001,2025-10-15_20h26.42.979,word_priming,,2025.1.1,60.223477326749595,2025-10-15 20h26.50.209440 +0530,
,46,6,2,,,T_hi_t,Tshirt,old ,,[np.float64(-0.04)],[np.float64(-0.28833333333333333)],[1],[0],[0],[0.19427950028330088],['text_3'],,,,,2,6,46,2,98.3790178000927,,,,,,,,98.35263630002737,98.3790178000927,98.3790178000927,98.3790178000927,0.004674800205975771,98.54755879985169,,[np.float64(-0.04)],[np.float64(-0.28833333333333333)],[1],[0],[0],[0.19427950028330088],['text_3'],p4,001,2025-10-15_20h26.42.979,word_priming,,2025.1.1,60.223477326749595,2025-10-15 20h26.50.209440 +0530,
,47,7,2,,,_ru_s_,cruise,old ,,[np.float64(-0.04)],[np.float64(-0.28833333333333333)],[1],[0],[0],[0.16052330005913973],['text_3'],,,,,2,7,47,6,98.57893669977784,,,,,,,,98.5524750999175,98.57893669977784,98.57893669977784,98.57893669977784,0.0047196997329592705,98.71364319976419,,[np.float64(-0.04)],[np.float64(-0.28833333333333333)],[1],[0],[0],[0.16052330005913973],['text_3'],p4,001,2025-10-15_20h26.42.979,word_priming,,2025.1.1,60.223477326749595,2025-10-15 20h26.50.209440 +0530,
,48,8,2,,,p_nc_l,pencil,new,,[np.float64(-0.04)],[np.float64(-0.28833333333333333)],[1],[0],[0],[0.17899050004780293],['text_3'],,,,,2,8,48,16,98.74526019999757,,,,,,,,98.71905659977347,98.74526019999757,98.74526019999757,98.74526019999757,0.005219200160354376,98.89869039971381,,[np.float64(-0.04)],[np.float64(-0.28833333333333333)],[1],[0],[0],[0.17899050004780293],['text_3'],p4,001,2025-10-15_20h26.42.979,word_priming,,2025.1.1,60.223477326749595,2025-10-15 20h26.50.209440 +0530,
,49,9,2,,,_o_rd,Board,old ,,[np.float64(-0.04)],[np.float64(-0.28833333333333333)],[1],[0],[0],[0.2255294001661241],['text_3'],,,,,2,9,49,10,98.92843859968707,,,,,,,,98.90348279988393,98.92843859968707,98.92843859968707,98.92843859968707,0.004563500173389912,99.12965960009024,,[np.float64(-0.04)],[np.float64(-0.28833333333333333)],[1],[0],[0],[0.2255294001661241],['text_3'],p4,001,2025-10-15_20h26.42.979,word_priming,,2025.1.1,60.223477326749595,2025-10-15 20h26.50.209440 +0530,
,50,10,2,,,P_st_r,Poster,old ,,[np.float64(-0.04)],[np.float64(-0.28833333333333333)],[1],[0],[0],[0.17811170034110546],['text_3'],,,,,2,10,50,9,99.16162019968033,,,,,,,,99.13467679964378,99.16162019968033,99.16162019968033,99.16162019968033,0.004830099642276764,99.3134445999749,,[np.float64(-0.04)],[np.float64(-0.28833333333333333)],[1],[0],[0],[0.17811170034110546],['text_3'],p4,001,2025-10-15_20h26.42.979,word_priming,,2025.1.1,60.223477326749595,2025-10-15 20h26.50.209440 +0530,
,51,11,2,,,l_pt_p,laptop,old ,,[np.float64(-0.04)],[np.float64(-0.28833333333333333)],[1],[0],[0],[0.19359710020944476],['text_3'],,,,,2,11,51,0,99.34473440004513,,,,,,,,99.31879499973729,99.34473440004513,99.34473440004513,99.34473440004513,0.005153900012373924,99.51302559999749,,[np.float64(-0.04)],[np.float64(-0.28833333333333333)],[1],[0],[0],[0.19359710020944476],['text_3'],p4,001,2025-10-15_20h26.42.979,word_priming,,2025.1.1,60.223477326749595,2025-10-15 20h26.50.209440 +0530,
,52,12,2,,,K_y_,Keys,old ,,[np.float64(-0.04)],[np.float64(-0.28833333333333333)],[1],[0],[0],[0.19588480005040765],['text_3'],,,,,2,12,52,8,99.54413329996169,,,,,,,,99.51737739983946,99.54413329996169,99.54413329996169,99.54413329996169,0.004149800166487694,99.71392389992252,,[np.float64(-0.04)],[np.float64(-0.28833333333333333)],[1],[0],[0],[0.19588480005040765],['text_3'],p4,001,2025-10-15_20h26.42.979,word_priming,,2025.1.1,60.223477326749595,2025-10-15 20h26.50.209440 +0530,
,53,13,2,,,c_m_ra,camera,new,,[np.float64(-0.04)],[np.float64(-0.28833333333333333)],[1],[0],[0],[0.21005680039525032],['text_3'],,,,,2,13,53,19,99.74433159967884,,,,,,,,99.71880730008706,99.74433159967884,99.74433159967884,99.74433159967884,0.0046930997632443905,99.92951310006902,,[np.float64(-0.04)],[np.float64(-0.28833333333333333)],[1],[0],[0],[0.21005680039525032],['text_3'],p4,001,2025-10-15_20h26.42.979,word_priming,,2025.1.1,60.223477326749595,2025-10-15 20h26.50.209440 +0530,
,54,14,2,,,bo_t_e,bottle,new,,[np.float64(-0.04)],[np.float64(-0.28833333333333333)],[1],[0],[0],[0.17758719995617867],['text_3'],,,,,2,14,54,18,99.96074789995328,,,,,,,,99.9344950998202,99.96074789995328,99.96074789995328,99.96074789995328,0.004790399689227343,100.11278240010142,,[np.float64(-0.04)],[np.float64(-0.28833333333333333)],[1],[0],[0],[0.17758719995617867],['text_3'],p4,001,2025-10-15_20h26.42.979,word_priming,,2025.1.1,60.223477326749595,2025-10-15 20h26.50.209440 +0530,
,55,15,2,,,_a_bl_,Marble,old ,,[np.float64(-0.04)],[np.float64(-0.28833333333333333)],[1],[0],[0],[0.2107054996304214],['text_3'],,,,,2,15,55,11,100.14372029993683,,,,,,,,100.11777579970658,100.14372029993683,100.14372029993683,100.14372029993683,0.00479310005903244,100.3291372996755,,[np.float64(-0.04)],[np.float64(-0.28833333333333333)],[1],[0],[0],[0.2107054996304214],['text_3'],p4,001,2025-10-15_20h26.42.979,word_priming,,2025.1.1,60.223477326749595,2025-10-15 20h26.50.209440 +0530,
,56,16,2,,,P_str_,pastry,old ,,[np.float64(-0.04)],[np.float64(-0.28833333333333333)],[1],[0],[0],[0.19438089989125729],['text_3'],,,,,2,16,56,4,100.36016279971227,,,,,,,,100.3339757998474,100.36016279971227,100.36016279971227,100.36016279971227,0.00464210007339716,100.52899939985946,,[np.float64(-0.04)],[np.float64(-0.28833333333333333)],[1],[0],[0],[0.19438089989125729],['text_3'],p4,001,2025-10-15_20h26.42.979,word_priming,,2025.1.1,60.223477326749595,2025-10-15 20h26.50.209440 +0530,
,57,17,2,,,c_s_io_,cushion,old ,,[np.float64(-0.04)],[np.float64(-0.28833333333333333)],[1],[0],[0],[0.1933907000347972],['text_3'],,,,,2,17,57,14,100.5598011999391,,,,,,,,100.53407539986074,100.5598011999391,100.5598011999391,100.5598011999391,0.004856699611991644,100.72812859993428,,[np.float64(-0.04)],[np.float64(-0.28833333333333333)],[1],[0],[0],[0.1933907000347972],['text_3'],p4,001,2025-10-15_20h26.42.979,word_priming,,2025.1.1,60.223477326749595,2025-10-15 20h26.50.209440 +0530,
,58,18,2,,,_oo_,book,old ,,[np.float64(-0.04)],[np.float64(-0.28833333333333333)],[1],[0],[0],[0.21081060031428933],['text_3'],,,,,2,18,58,13,100.76002679998055,,,,,,,,100.73304020008072,100.76002679998055,100.76002679998055,100.76002679998055,0.004699899815022945,100.94449219992384,,[np.float64(-0.04)],[np.float64(-0.28833333333333333)],[1],[0],[0],[0.21081060031428933],['text_3'],p4,001,2025-10-15_20h26.42.979,word_priming,,2025.1.1,60.223477326749595,2025-10-15 20h26.50.209440 +0530,
,59,19,2,,,ta_l_,table,new,,[np.float64(-0.04)],[np.float64(-0.28833333333333333)],[1],[0],[0],[0.21079309983178973],['text_3'],,,,,2,19,59,15,100.9768065996468,,,,,,,,100.9493881999515,100.9768065996468,100.9768065996468,100.9768065996468,0.0046894000843167305,101.16083099972457,,[np.float64(-0.04)],[np.float64(-0.28833333333333333)],[1],[0],[0],[0.21079309983178973],['text_3'],p4,001,2025-10-15_20h26.42.979,word_priming,,2025.1.1,60.223477326749595,2025-10-15 20h26.50.209440 +0530,
,60,0,3,,,ta_l_,table,new,,[np.float64(-0.04)],[np.float64(-0.28833333333333333)],[1],[0],[0],[0.18218329967930913],['text_3'],,,,,3,0,60,15,101.19287749985233,,,,,,,,101.16181189985946,101.19287749985233,101.19287749985233,101.19287749985233,0.0007372000254690647,101.34467419981956,,[np.float64(-0.04)],[np.float64(-0.28833333333333333)],[1],[0],[0],[0.18218329967930913],['text_3'],p4,001,2025-10-15_20h26.42.979,word_priming,,2025.1.1,60.223477326749595,2025-10-15 20h26.50.209440 +0530,
,61,1,3,,,_ru_s_,cruise,old ,,[np.float64(-0.04)],[np.float64(-0.28833333333333333)],[1],[0],[0],[0.19565150002017617],['text_3'],,,,,3,1,61,6,101.37585920002311,,,,,,,,101.34949960000813,101.37585920002311,101.37585920002311,101.37585920002311,0.004634699784219265,101.5458088000305,,[np.float64(-0.04)],[np.float64(-0.28833333333333333)],[1],[0],[0],[0.19565150002017617],['text_3'],p4,001,2025-10-15_20h26.42.979,word_priming,,2025.1.1,60.223477326749595,2025-10-15 20h26.50.209440 +0530,
,62,2,3,,,P_li_e,Police,old ,,[np.float64(-0.04)],[np.float64(-0.28833333333333333)],[1],[0],[0],[0.19277180032804608],['text_3'],,,,,3,2,62,7,101.57575020007789,,,,,,,,101.55110999988392,101.57575020007789,101.57575020007789,101.57575020007789,0.0051068998873233795,101.74454690003768,,[np.float64(-0.04)],[np.float64(-0.28833333333333333)],[1],[0],[0],[0.19277180032804608],['text_3'],p4,001,2025-10-15_20h26.42.979,word_priming,,2025.1.1,60.223477326749595,2025-10-15 20h26.50.209440 +0530,
,63,3,3,,,P_str_,pastry,old ,,[np.float64(-0.04)],[np.float64(-0.28833333333333333)],[1],[0],[0],[0.17744049988687038],['text_3'],,,,,3,3,63,4,101.7762453998439,,,,,,,,101.74937189975753,101.7762453998439,101.7762453998439,101.7762453998439,0.004629699978977442,101.92745499964803,,[np.float64(-0.04)],[np.float64(-0.28833333333333333)],[1],[0],[0],[0.17744049988687038],['text_3'],p4,001,2025-10-15_20h26.42.979,word_priming,,2025.1.1,60.223477326749595,2025-10-15 20h26.50.209440 +0530,
,64,4,3,,,c_s_,case,old ,,[np.float64(-0.04)],[np.float64(-0.28833333333333333)],[1],[0],[0],[0.1784141999669373],['text_3'],,,,,3,4,64,5,101.95880809985101,,,,,,,,101.93177639972419,101.95880809985101,101.95880809985101,101.95880809985101,0.004127100110054016,102.11085220007226,,[np.float64(-0.04)],[np.float64(-0.28833333333333333)],[1],[0],[0],[0.1784141999669373],['text_3'],p4,001,2025-10-15_20h26.42.979,word_priming,,2025.1.1,60.223477326749595,2025-10-15 20h26.50.209440 +0530,
,65,5,3,,,_ha_t,chart,old ,,[np.float64(-0.04)],[np.float64(-0.28833333333333333)],[1],[0],[0],[0.1946764001622796],['text_3'],,,,,3,5,65,1,102.14197149965912,,,,,,,,102.11582499975339,102.14197149965912,102.14197149965912,102.14197149965912,0.004775600042194128,102.311152999755,,[np.float64(-0.04)],[np.float64(-0.28833333333333333)],[1],[0],[0],[0.1946764001622796],['text_3'],p4,001,2025-10-15_20h26.42.979,word_priming,,2025.1.1,60.223477326749595,2025-10-15 20h26.50.209440 +0530,
,66,6,3,,,l_pt_p,laptop,old ,,[np.float64(-0.04)],[np.float64(-0.28833333333333333)],[1],[0],[0],[0.22760930005460978],['text_3'],,,,,3,6,66,0,102.34150990005583,,,,,,,,102.31599569972605,102.34150990005583,102.34150990005583,102.34150990005583,0.0046410998329520226,102.54424769990146,,[np.float64(-0.04)],[np.float64(-0.28833333333333333)],[1],[0],[0],[0.22760930005460978],['text_3'],p4,001,2025-10-15_20h26.42.979,word_priming,,2025.1.1,60.223477326749595,2025-10-15 20h26.50.209440 +0530,
,67,7,3,,,K_y_,Keys,old ,,[np.float64(-0.04)],[np.float64(-0.28833333333333333)],[1],[0],[0],[0.19345090026035905],['text_3'],,,,,3,7,67,8,102.57544580008835,,,,,,,,102.54861359996721,102.57544580008835,102.57544580008835,102.57544580008835,0.004152100067585707,102.74271149979904,,[np.float64(-0.04)],[np.float64(-0.28833333333333333)],[1],[0],[0],[0.19345090026035905],['text_3'],p4,001,2025-10-15_20h26.42.979,word_priming,,2025.1.1,60.223477326749595,2025-10-15 20h26.50.209440 +0530,
,68,8,3,,,p_nc_l,pencil,new,,[np.float64(-0.04)],[np.float64(-0.28833333333333333)],[1],[0],[0],[0.17898910026997328],['text_3'],,,,,3,8,68,16,102.77461620001122,,,,,,,,102.74760610004887,102.77461620001122,102.77461620001122,102.77461620001122,0.004697500262409449,102.92724729981273,,[np.float64(-0.04)],[np.float64(-0.28833333333333333)],[1],[0],[0],[0.17898910026997328],['text_3'],p4,001,2025-10-15_20h26.42.979,word_priming,,2025.1.1,60.223477326749595,2025-10-15 20h26.50.209440 +0530,
,69,9,3,,,_oo_,book,old ,,[np.float64(-0.04)],[np.float64(-0.28833333333333333)],[1],[0],[0],[0.20995219983160496],['text_3'],,,,,3,9,69,13,102.95782859995961,,,,,,,,102.93203309969977,102.95782859995961,102.95782859995961,102.95782859995961,0.004590499680489302,103.14268109994009,,[np.float64(-0.04)],[np.float64(-0.28833333333333333)],[1],[0],[0],[0.20995219983160496],['text_3'],p4,001,2025-10-15_20h26.42.979,word_priming,,2025.1.1,60.223477326749595,2025-10-15 20h26.50.209440 +0530,
,70,10,3,,,bo_t_e,bottle,new,,[np.float64(-0.04)],[np.float64(-0.28833333333333333)],[1],[0],[0],[0.19398330012336373],['text_3'],,,,,3,10,70,18,103.17402439983562,,,,,,,,103.14756199996918,103.17402439983562,103.17402439983562,103.17402439983562,0.0046572997234761715,103.34218499995768,,[np.float64(-0.04)],[np.float64(-0.28833333333333333)],[1],[0],[0],[0.19398330012336373],['text_3'],p4,001,2025-10-15_20h26.42.979,word_priming,,2025.1.1,60.223477326749595,2025-10-15 20h26.50.209440 +0530,
,71,11,3,,,_o_rd,Board,old ,,[np.float64(-0.04)],[np.float64(-0.28833333333333333)],[1],[0],[0],[0.16180399991571903],['text_3'],,,,,3,11,71,10,103.37412819964811,,,,,,,,103.34695039968938,103.37412819964811,103.37412819964811,103.37412819964811,0.004565900191664696,103.50939359981567,,[np.float64(-0.04)],[np.float64(-0.28833333333333333)],[1],[0],[0],[0.16180399991571903],['text_3'],p4,001,2025-10-15_20h26.42.979,word_priming,,2025.1.1,60.223477326749595,2025-10-15 20h26.50.209440 +0530,
,72,12,3,,,_a_bl_,Marble,old ,,[np.float64(-0.04)],[np.float64(-0.28833333333333333)],[1],[0],[0],[0.19391279993578792],['text_3'],,,,,3,12,72,11,103.54062479967251,,,,,,,,103.51432809978724,103.54062479967251,103.54062479967251,103.54062479967251,0.004739300347864628,103.70888799987733,,[np.float64(-0.04)],[np.float64(-0.28833333333333333)],[1],[0],[0],[0.19391279993578792],['text_3'],p4,001,2025-10-15_20h26.42.979,word_priming,,2025.1.1,60.223477326749595,2025-10-15 20h26.50.209440 +0530,
,73,13,3,,,_ou_se,mouse,old ,,[np.float64(-0.04)],[np.float64(-0.28833333333333333)],[1],[0],[0],[0.21098180022090673],['text_3'],,,,,3,13,73,3,103.74041269998997,,,,,,,,103.71393339987844,103.74041269998997,103.74041269998997,103.74041269998997,0.0048559000715613365,103.92556509980932,,[np.float64(-0.04)],[np.float64(-0.28833333333333333)],[1],[0],[0],[0.21098180022090673],['text_3'],p4,001,2025-10-15_20h26.42.979,word_priming,,2025.1.1,60.223477326749595,2025-10-15 20h26.50.209440 +0530,
,74,14,3,,,v_s_,vase,new,,[np.float64(-0.04)],[np.float64(-0.28833333333333333)],[1],[0],[0],[0.1940918997861445],['text_3'],,,,,3,14,74,17,103.95656959991902,,,,,,,,103.92987809982151,103.95656959991902,103.95656959991902,103.95656959991902,0.0041151996701955795,104.12461629975587,,[np.float64(-0.04)],[np.float64(-0.28833333333333333)],[1],[0],[0],[0.1940918997861445],['text_3'],p4,001,2025-10-15_20h26.42.979,word_priming,,2025.1.1,60.223477326749595,2025-10-15 20h26.50.209440 +0530,
,75,15,3,,,_ho_e,Phone,old ,,[np.float64(-0.04)],[np.float64(-0.28833333333333333)],[1],[0],[0],[0.19431750010699034],['text_3'],,,,,3,15,75,12,104.15667779976502,,,,,,,,104.12964829988778,104.15667779976502,104.15667779976502,104.15667779976502,0.004820600152015686,104.32462889980525,,[np.float64(-0.04)],[np.float64(-0.28833333333333333)],[1],[0],[0],[0.19431750010699034],['text_3'],p4,001,2025-10-15_20h26.42.979,word_priming,,2025.1.1,60.223477326749595,2025-10-15 20h26.50.209440 +0530,
,76,16,3,,,T_hi_t,Tshirt,old ,,[np.float64(-0.04)],[np.float64(-0.28833333333333333)],[1],[0],[0],[0.1943730995990336],['text_3'],,,,,3,16,76,2,104.35651329997927,,,,,,,,104.33000040007755,104.35651329997927,104.35651329997927,104.35651329997927,0.005171599797904491,104.52502000005916,,[np.float64(-0.04)],[np.float64(-0.28833333333333333)],[1],[0],[0],[0.1943730995990336],['text_3'],p4,001,2025-10-15_20h26.42.979,word_priming,,2025.1.1,60.223477326749595,2025-10-15 20h26.50.209440 +0530,
,77,17,3,,,c_m_ra,camera,new,,[np.float64(-0.04)],[np.float64(-0.28833333333333333)],[1],[0],[0],[0.19430779991671443],['text_3'],,,,,3,17,77,19,104.55624519987032,,,,,,,,104.52986899996176,104.55624519987032,104.55624519987032,104.55624519987032,0.004654200281947851,104.72483609989285,,[np.float64(-0.04)],[np.float64(-0.28833333333333333)],[1],[0],[0],[0.19430779991671443],['text_3'],p4,001,2025-10-15_20h26.42.979,word_priming,,2025.1.1,60.223477326749595,2025-10-15 20h26.50.209440 +0530,
,78,18,3,,,c_s_io_,cushion,old ,,[np.float64(-0.04)],[np.float64(-0.28833333333333333)],[1],[0],[0],[0.21191970026120543],['text_3'],,,,,3,18,78,14,104.75602229963988,,,,,,,,104.72972809989005,104.75602229963988,104.75602229963988,104.75602229963988,0.004695999901741743,104.94228919968009,,[np.float64(-0.04)],[np.float64(-0.28833333333333333)],[1],[0],[0],[0.21191970026120543],['text_3'],p4,001,2025-10-15_20h26.42.979,word_priming,,2025.1.1,60.223477326749595,2025-10-15 20h26.50.209440 +0530,
,79,19,3,,,P_st_r,Poster,old ,,[np.float64(-0.04)],[np.float64(-0.28833333333333333)],[1],[0],[0],[0.2106781001202762],['text_3'],,,,,3,19,79,9,104.97248989995569,,,,,,,,104.94604109972715,104.97248989995569,104.97248989995569,104.97248989995569,0.0036070002242922783,105.1573155997321,,[np.float64(-0.04)],[np.float64(-0.28833333333333333)],[1],[0],[0],[0.2106781001202762],['text_3'],p4,001,2025-10-15_20h26.42.979,word_priming,,2025.1.1,60.223477326749595,2025-10-15 20h26.50.209440 +0530,
,80,0,4,,,_ho_e,Phone,old ,,[np.float64(-0.04)],[np.float64(-0.28833333333333333)],[1],[0],[0],[0.21081560011953115],['text_3'],,,,,4,0,80,12,105.18896679999307,,,,,,,,105.16210260009393,105.18896679999307,105.18896679999307,105.18896679999307,0.004589700140058994,105.37356229964644,,[np.float64(-0.04)],[np.float64(-0.28833333333333333)],[1],[0],[0],[0.21081560011953115],['text_3'],p4,001,2025-10-15_20h26.42.979,word_priming,,2025.1.1,60.223477326749595,2025-10-15 20h26.50.209440 +0530,
,81,1,4,,,_ha_t,chart,old ,,[np.float64(-0.04)],[np.float64(-0.28833333333333333)],[1],[0],[0],[0.22751689981669188],['text_3'],,,,,4,1,81,1,105.4054315998219,,,,,,,,105.37836560001597,105.4054315998219,105.4054315998219,105.4054315998219,0.004605799913406372,105.60653589991853,,[np.float64(-0.04)],[np.float64(-0.28833333333333333)],[1],[0],[0],[0.22751689981669188],['text_3'],p4,001,2025-10-15_20h26.42.979,word_priming,,2025.1.1,60.223477326749595,2025-10-15 20h26.50.209440 +0530,
,82,2,4,,,P_li_e,Police,old ,,[np.float64(-0.04)],[np.float64(-0.28833333333333333)],[1],[0],[0],[0.16059410013258457],['text_3'],,,,,4,2,82,7,105.63881610007957,,,,,,,,105.61255469964817,105.63881610007957,105.63881610007957,105.63881610007957,0.005825200118124485,105.77379469992593,,[np.float64(-0.04)],[np.float64(-0.28833333333333333)],[1],[0],[0],[0.16059410013258457],['text_3'],p4,001,2025-10-15_20h26.42.979,word_priming,,2025.1.1,60.223477326749595,2025-10-15 20h26.50.209440 +0530,
,83,3,4,,,c_s_,case,old ,,[np.float64(-0.04)],[np.float64(-0.28833333333333333)],[1],[0],[0],[0.24426049971953034],['text_3'],,,,,4,3,83,5,105.80502229975536,,,,,,,,105.77817079983652,105.80502229975536,105.80502229975536,105.80502229975536,0.004162400029599667,106.02309349970892,,[np.float64(-0.04)],[np.float64(-0.28833333333333333)],[1],[0],[0],[0.24426049971953034],['text_3'],p4,001,2025-10-15_20h26.42.979,word_priming,,2025.1.1,60.223477326749595,2025-10-15 20h26.50.209440 +0530,
,84,4,4,,,_ru_s_,cruise,old ,,[np.float64(-0.04)],[np.float64(-0.28833333333333333)],[1],[0],[0],[0.17849460011348128],['text_3'],,,,,4,4,84,6,106.05514159984887,,,,,,,,106.02807739982381,106.05514159984887,106.05514159984887,106.05514159984887,0.004799600224941969,106.2072401996702,,[np.float64(-0.04)],[np.float64(-0.28833333333333333)],[1],[0],[0],[0.17849460011348128],['text_3'],p4,001,2025-10-15_20h26.42.979,word_priming,,2025.1.1,60.223477326749595,2025-10-15 20h26.50.209440 +0530,
,85,5,4,,,p_nc_l,pencil,new,,[np.float64(-0.04)],[np.float64(-0.28833333333333333)],[1],[0],[0],[0.19550970010459423],['text_3'],,,,,4,5,85,16,106.23792909970507,,,,,,,,106.21203179983422,106.23792909970507,106.23792909970507,106.23792909970507,0.004609200172126293,106.40816179988906,,[np.float64(-0.04)],[np.float64(-0.28833333333333333)],[1],[0],[0],[0.19550970010459423],['text_3'],p4,001,2025-10-15_20h26.42.979,word_priming,,2025.1.1,60.223477326749595,2025-10-15 20h26.50.209440 +0530,
,86,6,4,,,P_str_,pastry,old ,,[np.float64(-0.04)],[np.float64(-0.28833333333333333)],[1],[0],[0],[0.22560650017112494],['text_3'],,,,,4,6,86,4,106.43864369997755,,,,,,,,106.41258449992165,106.43864369997755,106.43864369997755,106.43864369997755,0.0042477999813854694,106.63878529984504,,[np.float64(-0.04)],[np.float64(-0.28833333333333333)],[1],[0],[0],[0.22560650017112494],['text_3'],p4,001,2025-10-15_20h26.42.979,word_priming,,2025.1.1,60.223477326749595,2025-10-15 20h26.50.209440 +0530,
,87,7,4,,,P_st_r,Poster,old ,,[np.float64(-0.04)],[np.float64(-0.28833333333333333)],[1],[0],[0],[0.19464939972385764],['text_3'],,,,,4,7,87,9,106.67075889976695,,,,,,,,106.64375249994919,106.67075889976695,106.67075889976695,106.67075889976695,0.004772299900650978,106.83905059983954,,[np.float64(-0.04)],[np.float64(-0.28833333333333333)],[1],[0],[0],[0.19464939972385764],['text_3'],p4,001,2025-10-15_20h26.42.979,word_priming,,2025.1.1,60.223477326749595,2025-10-15 20h26.50.209440 +0530,
,88,8,4,,,v_s_,vase,new,,[np.float64(-0.04)],[np.float64(-0.28833333333333333)],[1],[0],[0],[0.1962101999670267],['text_3'],,,,,4,8,88,17,106.87068769987673,,,,,,,,106.84338629990816,106.87068769987673,106.87068769987673,106.87068769987673,0.004136399831622839,107.04018289968371,,[np.float64(-0.04)],[np.float64(-0.28833333333333333)],[1],[0],[0],[0.1962101999670267],['text_3'],p4,001,2025-10-15_20h26.42.979,word_priming,,2025.1.1,60.223477326749595,2025-10-15 20h26.50.209440 +0530,
,89,9,4,,,c_m_ra,camera,new,,[np.float64(-0.04)],[np.float64(-0.28833333333333333)],[1],[0],[0],[0.21197830000892282],['text_3'],,,,,4,9,89,19,107.07031559990719,,,,,,,,107.04369030008093,107.07031559990719,107.07031559990719,107.07031559990719,0.003355999942868948,107.25616539968178,,[np.float64(-0.04)],[np.float64(-0.28833333333333333)],[1],[0],[0],[0.21197830000892282],['text_3'],p4,001,2025-10-15_20h26.42.979,word_priming,,2025.1.1,60.223477326749595,2025-10-15 20h26.50.209440 +0530,
,90,10,4,,,ta_l_,table,new,,[np.float64(-0.04)],[np.float64(-0.28833333333333333)],[1],[0],[0],[0.1958234002813697],['text_3'],,,,,4,10,90,15,107.28681589988992,,,,,,,,107.25950569985434,107.28681589988992,107.28681589988992,107.28681589988992,0.0031968001276254654,107.45580479968339,,[np.float64(-0.04)],[np.float64(-0.28833333333333333)],[1],[0],[0],[0.1958234002813697],['text_3'],p4,001,2025-10-15_20h26.42.979,word_priming,,2025.1.1,60.223477326749595,2025-10-15 20h26.50.209440 +0530,
,91,11,4,,,c_s_io_,cushion,old ,,[np.float64(-0.04)],[np.float64(-0.28833333333333333)],[1],[0],[0],[0.19532399997115135],['text_3'],,,,,4,11,91,14,107.48659770004451,,,,,,,,107.45981259969994,107.48659770004451,107.48659770004451,107.48659770004451,0.003867099992930889,107.65562410000712,,[np.float64(-0.04)],[np.float64(-0.28833333333333333)],[1],[0],[0],[0.19532399997115135],['text_3'],p4,001,2025-10-15_20h26.42.979,word_priming,,2025.1.1,60.223477326749595,2025-10-15 20h26.50.209440 +0530,
,92,12,4,,,_a_bl_,Marble,old ,,[np.float64(-0.04)],[np.float64(-0.28833333333333333)],[1],[0],[0],[0.19587359996512532],['text_3'],,,,,4,12,92,11,107.68646459979936,,,,,,,,107.65912969969213,107.68646459979936,107.68646459979936,107.68646459979936,0.003368699923157692,107.85549609968439,,[np.float64(-0.04)],[np.float64(-0.28833333333333333)],[1],[0],[0],[0.19587359996512532],['text_3'],p4,001,2025-10-15_20h26.42.979,word_priming,,2025.1.1,60.223477326749595,2025-10-15 20h26.50.209440 +0530,
,93,13,4,,,_o_rd,Board,old ,,[np.float64(-0.04)],[np.float64(-0.28833333333333333)],[1],[0],[0],[0.19571359967812896],['text_3'],,,,,4,13,93,10,107.88630919996649,,,,,,,,107.85885090008378,107.88630919996649,107.88630919996649,107.88630919996649,0.003184800036251545,108.05504400003701,,[np.float64(-0.04)],[np.float64(-0.28833333333333333)],[1],[0],[0],[0.19571359967812896],['text_3'],p4,001,2025-10-15_20h26.42.979,word_priming,,2025.1.1,60.223477326749595,2025-10-15 20h26.50.209440 +0530,
,94,14,4,,,_ou_se,mouse,old ,,[np.float64(-0.04)],[np.float64(-0.28833333333333333)],[1],[0],[0],[0.17936989990994334],['text_3'],,,,,4,14,94,3,108.08602639986202,,,,,,,,108.05845810007304,108.08602639986202,108.08602639986202,108.08602639986202,0.0032683000899851322,108.23830499965698,,[np.float64(-0.04)],[np.float64(-0.28833333333333333)],[1],[0],[0],[0.17936989990994334],['text_3'],p4,001,2025-10-15_20h26.42.979,word_priming,,2025.1.1,60.223477326749595,2025-10-15 20h26.50.209440 +0530,
,95,15,4,,,_oo_,book,old ,,[np.float64(-0.04)],[np.float64(-0.28833333333333333)],[1],[0],[0],[0.23062959965318441],['text_3'],,,,,4,15,95,13,108.26932809967548,,,,,,,,108.24131619976833,108.26932809967548,108.26932809967548,108.26932809967548,0.002863599918782711,108.47242179978639,,[np.float64(-0.04)],[np.float64(-0.28833333333333333)],[1],[0],[0],[0.23062959965318441],['text_3'],p4,001,2025-10-15_20h26.42.979,word_priming,,2025.1.1,60.223477326749595,2025-10-15 20h26.50.209440 +0530,
,96,16,4,,,K_y_,Keys,old ,,[np.float64(-0.04)],[np.float64(-0.28833333333333333)],[1],[0],[0],[0.17917030025273561],['text_3'],,,,,4,16,96,8,108.50227000005543,,,,,,,,108.47590299975127,108.50227000005543,108.50227000005543,108.50227000005543,0.0033391001634299755,108.65555780008435,,[np.float64(-0.04)],[np.float64(-0.28833333333333333)],[1],[0],[0],[0.17917030025273561],['text_3'],p4,001,2025-10-15_20h26.42.979,word_priming,,2025.1.1,60.223477326749595,2025-10-15 20h26.50.209440 +0530,
,97,17,4,,,bo_t_e,bottle,new,,[np.float64(-0.04)],[np.float64(-0.28833333333333333)],[1],[0],[0],[0.21131550008431077],['text_3'],,,,,4,17,97,18,108.68538019992411,,,,,,,,108.65893799997866,108.68538019992411,108.68538019992411,108.68538019992411,0.003238100092858076,108.87080830009654,,[np.float64(-0.04)],[np.float64(-0.28833333333333333)],[1],[0],[0],[0.21131550008431077],['text_3'],p4,001,2025-10-15_20h26.42.979,word_priming,,2025.1.1,60.223477326749595,2025-10-15 20h26.50.209440 +0530,
,98,18,4,,,l_pt_p,laptop,old ,,[np.float64(-0.04)],[np.float64(-0.28833333333333333)],[1],[0],[0],[0.17750640027225018],['text_3'],,,,,4,18,98,0,108.90209640003741,,,,,,,,108.87577509973198,108.90209640003741,108.90209640003741,108.90209640003741,0.004765400197356939,109.05392370000482,,[np.float64(-0.04)],[np.float64(-0.28833333333333333)],[1],[0],[0],[0.17750640027225018],['text_3'],p4,001,2025-10-15_20h26.42.979,word_priming,,2025.1.1,60.223477326749595,2025-10-15 20h26.50.209440 +0530,
,99,19,4,,,T_hi_t,Tshirt,old ,,[np.float64(-0.04)],[np.float64(-0.28833333333333333)],[1],[0],[0],[0.21021889988332987],['text_3'],,,,,4,19,99,2,109.08512269984931,,,,,,,,109.0593570000492,109.08512269984931,109.08512269984931,109.08512269984931,0.005235799588263035,109.2702293000184,,[np.float64(-0.04)],[np.float64(-0.28833333333333333)],[1],[0],[0],[0.21021889988332987],['text_3'],p4,001,2025-10-15_20h26.42.979,word_priming,,2025.1.1,60.223477326749595,2025-10-15 20h26.50.209440 +0530,
,100,0,5,,,p_nc_l,pencil,new,,[np.float64(-0.04)],[np.float64(-0.28833333333333333)],[1],[0],[0],[0.19546000007539988],['text_3'],,,,,5,0,100,16,109.30157310003415,,,,,,,,109.27506939973682,109.30157310003415,109.30157310003415,109.30157310003415,0.004637900274246931,109.47116889990866,,[np.float64(-0.04)],[np.float64(-0.28833333333333333)],[1],[0],[0],[0.19546000007539988],['text_3'],p4,001,2025-10-15_20h26.42.979,word_priming,,2025.1.1,60.223477326749595,2025-10-15 20h26.50.209440 +0530,
,101,1,5,,,v_s_,vase,new,,[np.float64(-0.04)],[np.float64(-0.28833333333333333)],[1],[0],[0],[0.22637049993500113],['text_3'],,,,,5,1,101,17,109.50190600007772,,,,,,,,109.475532699842,109.50190600007772,109.50190600007772,109.50190600007772,0.00414740014821291,109.70257959980518,,[np.float64(-0.04)],[np.float64(-0.28833333333333333)],[1],[0],[0],[0.22637049993500113],['text_3'],p4,001,2025-10-15_20h26.42.979,word_priming,,2025.1.1,60.223477326749595,2025-10-15 20h26.50.209440 +0530,
,102,2,5,,,P_st_r,Poster,old ,,[np.float64(-0.04)],[np.float64(-0.28833333333333333)],[1],[0],[0],[0.19417289970442653],['text_3'],,,,,5,2,102,9,109.73496849974617,,,,,,,,109.70752639975399,109.73496849974617,109.73496849974617,109.73496849974617,0.004740499891340733,109.90236219996586,,[np.float64(-0.04)],[np.float64(-0.28833333333333333)],[1],[0],[0],[0.19417289970442653],['text_3'],p4,001,2025-10-15_20h26.42.979,word_priming,,2025.1.1,60.223477326749595,2025-10-15 20h26.50.209440 +0530,
,103,3,5,,,P_li_e,Police,old ,,[np.float64(-0.04)],[np.float64(-0.28833333333333333)],[1],[0],[0],[0.2269084001891315],['text_3'],,,,,5,3,103,7,109.93468439998105,,,,,,,,109.90740309981629,109.93468439998105,109.93468439998105,109.93468439998105,0.004830799996852875,110.13496979977936,,[np.float64(-0.04)],[np.float64(-0.28833333333333333)],[1],[0],[0],[0.2269084001891315],['text_3'],p4,001,2025-10-15_20h26.42.979,word_priming,,2025.1.1,60.223477326749595,2025-10-15 20h26.50.209440 +0530,
,104,4,5,,,_a_bl_,Marble,old ,,[np.float64(-0.04)],[np.float64(-0.28833333333333333)],[1],[0],[0],[0.2140488000586629],['text_3'],,,,,5,4,104,11,110.16753049986437,,,,,,,,110.13977780006826,110.16753049986437,110.16753049986437,110.16753049986437,0.004612800199538469,110.35447499994189,,[np.float64(-0.04)],[np.float64(-0.28833333333333333)],[1],[0],[0],[0.2140488000586629],['text_3'],p4,001,2025-10-15_20h26.42.979,word_priming,,2025.1.1,60.223477326749595,2025-10-15 20h26.50.209440 +0530,
,105,5,5,,,_ou_se,mouse,old ,,[np.float64(-0.04)],[np.float64(-0.28833333333333333)],[1],[0],[0],[0.22526590013876557],['text_3'],,,,,5,5,105,3,110.3839647998102,,,,,,,,110.35941329970956,110.3839647998102,110.3839647998102,110.3839647998102,0.004743499681353569,110.58532959967852,,[np.float64(-0.04)],[np.float64(-0.28833333333333333)],[1],[0],[0],[0.22526590013876557],['text_3'],p4,001,2025-10-15_20h26.42.979,word_priming,,2025.1.1,60.223477326749595,2025-10-15 20h26.50.209440 +0530,
,106,6,5,,,bo_t_e,bottle,new,,[np.float64(-0.04)],[np.float64(-0.28833333333333333)],[1],[0],[0],[0.16079630004242063],['text_3'],,,,,5,6,106,18,110.61645899992436,,,,,,,,110.59072900004685,110.61645899992436,110.61645899992436,110.61645899992436,0.005212899763137102,110.75217719981447,,[np.float64(-0.04)],[np.float64(-0.28833333333333333)],[1],[0],[0],[0.16079630004242063],['text_3'],p4,001,2025-10-15_20h26.42.979,word_priming,,2025.1.1,60.223477326749595,2025-10-15 20h26.50.209440 +0530,
,107,7,5,,,_ru_s_,cruise,old ,,[np.float64(-0.04)],[np.float64(-0.28833333333333333)],[1],[0],[0],[0.17831179965287447],['text_3'],,,,,5,7,107,6,110.78303189994767,,,,,,,,110.75700980005786,110.78303189994767,110.78303189994767,110.78303189994767,0.004640999715775251,110.93589589977637,,[np.float64(-0.04)],[np.float64(-0.28833333333333333)],[1],[0],[0],[0.17831179965287447],['text_3'],p4,001,2025-10-15_20h26.42.979,word_priming,,2025.1.1,60.223477326749595,2025-10-15 20h26.50.209440 +0530,
,108,8,5,,,T_hi_t,Tshirt,old ,,[np.float64(-0.04)],[np.float64(-0.28833333333333333)],[1],[0],[0],[0.196486699860543],['text_3'],,,,,5,8,108,2,110.96655779983848,,,,,,,,110.93926730006933,110.96655779983848,110.96655779983848,110.96655779983848,0.0032049003057181835,111.13623789977282,,[np.float64(-0.04)],[np.float64(-0.28833333333333333)],[1],[0],[0],[0.196486699860543],['text_3'],p4,001,2025-10-15_20h26.42.979,word_priming,,2025.1.1,60.223477326749595,2025-10-15 20h26.50.209440 +0530,
,109,9,5,,,c_s_io_,cushion,old ,,[np.float64(-0.04)],[np.float64(-0.28833333333333333)],[1],[0],[0],[0.1943117999471724],['text_3'],,,,,5,9,109,14,111.16646600002423,,,,,,,,111.14035309990868,111.16646600002423,111.16646600002423,111.16646600002423,0.003990400116890669,111.33519019978121,,[np.float64(-0.04)],[np.float64(-0.28833333333333333)],[1],[0],[0],[0.1943117999471724],['text_3'],p4,001,2025-10-15_20h26.42.979,word_priming,,2025.1.1,60.223477326749595,2025-10-15 20h26.50.209440 +0530,
,110,10,5,,,P_str_,pastry,old ,,[np.float64(-0.04)],[np.float64(-0.28833333333333333)],[1],[0],[0],[0.21256770007312298],['text_3'],,,,,5,10,110,4,111.36620480008423,,,,,,,,111.3386141997762,111.36620480008423,111.36620480008423,111.36620480008423,0.003280899953097105,111.55167689966038,,[np.float64(-0.04)],[np.float64(-0.28833333333333333)],[1],[0],[0],[0.21256770007312298],['text_3'],p4,001,2025-10-15_20h26.42.979,word_priming,,2025.1.1,60.223477326749595,2025-10-15 20h26.50.209440 +0530,
,111,11,5,,,c_m_ra,camera,new,,[np.float64(-0.04)],[np.float64(-0.28833333333333333)],[1],[0],[0],[0.19570029992610216],['text_3'],,,,,5,11,111,19,111.58265469968319,,,,,,,,111.55515159992501,111.58265469968319,111.58265469968319,111.58265469968319,0.0033319001086056232,111.75133399991319,,[np.float64(-0.04)],[np.float64(-0.28833333333333333)],[1],[0],[0],[0.19570029992610216],['text_3'],p4,001,2025-10-15_20h26.42.979,word_priming,,2025.1.1,60.223477326749595,2025-10-15 20h26.50.209440 +0530,
,112,12,5,,,_ha_t,chart,old ,,[np.float64(-0.04)],[np.float64(-0.28833333333333333)],[1],[0],[0],[0.19582149991765618],['text_3'],,,,,5,12,112,1,111.78243649983779,,,,,,,,111.75499269971624,111.78243649983779,111.78243649983779,111.78243649983779,0.0035232999362051487,111.95131109980866,,[np.float64(-0.04)],[np.float64(-0.28833333333333333)],[1],[0],[0],[0.19582149991765618],['text_3'],p4,001,2025-10-15_20h26.42.979,word_priming,,2025.1.1,60.223477326749595,2025-10-15 20h26.50.209440 +0530,
,113,13,5,,,K_y_,Keys,old ,,[np.float64(-0.04)],[np.float64(-0.28833333333333333)],[1],[0],[0],[0.2283977000042796],['text_3'],,,,,5,13,113,8,111.98215569974855,,,,,,,,111.95446279970929,111.98215569974855,111.98215569974855,111.98215569974855,0.0030220001935958862,112.1834326996468,,[np.float64(-0.04)],[np.float64(-0.28833333333333333)],[1],[0],[0],[0.2283977000042796],['text_3'],p4,001,2025-10-15_20h26.42.979,word_priming,,2025.1.1,60.223477326749595,2025-10-15 20h26.50.209440 +0530,
,114,14,5,,,ta_l_,table,new,,[np.float64(-0.04)],[np.float64(-0.28833333333333333)],[1],[0],[0],[0.17837349977344275],['text_3'],,,,,5,14,114,15,112.2153890999034,,,,,,,,112.18825519969687,112.2153890999034,112.2153890999034,112.2153890999034,0.0046270000748336315,112.3672690000385,,[np.float64(-0.04)],[np.float64(-0.28833333333333333)],[1],[0],[0],[0.17837349977344275],['text_3'],p4,001,2025-10-15_20h26.42.979,word_priming,,2025.1.1,60.223477326749595,2025-10-15 20h26.50.209440 +0530,
,115,15,5,,,_o_rd,Board,old ,,[np.float64(-0.04)],[np.float64(-0.28833333333333333)],[1],[0],[0],[0.19409410003572702],['text_3'],,,,,5,15,115,10,112.39847459970042,,,,,,,,112.37206520000473,112.39847459970042,112.39847459970042,112.39847459970042,0.004600899759680033,112.56681069964543,,[np.float64(-0.04)],[np.float64(-0.28833333333333333)],[1],[0],[0],[0.19409410003572702],['text_3'],p4,001,2025-10-15_20h26.42.979,word_priming,,2025.1.1,60.223477326749595,2025-10-15 20h26.50.209440 +0530,
,116,16,5,,,_oo_,book,old ,,[np.float64(-0.04)],[np.float64(-0.28833333333333333)],[1],[0],[0],[0.22759580006822944],['text_3'],,,,,5,16,116,13,112.59838779969141,,,,,,,,112.57120059989393,112.59838779969141,112.59838779969141,112.59838779969141,0.0041724001057446,112.79943670006469,,[np.float64(-0.04)],[np.float64(-0.28833333333333333)],[1],[0],[0],[0.22759580006822944],['text_3'],p4,001,2025-10-15_20h26.42.979,word_priming,,2025.1.1,60.223477326749595,2025-10-15 20h26.50.209440 +0530,
,117,17,5,,,l_pt_p,laptop,old ,,[np.float64(-0.04)],[np.float64(-0.28833333333333333)],[1],[0],[0],[0.17829279974102974],['text_3'],,,,,5,17,117,0,112.83157479995862,,,,,,,,112.8044436997734,112.83157479995862,112.83157479995862,112.83157479995862,0.004810699727386236,112.98337819986045,,[np.float64(-0.04)],[np.float64(-0.28833333333333333)],[1],[0],[0],[0.17829279974102974],['text_3'],p4,001,2025-10-15_20h26.42.979,word_priming,,2025.1.1,60.223477326749595,2025-10-15 20h26.50.209440 +0530,
,118,18,5,,,_ho_e,Phone,old ,,[np.float64(-0.04)],[np.float64(-0.28833333333333333)],[1],[0],[0],[0.2093706000596285],['text_3'],,,,,5,18,118,12,113.01454659970477,,,,,,,,112.98928149975836,113.01454659970477,113.01454659970477,113.01454659970477,0.005700899753719568,113.19929959997535,,[np.float64(-0.04)],[np.float64(-0.28833333333333333)],[1],[0],[0],[0.2093706000596285],['text_3'],p4,001,2025-10-15_20h26.42.979,word_priming,,2025.1.1,60.223477326749595,2025-10-15 20h26.50.209440 +0530,
,119,19,5,,,c_s_,case,old ,,[np.float64(-0.04)],[np.float64(-0.28833333333333333)],[1],[0],[0],[0.1951358001679182],['text_3'],,,,,5,19,119,5,113.23107469966635,,,,,,,,113.20375490002334,113.23107469966635,113.23107469966635,113.23107469966635,0.004267800133675337,113.39956819964573,,[np.float64(-0.04)],[np.float64(-0.28833333333333333)],[1],[0],[0],[0.1951358001679182],['text_3'],p4,001,2025-10-15_20h26.42.979,word_priming,,2025.1.1,60.223477326749595,2025-10-15 20h26.50.209440 +0530,
,120,0,6,,,c_s_io_,cushion,old ,,[np.float64(-0.04)],[np.float64(-0.28833333333333333)],[1],[0],[0],[0.1942314999178052],['text_3'],,,,,6,0,120,14,113.43078120006248,,,,,,,,113.40453609963879,113.43078120006248,113.43078120006248,113.43078120006248,0.004772800020873547,113.59941220004112,,[np.float64(-0.04)],[np.float64(-0.28833333333333333)],[1],[0],[0],[0.1942314999178052],['text_3'],p4,001,2025-10-15_20h26.42.979,word_priming,,2025.1.1,60.223477326749595,2025-10-15 20h26.50.209440 +0530,
,121,1,6,,,_ha_t,chart,old ,,[np.float64(-0.04)],[np.float64(-0.28833333333333333)],[1],[0],[0],[0.19437749963253736],['text_3'],,,,,6,1,121,1,113.63024439988658,,,,,,,,113.60416259989142,113.63024439988658,113.63024439988658,113.63024439988658,0.004553900100290775,113.79918910004199,,[np.float64(-0.04)],[np.float64(-0.28833333333333333)],[1],[0],[0],[0.19437749963253736],['text_3'],p4,001,2025-10-15_20h26.42.979,word_priming,,2025.1.1,60.223477326749595,2025-10-15 20h26.50.209440 +0530,
,122,2,6,,,T_hi_t,Tshirt,old ,,[np.float64(-0.04)],[np.float64(-0.28833333333333333)],[1],[0],[0],[0.2102542999200523],['text_3'],,,,,6,2,122,2,113.83010829985142,,,,,,,,113.80403769994155,113.83010829985142,113.83010829985142,113.83010829985142,0.004652800038456917,114.01493889978155,,[np.float64(-0.04)],[np.float64(-0.28833333333333333)],[1],[0],[0],[0.2102542999200523],['text_3'],p4,001,2025-10-15_20h26.42.979,word_priming,,2025.1.1,60.223477326749595,2025-10-15 20h26.50.209440 +0530,
,123,3,6,,,v_s_,vase,new,,[np.float64(-0.04)],[np.float64(-0.28833333333333333)],[1],[0],[0],[0.19483450008556247],['text_3'],,,,,6,3,123,17,114.04679200006649,,,,,,,,114.01922870008275,114.04679200006649,114.04679200006649,114.04679200006649,0.004085899796336889,114.21471829991788,,[np.float64(-0.04)],[np.float64(-0.28833333333333333)],[1],[0],[0],[0.19483450008556247],['text_3'],p4,001,2025-10-15_20h26.42.979,word_priming,,2025.1.1,60.223477326749595,2025-10-15 20h26.50.209440 +0530,
,124,4,6,,,P_li_e,Police,old ,,[np.float64(-0.04)],[np.float64(-0.28833333333333333)],[1],[0],[0],[0.19428239995613694],['text_3'],,,,,6,4,124,7,114.24676419980824,,,,,,,,114.21958999987692,114.24676419980824,114.24676419980824,114.24676419980824,0.004640300292521715,114.41451409971341,,[np.float64(-0.04)],[np.float64(-0.28833333333333333)],[1],[0],[0],[0.19428239995613694],['text_3'],p4,001,2025-10-15_20h26.42.979,word_priming,,2025.1.1,60.223477326749595,2025-10-15 20h26.50.209440 +0530,
,125,5,6,,,c_s_,case,old ,,[np.float64(-0.04)],[np.float64(-0.28833333333333333)],[1],[0],[0],[0.1624515000730753],['text_3'],,,,,6,5,125,5,114.44643859984353,,,,,,,,114.41927059972659,114.44643859984353,114.44643859984353,114.44643859984353,0.004561499692499638,114.58236189978197,,[np.float64(-0.04)],[np.float64(-0.28833333333333333)],[1],[0],[0],[0.1624515000730753],['text_3'],p4,001,2025-10-15_20h26.42.979,word_priming,,2025.1.1,60.223477326749595,2025-10-15 20h26.50.209440 +0530,
,126,6,6,,,_ou_se,mouse,old ,,[np.float64(-0.04)],[np.float64(-0.28833333333333333)],[1],[0],[0],[0.22705690003931522],['text_3'],,,,,6,6,126,3,114.61303899995983,,,,,,,,114.58714659977704,114.61303899995983,114.61303899995983,114.61303899995983,0.004589899908751249,114.81484019989148,,[np.float64(-0.04)],[np.float64(-0.28833333333333333)],[1],[0],[0],[0.22705690003931522],['text_3'],p4,001,2025-10-15_20h26.42.979,word_priming,,2025.1.1,60.223477326749595,2025-10-15 20h26.50.209440 +0530,
,127,7,6,,,P_str_,pastry,old ,,[np.float64(-0.04)],[np.float64(-0.28833333333333333)],[1],[0],[0],[0.21050899988040328],['text_3'],,,,,6,7,127,4,114.84624829981476,,,,,,,,114.81968199973926,114.84624829981476,114.84624829981476,114.84624829981476,0.0046351999044418335,115.03087019966915,,[np.float64(-0.04)],[np.float64(-0.28833333333333333)],[1],[0],[0],[0.21050899988040328],['text_3'],p4,001,2025-10-15_20h26.42.979,word_priming,,2025.1.1,60.223477326749595,2025-10-15 20h26.50.209440 +0530,
,128,8,6,,,_oo_,book,old ,,[np.float64(-0.04)],[np.float64(-0.28833333333333333)],[1],[0],[0],[0.21122660022228956],['text_3'],,,,,6,8,128,13,115.06256720004603,,,,,,,,115.0351470997557,115.06256720004603,115.06256720004603,115.06256720004603,0.004077199846506119,115.24701339984313,,[np.float64(-0.04)],[np.float64(-0.28833333333333333)],[1],[0],[0],[0.21122660022228956],['text_3'],p4,001,2025-10-15_20h26.42.979,word_priming,,2025.1.1,60.223477326749595,2025-10-15 20h26.50.209440 +0530,
,129,9,6,,,P_st_r,Poster,old ,,[np.float64(-0.04)],[np.float64(-0.28833333333333333)],[1],[0],[0],[0.19392549991607666],['text_3'],,,,,6,9,129,9,115.27909919992089,,,,,,,,115.25188659969717,115.27909919992089,115.27909919992089,115.27909919992089,0.004674400202929974,115.44645479973406,,[np.float64(-0.04)],[np.float64(-0.28833333333333333)],[1],[0],[0],[0.19392549991607666],['text_3'],p4,001,2025-10-15_20h26.42.979,word_priming,,2025.1.1,60.223477326749595,2025-10-15 20h26.50.209440 +0530,
,130,10,6,,,bo_t_e,bottle,new,,[np.float64(-0.04)],[np.float64(-0.28833333333333333)],[1],[0],[0],[0.19568699970841408],['text_3'],,,,,6,10,130,18,115.47882020007819,,,,,,,,115.45129199977964,115.47882020007819,115.47882020007819,115.47882020007819,0.0046431999653577805,115.64762219972908,,[np.float64(-0.04)],[np.float64(-0.28833333333333333)],[1],[0],[0],[0.19568699970841408],['text_3'],p4,001,2025-10-15_20h26.42.979,word_priming,,2025.1.1,60.223477326749595,2025-10-15 20h26.50.209440 +0530,
,131,11,6,,,p_nc_l,pencil,new,,[np.float64(-0.04)],[np.float64(-0.28833333333333333)],[1],[0],[0],[0.19338959967717528],['text_3'],,,,,6,11,131,16,115.67821569973603,,,,,,,,115.65309809986502,115.67821569973603,115.67821569973603,115.67821569973603,0.005280799698084593,115.84714929992333,,[np.float64(-0.04)],[np.float64(-0.28833333333333333)],[1],[0],[0],[0.19338959967717528],['text_3'],p4,001,2025-10-15_20h26.42.979,word_priming,,2025.1.1,60.223477326749595,2025-10-15 20h26.50.209440 +0530,
,132,12,6,,,_o_rd,Board,old ,,[np.float64(-0.04)],[np.float64(-0.28833333333333333)],[1],[0],[0],[0.2105245003476739],['text_3'],,,,,6,12,132,10,115.87836499977857,,,,,,,,115.85250219982117,115.87836499977857,115.87836499977857,115.87836499977857,0.00513519998639822,116.06368019990623,,[np.float64(-0.04)],[np.float64(-0.28833333333333333)],[1],[0],[0],[0.2105245003476739],['text_3'],p4,001,2025-10-15_20h26.42.979,word_priming,,2025.1.1,60.223477326749595,2025-10-15 20h26.50.209440 +0530,
,133,13,6,,,ta_l_,table,new,,[np.float64(-0.04)],[np.float64(-0.28833333333333333)],[1],[0],[0],[0.1779193002730608],['text_3'],,,,,6,13,133,15,116.09492679964751,,,,,,,,116.0687199998647,116.09492679964751,116.09492679964751,116.09492679964751,0.0048501999117434025,116.24729539966211,,[np.float64(-0.04)],[np.float64(-0.28833333333333333)],[1],[0],[0],[0.1779193002730608],['text_3'],p4,001,2025-10-15_20h26.42.979,word_priming,,2025.1.1,60.223477326749595,2025-10-15 20h26.50.209440 +0530,
,134,14,6,,,_a_bl_,Marble,old ,,[np.float64(-0.04)],[np.float64(-0.28833333333333333)],[1],[0],[0],[0.22682980028912425],['text_3'],,,,,6,14,134,11,116.27778969984502,,,,,,,,116.25217439979315,116.27778969984502,116.27778969984502,116.27778969984502,0.004683000035583973,116.47965319966897,,[np.float64(-0.04)],[np.float64(-0.28833333333333333)],[1],[0],[0],[0.22682980028912425],['text_3'],p4,001,2025-10-15_20h26.42.979,word_priming,,2025.1.1,60.223477326749595,2025-10-15 20h26.50.209440 +0530,
,135,15,6,,,_ho_e,Phone,old ,,[np.float64(-0.04)],[np.float64(-0.28833333333333333)],[1],[0],[0],[0.19410339975729585],['text_3'],,,,,6,15,135,12,116.51109689986333,,,,,,,,116.48492499999702,116.51109689986333,116.51109689986333,116.51109689986333,0.005076299887150526,116.67967079998925,,[np.float64(-0.04)],[np.float64(-0.28833333333333333)],[1],[0],[0],[0.19410339975729585],['text_3'],p4,001,2025-10-15_20h26.42.979,word_priming,,2025.1.1,60.223477326749595,2025-10-15 20h26.50.209440 +0530,
,136,16,6,,,c_m_ra,camera,new,,[np.float64(-0.04)],[np.float64(-0.28833333333333333)],[1],[0],[0],[0.22709539998322725],['text_3'],,,,,6,16,136,19,116.71168270008639,,,,,,,,116.68446950009093,116.71168270008639,116.71168270008639,116.71168270008639,0.004602599889039993,116.91220769984648,,[np.float64(-0.04)],[np.float64(-0.28833333333333333)],[1],[0],[0],[0.22709539998322725],['text_3'],p4,001,2025-10-15_20h26.42.979,word_priming,,2025.1.1,60.223477326749595,2025-10-15 20h26.50.209440 +0530,
,137,17,6,,,l_pt_p,laptop,old ,,[np.float64(-0.04)],[np.float64(-0.28833333333333333)],[1],[0],[0],[0.21111240005120635],['text_3'],,,,,6,17,137,0,116.94411320006475,,,,,,,,116.91714829998091,116.94411320006475,116.94411320006475,116.94411320006475,0.00470769964158535,117.12890399992466,,[np.float64(-0.04)],[np.float64(-0.28833333333333333)],[1],[0],[0],[0.21111240005120635],['text_3'],p4,001,2025-10-15_20h26.42.979,word_priming,,2025.1.1,60.223477326749595,2025-10-15 20h26.50.209440 +0530,
,138,18,6,,,_ru_s_,cruise,old ,,[np.float64(-0.04)],[np.float64(-0.28833333333333333)],[1],[0],[0],[0.19313659984618425],['text_3'],,,,,6,18,138,6,117.1605822998099,,,,,,,,117.13445479981601,117.1605822998099,117.1605822998099,117.1605822998099,0.005357599817216396,117.32824869966134,,[np.float64(-0.04)],[np.float64(-0.28833333333333333)],[1],[0],[0],[0.19313659984618425],['text_3'],p4,001,2025-10-15_20h26.42.979,word_priming,,2025.1.1,60.223477326749595,2025-10-15 20h26.50.209440 +0530,
,139,19,6,,,K_y_,Keys,old ,,[np.float64(-0.04)],[np.float64(-0.28833333333333333)],[1],[0],[0],[0.19557280000299215],['text_3'],,,,,6,19,139,8,117.36030819965526,,,,,,,,117.3325588000007,117.36030819965526,117.36030819965526,117.36030819965526,0.004122700076550245,117.52878549974412,,[np.float64(-0.04)],[np.float64(-0.28833333333333333)],[1],[0],[0],[0.19557280000299215],['text_3'],p4,001,2025-10-15_20h26.42.979,word_priming,,2025.1.1,60.223477326749595,2025-10-15 20h26.50.209440 +0530,
,140,0,7,,,_ou_se,mouse,old ,,[np.float64(-0.04)],[np.float64(-0.28833333333333333)],[1],[0],[0],[0.22714379988610744],['text_3'],,,,,7,0,140,3,117.55967479990795,,,,,,,,117.53358139982447,117.55967479990795,117.55967479990795,117.55967479990795,0.004603299777954817,117.76137090008706,,[np.float64(-0.04)],[np.float64(-0.28833333333333333)],[1],[0],[0],[0.22714379988610744],['text_3'],p4,001,2025-10-15_20h26.42.979,word_priming,,2025.1.1,60.223477326749595,2025-10-15 20h26.50.209440 +0530,
,141,1,7,,,_ho_e,Phone,old ,,[np.float64(-0.04)],[np.float64(-0.28833333333333333)],[1],[0],[0],[0.17828840017318726],['text_3'],,,,,7,1,141,12,117.793251699768,,,,,,,,117.76611820003018,117.793251699768,117.793251699768,117.793251699768,0.00455079972743988,117.94505139999092,,[np.float64(-0.04)],[np.float64(-0.28833333333333333)],[1],[0],[0],[0.17828840017318726],['text_3'],p4,001,2025-10-15_20h26.42.979,word_priming,,2025.1.1,60.223477326749595,2025-10-15 20h26.50.209440 +0530,
,142,2,7,,,_oo_,book,old ,,[np.float64(-0.04)],[np.float64(-0.28833333333333333)],[1],[0],[0],[0.2271494003944099],['text_3'],,,,,7,2,142,13,117.9764016000554,,,,,,,,117.94979099975899,117.9764016000554,117.9764016000554,117.9764016000554,0.004297100007534027,118.17760679963976,,[np.float64(-0.04)],[np.float64(-0.28833333333333333)],[1],[0],[0],[0.2271494003944099],['text_3'],p4,001,2025-10-15_20h26.42.979,word_priming,,2025.1.1,60.223477326749595,2025-10-15 20h26.50.209440 +0530,
,143,3,7,,,c_s_io_,cushion,old ,,[np.float64(-0.04)],[np.float64(-0.28833333333333333)],[1],[0],[0],[0.1781942001543939],['text_3'],,,,,7,3,143,14,118.20946959964931,,,,,,,,118.18245749967173,118.20946959964931,118.20946959964931,118.20946959964931,0.0046524000354111195,118.36129779973999,,[np.float64(-0.04)],[np.float64(-0.28833333333333333)],[1],[0],[0],[0.1781942001543939],['text_3'],p4,001,2025-10-15_20h26.42.979,word_priming,,2025.1.1,60.223477326749595,2025-10-15 20h26.50.209440 +0530,
,144,4,7,,,P_li_e,Police,old ,,[np.float64(-0.04)],[np.float64(-0.28833333333333333)],[1],[0],[0],[0.22696059988811612],['text_3'],,,,,7,4,144,7,118.39282009983435,,,,,,,,118.36611069971696,118.39282009983435,118.39282009983435,118.39282009983435,0.0045995996333658695,118.59373060008511,,[np.float64(-0.04)],[np.float64(-0.28833333333333333)],[1],[0],[0],[0.22696059988811612],['text_3'],p4,001,2025-10-15_20h26.42.979,word_priming,,2025.1.1,60.223477326749595,2025-10-15 20h26.50.209440 +0530,
,145,5,7,,,P_st_r,Poster,old ,,[np.float64(-0.04)],[np.float64(-0.28833333333333333)],[1],[0],[0],[0.16138989990577102],['text_3'],,,,,7,5,145,9,118.62579210009426,,,,,,,,118.59904959984124,118.62579210009426,118.62579210009426,118.62579210009426,0.0051032002083957195,118.76108219986781,,[np.float64(-0.04)],[np.float64(-0.28833333333333333)],[1],[0],[0],[0.16138989990577102],['text_3'],p4,001,2025-10-15_20h26.42.979,word_priming,,2025.1.1,60.223477326749595,2025-10-15 20h26.50.209440 +0530,
,146,6,7,,,_a_bl_,Marble,old ,,[np.float64(-0.04)],[np.float64(-0.28833333333333333)],[1],[0],[0],[0.21019490016624331],['text_3'],,,,,7,6,146,11,118.79204099997878,,,,,,,,118.76619279989973,118.79204099997878,118.79204099997878,118.79204099997878,0.004893899895250797,118.97696939995512,,[np.float64(-0.04)],[np.float64(-0.28833333333333333)],[1],[0],[0],[0.21019490016624331],['text_3'],p4,001,2025-10-15_20h26.42.979,word_priming,,2025.1.1,60.223477326749595,2025-10-15 20h26.50.209440 +0530,
,147,7,7,,,c_s_,case,old ,,[np.float64(-0.04)],[np.float64(-0.28833333333333333)],[1],[0],[0],[0.2136646001599729],['text_3'],,,,,7,7,147,5,119.00863839965314,,,,,,,,118.98000769969076,119.00863839965314,119.00863839965314,119.00863839965314,0.0028778999112546444,119.19414949975908,,[np.float64(-0.04)],[np.float64(-0.28833333333333333)],[1],[0],[0],[0.2136646001599729],['text_3'],p4,001,2025-10-15_20h26.42.979,word_priming,,2025.1.1,60.223477326749595,2025-10-15 20h26.50.209440 +0530,
,148,8,7,,,v_s_,vase,new,,[np.float64(-0.04)],[np.float64(-0.28833333333333333)],[1],[0],[0],[0.1955413999967277],['text_3'],,,,,7,8,148,17,119.22530069993809,,,,,,,,119.19805269967765,119.22530069993809,119.22530069993809,119.22530069993809,0.0037679998204112053,119.39409160008654,,[np.float64(-0.04)],[np.float64(-0.28833333333333333)],[1],[0],[0],[0.1955413999967277],['text_3'],p4,001,2025-10-15_20h26.42.979,word_priming,,2025.1.1,60.223477326749595,2025-10-15 20h26.50.209440 +0530,
,149,9,7,,,K_y_,Keys,old ,,[np.float64(-0.04)],[np.float64(-0.28833333333333333)],[1],[0],[0],[0.2292229998856783],['text_3'],,,,,7,9,149,8,119.42484200000763,,,,,,,,119.39742199983448,119.42484200000763,119.42484200000763,119.42484200000763,0.0032278997823596,119.62727389996871,,[np.float64(-0.04)],[np.float64(-0.28833333333333333)],[1],[0],[0],[0.2292229998856783],['text_3'],p4,001,2025-10-15_20h26.42.979,word_priming,,2025.1.1,60.223477326749595,2025-10-15 20h26.50.209440 +0530,
,150,10,7,,,l_pt_p,laptop,old ,,[np.float64(-0.04)],[np.float64(-0.28833333333333333)],[1],[0],[0],[0.21093219984322786],['text_3'],,,,,7,10,150,0,119.65806429972872,,,,,,,,119.63078180002049,119.65806429972872,119.65806429972872,119.65806429972872,0.0033738999627530575,119.84228609967977,,[np.float64(-0.04)],[np.float64(-0.28833333333333333)],[1],[0],[0],[0.21093219984322786],['text_3'],p4,001,2025-10-15_20h26.42.979,word_priming,,2025.1.1,60.223477326749595,2025-10-15 20h26.50.209440 +0530,
,151,11,7,,,p_nc_l,pencil,new,,[np.float64(-0.04)],[np.float64(-0.28833333333333333)],[1],[0],[0],[0.2276201997883618],['text_3'],,,,,7,11,151,16,119.87407779973,,,,,,,,119.84711459977552,119.87407779973,119.87407779973,119.87407779973,0.004629900213330984,120.07537460001186,,[np.float64(-0.04)],[np.float64(-0.28833333333333333)],[1],[0],[0],[0.2276201997883618],['text_3'],p4,001,2025-10-15_20h26.42.979,word_priming,,2025.1.1,60.223477326749595,2025-10-15 20h26.50.209440 +0530,
,152,12,7,,,ta_l_,table,new,,[np.float64(-0.04)],[np.float64(-0.28833333333333333)],[1],[0],[0],[0.21151959989219904],['text_3'],,,,,7,12,152,15,120.10753670008853,,,,,,,,120.08014749968424,120.10753670008853,120.10753670008853,120.10753670008853,0.004556899890303612,120.29230589978397,,[np.float64(-0.04)],[np.float64(-0.28833333333333333)],[1],[0],[0],[0.21151959989219904],['text_3'],p4,001,2025-10-15_20h26.42.979,word_priming,,2025.1.1,60.223477326749595,2025-10-15 20h26.50.209440 +0530,
,153,13,7,,,P_str_,pastry,old ,,[np.float64(-0.04)],[np.float64(-0.28833333333333333)],[1],[0],[0],[0.19538590032607317],['text_3'],,,,,7,13,153,4,120.32358919968829,,,,,,,,120.29712629970163,120.32358919968829,120.32358919968829,120.32358919968829,0.0046200999058783054,120.49316499987617,,[np.float64(-0.04)],[np.float64(-0.28833333333333333)],[1],[0],[0],[0.19538590032607317],['text_3'],p4,001,2025-10-15_20h26.42.979,word_priming,,2025.1.1,60.223477326749595,2025-10-15 20h26.50.209440 +0530,
,154,14,7,,,T_hi_t,Tshirt,old ,,[np.float64(-0.04)],[np.float64(-0.28833333333333333)],[1],[0],[0],[0.22571479994803667],['text_3'],,,,,7,14,154,2,120.52350639970973,,,,,,,,120.49868009984493,120.52350639970973,120.52350639970973,120.52350639970973,0.0053218998946249485,120.7250516996719,,[np.float64(-0.04)],[np.float64(-0.28833333333333333)],[1],[0],[0],[0.22571479994803667],['text_3'],p4,001,2025-10-15_20h26.42.979,word_priming,,2025.1.1,60.223477326749595,2025-10-15 20h26.50.209440 +0530,
,155,15,7,,,_ru_s_,cruise,old ,,[np.float64(-0.04)],[np.float64(-0.28833333333333333)],[1],[0],[0],[0.19460219983011484],['text_3'],,,,,7,15,155,6,120.75683180009946,,,,,,,,120.7298685000278,120.75683180009946,120.75683180009946,120.75683180009946,0.004622399806976318,120.92510999972001,,[np.float64(-0.04)],[np.float64(-0.28833333333333333)],[1],[0],[0],[0.19460219983011484],['text_3'],p4,001,2025-10-15_20h26.42.979,word_priming,,2025.1.1,60.223477326749595,2025-10-15 20h26.50.209440 +0530,
,156,16,7,,,_ha_t,chart,old ,,[np.float64(-0.04)],[np.float64(-0.28833333333333333)],[1],[0],[0],[0.19475589971989393],['text_3'],,,,,7,16,156,1,120.95672699995339,,,,,,,,120.93005950003862,120.95672699995339,120.95672699995339,120.95672699995339,0.004754199646413326,121.12546009989455,,[np.float64(-0.04)],[np.float64(-0.28833333333333333)],[1],[0],[0],[0.19475589971989393],['text_3'],p4,001,2025-10-15_20h26.42.979,word_priming,,2025.1.1,60.223477326749595,2025-10-15 20h26.50.209440 +0530,
,157,17,7,,,_o_rd,Board,old ,,[np.float64(-0.04)],[np.float64(-0.28833333333333333)],[1],[0],[0],[0.2098326999694109],['text_3'],,,,,7,17,157,10,121.15656659984961,,,,,,,,121.13142589991912,121.15656659984961,121.15656659984961,121.15656659984961,0.005751499906182289,121.34192709997296,,[np.float64(-0.04)],[np.float64(-0.28833333333333333)],[1],[0],[0],[0.2098326999694109],['text_3'],p4,001,2025-10-15_20h26.42.979,word_priming,,2025.1.1,60.223477326749595,2025-10-15 20h26.50.209440 +0530,
,158,18,7,,,c_m_ra,camera,new,,[np.float64(-0.04)],[np.float64(-0.28833333333333333)],[1],[0],[0],[0.19372199987992644],['text_3'],,,,,7,18,158,19,121.37302619963884,,,,,,,,121.34693120000884,121.37302619963884,121.37302619963884,121.37302619963884,0.004809200298041105,121.54131809994578,,[np.float64(-0.04)],[np.float64(-0.28833333333333333)],[1],[0],[0],[0.19372199987992644],['text_3'],p4,001,2025-10-15_20h26.42.979,word_priming,,2025.1.1,60.223477326749595,2025-10-15 20h26.50.209440 +0530,
,159,19,7,,,bo_t_e,bottle,new,,[np.float64(-0.04)],[np.float64(-0.28833333333333333)],[1],[0],[0],[0.22689740033820271],['text_3'],,,,,7,19,159,18,121.57282749982551,,,,,,,,121.54609459964558,121.57282749982551,121.57282749982551,121.57282749982551,0.004578200168907642,121.7736407998018,,[np.float64(-0.04)],[np.float64(-0.28833333333333333)],[1],[0],[0],[0.22689740033820271],['text_3'],p4,001,2025-10-15_20h26.42.979,word_priming,,2025.1.1,60.223477326749595,2025-10-15 20h26.50.209440 +0530,
,160,0,8,,,P_str_,pastry,old ,,[np.float64(-0.04)],[np.float64(-0.28833333333333333)],[1],[0],[0],[0.21151260007172823],['text_3'],,,,,8,0,160,4,121.80598369985819,,,,,,,,121.7789717996493,121.80598369985819,121.80598369985819,121.80598369985819,0.005116600077599287,121.9911302998662,,[np.float64(-0.04)],[np.float64(-0.28833333333333333)],[1],[0],[0],[0.21151260007172823],['text_3'],p4,001,2025-10-15_20h26.42.979,word_priming,,2025.1.1,60.223477326749595,2025-10-15 20h26.50.209440 +0530,
,161,1,8,,,_ou_se,mouse,old ,,[np.float64(-0.04)],[np.float64(-0.28833333333333333)],[1],[0],[0],[0.2110810000449419],['text_3'],,,,,8,1,161,3,122.02244859980419,,,,,,,,121.99590499978513,122.02244859980419,122.02244859980419,122.02244859980419,0.004576600156724453,122.20763550000265,,[np.float64(-0.04)],[np.float64(-0.28833333333333333)],[1],[0],[0],[0.2110810000449419],['text_3'],p4,001,2025-10-15_20h26.42.979,word_priming,,2025.1.1,60.223477326749595,2025-10-15 20h26.50.209440 +0530,
,162,2,8,,,v_s_,vase,new,,[np.float64(-0.04)],[np.float64(-0.28833333333333333)],[1],[0],[0],[0.19491870002821088],['text_3'],,,,,8,2,162,17,122.23932329984382,,,,,,,,122.21190209966153,122.23932329984382,122.23932329984382,122.23932329984382,0.0040720002725720406,122.40746639994904,,[np.float64(-0.04)],[np.float64(-0.28833333333333333)],[1],[0],[0],[0.19491870002821088],['text_3'],p4,001,2025-10-15_20h26.42.979,word_priming,,2025.1.1,60.223477326749595,2025-10-15 20h26.50.209440 +0530,
,163,3,8,,,c_m_ra,camera,new,,[np.float64(-0.04)],[np.float64(-0.28833333333333333)],[1],[0],[0],[0.19372049998492002],['text_3'],,,,,8,3,163,19,122.43863789970055,,,,,,,,122.41235479991883,122.43863789970055,122.43863789970055,122.43863789970055,0.004701899830251932,122.60673630004749,,[np.float64(-0.04)],[np.float64(-0.28833333333333333)],[1],[0],[0],[0.19372049998492002],['text_3'],p4,001,2025-10-15_20h26.42.979,word_priming,,2025.1.1,60.223477326749595,2025-10-15 20h26.50.209440 +0530,
,164,4,8,,,bo_t_e,bottle,new,,[np.float64(-0.04)],[np.float64(-0.28833333333333333)],[1],[0],[0],[0.24364299979060888],['text_3'],,,,,8,4,164,18,122.63815179979429,,,,,,,,122.61160619975999,122.63815179979429,122.63815179979429,122.63815179979429,0.004670599941164255,122.85613759979606,,[np.float64(-0.04)],[np.float64(-0.28833333333333333)],[1],[0],[0],[0.24364299979060888],['text_3'],p4,001,2025-10-15_20h26.42.979,word_priming,,2025.1.1,60.223477326749595,2025-10-15 20h26.50.209440 +0530,
,165,5,8,,,ta_l_,table,new,,[np.float64(-0.04)],[np.float64(-0.28833333333333333)],[1],[0],[0],[0.18002660013735294],['text_3'],,,,,8,5,165,15,122.88818919984624,,,,,,,,122.86089779995382,122.88818919984624,122.88818919984624,122.88818919984624,0.004543500021100044,123.04150149971247,,[np.float64(-0.04)],[np.float64(-0.28833333333333333)],[1],[0],[0],[0.18002660013735294],['text_3'],p4,001,2025-10-15_20h26.42.979,word_priming,,2025.1.1,60.223477326749595,2025-10-15 20h26.50.209440 +0530,
,166,6,8,,,P_st_r,Poster,old ,,[np.float64(-0.04)],[np.float64(-0.28833333333333333)],[1],[0],[0],[0.21197589999064803],['text_3'],,,,,8,6,166,9,123.07113069994375,,,,,,,,123.04484950006008,123.07113069994375,123.07113069994375,123.07113069994375,0.0032069003209471703,123.25738379964605,,[np.float64(-0.04)],[np.float64(-0.28833333333333333)],[1],[0],[0],[0.21197589999064803],['text_3'],p4,001,2025-10-15_20h26.42.979,word_priming,,2025.1.1,60.223477326749595,2025-10-15 20h26.50.209440 +0530,
,167,7,8,,,K_y_,Keys,old ,,[np.float64(-0.04)],[np.float64(-0.28833333333333333)],[1],[0],[0],[0.2272906000725925],['text_3'],,,,,8,7,167,8,123.28757079970092,,,,,,,,123.26167059969157,123.28757079970092,123.28757079970092,123.28757079970092,0.004067800007760525,123.48960329964757,,[np.float64(-0.04)],[np.float64(-0.28833333333333333)],[1],[0],[0],[0.2272906000725925],['text_3'],p4,001,2025-10-15_20h26.42.979,word_priming,,2025.1.1,60.223477326749595,2025-10-15 20h26.50.209440 +0530,
,168,8,8,,,p_nc_l,pencil,new,,[np.float64(-0.04)],[np.float64(-0.28833333333333333)],[1],[0],[0],[0.21141469990834594],['text_3'],,,,,8,8,168,16,123.52093270001933,,,,,,,,123.49444779986516,123.52093270001933,123.52093270001933,123.52093270001933,0.00464479997754097,123.70649809995666,,[np.float64(-0.04)],[np.float64(-0.28833333333333333)],[1],[0],[0],[0.21141469990834594],['text_3'],p4,001,2025-10-15_20h26.42.979,word_priming,,2025.1.1,60.223477326749595,2025-10-15 20h26.50.209440 +0530,
,169,9,8,,,T_hi_t,Tshirt,old ,,[np.float64(-0.04)],[np.float64(-0.28833333333333333)],[1],[0],[0],[0.20963949989527464],['text_3'],,,,,8,9,169,2,123.73768009990454,,,,,,,,123.7116344999522,123.73768009990454,123.73768009990454,123.73768009990454,0.004966200329363346,123.92196410009637,,[np.float64(-0.04)],[np.float64(-0.28833333333333333)],[1],[0],[0],[0.20963949989527464],['text_3'],p4,001,2025-10-15_20h26.42.979,word_priming,,2025.1.1,60.223477326749595,2025-10-15 20h26.50.209440 +0530,
,170,10,8,,,_ho_e,Phone,old ,,[np.float64(-0.04)],[np.float64(-0.28833333333333333)],[1],[0],[0],[0.178742999676615],['text_3'],,,,,8,10,170,12,123.9537279997021,,,,,,,,123.92709749983624,123.9537279997021,123.9537279997021,123.9537279997021,0.0049368999898433685,124.10650460002944,,[np.float64(-0.04)],[np.float64(-0.28833333333333333)],[1],[0],[0],[0.178742999676615],['text_3'],p4,001,2025-10-15_20h26.42.979,word_priming,,2025.1.1,60.223477326749595,2025-10-15 20h26.50.209440 +0530,
,171,11,8,,,_ru_s_,cruise,old ,,[np.float64(-0.04)],[np.float64(-0.28833333333333333)],[1],[0],[0],[0.1948234997689724],['text_3'],,,,,8,11,171,6,124.13677980005741,,,,,,,,124.1113108000718,124.13677980005741,124.13677980005741,124.13677980005741,0.0046073999255895615,124.30671279970556,,[np.float64(-0.04)],[np.float64(-0.28833333333333333)],[1],[0],[0],[0.1948234997689724],['text_3'],p4,001,2025-10-15_20h26.42.979,word_priming,,2025.1.1,60.223477326749595,2025-10-15 20h26.50.209440 +0530,
,172,12,8,,,c_s_,case,old ,,[np.float64(-0.04)],[np.float64(-0.28833333333333333)],[1],[0],[0],[0.22835140023380518],['text_3'],,,,,8,12,172,5,124.33677929965779,,,,,,,,124.30973650002852,124.33677929965779,124.33677929965779,124.33677929965779,0.0028781001456081867,124.53864319995046,,[np.float64(-0.04)],[np.float64(-0.28833333333333333)],[1],[0],[0],[0.22835140023380518],['text_3'],p4,001,2025-10-15_20h26.42.979,word_priming,,2025.1.1,60.223477326749595,2025-10-15 20h26.50.209440 +0530,
,173,13,8,,,P_li_e,Police,old ,,[np.float64(-0.04)],[np.float64(-0.28833333333333333)],[1],[0],[0],[0.1932549001649022],['text_3'],,,,,8,13,173,7,124.56984329968691,,,,,,,,124.54441129975021,124.56984329968691,124.56984329968691,124.56984329968691,0.005590700078755617,124.73833479965106,,[np.float64(-0.04)],[np.float64(-0.28833333333333333)],[1],[0],[0],[0.1932549001649022],['text_3'],p4,001,2025-10-15_20h26.42.979,word_priming,,2025.1.1,60.223477326749595,2025-10-15 20h26.50.209440 +0530,
,174,14,8,,,_o_rd,Board,old ,,[np.float64(-0.04)],[np.float64(-0.28833333333333333)],[1],[0],[0],[0.2111352002248168],['text_3'],,,,,8,14,174,10,124.76964609976858,,,,,,,,124.7431787000969,124.76964609976858,124.76964609976858,124.76964609976858,0.0046524000354111195,124.9549674000591,,[np.float64(-0.04)],[np.float64(-0.28833333333333333)],[1],[0],[0],[0.2111352002248168],['text_3'],p4,001,2025-10-15_20h26.42.979,word_priming,,2025.1.1,60.223477326749595,2025-10-15 20h26.50.209440 +0530,
,175,15,8,,,_ha_t,chart,old ,,[np.float64(-0.04)],[np.float64(-0.28833333333333333)],[1],[0],[0],[0.2110315002501011],['text_3'],,,,,8,15,175,1,124.98612909996882,,,,,,,,124.95972190005705,124.98612909996882,124.98612909996882,124.98612909996882,0.0045350999571383,125.17139389971271,,[np.float64(-0.04)],[np.float64(-0.28833333333333333)],[1],[0],[0],[0.2110315002501011],['text_3'],p4,001,2025-10-15_20h26.42.979,word_priming,,2025.1.1,60.223477326749595,2025-10-15 20h26.50.209440 +0530,
,176,16,8,,,c_s_io_,cushion,old ,,[np.float64(-0.04)],[np.float64(-0.28833333333333333)],[1],[0],[0],[0.19356120005249977],['text_3'],,,,,8,16,176,14,125.20256350003183,,,,,,,,125.17713689990342,125.20256350003183,125.20256350003183,125.20256350003183,0.005551199894398451,125.3713611997664,,[np.float64(-0.04)],[np.float64(-0.28833333333333333)],[1],[0],[0],[0.19356120005249977],['text_3'],p4,001,2025-10-15_20h26.42.979,word_priming,,2025.1.1,60.223477326749595,2025-10-15 20h26.50.209440 +0530,
,177,17,8,,,_oo_,book,old ,,[np.float64(-0.04)],[np.float64(-0.28833333333333333)],[1],[0],[0],[0.2279157000593841],['text_3'],,,,,8,17,177,13,125.40210799966007,,,,,,,,125.37568429997191,125.40210799966007,125.40210799966007,125.40210799966007,0.004121500067412853,125.60425530001521,,[np.float64(-0.04)],[np.float64(-0.28833333333333333)],[1],[0],[0],[0.2279157000593841],['text_3'],p4,001,2025-10-15_20h26.42.979,word_priming,,2025.1.1,60.223477326749595,2025-10-15 20h26.50.209440 +0530,
,178,18,8,,,_a_bl_,Marble,old ,,[np.float64(-0.04)],[np.float64(-0.28833333333333333)],[1],[0],[0],[0.19368139980360866],['text_3'],,,,,8,18,178,11,125.63588229985908,,,,,,,,125.60908239986748,125.63588229985908,125.63588229985908,125.63588229985908,0.004609500057995319,125.80341769987717,,[np.float64(-0.04)],[np.float64(-0.28833333333333333)],[1],[0],[0],[0.19368139980360866],['text_3'],p4,001,2025-10-15_20h26.42.979,word_priming,,2025.1.1,60.223477326749595,2025-10-15 20h26.50.209440 +0530,
,179,19,8,,,l_pt_p,laptop,old ,,[np.float64(-0.04)],[np.float64(-0.28833333333333333)],[1],[0],[0],[0.1947033000178635],['text_3'],,,,,8,19,179,0,125.83524879999459,,,,,,,,125.80834840005264,125.83524879999459,125.83524879999459,125.83524879999459,0.004726700019091368,126.0037014996633,,[np.float64(-0.04)],[np.float64(-0.28833333333333333)],[1],[0],[0],[0.1947033000178635],['text_3'],p4,001,2025-10-15_20h26.42.979,word_priming,,2025.1.1,60.223477326749595,2025-10-15 20h26.50.209440 +0530,
,180,0,9,,,c_s_,case,old ,,[np.float64(-0.04)],[np.float64(-0.28833333333333333)],[1],[0],[0],[0.22847710037603974],['text_3'],,,,,9,0,180,5,126.03510209964588,,,,,,,,126.00794849963859,126.03510209964588,126.03510209964588,126.03510209964588,0.004049499984830618,126.23699799971655,,[np.float64(-0.04)],[np.float64(-0.28833333333333333)],[1],[0],[0],[0.22847710037603974],['text_3'],p4,001,2025-10-15_20h26.42.979,word_priming,,2025.1.1,60.223477326749595,2025-10-15 20h26.50.209440 +0530,
,181,1,9,,,_ha_t,chart,old ,,[np.float64(-0.04)],[np.float64(-0.28833333333333333)],[1],[0],[0],[0.21254860004410148],['text_3'],,,,,9,1,181,1,126.26825589966029,,,,,,,,126.24031989974901,126.26825589966029,126.26825589966029,126.26825589966029,0.003180400002747774,126.45343100000173,,[np.float64(-0.04)],[np.float64(-0.28833333333333333)],[1],[0],[0],[0.21254860004410148],['text_3'],p4,001,2025-10-15_20h26.42.979,word_priming,,2025.1.1,60.223477326749595,2025-10-15 20h26.50.209440 +0530,
,182,2,9,,,_ho_e,Phone,old ,,[np.float64(-0.04)],[np.float64(-0.28833333333333333)],[1],[0],[0],[0.19449449982494116],['text_3'],,,,,9,2,182,12,126.48433570005,,,,,,,,126.45817459980026,126.48433570005,126.48433570005,126.48433570005,0.004546900279819965,126.65332049969584,,[np.float64(-0.04)],[np.float64(-0.28833333333333333)],[1],[0],[0],[0.19449449982494116],['text_3'],p4,001,2025-10-15_20h26.42.979,word_priming,,2025.1.1,60.223477326749595,2025-10-15 20h26.50.209440 +0530,
,183,3,9,,,ta_l_,table,new,,[np.float64(-0.04)],[np.float64(-0.28833333333333333)],[1],[0],[0],[0.2264135996811092],['text_3'],,,,,9,3,183,15,126.68440929986537,,,,,,,,126.65856210002676,126.68440929986537,126.68440929986537,126.68440929986537,0.005026699975132942,126.88562409998849,,[np.float64(-0.04)],[np.float64(-0.28833333333333333)],[1],[0],[0],[0.2264135996811092],['text_3'],p4,001,2025-10-15_20h26.42.979,word_priming,,2025.1.1,60.223477326749595,2025-10-15 20h26.50.209440 +0530,
,184,4,9,,,l_pt_p,laptop,old ,,[np.float64(-0.04)],[np.float64(-0.28833333333333333)],[1],[0],[0],[0.1784696001559496],['text_3'],,,,,9,4,184,0,126.91749159991741,,,,,,,,126.89050809992477,126.91749159991741,126.91749159991741,126.91749159991741,0.0046907998621463776,127.0696401996538,,[np.float64(-0.04)],[np.float64(-0.28833333333333333)],[1],[0],[0],[0.1784696001559496],['text_3'],p4,001,2025-10-15_20h26.42.979,word_priming,,2025.1.1,60.223477326749595,2025-10-15 20h26.50.209440 +0530,
,185,5,9,,,bo_t_e,bottle,new,,[np.float64(-0.04)],[np.float64(-0.28833333333333333)],[1],[0],[0],[0.21141119999811053],['text_3'],,,,,9,5,185,18,127.100631499663,,,,,,,,127.07439660001546,127.100631499663,127.100631499663,127.100631499663,0.004565899726003408,127.286463199649,,[np.float64(-0.04)],[np.float64(-0.28833333333333333)],[1],[0],[0],[0.21141119999811053],['text_3'],p4,001,2025-10-15_20h26.42.979,word_priming,,2025.1.1,60.223477326749595,2025-10-15 20h26.50.209440 +0530,
,186,6,9,,,T_hi_t,Tshirt,old ,,[np.float64(-0.04)],[np.float64(-0.28833333333333333)],[1],[0],[0],[0.2259264998137951],['text_3'],,,,,9,6,186,2,127.3169448999688,,,,,,,,127.29182749986649,127.3169448999688,127.3169448999688,127.3169448999688,0.005169999785721302,127.51841080002487,,[np.float64(-0.04)],[np.float64(-0.28833333333333333)],[1],[0],[0],[0.2259264998137951],['text_3'],p4,001,2025-10-15_20h26.42.979,word_priming,,2025.1.1,60.223477326749595,2025-10-15 20h26.50.209440 +0530,
,187,7,9,,,K_y_,Keys,old ,,[np.float64(-0.04)],[np.float64(-0.28833333333333333)],[1],[0],[0],[0.1949088997207582],['text_3'],,,,,9,7,187,8,127.55023879976943,,,,,,,,127.5226582000032,127.55023879976943,127.55023879976943,127.55023879976943,0.0040466999635100365,127.7182021997869,,[np.float64(-0.04)],[np.float64(-0.28833333333333333)],[1],[0],[0],[0.1949088997207582],['text_3'],p4,001,2025-10-15_20h26.42.979,word_priming,,2025.1.1,60.223477326749595,2025-10-15 20h26.50.209440 +0530,
,188,8,9,,,v_s_,vase,new,,[np.float64(-0.04)],[np.float64(-0.28833333333333333)],[1],[0],[0],[0.21144599979743361],['text_3'],,,,,9,8,188,17,127.75002599973232,,,,,,,,127.72252679988742,127.75002599973232,127.75002599973232,127.75002599973232,0.004127900116145611,127.93463569972664,,[np.float64(-0.04)],[np.float64(-0.28833333333333333)],[1],[0],[0],[0.21144599979743361],['text_3'],p4,001,2025-10-15_20h26.42.979,word_priming,,2025.1.1,60.223477326749595,2025-10-15 20h26.50.209440 +0530,
,189,9,9,,,_ou_se,mouse,old ,,[np.float64(-0.04)],[np.float64(-0.28833333333333333)],[1],[0],[0],[0.19412320014089346],['text_3'],,,,,9,9,189,3,127.96649499982595,,,,,,,,127.93950469978154,127.96649499982595,127.96649499982595,127.96649499982595,0.004678899887949228,128.13428370002657,,[np.float64(-0.04)],[np.float64(-0.28833333333333333)],[1],[0],[0],[0.19412320014089346],['text_3'],p4,001,2025-10-15_20h26.42.979,word_priming,,2025.1.1,60.223477326749595,2025-10-15 20h26.50.209440 +0530,
,190,10,9,,,P_li_e,Police,old ,,[np.float64(-0.04)],[np.float64(-0.28833333333333333)],[1],[0],[0],[0.2110466999001801],['text_3'],,,,,9,10,190,7,128.16628739982843,,,,,,,,128.13913889974356,128.16628739982843,128.16628739982843,128.16628739982843,0.004656500183045864,128.35082629974931,,[np.float64(-0.04)],[np.float64(-0.28833333333333333)],[1],[0],[0],[0.2110466999001801],['text_3'],p4,001,2025-10-15_20h26.42.979,word_priming,,2025.1.1,60.223477326749595,2025-10-15 20h26.50.209440 +0530,
,191,11,9,,,p_nc_l,pencil,new,,[np.float64(-0.04)],[np.float64(-0.28833333333333333)],[1],[0],[0],[0.19566900003701448],['text_3'],,,,,9,11,191,16,128.38270079996437,,,,,,,,128.35563719971105,128.38270079996437,128.38270079996437,128.38270079996437,0.004609599709510803,128.55194929987192,,[np.float64(-0.04)],[np.float64(-0.28833333333333333)],[1],[0],[0],[0.19566900003701448],['text_3'],p4,001,2025-10-15_20h26.42.979,word_priming,,2025.1.1,60.223477326749595,2025-10-15 20h26.50.209440 +0530,
,192,12,9,,,c_m_ra,camera,new,,[np.float64(-0.04)],[np.float64(-0.28833333333333333)],[1],[0],[0],[0.2261051000095904],['text_3'],,,,,9,12,192,19,128.58250019978732,,,,,,,,128.5569074996747,128.58250019978732,128.58250019978732,128.58250019978732,0.00475989980623126,128.78366599977016,,[np.float64(-0.04)],[np.float64(-0.28833333333333333)],[1],[0],[0],[0.2261051000095904],['text_3'],p4,001,2025-10-15_20h26.42.979,word_priming,,2025.1.1,60.223477326749595,2025-10-15 20h26.50.209440 +0530,
,193,13,9,,,c_s_io_,cushion,old ,,[np.float64(-0.04)],[np.float64(-0.28833333333333333)],[1],[0],[0],[0.22751710005104542],['text_3'],,,,,9,13,193,14,128.81561379972845,,,,,,,,128.7892057998106,128.81561379972845,128.81561379972845,128.81561379972845,0.0053230999037623405,129.01737440004945,,[np.float64(-0.04)],[np.float64(-0.28833333333333333)],[1],[0],[0],[0.22751710005104542],['text_3'],p4,001,2025-10-15_20h26.42.979,word_priming,,2025.1.1,60.223477326749595,2025-10-15 20h26.50.209440 +0530,
,194,14,9,,,_ru_s_,cruise,old ,,[np.float64(-0.04)],[np.float64(-0.28833333333333333)],[1],[0],[0],[0.2108856998383999],['text_3'],,,,,9,14,194,6,129.048774600029,,,,,,,,129.02235629968345,129.048774600029,129.048774600029,129.048774600029,0.004787900019437075,129.23389799986035,,[np.float64(-0.04)],[np.float64(-0.28833333333333333)],[1],[0],[0],[0.2108856998383999],['text_3'],p4,001,2025-10-15_20h26.42.979,word_priming,,2025.1.1,60.223477326749595,2025-10-15 20h26.50.209440 +0530,
,195,15,9,,,P_st_r,Poster,old ,,[np.float64(-0.04)],[np.float64(-0.28833333333333333)],[1],[0],[0],[0.22699559992179275],['text_3'],,,,,9,15,195,9,129.2651475998573,,,,,,,,129.23870479967445,129.2651475998573,129.2651475998573,129.2651475998573,0.0046073999255895615,129.46634109970182,,[np.float64(-0.04)],[np.float64(-0.28833333333333333)],[1],[0],[0],[0.22699559992179275],['text_3'],p4,001,2025-10-15_20h26.42.979,word_priming,,2025.1.1,60.223477326749595,2025-10-15 20h26.50.209440 +0530,
,196,16,9,,,_a_bl_,Marble,old ,,[np.float64(-0.04)],[np.float64(-0.28833333333333333)],[1],[0],[0],[0.19381229998543859],['text_3'],,,,,9,16,196,11,129.49817959964275,,,,,,,,129.47235370008275,129.49817959964275,129.49817959964275,129.49817959964275,0.005815899930894375,129.6668141996488,,[np.float64(-0.04)],[np.float64(-0.28833333333333333)],[1],[0],[0],[0.19381229998543859],['text_3'],p4,001,2025-10-15_20h26.42.979,word_priming,,2025.1.1,60.223477326749595,2025-10-15 20h26.50.209440 +0530,
,197,17,9,,,_oo_,book,old ,,[np.float64(-0.04)],[np.float64(-0.28833333333333333)],[1],[0],[0],[0.22989930026233196],['text_3'],,,,,9,17,197,13,129.69809999968857,,,,,,,,129.67101869964972,129.69809999968857,129.69809999968857,129.69809999968857,0.004004199989140034,129.90149489976466,,[np.float64(-0.04)],[np.float64(-0.28833333333333333)],[1],[0],[0],[0.22989930026233196],['text_3'],p4,001,2025-10-15_20h26.42.979,word_priming,,2025.1.1,60.223477326749595,2025-10-15 20h26.50.209440 +0530,
,198,18,9,,,_o_rd,Board,old ,,[np.float64(-0.04)],[np.float64(-0.28833333333333333)],[1],[0],[0],[0.2265960001386702],['text_3'],,,,,9,18,198,10,129.93159139994532,,,,,,,,129.90509659983218,129.93159139994532,129.93159139994532,129.93159139994532,0.0034453999251127243,130.13227079994977,,[np.float64(-0.04)],[np.float64(-0.28833333333333333)],[1],[0],[0],[0.2265960001386702],['text_3'],p4,001,2025-10-15_20h26.42.979,word_priming,,2025.1.1,60.223477326749595,2025-10-15 20h26.50.209440 +0530,
,199,19,9,,,P_str_,pastry,old ,,[np.float64(-0.04)],[np.float64(-0.28833333333333333)],[1],[0],[0],[0.19400819996371865],['text_3'],,,,,9,19,199,4,130.1645267000422,,,,,,,,130.13776039984077,130.1645267000422,130.1645267000422,130.1645267000422,0.0052947998046875,130.33241159981117,,[np.float64(-0.04)],[np.float64(-0.28833333333333333)],[1],[0],[0],[0.19400819996371865],['text_3'],p4,001,2025-10-15_20h26.42.979,word_priming,,2025.1.1,60.223477326749595,2025-10-15 20h26.50.209440 +0530,
,200,0,10,,,p_nc_l,pencil,new,,[np.float64(-0.04)],[np.float64(-0.28833333333333333)],[1],[0],[0],[0.22726889979094267],['text_3'],,,,,10,0,200,16,130.36457079974934,,,,,,,,130.33733259979635,130.36457079974934,130.36457079974934,130.36457079974934,0.004728099796921015,130.5652544000186,,[np.float64(-0.04)],[np.float64(-0.28833333333333333)],[1],[0],[0],[0.22726889979094267],['text_3'],p4,001,2025-10-15_20h26.42.979,word_priming,,2025.1.1,60.223477326749595,2025-10-15 20h26.50.209440 +0530,
,201,1,10,,,K_y_,Keys,old ,,[np.float64(-0.04)],[np.float64(-0.28833333333333333)],[1],[0],[0],[0.2283493997529149],['text_3'],,,,,10,1,201,8,130.59734730003402,,,,,,,,130.5697512999177,130.59734730003402,130.59734730003402,130.59734730003402,0.004302499815821648,130.79874909995124,,[np.float64(-0.04)],[np.float64(-0.28833333333333333)],[1],[0],[0],[0.2283493997529149],['text_3'],p4,001,2025-10-15_20h26.42.979,word_priming,,2025.1.1,60.223477326749595,2025-10-15 20h26.50.209440 +0530,
,202,2,10,,,c_m_ra,camera,new,,[np.float64(-0.04)],[np.float64(-0.28833333333333333)],[1],[0],[0],[0.1778206001035869],['text_3'],,,,,10,2,202,19,130.83068049978465,,,,,,,,130.80381130008027,130.83068049978465,130.83068049978465,130.83068049978465,0.004867399577051401,130.98234310001135,,[np.float64(-0.04)],[np.float64(-0.28833333333333333)],[1],[0],[0],[0.1778206001035869],['text_3'],p4,001,2025-10-15_20h26.42.979,word_priming,,2025.1.1,60.223477326749595,2025-10-15 20h26.50.209440 +0530,
,203,3,10,,,_oo_,book,old ,,[np.float64(-0.04)],[np.float64(-0.28833333333333333)],[1],[0],[0],[0.1949923001229763],['text_3'],,,,,10,3,203,13,131.01345769967884,,,,,,,,130.9867699998431,131.01345769967884,131.01345769967884,131.01345769967884,0.004231099970638752,131.18242059974,,[np.float64(-0.04)],[np.float64(-0.28833333333333333)],[1],[0],[0],[0.1949923001229763],['text_3'],p4,001,2025-10-15_20h26.42.979,word_priming,,2025.1.1,60.223477326749595,2025-10-15 20h26.50.209440 +0530,
,204,4,10,,,_o_rd,Board,old ,,[np.float64(-0.04)],[np.float64(-0.28833333333333333)],[1],[0],[0],[0.1772942002862692],['text_3'],,,,,10,4,204,10,131.21325449971482,,,,,,,,131.18712989985943,131.21325449971482,131.21325449971482,131.21325449971482,0.004510300233960152,131.3650662000291,,[np.float64(-0.04)],[np.float64(-0.28833333333333333)],[1],[0],[0],[0.1772942002862692],['text_3'],p4,001,2025-10-15_20h26.42.979,word_priming,,2025.1.1,60.223477326749595,2025-10-15 20h26.50.209440 +0530,
,205,5,10,,,P_str_,pastry,old ,,[np.float64(-0.04)],[np.float64(-0.28833333333333333)],[1],[0],[0],[0.19450749969109893],['text_3'],,,,,10,5,205,4,131.3964342996478,,,,,,,,131.3698752000928,131.3964342996478,131.3964342996478,131.3964342996478,0.004609299823641777,131.5650476999581,,[np.float64(-0.04)],[np.float64(-0.28833333333333333)],[1],[0],[0],[0.19450749969109893],['text_3'],p4,001,2025-10-15_20h26.42.979,word_priming,,2025.1.1,60.223477326749595,2025-10-15 20h26.50.209440 +0530,
,206,6,10,,,_a_bl_,Marble,old ,,[np.float64(-0.04)],[np.float64(-0.28833333333333333)],[1],[0],[0],[0.21073659975081682],['text_3'],,,,,10,6,206,11,131.59621239965782,,,,,,,,131.57032059971243,131.59621239965782,131.59621239965782,131.59621239965782,0.005076699890196323,131.7816340997815,,[np.float64(-0.04)],[np.float64(-0.28833333333333333)],[1],[0],[0],[0.21073659975081682],['text_3'],p4,001,2025-10-15_20h26.42.979,word_priming,,2025.1.1,60.223477326749595,2025-10-15 20h26.50.209440 +0530,
,207,7,10,,,v_s_,vase,new,,[np.float64(-0.04)],[np.float64(-0.28833333333333333)],[1],[0],[0],[0.2627805001102388],['text_3'],,,,,10,7,207,17,131.8126268000342,,,,,,,,131.78472159989178,131.8126268000342,131.8126268000342,131.8126268000342,0.002941800281405449,132.04798020003363,,[np.float64(-0.04)],[np.float64(-0.28833333333333333)],[1],[0],[0],[0.2627805001102388],['text_3'],p4,001,2025-10-15_20h26.42.979,word_priming,,2025.1.1,60.223477326749595,2025-10-15 20h26.50.209440 +0530,
,208,8,10,,,P_st_r,Poster,old ,,[np.float64(-0.04)],[np.float64(-0.28833333333333333)],[1],[0],[0],[0.19724510004743934],['text_3'],,,,,10,8,208,9,132.07901789993048,,,,,,,,132.0513645997271,132.07901789993048,132.07901789993048,132.07901789993048,0.0032236003316938877,132.24916769983247,,[np.float64(-0.04)],[np.float64(-0.28833333333333333)],[1],[0],[0],[0.19724510004743934],['text_3'],p4,001,2025-10-15_20h26.42.979,word_priming,,2025.1.1,60.223477326749595,2025-10-15 20h26.50.209440 +0530,
,209,9,10,,,_ru_s_,cruise,old ,,[np.float64(-0.04)],[np.float64(-0.28833333333333333)],[1],[0],[0],[0.22536209970712662],['text_3'],,,,,10,9,209,6,132.27863089973107,,,,,,,,132.25400629965588,132.27863089973107,132.27863089973107,132.27863089973107,0.004639600403606892,132.48001579986885,,[np.float64(-0.04)],[np.float64(-0.28833333333333333)],[1],[0],[0],[0.22536209970712662],['text_3'],p4,001,2025-10-15_20h26.42.979,word_priming,,2025.1.1,60.223477326749595,2025-10-15 20h26.50.209440 +0530,
,210,10,10,,,bo_t_e,bottle,new,,[np.float64(-0.04)],[np.float64(-0.28833333333333333)],[1],[0],[0],[0.1950383996590972],['text_3'],,,,,10,10,210,18,132.5121418996714,,,,,,,,132.48490200005472,132.5121418996714,132.5121418996714,132.5121418996714,0.004687899723649025,132.6805825997144,,[np.float64(-0.04)],[np.float64(-0.28833333333333333)],[1],[0],[0],[0.1950383996590972],['text_3'],p4,001,2025-10-15_20h26.42.979,word_priming,,2025.1.1,60.223477326749595,2025-10-15 20h26.50.209440 +0530,
,211,11,10,,,T_hi_t,Tshirt,old ,,[np.float64(-0.04)],[np.float64(-0.28833333333333333)],[1],[0],[0],[0.21092130010947585],['text_3'],,,,,10,11,211,2,132.7117916997522,,,,,,,,132.6854241997935,132.7117916997522,132.7117916997522,132.7117916997522,0.004620799794793129,132.89699749974534,,[np.float64(-0.04)],[np.float64(-0.28833333333333333)],[1],[0],[0],[0.21092130010947585],['text_3'],p4,001,2025-10-15_20h26.42.979,word_priming,,2025.1.1,60.223477326749595,2025-10-15 20h26.50.209440 +0530,
,212,12,10,,,_ou_se,mouse,old ,,[np.float64(-0.04)],[np.float64(-0.28833333333333333)],[1],[0],[0],[0.261181500274688],['text_3'],,,,,10,12,212,3,132.92846599966288,,,,,,,,132.9019001997076,132.92846599966288,132.92846599966288,132.92846599966288,0.004710700362920761,133.16374340001494,,[np.float64(-0.04)],[np.float64(-0.28833333333333333)],[1],[0],[0],[0.261181500274688],['text_3'],p4,001,2025-10-15_20h26.42.979,word_priming,,2025.1.1,60.223477326749595,2025-10-15 20h26.50.209440 +0530,
,213,13,10,,,l_pt_p,laptop,old ,,[np.float64(-0.04)],[np.float64(-0.28833333333333333)],[1],[0],[0],[0.20913639990612864],['text_3'],,,,,10,13,213,0,133.19462190009654,,,,,,,,133.16899179993197,133.19462190009654,133.19462190009654,133.19462190009654,0.005025799851864576,133.3787977998145,,[np.float64(-0.04)],[np.float64(-0.28833333333333333)],[1],[0],[0],[0.20913639990612864],['text_3'],p4,001,2025-10-15_20h26.42.979,word_priming,,2025.1.1,60.223477326749595,2025-10-15 20h26.50.209440 +0530,
,214,14,10,,,ta_l_,table,new,,[np.float64(-0.04)],[np.float64(-0.28833333333333333)],[1],[0],[0],[0.19583009975031018],['text_3'],,,,,10,14,214,15,133.41104909963906,,,,,,,,133.38361959997565,133.41104909963906,133.41104909963906,133.41104909963906,0.004625000059604645,133.58010210003704,,[np.float64(-0.04)],[np.float64(-0.28833333333333333)],[1],[0],[0],[0.19583009975031018],['text_3'],p4,001,2025-10-15_20h26.42.979,word_priming,,2025.1.1,60.223477326749595,2025-10-15 20h26.50.209440 +0530,
,215,15,10,,,c_s_io_,cushion,old ,,[np.float64(-0.04)],[np.float64(-0.28833333333333333)],[1],[0],[0],[0.1949342000298202],['text_3'],,,,,10,15,215,14,133.6108438996598,,,,,,,,133.58547060005367,133.6108438996598,133.6108438996598,133.6108438996598,0.005172699689865112,133.78098519984633,,[np.float64(-0.04)],[np.float64(-0.28833333333333333)],[1],[0],[0],[0.1949342000298202],['text_3'],p4,001,2025-10-15_20h26.42.979,word_priming,,2025.1.1,60.223477326749595,2025-10-15 20h26.50.209440 +0530,
,216,16,10,,,P_li_e,Police,old ,,[np.float64(-0.04)],[np.float64(-0.28833333333333333)],[1],[0],[0],[0.22695000004023314],['text_3'],,,,,10,16,216,7,133.81139059970155,,,,,,,,133.78433879977092,133.81139059970155,133.81139059970155,133.81139059970155,0.003206899855285883,134.0118378996849,,[np.float64(-0.04)],[np.float64(-0.28833333333333333)],[1],[0],[0],[0.22695000004023314],['text_3'],p4,001,2025-10-15_20h26.42.979,word_priming,,2025.1.1,60.223477326749595,2025-10-15 20h26.50.209440 +0530,
,217,17,10,,,_ha_t,chart,old ,,[np.float64(-0.04)],[np.float64(-0.28833333333333333)],[1],[0],[0],[0.21088610030710697],['text_3'],,,,,10,17,217,1,134.04376979963854,,,,,,,,134.01677849981934,134.04376979963854,134.04376979963854,134.04376979963854,0.004743699915707111,134.22832249989733,,[np.float64(-0.04)],[np.float64(-0.28833333333333333)],[1],[0],[0],[0.21088610030710697],['text_3'],p4,001,2025-10-15_20h26.42.979,word_priming,,2025.1.1,60.223477326749595,2025-10-15 20h26.50.209440 +0530,
,218,18,10,,,c_s_,case,old ,,[np.float64(-0.04)],[np.float64(-0.28833333333333333)],[1],[0],[0],[0.19417909998446703],['text_3'],,,,,10,18,218,5,134.26038229977712,,,,,,,,134.23326830007136,134.26038229977712,134.26038229977712,134.26038229977712,0.004733699839562178,134.42811460001394,,[np.float64(-0.04)],[np.float64(-0.28833333333333333)],[1],[0],[0],[0.19417909998446703],['text_3'],p4,001,2025-10-15_20h26.42.979,word_priming,,2025.1.1,60.223477326749595,2025-10-15 20h26.50.209440 +0530,
,219,19,10,,,_ho_e,Phone,old ,,[np.float64(-0.04)],[np.float64(-0.28833333333333333)],[1],[0],[0],[0.22720779990777373],['text_3'],,,,,10,19,219,12,134.46006720000878,,,,,,,,134.43347499985248,134.46006720000878,134.46006720000878,134.46006720000878,0.005164700094610453,134.66134279966354,,[np.float64(-0.04)],[np.float64(-0.28833333333333333)],[1],[0],[0],[0.22720779990777373],['text_3'],p4,001,2025-10-15_20h26.42.979,word_priming,,2025.1.1,60.223477326749595,2025-10-15 20h26.50.209440 +0530,
,220,0,11,,,K_y_,Keys,old ,,[np.float64(-0.04)],[np.float64(-0.28833333333333333)],[1],[0],[0],[0.19552910001948476],['text_3'],,,,,11,0,220,8,134.69326359964907,,,,,,,,134.6655906997621,134.69326359964907,134.69326359964907,134.69326359964907,0.004045400302857161,134.86177529999986,,[np.float64(-0.04)],[np.float64(-0.28833333333333333)],[1],[0],[0],[0.19552910001948476],['text_3'],p4,001,2025-10-15_20h26.42.979,word_priming,,2025.1.1,60.223477326749595,2025-10-15 20h26.50.209440 +0530,
,221,1,11,,,P_st_r,Poster,old ,,[np.float64(-0.04)],[np.float64(-0.28833333333333333)],[1],[0],[0],[0.17942840000614524],['text_3'],,,,,11,1,221,9,134.8929316997528,,,,,,,,134.86657750001177,134.8929316997528,134.8929316997528,134.8929316997528,0.004587899893522263,135.04664719989523,,[np.float64(-0.04)],[np.float64(-0.28833333333333333)],[1],[0],[0],[0.17942840000614524],['text_3'],p4,001,2025-10-15_20h26.42.979,word_priming,,2025.1.1,60.223477326749595,2025-10-15 20h26.50.209440 +0530,
,222,2,11,,,v_s_,vase,new,,[np.float64(-0.04)],[np.float64(-0.28833333333333333)],[1],[0],[0],[0.25969479978084564],['text_3'],,,,,11,2,222,17,135.07590859988704,,,,,,,,135.05091409990564,135.07590859988704,135.07590859988704,135.07590859988704,0.004066500347107649,135.31126679992303,,[np.float64(-0.04)],[np.float64(-0.28833333333333333)],[1],[0],[0],[0.25969479978084564],['text_3'],p4,001,2025-10-15_20h26.42.979,word_priming,,2025.1.1,60.223477326749595,2025-10-15 20h26.50.209440 +0530,
,223,3,11,,,c_m_ra,camera,new,,[np.float64(-0.04)],[np.float64(-0.28833333333333333)],[1],[0],[0],[0.22703329985961318],['text_3'],,,,,11,3,223,19,135.34291049977764,,,,,,,,135.31621060008183,135.34291049977764,135.34291049977764,135.34291049977764,0.00472299987450242,135.54389299964532,,[np.float64(-0.04)],[np.float64(-0.28833333333333333)],[1],[0],[0],[0.22703329985961318],['text_3'],p4,001,2025-10-15_20h26.42.979,word_priming,,2025.1.1,60.223477326749595,2025-10-15 20h26.50.209440 +0530,
,224,4,11,,,_oo_,book,old ,,[np.float64(-0.04)],[np.float64(-0.28833333333333333)],[1],[0],[0],[0.22800790006294847],['text_3'],,,,,11,4,224,13,135.5756004997529,,,,,,,,135.5481993998401,135.5756004997529,135.5756004997529,135.5756004997529,0.00410659983754158,135.77686579991132,,[np.float64(-0.04)],[np.float64(-0.28833333333333333)],[1],[0],[0],[0.22800790006294847],['text_3'],p4,001,2025-10-15_20h26.42.979,word_priming,,2025.1.1,60.223477326749595,2025-10-15 20h26.50.209440 +0530,
,225,5,11,,,ta_l_,table,new,,[np.float64(-0.04)],[np.float64(-0.28833333333333333)],[1],[0],[0],[0.21206460008397698],['text_3'],,,,,11,5,225,15,135.80913880001754,,,,,,,,135.78164919978008,135.80913880001754,135.80913880001754,135.80913880001754,0.00458559999242425,135.99452919978648,,[np.float64(-0.04)],[np.float64(-0.28833333333333333)],[1],[0],[0],[0.21206460008397698],['text_3'],p4,001,2025-10-15_20h26.42.979,word_priming,,2025.1.1,60.223477326749595,2025-10-15 20h26.50.209440 +0530,
,226,6,11,,,l_pt_p,laptop,old ,,[np.float64(-0.04)],[np.float64(-0.28833333333333333)],[1],[0],[0],[0.22635069955140352],['text_3'],,,,,11,6,226,0,136.025562599767,,,,,,,,135.9993304000236,136.025562599767,136.025562599767,136.025562599767,0.004594100173562765,136.22632770007476,,[np.float64(-0.04)],[np.float64(-0.28833333333333333)],[1],[0],[0],[0.22635069955140352],['text_3'],p4,001,2025-10-15_20h26.42.979,word_priming,,2025.1.1,60.223477326749595,2025-10-15 20h26.50.209440 +0530,
,227,7,11,,,_a_bl_,Marble,old ,,[np.float64(-0.04)],[np.float64(-0.28833333333333333)],[1],[0],[0],[0.16252640029415488],['text_3'],,,,,11,7,227,11,136.2582884998992,,,,,,,,136.2311319001019,136.2582884998992,136.2582884998992,136.2582884998992,0.004606199916452169,136.39430660009384,,[np.float64(-0.04)],[np.float64(-0.28833333333333333)],[1],[0],[0],[0.16252640029415488],['text_3'],p4,001,2025-10-15_20h26.42.979,word_priming,,2025.1.1,60.223477326749595,2025-10-15 20h26.50.209440 +0530,
,228,8,11,,,P_li_e,Police,old ,,[np.float64(-0.04)],[np.float64(-0.28833333333333333)],[1],[0],[0],[0.2100459998473525],['text_3'],,,,,11,8,228,7,136.4251588000916,,,,,,,,136.39958929968998,136.4251588000916,136.4251588000916,136.4251588000916,0.005085700191557407,136.61021240008995,,[np.float64(-0.04)],[np.float64(-0.28833333333333333)],[1],[0],[0],[0.2100459998473525],['text_3'],p4,001,2025-10-15_20h26.42.979,word_priming,,2025.1.1,60.223477326749595,2025-10-15 20h26.50.209440 +0530,
,229,9,11,,,_ho_e,Phone,old ,,[np.float64(-0.04)],[np.float64(-0.28833333333333333)],[1],[0],[0],[0.21383630018681288],['text_3'],,,,,11,9,229,12,136.64120139973238,,,,,,,,136.61354879988357,136.64120139973238,136.64120139973238,136.64120139973238,0.0031923996284604073,136.82786819990724,,[np.float64(-0.04)],[np.float64(-0.28833333333333333)],[1],[0],[0],[0.21383630018681288],['text_3'],p4,001,2025-10-15_20h26.42.979,word_priming,,2025.1.1,60.223477326749595,2025-10-15 20h26.50.209440 +0530,
,230,10,11,,,T_hi_t,Tshirt,old ,,[np.float64(-0.04)],[np.float64(-0.28833333333333333)],[1],[0],[0],[0.24370010010898113],['text_3'],,,,,11,10,230,2,136.8576044999063,,,,,,,,136.83138049999252,136.8576044999063,136.8576044999063,136.8576044999063,0.003349900245666504,137.07562599983066,,[np.float64(-0.04)],[np.float64(-0.28833333333333333)],[1],[0],[0],[0.24370010010898113],['text_3'],p4,001,2025-10-15_20h26.42.979,word_priming,,2025.1.1,60.223477326749595,2025-10-15 20h26.50.209440 +0530,
,231,11,11,,,p_nc_l,pencil,new,,[np.float64(-0.04)],[np.float64(-0.28833333333333333)],[1],[0],[0],[0.19529600022360682],['text_3'],,,,,11,11,231,16,137.10749129997566,,,,,,,,137.08046619966626,137.10749129997566,137.10749129997566,137.10749129997566,0.004639300052076578,137.27634299965575,,[np.float64(-0.04)],[np.float64(-0.28833333333333333)],[1],[0],[0],[0.19529600022360682],['text_3'],p4,001,2025-10-15_20h26.42.979,word_priming,,2025.1.1,60.223477326749595,2025-10-15 20h26.50.209440 +0530,
,232,12,11,,,P_str_,pastry,old ,,[np.float64(-0.04)],[np.float64(-0.28833333333333333)],[1],[0],[0],[0.2127275001257658],['text_3'],,,,,11,12,232,4,137.30704069975764,,,,,,,,137.279788099695,137.30704069975764,137.30704069975764,137.30704069975764,0.0033037997782230377,137.49305819999427,,[np.float64(-0.04)],[np.float64(-0.28833333333333333)],[1],[0],[0],[0.2127275001257658],['text_3'],p4,001,2025-10-15_20h26.42.979,word_priming,,2025.1.1,60.223477326749595,2025-10-15 20h26.50.209440 +0530,
,233,13,11,,,c_s_,case,old ,,[np.float64(-0.04)],[np.float64(-0.28833333333333333)],[1],[0],[0],[0.19490500027313828],['text_3'],,,,,11,13,233,5,137.52367019979283,,,,,,,,137.4973597000353,137.52367019979283,137.52367019979283,137.52367019979283,0.004161699675023556,137.6927724997513,,[np.float64(-0.04)],[np.float64(-0.28833333333333333)],[1],[0],[0],[0.19490500027313828],['text_3'],p4,001,2025-10-15_20h26.42.979,word_priming,,2025.1.1,60.223477326749595,2025-10-15 20h26.50.209440 +0530,
,234,14,11,,,_ha_t,chart,old ,,[np.float64(-0.04)],[np.float64(-0.28833333333333333)],[1],[0],[0],[0.19653770001605153],['text_3'],,,,,11,14,234,1,137.7234565000981,,,,,,,,137.69609649991617,137.7234565000981,137.7234565000981,137.7234565000981,0.0031800996512174606,137.89309829985723,,[np.float64(-0.04)],[np.float64(-0.28833333333333333)],[1],[0],[0],[0.19653770001605153],['text_3'],p4,001,2025-10-15_20h26.42.979,word_priming,,2025.1.1,60.223477326749595,2025-10-15 20h26.50.209440 +0530,
,235,15,11,,,_ou_se,mouse,old ,,[np.float64(-0.04)],[np.float64(-0.28833333333333333)],[1],[0],[0],[0.1969687002710998],['text_3'],,,,,11,15,235,3,137.92291349964216,,,,,,,,137.89645879995078,137.92291349964216,137.92291349964216,137.92291349964216,0.00321759982034564,138.09390219999477,,[np.float64(-0.04)],[np.float64(-0.28833333333333333)],[1],[0],[0],[0.1969687002710998],['text_3'],p4,001,2025-10-15_20h26.42.979,word_priming,,2025.1.1,60.223477326749595,2025-10-15 20h26.50.209440 +0530,
,236,16,11,,,c_s_io_,cushion,old ,,[np.float64(-0.04)],[np.float64(-0.28833333333333333)],[1],[0],[0],[0.21205980004742742],['text_3'],,,,,11,16,236,14,138.1232273997739,,,,,,,,138.09822569973767,138.1232273997739,138.1232273997739,138.1232273997739,0.004192600026726723,138.3108215997927,,[np.float64(-0.04)],[np.float64(-0.28833333333333333)],[1],[0],[0],[0.21205980004742742],['text_3'],p4,001,2025-10-15_20h26.42.979,word_priming,,2025.1.1,60.223477326749595,2025-10-15 20h26.50.209440 +0530,
,237,17,11,,,bo_t_e,bottle,new,,[np.float64(-0.04)],[np.float64(-0.28833333333333333)],[1],[0],[0],[0.24249880015850067],['text_3'],,,,,11,17,237,18,138.33965289965272,,,,,,,,138.31424959981814,138.33965289965272,138.33965289965272,138.33965289965272,0.003284100443124771,138.55730389989913,,[np.float64(-0.04)],[np.float64(-0.28833333333333333)],[1],[0],[0],[0.24249880015850067],['text_3'],p4,001,2025-10-15_20h26.42.979,word_priming,,2025.1.1,60.223477326749595,2025-10-15 20h26.50.209440 +0530,
,238,18,11,,,_ru_s_,cruise,old ,,[np.float64(-0.04)],[np.float64(-0.28833333333333333)],[1],[0],[0],[0.22713350038975477],['text_3'],,,,,11,18,238,6,138.58932609995827,,,,,,,,138.56270419992507,138.58932609995827,138.58932609995827,138.58932609995827,0.0052040996961295605,138.79049000004306,,[np.float64(-0.04)],[np.float64(-0.28833333333333333)],[1],[0],[0],[0.22713350038975477],['text_3'],p4,001,2025-10-15_20h26.42.979,word_priming,,2025.1.1,60.223477326749595,2025-10-15 20h26.50.209440 +0530,
,239,19,11,,,_o_rd,Board,old ,,[np.float64(-0.04)],[np.float64(-0.28833333333333333)],[1],[0],[0],[0.21081060031428933],['text_3'],,,,,11,19,239,10,138.82273430004716,,,,,,,,138.79520739987493,138.82273430004716,138.82273430004716,138.82273430004716,0.004520900081843138,139.00666210008785,,[np.float64(-0.04)],[np.float64(-0.28833333333333333)],[1],[0],[0],[0.21081060031428933],['text_3'],p4,001,2025-10-15_20h26.42.979,word_priming,,2025.1.1,60.223477326749595,2025-10-15 20h26.50.209440 +0530,
,240,0,12,,,bo_t_e,bottle,new,,[np.float64(-0.04)],[np.float64(-0.28833333333333333)],[1],[0],[0],[0.22806360013782978],['text_3'],,,,,12,0,240,18,139.0388964000158,,,,,,,,139.01163939991966,139.0388964000158,139.0388964000158,139.0388964000158,0.0047820997424423695,139.24034849973395,,[np.float64(-0.04)],[np.float64(-0.28833333333333333)],[1],[0],[0],[0.22806360013782978],['text_3'],p4,001,2025-10-15_20h26.42.979,word_priming,,2025.1.1,60.223477326749595,2025-10-15 20h26.50.209440 +0530,
,241,1,12,,,_oo_,book,old ,,[np.float64(-0.04)],[np.float64(-0.28833333333333333)],[1],[0],[0],[0.19532709987834096],['text_3'],,,,,12,1,241,13,139.27175629977137,,,,,,,,139.24513590009883,139.27175629977137,139.27175629977137,139.27175629977137,0.00459160003811121,139.44111509993672,,[np.float64(-0.04)],[np.float64(-0.28833333333333333)],[1],[0],[0],[0.19532709987834096],['text_3'],p4,001,2025-10-15_20h26.42.979,word_priming,,2025.1.1,60.223477326749595,2025-10-15 20h26.50.209440 +0530,
,242,2,12,,,p_nc_l,pencil,new,,[np.float64(-0.04)],[np.float64(-0.28833333333333333)],[1],[0],[0],[0.19381659990176558],['text_3'],,,,,12,2,242,16,139.47136890003458,,,,,,,,139.44598369998857,139.47136890003458,139.47136890003458,139.47136890003458,0.004669500049203634,139.6404618998058,,[np.float64(-0.04)],[np.float64(-0.28833333333333333)],[1],[0],[0],[0.19381659990176558],['text_3'],p4,001,2025-10-15_20h26.42.979,word_priming,,2025.1.1,60.223477326749595,2025-10-15 20h26.50.209440 +0530,
,243,3,12,,,_a_bl_,Marble,old ,,[np.float64(-0.04)],[np.float64(-0.28833333333333333)],[1],[0],[0],[0.1942026000469923],['text_3'],,,,,12,3,243,11,139.67162419995293,,,,,,,,139.64524489967152,139.67162419995293,139.67162419995293,139.67162419995293,0.00457899970933795,139.84009099984542,,[np.float64(-0.04)],[np.float64(-0.28833333333333333)],[1],[0],[0],[0.1942026000469923],['text_3'],p4,001,2025-10-15_20h26.42.979,word_priming,,2025.1.1,60.223477326749595,2025-10-15 20h26.50.209440 +0530,
,244,4,12,,,c_s_io_,cushion,old ,,[np.float64(-0.04)],[np.float64(-0.28833333333333333)],[1],[0],[0],[0.22711519990116358],['text_3'],,,,,12,4,244,14,139.87139709992334,,,,,,,,139.84504219982773,139.87139709992334,139.87139709992334,139.87139709992334,0.00473819999024272,140.07281549973413,,[np.float64(-0.04)],[np.float64(-0.28833333333333333)],[1],[0],[0],[0.22711519990116358],['text_3'],p4,001,2025-10-15_20h26.42.979,word_priming,,2025.1.1,60.223477326749595,2025-10-15 20h26.50.209440 +0530,
,245,5,12,,,P_li_e,Police,old ,,[np.float64(-0.04)],[np.float64(-0.28833333333333333)],[1],[0],[0],[0.1776030003093183],['text_3'],,,,,12,5,245,7,140.10500560002401,,,,,,,,140.07774439966306,140.10500560002401,140.10500560002401,140.10500560002401,0.004735200200229883,140.25599269988015,,[np.float64(-0.04)],[np.float64(-0.28833333333333333)],[1],[0],[0],[0.1776030003093183],['text_3'],p4,001,2025-10-15_20h26.42.979,word_priming,,2025.1.1,60.223477326749595,2025-10-15 20h26.50.209440 +0530,
,246,6,12,,,_o_rd,Board,old ,,[np.float64(-0.04)],[np.float64(-0.28833333333333333)],[1],[0],[0],[0.19492399971932173],['text_3'],,,,,12,6,246,10,140.2876598997973,,,,,,,,140.2606893000193,140.2876598997973,140.2876598997973,140.2876598997973,0.004488999955356121,140.45624909969047,,[np.float64(-0.04)],[np.float64(-0.28833333333333333)],[1],[0],[0],[0.19492399971932173],['text_3'],p4,001,2025-10-15_20h26.42.979,word_priming,,2025.1.1,60.223477326749595,2025-10-15 20h26.50.209440 +0530,
,247,7,12,,,ta_l_,table,new,,[np.float64(-0.04)],[np.float64(-0.28833333333333333)],[1],[0],[0],[0.22743269987404346],['text_3'],,,,,12,7,247,15,140.48738719988614,,,,,,,,140.4612046997063,140.48738719988614,140.48738719988614,140.48738719988614,0.004760399926453829,140.68928049970418,,[np.float64(-0.04)],[np.float64(-0.28833333333333333)],[1],[0],[0],[0.22743269987404346],['text_3'],p4,001,2025-10-15_20h26.42.979,word_priming,,2025.1.1,60.223477326749595,2025-10-15 20h26.50.209440 +0530,
,248,8,12,,,v_s_,vase,new,,[np.float64(-0.04)],[np.float64(-0.28833333333333333)],[1],[0],[0],[0.21157149970531464],['text_3'],,,,,12,8,248,17,140.72055030008778,,,,,,,,140.6940461997874,140.72055030008778,140.72055030008778,140.72055030008778,0.004569500219076872,140.90626089973375,,[np.float64(-0.04)],[np.float64(-0.28833333333333333)],[1],[0],[0],[0.21157149970531464],['text_3'],p4,001,2025-10-15_20h26.42.979,word_priming,,2025.1.1,60.223477326749595,2025-10-15 20h26.50.209440 +0530,
,249,9,12,,,l_pt_p,laptop,old ,,[np.float64(-0.04)],[np.float64(-0.28833333333333333)],[1],[0],[0],[0.1954977000132203],['text_3'],,,,,12,9,249,0,140.9370313999243,,,,,,,,140.9098438997753,140.9370313999243,140.9370313999243,140.9370313999243,0.003359300084412098,141.10582390008494,,[np.float64(-0.04)],[np.float64(-0.28833333333333333)],[1],[0],[0],[0.1954977000132203],['text_3'],p4,001,2025-10-15_20h26.42.979,word_priming,,2025.1.1,60.223477326749595,2025-10-15 20h26.50.209440 +0530,
,250,10,12,,,P_str_,pastry,old ,,[np.float64(-0.04)],[np.float64(-0.28833333333333333)],[1],[0],[0],[0.21337709994986653],['text_3'],,,,,12,10,250,4,141.13675149995834,,,,,,,,141.10919099999592,141.13675149995834,141.13675149995834,141.13675149995834,0.0032235998660326004,141.3230439000763,,[np.float64(-0.04)],[np.float64(-0.28833333333333333)],[1],[0],[0],[0.21337709994986653],['text_3'],p4,001,2025-10-15_20h26.42.979,word_priming,,2025.1.1,60.223477326749595,2025-10-15 20h26.50.209440 +0530,
,251,11,12,,,T_hi_t,Tshirt,old ,,[np.float64(-0.04)],[np.float64(-0.28833333333333333)],[1],[0],[0],[0.19601319963112473],['text_3'],,,,,12,11,251,2,141.35321779968217,,,,,,,,141.32641049986705,141.35321779968217,141.35321779968217,141.35321779968217,0.0032214000821113586,141.52289950009435,,[np.float64(-0.04)],[np.float64(-0.28833333333333333)],[1],[0],[0],[0.19601319963112473],['text_3'],p4,001,2025-10-15_20h26.42.979,word_priming,,2025.1.1,60.223477326749595,2025-10-15 20h26.50.209440 +0530,
,252,12,12,,,c_s_,case,old ,,[np.float64(-0.04)],[np.float64(-0.28833333333333333)],[1],[0],[0],[0.1968034002929926],['text_3'],,,,,12,12,252,5,141.5527184996754,,,,,,,,141.52588299987838,141.5527184996754,141.5527184996754,141.5527184996754,0.0028389999642968178,141.7231585998088,,[np.float64(-0.04)],[np.float64(-0.28833333333333333)],[1],[0],[0],[0.1968034002929926],['text_3'],p4,001,2025-10-15_20h26.42.979,word_priming,,2025.1.1,60.223477326749595,2025-10-15 20h26.50.209440 +0530,
,253,13,12,,,c_m_ra,camera,new,,[np.float64(-0.04)],[np.float64(-0.28833333333333333)],[1],[0],[0],[0.22791640041396022],['text_3'],,,,,12,13,253,19,141.75285049993545,,,,,,,,141.7265269998461,141.75285049993545,141.75285049993545,141.75285049993545,0.003208999987691641,141.954966600053,,[np.float64(-0.04)],[np.float64(-0.28833333333333333)],[1],[0],[0],[0.22791640041396022],['text_3'],p4,001,2025-10-15_20h26.42.979,word_priming,,2025.1.1,60.223477326749595,2025-10-15 20h26.50.209440 +0530,
,254,14,12,,,P_st_r,Poster,old ,,[np.float64(-0.04)],[np.float64(-0.28833333333333333)],[1],[0],[0],[0.2126229996792972],['text_3'],,,,,12,14,254,9,141.98591959988698,,,,,,,,141.95838110009208,141.98591959988698,141.98591959988698,141.98591959988698,0.003269399981945753,142.1714886999689,,[np.float64(-0.04)],[np.float64(-0.28833333333333333)],[1],[0],[0],[0.2126229996792972],['text_3'],p4,001,2025-10-15_20h26.42.979,word_priming,,2025.1.1,60.223477326749595,2025-10-15 20h26.50.209440 +0530,
,255,15,12,,,K_y_,Keys,old ,,[np.float64(-0.04)],[np.float64(-0.28833333333333333)],[1],[0],[0],[0.1959766997024417],['text_3'],,,,,12,15,255,8,142.20243899989873,,,,,,,,142.1747057000175,142.20243899989873,142.20243899989873,142.20243899989873,0.0030722999945282936,142.37116339989007,,[np.float64(-0.04)],[np.float64(-0.28833333333333333)],[1],[0],[0],[0.1959766997024417],['text_3'],p4,001,2025-10-15_20h26.42.979,word_priming,,2025.1.1,60.223477326749595,2025-10-15 20h26.50.209440 +0530,
,256,16,12,,,_ha_t,chart,old ,,[np.float64(-0.04)],[np.float64(-0.28833333333333333)],[1],[0],[0],[0.21093939989805222],['text_3'],,,,,12,16,256,1,142.40218389965594,,,,,,,,142.3750482997857,142.40218389965594,142.40218389965594,142.40218389965594,0.003744200337678194,142.58653939981014,,[np.float64(-0.04)],[np.float64(-0.28833333333333333)],[1],[0],[0],[0.21093939989805222],['text_3'],p4,001,2025-10-15_20h26.42.979,word_priming,,2025.1.1,60.223477326749595,2025-10-15 20h26.50.209440 +0530,
,257,17,12,,,_ho_e,Phone,old ,,[np.float64(-0.04)],[np.float64(-0.28833333333333333)],[1],[0],[0],[0.2278845002874732],['text_3'],,,,,12,17,257,12,142.6187052000314,,,,,,,,142.59126979997382,142.6187052000314,142.6187052000314,142.6187052000314,0.004509599879384041,142.8197951996699,,[np.float64(-0.04)],[np.float64(-0.28833333333333333)],[1],[0],[0],[0.2278845002874732],['text_3'],p4,001,2025-10-15_20h26.42.979,word_priming,,2025.1.1,60.223477326749595,2025-10-15 20h26.50.209440 +0530,
,258,18,12,,,_ou_se,mouse,old ,,[np.float64(-0.04)],[np.float64(-0.28833333333333333)],[1],[0],[0],[0.21097939973697066],['text_3'],,,,,12,18,258,3,142.85195269994438,,,,,,,,142.82460519997403,142.85195269994438,142.85195269994438,142.85195269994438,0.004613599739968777,143.0362354000099,,[np.float64(-0.04)],[np.float64(-0.28833333333333333)],[1],[0],[0],[0.21097939973697066],['text_3'],p4,001,2025-10-15_20h26.42.979,word_priming,,2025.1.1,60.223477326749595,2025-10-15 20h26.50.209440 +0530,
,259,19,12,,,_ru_s_,cruise,old ,,[np.float64(-0.04)],[np.float64(-0.28833333333333333)],[1],[0],[0],[0.17714060004800558],['text_3'],,,,,12,19,259,6,143.0686621000059,,,,,,,,143.04164069984108,143.0686621000059,143.0686621000059,143.0686621000059,0.005206800065934658,143.21943389996886,,[np.float64(-0.04)],[np.float64(-0.28833333333333333)],[1],[0],[0],[0.17714060004800558],['text_3'],p4,001,2025-10-15_20h26.42.979,word_priming,,2025.1.1,60.223477326749595,2025-10-15 20h26.50.209440 +0530,
,260,0,13,,,ta_l_,table,new,,[np.float64(-0.04)],[np.float64(-0.28833333333333333)],[1],[0],[0],[0.19505929993465543],['text_3'],,,,,13,0,260,15,143.25135969975963,,,,,,,,143.22431849967688,143.25135969975963,143.25135969975963,143.25135969975963,0.0046883998438715935,143.42004639981315,,[np.float64(-0.04)],[np.float64(-0.28833333333333333)],[1],[0],[0],[0.19505929993465543],['text_3'],p4,001,2025-10-15_20h26.42.979,word_priming,,2025.1.1,60.223477326749595,2025-10-15 20h26.50.209440 +0530,
,261,1,13,,,_ha_t,chart,old ,,[np.float64(-0.04)],[np.float64(-0.28833333333333333)],[1],[0],[0],[0.226817199960351],['text_3'],,,,,13,1,261,1,143.45080269966274,,,,,,,,143.4248401997611,143.45080269966274,143.45080269966274,143.45080269966274,0.0045797997154295444,143.6523198997602,,[np.float64(-0.04)],[np.float64(-0.28833333333333333)],[1],[0],[0],[0.226817199960351],['text_3'],p4,001,2025-10-15_20h26.42.979,word_priming,,2025.1.1,60.223477326749595,2025-10-15 20h26.50.209440 +0530,
,262,2,13,,,_o_rd,Board,old ,,[np.float64(-0.04)],[np.float64(-0.28833333333333333)],[1],[0],[0],[0.19505650037899613],['text_3'],,,,,13,2,262,10,143.68447479978204,,,,,,,,143.65713700000197,143.68447479978204,143.68447479978204,143.68447479978204,0.004618399776518345,143.85291450005025,,[np.float64(-0.04)],[np.float64(-0.28833333333333333)],[1],[0],[0],[0.19505650037899613],['text_3'],p4,001,2025-10-15_20h26.42.979,word_priming,,2025.1.1,60.223477326749595,2025-10-15 20h26.50.209440 +0530,
,263,3,13,,,T_hi_t,Tshirt,old ,,[np.float64(-0.04)],[np.float64(-0.28833333333333333)],[1],[0],[0],[0.24387399991974235],['text_3'],,,,,13,3,263,2,143.88406830001622,,,,,,,,143.85779089992866,143.88406830001622,143.88406830001622,143.88406830001622,0.004674299620091915,144.10230709984899,,[np.float64(-0.04)],[np.float64(-0.28833333333333333)],[1],[0],[0],[0.24387399991974235],['text_3'],p4,001,2025-10-15_20h26.42.979,word_priming,,2025.1.1,60.223477326749595,2025-10-15 20h26.50.209440 +0530,
,264,4,13,,,_ru_s_,cruise,old ,,[np.float64(-0.04)],[np.float64(-0.28833333333333333)],[1],[0],[0],[0.21058750012889504],['text_3'],,,,,13,4,264,6,144.13392309984192,,,,,,,,144.10716430004686,144.13392309984192,144.13392309984192,144.13392309984192,0.004662199877202511,144.3184076999314,,[np.float64(-0.04)],[np.float64(-0.28833333333333333)],[1],[0],[0],[0.21058750012889504],['text_3'],p4,001,2025-10-15_20h26.42.979,word_priming,,2025.1.1,60.223477326749595,2025-10-15 20h26.50.209440 +0530,
,265,5,13,,,K_y_,Keys,old ,,[np.float64(-0.04)],[np.float64(-0.28833333333333333)],[1],[0],[0],[0.2288547996431589],['text_3'],,,,,13,5,265,8,144.35028269980103,,,,,,,,144.32266349997371,144.35028269980103,144.35028269980103,144.35028269980103,0.004060199949890375,144.55217149993405,,[np.float64(-0.04)],[np.float64(-0.28833333333333333)],[1],[0],[0],[0.2288547996431589],['text_3'],p4,001,2025-10-15_20h26.42.979,word_priming,,2025.1.1,60.223477326749595,2025-10-15 20h26.50.209440 +0530,
,266,6,13,,,c_s_,case,old ,,[np.float64(-0.04)],[np.float64(-0.28833333333333333)],[1],[0],[0],[0.22751160012558103],['text_3'],,,,,13,6,266,5,144.58338299999014,,,,,,,,144.55645709997043,144.58338299999014,144.58338299999014,144.58338299999014,0.00408759992569685,144.78464409988374,,[np.float64(-0.04)],[np.float64(-0.28833333333333333)],[1],[0],[0],[0.22751160012558103],['text_3'],p4,001,2025-10-15_20h26.42.979,word_priming,,2025.1.1,60.223477326749595,2025-10-15 20h26.50.209440 +0530,
,267,7,13,,,c_s_io_,cushion,old ,,[np.float64(-0.04)],[np.float64(-0.28833333333333333)],[1],[0],[0],[0.2113399999216199],['text_3'],,,,,13,7,267,14,144.8169463998638,,,,,,,,144.78977619996294,144.8169463998638,144.8169463998638,144.8169463998638,0.0049414001405239105,145.00177539978176,,[np.float64(-0.04)],[np.float64(-0.28833333333333333)],[1],[0],[0],[0.2113399999216199],['text_3'],p4,001,2025-10-15_20h26.42.979,word_priming,,2025.1.1,60.223477326749595,2025-10-15 20h26.50.209440 +0530,
,268,8,13,,,bo_t_e,bottle,new,,[np.float64(-0.04)],[np.float64(-0.28833333333333333)],[1],[0],[0],[0.22664220025762916],['text_3'],,,,,13,8,268,18,145.03341719973832,,,,,,,,145.00683690002188,145.03341719973832,145.03341719973832,145.03341719973832,0.004865799564868212,145.23410569969565,,[np.float64(-0.04)],[np.float64(-0.28833333333333333)],[1],[0],[0],[0.22664220025762916],['text_3'],p4,001,2025-10-15_20h26.42.979,word_priming,,2025.1.1,60.223477326749595,2025-10-15 20h26.50.209440 +0530,
,269,9,13,,,_a_bl_,Marble,old ,,[np.float64(-0.04)],[np.float64(-0.28833333333333333)],[1],[0],[0],[0.19749070005491376],['text_3'],,,,,13,9,269,11,145.2665474000387,,,,,,,,145.2377078998834,145.2665474000387,145.2665474000387,145.2665474000387,0.0034609995782375336,145.4356871000491,,[np.float64(-0.04)],[np.float64(-0.28833333333333333)],[1],[0],[0],[0.19749070005491376],['text_3'],p4,001,2025-10-15_20h26.42.979,word_priming,,2025.1.1,60.223477326749595,2025-10-15 20h26.50.209440 +0530,
,270,10,13,,,P_str_,pastry,old ,,[np.float64(-0.04)],[np.float64(-0.28833333333333333)],[1],[0],[0],[0.21266989968717098],['text_3'],,,,,13,10,270,4,145.46580419968814,,,,,,,,145.43905299995095,145.46580419968814,145.46580419968814,145.46580419968814,0.003195500001311302,145.6521958997473,,[np.float64(-0.04)],[np.float64(-0.28833333333333333)],[1],[0],[0],[0.21266989968717098],['text_3'],p4,001,2025-10-15_20h26.42.979,word_priming,,2025.1.1,60.223477326749595,2025-10-15 20h26.50.209440 +0530,
,271,11,13,,,_ho_e,Phone,old ,,[np.float64(-0.04)],[np.float64(-0.28833333333333333)],[1],[0],[0],[0.1964028999209404],['text_3'],,,,,13,11,271,12,145.68207409977913,,,,,,,,145.65557969966903,145.68207409977913,145.68207409977913,145.68207409977913,0.0031691999174654484,145.8524662000127,,[np.float64(-0.04)],[np.float64(-0.28833333333333333)],[1],[0],[0],[0.1964028999209404],['text_3'],p4,001,2025-10-15_20h26.42.979,word_priming,,2025.1.1,60.223477326749595,2025-10-15 20h26.50.209440 +0530,
,272,12,13,,,_ou_se,mouse,old ,,[np.float64(-0.04)],[np.float64(-0.28833333333333333)],[1],[0],[0],[0.21316830022260547],['text_3'],,,,,13,12,272,3,145.8818346997723,,,,,,,,145.85581729980186,145.8818346997723,145.8818346997723,145.8818346997723,0.0032049999572336674,146.06953909993172,,[np.float64(-0.04)],[np.float64(-0.28833333333333333)],[1],[0],[0],[0.21316830022260547],['text_3'],p4,001,2025-10-15_20h26.42.979,word_priming,,2025.1.1,60.223477326749595,2025-10-15 20h26.50.209440 +0530,
,273,13,13,,,_oo_,book,old ,,[np.float64(-0.04)],[np.float64(-0.28833333333333333)],[1],[0],[0],[0.209143599960953],['text_3'],,,,,13,13,273,13,146.09857330005616,,,,,,,,146.07402479974553,146.09857330005616,146.09857330005616,146.09857330005616,0.004287099931389093,146.28381429985166,,[np.float64(-0.04)],[np.float64(-0.28833333333333333)],[1],[0],[0],[0.209143599960953],['text_3'],p4,001,2025-10-15_20h26.42.979,word_priming,,2025.1.1,60.223477326749595,2025-10-15 20h26.50.209440 +0530,
,274,14,13,,,v_s_,vase,new,,[np.float64(-0.04)],[np.float64(-0.28833333333333333)],[1],[0],[0],[0.19438950018957257],['text_3'],,,,,13,14,274,17,146.31503609986976,,,,,,,,146.28858099970967,146.31503609986976,146.31503609986976,146.31503609986976,0.0045748003758490086,146.48362360009924,,[np.float64(-0.04)],[np.float64(-0.28833333333333333)],[1],[0],[0],[0.19438950018957257],['text_3'],p4,001,2025-10-15_20h26.42.979,word_priming,,2025.1.1,60.223477326749595,2025-10-15 20h26.50.209440 +0530,
,275,15,13,,,c_m_ra,camera,new,,[np.float64(-0.04)],[np.float64(-0.28833333333333333)],[1],[0],[0],[0.19397009955719113],['text_3'],,,,,13,15,275,19,146.5152120999992,,,,,,,,146.4884832999669,146.5152120999992,146.5152120999992,146.5152120999992,0.004662299994379282,146.68313319981098,,[np.float64(-0.04)],[np.float64(-0.28833333333333333)],[1],[0],[0],[0.19397009955719113],['text_3'],p4,001,2025-10-15_20h26.42.979,word_priming,,2025.1.1,60.223477326749595,2025-10-15 20h26.50.209440 +0530,
,276,16,13,,,p_nc_l,pencil,new,,[np.float64(-0.04)],[np.float64(-0.28833333333333333)],[1],[0],[0],[0.22742150025442243],['text_3'],,,,,13,16,276,16,146.71423339983448,,,,,,,,146.68794199964032,146.71423339983448,146.71423339983448,146.71423339983448,0.004614800214767456,146.91600740002468,,[np.float64(-0.04)],[np.float64(-0.28833333333333333)],[1],[0],[0],[0.22742150025442243],['text_3'],p4,001,2025-10-15_20h26.42.979,word_priming,,2025.1.1,60.223477326749595,2025-10-15 20h26.50.209440 +0530,
,277,17,13,,,P_li_e,Police,old ,,[np.float64(-0.04)],[np.float64(-0.28833333333333333)],[1],[0],[0],[0.19607870001345873],['text_3'],,,,,13,17,277,7,146.9478134997189,,,,,,,,146.92085139965639,146.9478134997189,146.9478134997189,146.9478134997189,0.0046433997340500355,147.11758499965072,,[np.float64(-0.04)],[np.float64(-0.28833333333333333)],[1],[0],[0],[0.19607870001345873],['text_3'],p4,001,2025-10-15_20h26.42.979,word_priming,,2025.1.1,60.223477326749595,2025-10-15 20h26.50.209440 +0530,
,278,18,13,,,l_pt_p,laptop,old ,,[np.float64(-0.04)],[np.float64(-0.28833333333333333)],[1],[0],[0],[0.2264787000603974],['text_3'],,,,,13,18,278,0,147.14742899965495,,,,,,,,147.12243209965527,147.14742899965495,147.14742899965495,147.14742899965495,0.004651300143450499,147.34956760006025,,[np.float64(-0.04)],[np.float64(-0.28833333333333333)],[1],[0],[0],[0.2264787000603974],['text_3'],p4,001,2025-10-15_20h26.42.979,word_priming,,2025.1.1,60.223477326749595,2025-10-15 20h26.50.209440 +0530,
,279,19,13,,,P_st_r,Poster,old ,,[np.float64(-0.04)],[np.float64(-0.28833333333333333)],[1],[0],[0],[0.22704620007425547],['text_3'],,,,,13,19,279,9,147.38069440005347,,,,,,,,147.35440559964627,147.38069440005347,147.38069440005347,147.38069440005347,0.00465019978582859,147.58211079984903,,[np.float64(-0.04)],[np.float64(-0.28833333333333333)],[1],[0],[0],[0.22704620007425547],['text_3'],p4,001,2025-10-15_20h26.42.979,word_priming,,2025.1.1,60.223477326749595,2025-10-15 20h26.50.209440 +0530,
,280,0,14,,,T_hi_t,Tshirt,old ,,[np.float64(-0.04)],[np.float64(-0.28833333333333333)],[1],[0],[0],[0.19396519986912608],['text_3'],,,,,14,0,280,2,147.61432399973273,,,,,,,,147.5869704997167,147.61432399973273,147.61432399973273,147.61432399973273,0.004651300143450499,147.78158259997144,,[np.float64(-0.04)],[np.float64(-0.28833333333333333)],[1],[0],[0],[0.19396519986912608],['text_3'],p4,001,2025-10-15_20h26.42.979,word_priming,,2025.1.1,60.223477326749595,2025-10-15 20h26.50.209440 +0530,
,281,1,14,,,_ho_e,Phone,old ,,[np.float64(-0.04)],[np.float64(-0.28833333333333333)],[1],[0],[0],[0.19454840011894703],['text_3'],,,,,14,1,281,12,147.81368739996105,,,,,,,,147.78643379965797,147.81368739996105,147.81368739996105,147.81368739996105,0.004658000078052282,147.98164389980957,,[np.float64(-0.04)],[np.float64(-0.28833333333333333)],[1],[0],[0],[0.19454840011894703],['text_3'],p4,001,2025-10-15_20h26.42.979,word_priming,,2025.1.1,60.223477326749595,2025-10-15 20h26.50.209440 +0530,
,282,2,14,,,_o_rd,Board,old ,,[np.float64(-0.04)],[np.float64(-0.28833333333333333)],[1],[0],[0],[0.24457830004394054],['text_3'],,,,,14,2,282,10,148.01385279977694,,,,,,,,147.9865288999863,148.01385279977694,148.01385279977694,148.01385279977694,0.004674299620091915,148.23176299966872,,[np.float64(-0.04)],[np.float64(-0.28833333333333333)],[1],[0],[0],[0.24457830004394054],['text_3'],p4,001,2025-10-15_20h26.42.979,word_priming,,2025.1.1,60.223477326749595,2025-10-15 20h26.50.209440 +0530,
,283,3,14,,,_a_bl_,Marble,old ,,[np.float64(-0.04)],[np.float64(-0.28833333333333333)],[1],[0],[0],[0.19394779996946454],['text_3'],,,,,14,3,283,11,148.26306879986078,,,,,,,,148.23704949999228,148.26306879986078,148.26306879986078,148.26306879986078,0.004984400235116482,148.4316404997371,,[np.float64(-0.04)],[np.float64(-0.28833333333333333)],[1],[0],[0],[0.19394779996946454],['text_3'],p4,001,2025-10-15_20h26.42.979,word_priming,,2025.1.1,60.223477326749595,2025-10-15 20h26.50.209440 +0530,
,284,4,14,,,ta_l_,table,new,,[np.float64(-0.04)],[np.float64(-0.28833333333333333)],[1],[0],[0],[0.22698459960520267],['text_3'],,,,,14,4,284,15,148.46291159978136,,,,,,,,148.43709569983184,148.46291159978136,148.46291159978136,148.46291159978136,0.0052386000752449036,148.66474050004035,,[np.float64(-0.04)],[np.float64(-0.28833333333333333)],[1],[0],[0],[0.22698459960520267],['text_3'],p4,001,2025-10-15_20h26.42.979,word_priming,,2025.1.1,60.223477326749595,2025-10-15 20h26.50.209440 +0530,
,285,5,14,,,P_li_e,Police,old ,,[np.float64(-0.04)],[np.float64(-0.28833333333333333)],[1],[0],[0],[0.22674060007557273],['text_3'],,,,,14,5,285,7,148.69591140002012,,,,,,,,148.66981819970533,148.69591140002012,148.69591140002012,148.69591140002012,0.004861200228333473,148.89720949996263,,[np.float64(-0.04)],[np.float64(-0.28833333333333333)],[1],[0],[0],[0.22674060007557273],['text_3'],p4,001,2025-10-15_20h26.42.979,word_priming,,2025.1.1,60.223477326749595,2025-10-15 20h26.50.209440 +0530,
,286,6,14,,,c_s_io_,cushion,old ,,[np.float64(-0.04)],[np.float64(-0.28833333333333333)],[1],[0],[0],[0.19394939998164773],['text_3'],,,,,14,6,286,14,148.92920729983598,,,,,,,,148.90227989992127,148.92920729983598,148.92920729983598,148.92920729983598,0.004865399561822414,149.09688950004056,,[np.float64(-0.04)],[np.float64(-0.28833333333333333)],[1],[0],[0],[0.19394939998164773],['text_3'],p4,001,2025-10-15_20h26.42.979,word_priming,,2025.1.1,60.223477326749595,2025-10-15 20h26.50.209440 +0530,
,287,7,14,,,bo_t_e,bottle,new,,[np.float64(-0.04)],[np.float64(-0.28833333333333333)],[1],[0],[0],[0.22672129981219769],['text_3'],,,,,14,7,287,18,149.12890139967203,,,,,,,,149.1024531996809,149.12890139967203,149.12890139967203,149.12890139967203,0.0053434004075825214,149.3298808997497,,[np.float64(-0.04)],[np.float64(-0.28833333333333333)],[1],[0],[0],[0.22672129981219769],['text_3'],p4,001,2025-10-15_20h26.42.979,word_priming,,2025.1.1,60.223477326749595,2025-10-15 20h26.50.209440 +0530,
,288,8,14,,,_ou_se,mouse,old ,,[np.float64(-0.04)],[np.float64(-0.28833333333333333)],[1],[0],[0],[0.1957107000052929],['text_3'],,,,,14,8,288,3,149.36197589989752,,,,,,,,149.33482709992677,149.36197589989752,149.36197589989752,149.36197589989752,0.004748799838125706,149.53119889972731,,[np.float64(-0.04)],[np.float64(-0.28833333333333333)],[1],[0],[0],[0.1957107000052929],['text_3'],p4,001,2025-10-15_20h26.42.979,word_priming,,2025.1.1,60.223477326749595,2025-10-15 20h26.50.209440 +0530,
,289,9,14,,,_oo_,book,old ,,[np.float64(-0.04)],[np.float64(-0.28833333333333333)],[1],[0],[0],[0.22767219971865416],['text_3'],,,,,14,9,289,13,149.5613804999739,,,,,,,,149.53552330005914,149.5613804999739,149.5613804999739,149.5613804999739,0.004124599974602461,149.76383429998532,,[np.float64(-0.04)],[np.float64(-0.28833333333333333)],[1],[0],[0],[0.22767219971865416],['text_3'],p4,001,2025-10-15_20h26.42.979,word_priming,,2025.1.1,60.223477326749595,2025-10-15 20h26.50.209440 +0530,
,290,10,14,,,p_nc_l,pencil,new,,[np.float64(-0.04)],[np.float64(-0.28833333333333333)],[1],[0],[0],[0.21080040000379086],['text_3'],,,,,14,10,290,16,149.79514619987458,,,,,,,,149.76881620008498,149.79514619987458,149.79514619987458,149.79514619987458,0.004765599966049194,149.9802748998627,,[np.float64(-0.04)],[np.float64(-0.28833333333333333)],[1],[0],[0],[0.21080040000379086],['text_3'],p4,001,2025-10-15_20h26.42.979,word_priming,,2025.1.1,60.223477326749595,2025-10-15 20h26.50.209440 +0530,
,291,11,14,,,c_s_,case,old ,,[np.float64(-0.04)],[np.float64(-0.28833333333333333)],[1],[0],[0],[0.22685879981145263],['text_3'],,,,,14,11,291,5,150.0115657998249,,,,,,,,149.98466529976577,150.0115657998249,150.0115657998249,150.0115657998249,0.004191900137811899,150.21222739992663,,[np.float64(-0.04)],[np.float64(-0.28833333333333333)],[1],[0],[0],[0.22685879981145263],['text_3'],p4,001,2025-10-15_20h26.42.979,word_priming,,2025.1.1,60.223477326749595,2025-10-15 20h26.50.209440 +0530,
,292,12,14,,,v_s_,vase,new,,[np.float64(-0.04)],[np.float64(-0.28833333333333333)],[1],[0],[0],[0.19563640002161264],['text_3'],,,,,14,12,292,17,150.24453329993412,,,,,,,,150.2165864999406,150.24453329993412,150.24453329993412,150.24453329993412,0.004157199990004301,150.4128642999567,,[np.float64(-0.04)],[np.float64(-0.28833333333333333)],[1],[0],[0],[0.19563640002161264],['text_3'],p4,001,2025-10-15_20h26.42.979,word_priming,,2025.1.1,60.223477326749595,2025-10-15 20h26.50.209440 +0530,
,293,13,14,,,l_pt_p,laptop,old ,,[np.float64(-0.04)],[np.float64(-0.28833333333333333)],[1],[0],[0],[0.22702720016241074],['text_3'],,,,,14,13,293,0,150.44416139973328,,,,,,,,150.41785789979622,150.44416139973328,150.44416139973328,150.44416139973328,0.004773200023919344,150.645535599906,,[np.float64(-0.04)],[np.float64(-0.28833333333333333)],[1],[0],[0],[0.22702720016241074],['text_3'],p4,001,2025-10-15_20h26.42.979,word_priming,,2025.1.1,60.223477326749595,2025-10-15 20h26.50.209440 +0530,
,294,14,14,,,c_m_ra,camera,new,,[np.float64(-0.04)],[np.float64(-0.28833333333333333)],[1],[0],[0],[0.1935360999777913],['text_3'],,,,,14,14,294,19,150.6777768000029,,,,,,,,150.65101510006934,150.6777768000029,150.6777768000029,150.6777768000029,0.005286799743771553,150.84520079987124,,[np.float64(-0.04)],[np.float64(-0.28833333333333333)],[1],[0],[0],[0.1935360999777913],['text_3'],p4,001,2025-10-15_20h26.42.979,word_priming,,2025.1.1,60.223477326749595,2025-10-15 20h26.50.209440 +0530,
,295,15,14,,,P_st_r,Poster,old ,,[np.float64(-0.04)],[np.float64(-0.28833333333333333)],[1],[0],[0],[0.1954825003631413],['text_3'],,,,,14,15,295,9,150.87725749984384,,,,,,,,150.85018889978528,150.87725749984384,150.87725749984384,150.87725749984384,0.004787500016391277,151.0463359998539,,[np.float64(-0.04)],[np.float64(-0.28833333333333333)],[1],[0],[0],[0.1954825003631413],['text_3'],p4,001,2025-10-15_20h26.42.979,word_priming,,2025.1.1,60.223477326749595,2025-10-15 20h26.50.209440 +0530,
,296,16,14,,,P_str_,pastry,old ,,[np.float64(-0.04)],[np.float64(-0.28833333333333333)],[1],[0],[0],[0.24361070012673736],['text_3'],,,,,14,16,296,4,151.0769543000497,,,,,,,,151.0513021997176,151.0769543000497,151.0769543000497,151.0769543000497,0.004767700098454952,151.29555589985102,,[np.float64(-0.04)],[np.float64(-0.28833333333333333)],[1],[0],[0],[0.24361070012673736],['text_3'],p4,001,2025-10-15_20h26.42.979,word_priming,,2025.1.1,60.223477326749595,2025-10-15 20h26.50.209440 +0530,
,297,17,14,,,_ru_s_,cruise,old ,,[np.float64(-0.04)],[np.float64(-0.28833333333333333)],[1],[0],[0],[0.22659209975972772],['text_3'],,,,,14,17,297,6,151.32634519971907,,,,,,,,151.30107029993087,151.32634519971907,151.32634519971907,151.32634519971907,0.005307599902153015,151.5283101000823,,[np.float64(-0.04)],[np.float64(-0.28833333333333333)],[1],[0],[0],[0.22659209975972772],['text_3'],p4,001,2025-10-15_20h26.42.979,word_priming,,2025.1.1,60.223477326749595,2025-10-15 20h26.50.209440 +0530,
,298,18,14,,,_ha_t,chart,old ,,[np.float64(-0.04)],[np.float64(-0.28833333333333333)],[1],[0],[0],[0.19367949990555644],['text_3'],,,,,14,18,298,1,151.560245399829,,,,,,,,151.5333801000379,151.560245399829,151.560245399829,151.560245399829,0.004855699837207794,151.72770239971578,,[np.float64(-0.04)],[np.float64(-0.28833333333333333)],[1],[0],[0],[0.19367949990555644],['text_3'],p4,001,2025-10-15_20h26.42.979,word_priming,,2025.1.1,60.223477326749595,2025-10-15 20h26.50.209440 +0530,
,299,19,14,,,K_y_,Keys,old ,,[np.float64(-0.04)],[np.float64(-0.28833333333333333)],[1],[0],[0],[0.22821309976279736],['text_3'],,,,,14,19,299,8,151.75966960005462,,,,,,,,151.73217669967562,151.75966960005462,151.75966960005462,151.75966960005462,0.004281799774616957,151.9610429997556,,[np.float64(-0.04)],[np.float64(-0.28833333333333333)],[1],[0],[0],[0.22821309976279736],['text_3'],p4,001,2025-10-15_20h26.42.979,word_priming,,2025.1.1,60.223477326749595,2025-10-15 20h26.50.209440 +0530,
,300,0,15,,,K_y_,Keys,old ,,[np.float64(-0.04)],[np.float64(-0.28833333333333333)],[1],[0],[0],[0.29792849998921156],['text_3'],,,,,15,0,300,8,151.99282119981945,,,,,,,,151.96198670007288,151.99282119981945,151.99282119981945,151.99282119981945,0.0007365001365542412,152.26055349968374,,[np.float64(-0.04)],[np.float64(-0.28833333333333333)],[1],[0],[0],[0.29792849998921156],['text_3'],p4,001,2025-10-15_20h26.42.979,word_priming,,2025.1.1,60.223477326749595,2025-10-15 20h26.50.209440 +0530,
,301,1,15,,,c_s_io_,cushion,old ,,[np.float64(-0.04)],[np.float64(-0.28833333333333333)],[1],[0],[0],[0.1946250000037253],['text_3'],,,,,15,1,301,14,152.2926296000369,,,,,,,,152.26575449993834,152.2926296000369,152.2926296000369,152.2926296000369,0.005007599946111441,152.46102999988943,,[np.float64(-0.04)],[np.float64(-0.28833333333333333)],[1],[0],[0],[0.1946250000037253],['text_3'],p4,001,2025-10-15_20h26.42.979,word_priming,,2025.1.1,60.223477326749595,2025-10-15 20h26.50.209440 +0530,
,302,2,15,,,_oo_,book,old ,,[np.float64(-0.04)],[np.float64(-0.28833333333333333)],[1],[0],[0],[0.19460189994424582],['text_3'],,,,,15,2,302,13,152.49269649991766,,,,,,,,152.46559979999438,152.49269649991766,152.49269649991766,152.49269649991766,0.004377000033855438,152.66086129983887,,[np.float64(-0.04)],[np.float64(-0.28833333333333333)],[1],[0],[0],[0.19460189994424582],['text_3'],p4,001,2025-10-15_20h26.42.979,word_priming,,2025.1.1,60.223477326749595,2025-10-15 20h26.50.209440 +0530,
,303,3,15,,,v_s_,vase,new,,[np.float64(-0.04)],[np.float64(-0.28833333333333333)],[1],[0],[0],[0.2112147998996079],['text_3'],,,,,15,3,303,17,152.69211959978566,,,,,,,,152.6652763998136,152.69211959978566,152.69211959978566,152.69211959978566,0.00420990027487278,152.87715129973367,,[np.float64(-0.04)],[np.float64(-0.28833333333333333)],[1],[0],[0],[0.2112147998996079],['text_3'],p4,001,2025-10-15_20h26.42.979,word_priming,,2025.1.1,60.223477326749595,2025-10-15 20h26.50.209440 +0530,
,304,4,15,,,bo_t_e,bottle,new,,[np.float64(-0.04)],[np.float64(-0.28833333333333333)],[1],[0],[0],[0.19353620009496808],['text_3'],,,,,15,4,304,18,152.90849029971287,,,,,,,,152.88286439981312,152.90849029971287,152.90849029971287,152.90849029971287,0.005515299737453461,153.07704459968954,,[np.float64(-0.04)],[np.float64(-0.28833333333333333)],[1],[0],[0],[0.19353620009496808],['text_3'],p4,001,2025-10-15_20h26.42.979,word_priming,,2025.1.1,60.223477326749595,2025-10-15 20h26.50.209440 +0530,
,305,5,15,,,P_st_r,Poster,old ,,[np.float64(-0.04)],[np.float64(-0.28833333333333333)],[1],[0],[0],[0.24338469980284572],['text_3'],,,,,15,5,305,9,153.10872810008004,,,,,,,,153.08209279971197,153.10872810008004,153.10872810008004,153.10872810008004,0.004832599777728319,153.32612479990348,,[np.float64(-0.04)],[np.float64(-0.28833333333333333)],[1],[0],[0],[0.24338469980284572],['text_3'],p4,001,2025-10-15_20h26.42.979,word_priming,,2025.1.1,60.223477326749595,2025-10-15 20h26.50.209440 +0530,
,306,6,15,,,p_nc_l,pencil,new,,[np.float64(-0.04)],[np.float64(-0.28833333333333333)],[1],[0],[0],[0.2276150002144277],['text_3'],,,,,15,6,306,16,153.3580724997446,,,,,,,,153.3312212000601,153.3580724997446,153.3580724997446,153.3580724997446,0.0049033998511731625,153.55948620010167,,[np.float64(-0.04)],[np.float64(-0.28833333333333333)],[1],[0],[0],[0.2276150002144277],['text_3'],p4,001,2025-10-15_20h26.42.979,word_priming,,2025.1.1,60.223477326749595,2025-10-15 20h26.50.209440 +0530,
,307,7,15,,,_ou_se,mouse,old ,,[np.float64(-0.04)],[np.float64(-0.28833333333333333)],[1],[0],[0],[0.19309179997071624],['text_3'],,,,,15,7,307,3,153.5917096999474,,,,,,,,153.5657468000427,153.5917096999474,153.5917096999474,153.5917096999474,0.006068000104278326,153.7595021999441,,[np.float64(-0.04)],[np.float64(-0.28833333333333333)],[1],[0],[0],[0.19309179997071624],['text_3'],p4,001,2025-10-15_20h26.42.979,word_priming,,2025.1.1,60.223477326749595,2025-10-15 20h26.50.209440 +0530,
,308,8,15,,,_ru_s_,cruise,old ,,[np.float64(-0.04)],[np.float64(-0.28833333333333333)],[1],[0],[0],[0.22747599985450506],['text_3'],,,,,15,8,308,6,153.79094319976866,,,,,,,,153.76467130007222,153.79094319976866,153.79094319976866,153.79094319976866,0.0049704997800290585,153.99295339966193,,[np.float64(-0.04)],[np.float64(-0.28833333333333333)],[1],[0],[0],[0.22747599985450506],['text_3'],p4,001,2025-10-15_20h26.42.979,word_priming,,2025.1.1,60.223477326749595,2025-10-15 20h26.50.209440 +0530,
,309,9,15,,,_ho_e,Phone,old ,,[np.float64(-0.04)],[np.float64(-0.28833333333333333)],[1],[0],[0],[0.21155270002782345],['text_3'],,,,,15,9,309,12,154.02374350000173,,,,,,,,153.9979135999456,154.02374350000173,154.02374350000173,154.02374350000173,0.004727499559521675,154.21004649996758,,[np.float64(-0.04)],[np.float64(-0.28833333333333333)],[1],[0],[0],[0.21155270002782345],['text_3'],p4,001,2025-10-15_20h26.42.979,word_priming,,2025.1.1,60.223477326749595,2025-10-15 20h26.50.209440 +0530,
,310,10,15,,,_o_rd,Board,old ,,[np.float64(-0.04)],[np.float64(-0.28833333333333333)],[1],[0],[0],[0.21076060039922595],['text_3'],,,,,15,10,310,10,154.24056689999998,,,,,,,,154.2139893998392,154.24056689999998,154.24056689999998,154.24056689999998,0.0037803002633154392,154.4253048999235,,[np.float64(-0.04)],[np.float64(-0.28833333333333333)],[1],[0],[0],[0.21076060039922595],['text_3'],p4,001,2025-10-15_20h26.42.979,word_priming,,2025.1.1,60.223477326749595,2025-10-15 20h26.50.209440 +0530,
,311,11,15,,,l_pt_p,laptop,old ,,[np.float64(-0.04)],[np.float64(-0.28833333333333333)],[1],[0],[0],[0.22731699980795383],['text_3'],,,,,15,11,311,0,154.45704629970714,,,,,,,,154.4303468996659,154.45704629970714,154.45704629970714,154.45704629970714,0.004848499782383442,154.65831599989906,,[np.float64(-0.04)],[np.float64(-0.28833333333333333)],[1],[0],[0],[0.22731699980795383],['text_3'],p4,001,2025-10-15_20h26.42.979,word_priming,,2025.1.1,60.223477326749595,2025-10-15 20h26.50.209440 +0530,
,312,12,15,,,ta_l_,table,new,,[np.float64(-0.04)],[np.float64(-0.28833333333333333)],[1],[0],[0],[0.19397469982504845],['text_3'],,,,,15,12,312,15,154.69066819967702,,,,,,,,154.66333050001413,154.69066819967702,154.69066819967702,154.69066819967702,0.004819599911570549,154.85796150006354,,[np.float64(-0.04)],[np.float64(-0.28833333333333333)],[1],[0],[0],[0.19397469982504845],['text_3'],p4,001,2025-10-15_20h26.42.979,word_priming,,2025.1.1,60.223477326749595,2025-10-15 20h26.50.209440 +0530,
,313,13,15,,,T_hi_t,Tshirt,old ,,[np.float64(-0.04)],[np.float64(-0.28833333333333333)],[1],[0],[0],[0.17729269992560148],['text_3'],,,,,15,13,313,2,154.88984850002453,,,,,,,,154.86355189979076,154.88984850002453,154.88984850002453,154.88984850002453,0.005378100089728832,155.0415011998266,,[np.float64(-0.04)],[np.float64(-0.28833333333333333)],[1],[0],[0],[0.17729269992560148],['text_3'],p4,001,2025-10-15_20h26.42.979,word_priming,,2025.1.1,60.223477326749595,2025-10-15 20h26.50.209440 +0530,
,314,14,15,,,_ha_t,chart,old ,,[np.float64(-0.04)],[np.float64(-0.28833333333333333)],[1],[0],[0],[0.2279773000627756],['text_3'],,,,,15,14,314,1,155.0731441997923,,,,,,,,155.04648989997804,155.0731441997923,155.0731441997923,155.0731441997923,0.004791900049895048,155.27503599971533,,[np.float64(-0.04)],[np.float64(-0.28833333333333333)],[1],[0],[0],[0.2279773000627756],['text_3'],p4,001,2025-10-15_20h26.42.979,word_priming,,2025.1.1,60.223477326749595,2025-10-15 20h26.50.209440 +0530,
,315,15,15,,,_a_bl_,Marble,old ,,[np.float64(-0.04)],[np.float64(-0.28833333333333333)],[1],[0],[0],[0.19723999965935946],['text_3'],,,,,15,15,315,11,155.30578440008685,,,,,,,,155.27852249983698,155.30578440008685,155.30578440008685,155.30578440008685,0.0033291997388005257,155.47624189965427,,[np.float64(-0.04)],[np.float64(-0.28833333333333333)],[1],[0],[0],[0.19723999965935946],['text_3'],p4,001,2025-10-15_20h26.42.979,word_priming,,2025.1.1,60.223477326749595,2025-10-15 20h26.50.209440 +0530,
,316,16,15,,,P_li_e,Police,old ,,[np.float64(-0.04)],[np.float64(-0.28833333333333333)],[1],[0],[0],[0.2277121003717184],['text_3'],,,,,15,16,316,7,155.50626150006428,,,,,,,,155.48035119986162,155.50626150006428,155.50626150006428,155.50626150006428,0.0039726002141833305,155.70856539998204,,[np.float64(-0.04)],[np.float64(-0.28833333333333333)],[1],[0],[0],[0.2277121003717184],['text_3'],p4,001,2025-10-15_20h26.42.979,word_priming,,2025.1.1,60.223477326749595,2025-10-15 20h26.50.209440 +0530,
,317,17,15,,,c_m_ra,camera,new,,[np.float64(-0.04)],[np.float64(-0.28833333333333333)],[1],[0],[0],[0.19544029980897903],['text_3'],,,,,15,17,317,19,155.73910499969497,,,,,,,,155.7121616997756,155.73910499969497,155.73910499969497,155.73910499969497,0.0034385998733341694,155.90808849968016,,[np.float64(-0.04)],[np.float64(-0.28833333333333333)],[1],[0],[0],[0.19544029980897903],['text_3'],p4,001,2025-10-15_20h26.42.979,word_priming,,2025.1.1,60.223477326749595,2025-10-15 20h26.50.209440 +0530,
,318,18,15,,,P_str_,pastry,old ,,[np.float64(-0.04)],[np.float64(-0.28833333333333333)],[1],[0],[0],[0.21232679998502135],['text_3'],,,,,15,18,318,4,155.9388056998141,,,,,,,,155.91166109964252,155.9388056998141,155.9388056998141,155.9388056998141,0.0034098001196980476,156.1245411997661,,[np.float64(-0.04)],[np.float64(-0.28833333333333333)],[1],[0],[0],[0.21232679998502135],['text_3'],p4,001,2025-10-15_20h26.42.979,word_priming,,2025.1.1,60.223477326749595,2025-10-15 20h26.50.209440 +0530,
,319,19,15,,,c_s_,case,old ,,[np.float64(-0.04)],[np.float64(-0.28833333333333333)],[1],[0],[0],[0.2123316996730864],['text_3'],,,,,15,19,319,5,156.15528669999912,,,,,,,,156.12788779987022,156.15528669999912,156.15528669999912,156.15528669999912,0.003204799722880125,156.3407272999175,,[np.float64(-0.04)],[np.float64(-0.28833333333333333)],[1],[0],[0],[0.2123316996730864],['text_3'],p4,001,2025-10-15_20h26.42.979,word_priming,,2025.1.1,60.223477326749595,2025-10-15 20h26.50.209440 +0530,
,320,0,16,,,v_s_,vase,new,,[np.float64(-0.04)],[np.float64(-0.28833333333333333)],[1],[0],[0],[0.1968978000804782],['text_3'],,,,,16,0,320,17,156.3717562998645,,,,,,,,156.34385799989104,156.3717562998645,156.3717562998645,156.3717562998645,0.0029853000305593014,156.54123000008985,,[np.float64(-0.04)],[np.float64(-0.28833333333333333)],[1],[0],[0],[0.1968978000804782],['text_3'],p4,001,2025-10-15_20h26.42.979,word_priming,,2025.1.1,60.223477326749595,2025-10-15 20h26.50.209440 +0530,
,321,1,16,,,_ou_se,mouse,old ,,[np.float64(-0.04)],[np.float64(-0.28833333333333333)],[1],[0],[0],[0.21202840004116297],['text_3'],,,,,16,1,321,3,156.57151169981807,,,,,,,,156.54524770006537,156.57151169981807,156.57151169981807,156.57151169981807,0.0038744998164474964,156.75776119995862,,[np.float64(-0.04)],[np.float64(-0.28833333333333333)],[1],[0],[0],[0.21202840004116297],['text_3'],p4,001,2025-10-15_20h26.42.979,word_priming,,2025.1.1,60.223477326749595,2025-10-15 20h26.50.209440 +0530,
,322,2,16,,,c_s_,case,old ,,[np.float64(-0.04)],[np.float64(-0.28833333333333333)],[1],[0],[0],[0.21325840009376407],['text_3'],,,,,16,2,322,5,156.78800279973075,,,,,,,,156.76088019972667,156.78800279973075,156.78800279973075,156.78800279973075,0.002975699957460165,156.97461719997227,,[np.float64(-0.04)],[np.float64(-0.28833333333333333)],[1],[0],[0],[0.21325840009376407],['text_3'],p4,001,2025-10-15_20h26.42.979,word_priming,,2025.1.1,60.223477326749595,2025-10-15 20h26.50.209440 +0530,
,323,3,16,,,c_m_ra,camera,new,,[np.float64(-0.04)],[np.float64(-0.28833333333333333)],[1],[0],[0],[0.21152350027114153],['text_3'],,,,,16,3,323,19,157.0043158000335,,,,,,,,156.9781446000561,157.0043158000335,157.0043158000335,157.0043158000335,0.0033610002137720585,157.19014529976994,,[np.float64(-0.04)],[np.float64(-0.28833333333333333)],[1],[0],[0],[0.21152350027114153],['text_3'],p4,001,2025-10-15_20h26.42.979,word_priming,,2025.1.1,60.223477326749595,2025-10-15 20h26.50.209440 +0530,
,324,4,16,,,_a_bl_,Marble,old ,,[np.float64(-0.04)],[np.float64(-0.28833333333333333)],[1],[0],[0],[0.42761760018765926],['text_3'],,,,,16,4,324,11,157.2208773996681,,,,,,,,157.19371929997578,157.2208773996681,157.2208773996681,157.2208773996681,0.003427799791097641,157.62188989995047,,[np.float64(-0.04)],[np.float64(-0.28833333333333333)],[1],[0],[0],[0.42761760018765926],['text_3'],p4,001,2025-10-15_20h26.42.979,word_priming,,2025.1.1,60.223477326749595,2025-10-15 20h26.50.209440 +0530,
,325,5,16,,,_o_rd,Board,old ,,[np.float64(-0.04)],[np.float64(-0.28833333333333333)],[1],[0],[0],[0.26290860027074814],['text_3'],,,,,16,5,325,10,157.65382009977475,,,,,,,,157.62688679993153,157.65382009977475,157.65382009977475,157.65382009977475,0.004782500211149454,157.8904442996718,,[np.float64(-0.04)],[np.float64(-0.28833333333333333)],[1],[0],[0],[0.26290860027074814],['text_3'],p4,001,2025-10-15_20h26.42.979,word_priming,,2025.1.1,60.223477326749595,2025-10-15 20h26.50.209440 +0530,
,326,6,16,,,l_pt_p,laptop,old ,,[np.float64(-0.04)],[np.float64(-0.28833333333333333)],[1],[0],[0],[0.2256183000281453],['text_3'],,,,,16,6,326,0,157.920158599969,,,,,,,,157.89605579990894,157.920158599969,157.920158599969,157.920158599969,0.00541280023753643,158.12233569985256,,[np.float64(-0.04)],[np.float64(-0.28833333333333333)],[1],[0],[0],[0.2256183000281453],['text_3'],p4,001,2025-10-15_20h26.42.979,word_priming,,2025.1.1,60.223477326749595,2025-10-15 20h26.50.209440 +0530,
,327,7,16,,,p_nc_l,pencil,new,,[np.float64(-0.04)],[np.float64(-0.28833333333333333)],[1],[0],[0],[0.20997219998389482],['text_3'],,,,,16,7,327,16,158.15383479977027,,,,,,,,158.12731219967827,158.15383479977027,158.15383479977027,158.15383479977027,0.0047750999219715595,158.33794200001284,,[np.float64(-0.04)],[np.float64(-0.28833333333333333)],[1],[0],[0],[0.20997219998389482],['text_3'],p4,001,2025-10-15_20h26.42.979,word_priming,,2025.1.1,60.223477326749595,2025-10-15 20h26.50.209440 +0530,
,328,8,16,,,K_y_,Keys,old ,,[np.float64(-0.04)],[np.float64(-0.28833333333333333)],[1],[0],[0],[0.17817299999296665],['text_3'],,,,,16,8,328,8,158.36981059983373,,,,,,,,158.3423279998824,158.36981059983373,158.36981059983373,158.36981059983373,0.0041648996993899345,158.52115869987756,,[np.float64(-0.04)],[np.float64(-0.28833333333333333)],[1],[0],[0],[0.17817299999296665],['text_3'],p4,001,2025-10-15_20h26.42.979,word_priming,,2025.1.1,60.223477326749595,2025-10-15 20h26.50.209440 +0530,
,329,9,16,,,c_s_io_,cushion,old ,,[np.float64(-0.04)],[np.float64(-0.28833333333333333)],[1],[0],[0],[0.22633769968524575],['text_3'],,,,,16,9,329,14,158.5529763000086,,,,,,,,158.52684989990667,158.5529763000086,158.5529763000086,158.5529763000086,0.005497700069099665,158.7538413000293,,[np.float64(-0.04)],[np.float64(-0.28833333333333333)],[1],[0],[0],[0.22633769968524575],['text_3'],p4,001,2025-10-15_20h26.42.979,word_priming,,2025.1.1,60.223477326749595,2025-10-15 20h26.50.209440 +0530,
,330,10,16,,,_ha_t,chart,old ,,[np.float64(-0.04)],[np.float64(-0.28833333333333333)],[1],[0],[0],[0.24446510011330247],['text_3'],,,,,16,10,330,1,158.78604499995708,,,,,,,,158.75894269999117,158.78604499995708,158.78604499995708,158.78604499995708,0.004906199872493744,159.00405230000615,,[np.float64(-0.04)],[np.float64(-0.28833333333333333)],[1],[0],[0],[0.24446510011330247],['text_3'],p4,001,2025-10-15_20h26.42.979,word_priming,,2025.1.1,60.223477326749595,2025-10-15 20h26.50.209440 +0530,
,331,11,16,,,_ho_e,Phone,old ,,[np.float64(-0.04)],[np.float64(-0.28833333333333333)],[1],[0],[0],[0.2109882002696395],['text_3'],,,,,16,11,331,12,159.03586350008845,,,,,,,,159.0089447000064,159.03586350008845,159.03586350008845,159.03586350008845,0.004674599971622229,159.220584299881,,[np.float64(-0.04)],[np.float64(-0.28833333333333333)],[1],[0],[0],[0.2109882002696395],['text_3'],p4,001,2025-10-15_20h26.42.979,word_priming,,2025.1.1,60.223477326749595,2025-10-15 20h26.50.209440 +0530,
,332,12,16,,,ta_l_,table,new,,[np.float64(-0.04)],[np.float64(-0.28833333333333333)],[1],[0],[0],[0.22656419966369867],['text_3'],,,,,16,12,332,15,159.25223279977217,,,,,,,,159.22602989990264,159.25223279977217,159.25223279977217,159.25223279977217,0.005249800160527229,159.4532371996902,,[np.float64(-0.04)],[np.float64(-0.28833333333333333)],[1],[0],[0],[0.22656419966369867],['text_3'],p4,001,2025-10-15_20h26.42.979,word_priming,,2025.1.1,60.223477326749595,2025-10-15 20h26.50.209440 +0530,
,333,13,16,,,P_str_,pastry,old ,,[np.float64(-0.04)],[np.float64(-0.28833333333333333)],[1],[0],[0],[0.19541089981794357],['text_3'],,,,,16,13,333,4,159.48542660009116,,,,,,,,159.4581979000941,159.48542660009116,159.48542660009116,159.48542660009116,0.004764099605381489,159.65418859990314,,[np.float64(-0.04)],[np.float64(-0.28833333333333333)],[1],[0],[0],[0.19541089981794357],['text_3'],p4,001,2025-10-15_20h26.42.979,word_priming,,2025.1.1,60.223477326749595,2025-10-15 20h26.50.209440 +0530,
,334,14,16,,,_ru_s_,cruise,old ,,[np.float64(-0.04)],[np.float64(-0.28833333333333333)],[1],[0],[0],[0.19578250031918287],['text_3'],,,,,16,14,334,6,159.68481499981135,,,,,,,,159.6576974997297,159.68481499981135,159.68481499981135,159.68481499981135,0.003359799738973379,159.8539633997716,,[np.float64(-0.04)],[np.float64(-0.28833333333333333)],[1],[0],[0],[0.19578250031918287],['text_3'],p4,001,2025-10-15_20h26.42.979,word_priming,,2025.1.1,60.223477326749595,2025-10-15 20h26.50.209440 +0530,
,335,15,16,,,_oo_,book,old ,,"[np.float64(0.011666666666666667), np.float64(0.011666666666666667), np.float64(0.011666666666666667), np.float64(0.011666666666666667), np.float64(0.011666666666666667), np.float64(0.011666666666666667), np.float64(0.011666666666666667), np.float64(0.011666666666666667), np.float64(0.011666666666666667), np.float64(0.011666666666666667), np.float64(0.011666666666666667), np.float64(0.011666666666666667), np.float64(0.011666666666666667), np.float64(0.011666666666666667), np.float64(0.011666666666666667), np.float64(0.011666666666666667), np.float64(0.011666666666666667), np.float64(0.011666666666666667), np.float64(0.011666666666666667), np.float64(0.011666666666666667), np.float64(0.011666666666666667), np.float64(0.011666666666666667), np.float64(0.011666666666666667), np.float64(0.011666666666666667), np.float64(0.011666666666666667), np.float64(0.011666666666666667), np.float64(0.011666666666666667), np.float64(0.011666666666666667), np.float64(0.011666666666666667), np.float64(0.011666666666666667), np.float64(0.011666666666666667), np.float64(0.011666666666666667), np.float64(0.011666666666666667), np.float64(0.011666666666666667), np.float64(0.011666666666666667), np.float64(0.011666666666666667), np.float64(0.011666666666666667), np.float64(0.011666666666666667), np.float64(0.011666666666666667), np.float64(0.011666666666666667), np.float64(0.011666666666666667), np.float64(0.011666666666666667), np.float64(0.011666666666666667), np.float64(0.011666666666666667), np.float64(0.011666666666666667)]","[np.float64(-0.465), np.float64(-0.465), np.float64(-0.465), np.float64(-0.465), np.float64(-0.465), np.float64(-0.465), np.float64(-0.465), np.float64(-0.465), np.float64(-0.465), np.float64(-0.465), np.float64(-0.465), np.float64(-0.465), np.float64(-0.465), np.float64(-0.465), np.float64(-0.465), np.float64(-0.465), np.float64(-0.465), np.float64(-0.465), np.float64(-0.465), np.float64(-0.465), np.float64(-0.465), np.float64(-0.465), np.float64(-0.465), np.float64(-0.465), np.float64(-0.465), np.float64(-0.465), np.float64(-0.465), np.float64(-0.465), np.float64(-0.465), np.float64(-0.465), np.float64(-0.465), np.float64(-0.465), np.float64(-0.465), np.float64(-0.465), np.float64(-0.465), np.float64(-0.465), np.float64(-0.465), np.float64(-0.465), np.float64(-0.465), np.float64(-0.465), np.float64(-0.465), np.float64(-0.465), np.float64(-0.465), np.float64(-0.465), np.float64(-0.465)]","[1, 1, 1, 1, 1, 1, 1, 1, 1, 1, 1, 1, 1, 1, 1, 1, 1, 1, 1, 1, 1, 1, 1, 1, 1, 1, 1, 1, 1, 1, 1, 1, 1, 1, 1, 1, 1, 1, 1, 1, 1, 1, 1, 1, 1]","[0, 0, 0, 0, 0, 0, 0, 0, 0, 0, 0, 0, 0, 0, 0, 0, 0, 0, 0, 0, 0, 0, 0, 0, 0, 0, 0, 0, 0, 0, 0, 0, 0, 0, 0, 0, 0, 0, 0, 0, 0, 0, 0, 0, 0]","[0, 0, 0, 0, 0, 0, 0, 0, 0, 0, 0, 0, 0, 0, 0, 0, 0, 0, 0, 0, 0, 0, 0, 0, 0, 0, 0, 0, 0, 0, 0, 0, 0, 0, 0, 0, 0, 0, 0, 0, 0, 0, 0, 0, 0]","[0.37966390000656247, 0.6792709999717772, 0.8956001000478864, 1.1287310002371669, 1.3290734998881817, 1.5284715997986495, 1.7444430999457836, 1.9443797999992967, 2.16154700005427, 2.392902399878949, 2.593238700181246, 2.7920917998999357, 2.9595627998933196, 3.225480299908668, 3.4245981997810304, 3.625017600134015, 3.8260555998422205, 4.057542299851775, 4.241640999913216, 4.473775899969041, 4.673893100116402, 4.907172599807382, 5.107355100102723, 5.3226728001609445, 5.522979899775237, 5.722602800000459, 5.956128899939358, 6.172508799936622, 6.389438999816775, 6.622949100099504, 6.822740800213069, 7.037668900098652, 7.271160000003874, 7.470688700210303, 7.671525300014764, 7.870556199923158, 8.054482799954712, 8.303242099937052, 8.486900799907744, 8.721105800010264, 8.920347699895501, 9.152579300105572, 9.336391299962997, 9.553677100222558, 9.785996399819851]","[None, None, None, None, None, None, None, None, None, None, None, None, None, None, None, None, None, None, None, None, None, None, None, None, None, None, None, None, None, None, None, None, None, None, None, None, None, None, None, None, None, None, None, None, None]",,,,,16,15,335,13,159.88501289999112,,,,,,,,159.85751499980688,159.88501289999112,159.88501289999112,159.88501289999112,0.0034098997712135315,169.87602229975164,,"[np.float64(0.011666666666666667), np.float64(0.011666666666666667), np.float64(0.011666666666666667), np.float64(0.011666666666666667), np.float64(0.011666666666666667), np.float64(0.011666666666666667), np.float64(0.011666666666666667), np.float64(0.011666666666666667), np.float64(0.011666666666666667), np.float64(0.011666666666666667), np.float64(0.011666666666666667), np.float64(0.011666666666666667), np.float64(0.011666666666666667), np.float64(0.011666666666666667), np.float64(0.011666666666666667), np.float64(0.011666666666666667), np.float64(0.011666666666666667), np.float64(0.011666666666666667), np.float64(0.011666666666666667), np.float64(0.011666666666666667), np.float64(0.011666666666666667), np.float64(0.011666666666666667), np.float64(0.011666666666666667), np.float64(0.011666666666666667), np.float64(0.011666666666666667), np.float64(0.011666666666666667), np.float64(0.011666666666666667), np.float64(0.011666666666666667), np.float64(0.011666666666666667), np.float64(0.011666666666666667), np.float64(0.011666666666666667), np.float64(0.011666666666666667), np.float64(0.011666666666666667), np.float64(0.011666666666666667), np.float64(0.011666666666666667), np.float64(0.011666666666666667), np.float64(0.011666666666666667), np.float64(0.011666666666666667), np.float64(0.011666666666666667), np.float64(0.011666666666666667), np.float64(0.011666666666666667), np.float64(0.011666666666666667), np.float64(0.011666666666666667), np.float64(0.011666666666666667), np.float64(0.011666666666666667)]","[np.float64(-0.465), np.float64(-0.465), np.float64(-0.465), np.float64(-0.465), np.float64(-0.465), np.float64(-0.465), np.float64(-0.465), np.float64(-0.465), np.float64(-0.465), np.float64(-0.465), np.float64(-0.465), np.float64(-0.465), np.float64(-0.465), np.float64(-0.465), np.float64(-0.465), np.float64(-0.465), np.float64(-0.465), np.float64(-0.465), np.float64(-0.465), np.float64(-0.465), np.float64(-0.465), np.float64(-0.465), np.float64(-0.465), np.float64(-0.465), np.float64(-0.465), np.float64(-0.465), np.float64(-0.465), np.float64(-0.465), np.float64(-0.465), np.float64(-0.465), np.float64(-0.465), np.float64(-0.465), np.float64(-0.465), np.float64(-0.465), np.float64(-0.465), np.float64(-0.465), np.float64(-0.465), np.float64(-0.465), np.float64(-0.465), np.float64(-0.465), np.float64(-0.465), np.float64(-0.465), np.float64(-0.465), np.float64(-0.465), np.float64(-0.465)]","[1, 1, 1, 1, 1, 1, 1, 1, 1, 1, 1, 1, 1, 1, 1, 1, 1, 1, 1, 1, 1, 1, 1, 1, 1, 1, 1, 1, 1, 1, 1, 1, 1, 1, 1, 1, 1, 1, 1, 1, 1, 1, 1, 1, 1]","[0, 0, 0, 0, 0, 0, 0, 0, 0, 0, 0, 0, 0, 0, 0, 0, 0, 0, 0, 0, 0, 0, 0, 0, 0, 0, 0, 0, 0, 0, 0, 0, 0, 0, 0, 0, 0, 0, 0, 0, 0, 0, 0, 0, 0]","[0, 0, 0, 0, 0, 0, 0, 0, 0, 0, 0, 0, 0, 0, 0, 0, 0, 0, 0, 0, 0, 0, 0, 0, 0, 0, 0, 0, 0, 0, 0, 0, 0, 0, 0, 0, 0, 0, 0, 0, 0, 0, 0, 0, 0]","[0.37966390000656247, 0.6792709999717772, 0.8956001000478864, 1.1287310002371669, 1.3290734998881817, 1.5284715997986495, 1.7444430999457836, 1.9443797999992967, 2.16154700005427, 2.392902399878949, 2.593238700181246, 2.7920917998999357, 2.9595627998933196, 3.225480299908668, 3.4245981997810304, 3.625017600134015, 3.8260555998422205, 4.057542299851775, 4.241640999913216, 4.473775899969041, 4.673893100116402, 4.907172599807382, 5.107355100102723, 5.3226728001609445, 5.522979899775237, 5.722602800000459, 5.956128899939358, 6.172508799936622, 6.389438999816775, 6.622949100099504, 6.822740800213069, 7.037668900098652, 7.271160000003874, 7.470688700210303, 7.671525300014764, 7.870556199923158, 8.054482799954712, 8.303242099937052, 8.486900799907744, 8.721105800010264, 8.920347699895501, 9.152579300105572, 9.336391299962997, 9.553677100222558, 9.785996399819851]","[None, None, None, None, None, None, None, None, None, None, None, None, None, None, None, None, None, None, None, None, None, None, None, None, None, None, None, None, None, None, None, None, None, None, None, None, None, None, None, None, None, None, None, None, None]",p4,001,2025-10-15_20h26.42.979,word_priming,,2025.1.1,60.223477326749595,2025-10-15 20h26.50.209440 +0530,
,336,16,16,,,P_li_e,Police,old ,,"[np.float64(0.011666666666666667), np.float64(0.011666666666666667), np.float64(0.011666666666666667), np.float64(0.011666666666666667), np.float64(0.011666666666666667), np.float64(-0.0033333333333333335)]","[np.float64(-0.465), np.float64(-0.465), np.float64(-0.465), np.float64(-0.465), np.float64(-0.465), np.float64(-0.32166666666666666)]","[1, 1, 1, 1, 1, 1]","[0, 0, 0, 0, 0, 0]","[0, 0, 0, 0, 0, 0]","[0.24281780002638698, 0.4767758999951184, 0.7091328999958932, 0.9418468000367284, 1.108390400186181, 2.0919805001467466]","[None, None, None, None, None, 'text_3']",,,,,16,16,336,7,169.9084322997369,,,,,,,,169.8829704998061,169.9084322997369,169.9084322997369,169.9084322997369,0.02888659993186593,171.97560369968414,,"[np.float64(0.011666666666666667), np.float64(0.011666666666666667), np.float64(0.011666666666666667), np.float64(0.011666666666666667), np.float64(0.011666666666666667), np.float64(-0.0033333333333333335)]","[np.float64(-0.465), np.float64(-0.465), np.float64(-0.465), np.float64(-0.465), np.float64(-0.465), np.float64(-0.32166666666666666)]","[1, 1, 1, 1, 1, 1]","[0, 0, 0, 0, 0, 0]","[0, 0, 0, 0, 0, 0]","[0.24281780002638698, 0.4767758999951184, 0.7091328999958932, 0.9418468000367284, 1.108390400186181, 2.0919805001467466]","[None, None, None, None, None, 'text_3']",p4,001,2025-10-15_20h26.42.979,word_priming,,2025.1.1,60.223477326749595,2025-10-15 20h26.50.209440 +0530,
,337,17,16,,,P_st_r,Poster,old ,,[np.float64(-0.0033333333333333335)],[np.float64(-0.32166666666666666)],[1],[0],[0],[0.2434533997438848],['text_3'],,,,,16,17,337,9,172.00633309967816,,,,,,,,171.98121999995783,172.00633309967816,172.00633309967816,172.00633309967816,0.005204400047659874,172.22532969992608,,[np.float64(-0.0033333333333333335)],[np.float64(-0.32166666666666666)],[1],[0],[0],[0.2434533997438848],['text_3'],p4,001,2025-10-15_20h26.42.979,word_priming,,2025.1.1,60.223477326749595,2025-10-15 20h26.50.209440 +0530,
,338,18,16,,,bo_t_e,bottle,new,,[np.float64(-0.0033333333333333335)],[np.float64(-0.32166666666666666)],[1],[0],[0],[0.19329870026558638],['text_3'],,,,,16,18,338,18,172.25604979973286,,,,,,,,172.23030559998006,172.25604979973286,172.25604979973286,172.25604979973286,0.004759300034493208,172.42424899991602,,[np.float64(-0.0033333333333333335)],[np.float64(-0.32166666666666666)],[1],[0],[0],[0.19329870026558638],['text_3'],p4,001,2025-10-15_20h26.42.979,word_priming,,2025.1.1,60.223477326749595,2025-10-15 20h26.50.209440 +0530,
,339,19,16,,,T_hi_t,Tshirt,old ,,[np.float64(-0.0033333333333333335)],[np.float64(-0.32166666666666666)],[1],[0],[0],[0.19445620011538267],['text_3'],,,,,16,19,339,2,172.45595419965684,,,,,,,,172.4292361997068,172.45595419965684,172.45595419965684,172.45595419965684,0.004792899824678898,172.62434449978173,,[np.float64(-0.0033333333333333335)],[np.float64(-0.32166666666666666)],[1],[0],[0],[0.19445620011538267],['text_3'],p4,001,2025-10-15_20h26.42.979,word_priming,,2025.1.1,60.223477326749595,2025-10-15 20h26.50.209440 +0530,
,340,0,17,,,c_m_ra,camera,new,,[np.float64(-0.0033333333333333335)],[np.float64(-0.32166666666666666)],[1],[0],[0],[0.161047900095582],['text_3'],,,,,17,0,340,19,172.6557435998693,,,,,,,,172.62994810007513,172.6557435998693,172.6557435998693,172.6557435998693,0.005398500245064497,172.79166179988533,,[np.float64(-0.0033333333333333335)],[np.float64(-0.32166666666666666)],[1],[0],[0],[0.161047900095582],['text_3'],p4,001,2025-10-15_20h26.42.979,word_priming,,2025.1.1,60.223477326749595,2025-10-15 20h26.50.209440 +0530,
,341,1,17,,,p_nc_l,pencil,new,,[np.float64(-0.0033333333333333335)],[np.float64(-0.32166666666666666)],[1],[0],[0],[0.226188899949193],['text_3'],,,,,17,1,341,16,172.82185709988698,,,,,,,,172.79665549984202,172.82185709988698,172.82185709988698,172.82185709988698,0.004800299648195505,173.0234821997583,,[np.float64(-0.0033333333333333335)],[np.float64(-0.32166666666666666)],[1],[0],[0],[0.226188899949193],['text_3'],p4,001,2025-10-15_20h26.42.979,word_priming,,2025.1.1,60.223477326749595,2025-10-15 20h26.50.209440 +0530,
,342,2,17,,,P_st_r,Poster,old ,,[np.float64(-0.0033333333333333335)],[np.float64(-0.32166666666666666)],[1],[0],[0],[0.19385110028088093],['text_3'],,,,,17,2,342,9,173.0554311000742,,,,,,,,173.0286639998667,173.0554311000742,173.0554311000742,173.0554311000742,0.004968400113284588,173.22322720009834,,[np.float64(-0.0033333333333333335)],[np.float64(-0.32166666666666666)],[1],[0],[0],[0.19385110028088093],['text_3'],p4,001,2025-10-15_20h26.42.979,word_priming,,2025.1.1,60.223477326749595,2025-10-15 20h26.50.209440 +0530,
,343,3,17,,,_ou_se,mouse,old ,,[np.float64(-0.0033333333333333335)],[np.float64(-0.32166666666666666)],[1],[0],[0],[0.39432380022481084],['text_3'],,,,,17,3,343,3,173.25489079998806,,,,,,,,173.22852250002325,173.25489079998806,173.25489079998806,173.25489079998806,0.005094400141388178,173.6235067998059,,[np.float64(-0.0033333333333333335)],[np.float64(-0.32166666666666666)],[1],[0],[0],[0.39432380022481084],['text_3'],p4,001,2025-10-15_20h26.42.979,word_priming,,2025.1.1,60.223477326749595,2025-10-15 20h26.50.209440 +0530,
,344,4,17,,,_ho_e,Phone,old ,,[np.float64(-0.0033333333333333335)],[np.float64(-0.32166666666666666)],[1],[0],[0],[0.3268992998637259],['text_3'],,,,,17,4,344,12,173.65454069990665,,,,,,,,173.62849240005016,173.65454069990665,173.65454069990665,173.65454069990665,0.004791799932718277,173.95604169974104,,[np.float64(-0.0033333333333333335)],[np.float64(-0.32166666666666666)],[1],[0],[0],[0.3268992998637259],['text_3'],p4,001,2025-10-15_20h26.42.979,word_priming,,2025.1.1,60.223477326749595,2025-10-15 20h26.50.209440 +0530,
,345,5,17,,,ta_l_,table,new,,[np.float64(-0.0033333333333333335)],[np.float64(-0.32166666666666666)],[1],[0],[0],[0.22753919987007976],['text_3'],,,,,17,5,345,15,173.98775209998712,,,,,,,,173.96103079989552,173.98775209998712,173.98775209998712,173.98775209998712,0.004797900095582008,174.18922089971602,,[np.float64(-0.0033333333333333335)],[np.float64(-0.32166666666666666)],[1],[0],[0],[0.22753919987007976],['text_3'],p4,001,2025-10-15_20h26.42.979,word_priming,,2025.1.1,60.223477326749595,2025-10-15 20h26.50.209440 +0530,
,346,6,17,,,P_li_e,Police,old ,,[np.float64(-0.0033333333333333335)],[np.float64(-0.32166666666666666)],[1],[0],[0],[0.19263429986312985],['text_3'],,,,,17,6,346,7,174.2208817997016,,,,,,,,174.19538099970669,174.2208817997016,174.2208817997016,174.2208817997016,0.005929999984800816,174.38868619967252,,[np.float64(-0.0033333333333333335)],[np.float64(-0.32166666666666666)],[1],[0],[0],[0.19263429986312985],['text_3'],p4,001,2025-10-15_20h26.42.979,word_priming,,2025.1.1,60.223477326749595,2025-10-15 20h26.50.209440 +0530,
,347,7,17,,,c_s_io_,cushion,old ,,[np.float64(-0.0033333333333333335)],[np.float64(-0.32166666666666666)],[1],[0],[0],[0.19469860009849072],['text_3'],,,,,17,7,347,14,174.42065369989723,,,,,,,,174.39386719977483,174.42065369989723,174.42065369989723,174.42065369989723,0.004981799982488155,174.58921410003677,,[np.float64(-0.0033333333333333335)],[np.float64(-0.32166666666666666)],[1],[0],[0],[0.19469860009849072],['text_3'],p4,001,2025-10-15_20h26.42.979,word_priming,,2025.1.1,60.223477326749595,2025-10-15 20h26.50.209440 +0530,
,348,8,17,,,T_hi_t,Tshirt,old ,,[np.float64(-0.0033333333333333335)],[np.float64(-0.32166666666666666)],[1],[0],[0],[0.21099299984052777],['text_3'],,,,,17,8,348,2,174.62036120006815,,,,,,,,174.59421029966325,174.62036120006815,174.62036120006815,174.62036120006815,0.004774800036102533,174.805848099757,,[np.float64(-0.0033333333333333335)],[np.float64(-0.32166666666666666)],[1],[0],[0],[0.21099299984052777],['text_3'],p4,001,2025-10-15_20h26.42.979,word_priming,,2025.1.1,60.223477326749595,2025-10-15 20h26.50.209440 +0530,
,349,9,17,,,P_str_,pastry,old ,,[np.float64(-0.0033333333333333335)],[np.float64(-0.32166666666666666)],[1],[0],[0],[0.20987709984183311],['text_3'],,,,,17,9,349,4,174.83641089964658,,,,,,,,174.8108473997563,174.83641089964658,174.83641089964658,174.83641089964658,0.004807199817150831,175.02137380000204,,[np.float64(-0.0033333333333333335)],[np.float64(-0.32166666666666666)],[1],[0],[0],[0.20987709984183311],['text_3'],p4,001,2025-10-15_20h26.42.979,word_priming,,2025.1.1,60.223477326749595,2025-10-15 20h26.50.209440 +0530,
,350,10,17,,,_ha_t,chart,old ,,[np.float64(-0.0033333333333333335)],[np.float64(-0.32166666666666666)],[1],[0],[0],[0.17811289988458157],['text_3'],,,,,17,10,350,1,175.0532819996588,,,,,,,,175.0264900000766,175.0532819996588,175.0532819996588,175.0532819996588,0.004913500044494867,175.20525030000135,,[np.float64(-0.0033333333333333335)],[np.float64(-0.32166666666666666)],[1],[0],[0],[0.17811289988458157],['text_3'],p4,001,2025-10-15_20h26.42.979,word_priming,,2025.1.1,60.223477326749595,2025-10-15 20h26.50.209440 +0530,
,351,11,17,,,_o_rd,Board,old ,,[np.float64(-0.0033333333333333335)],[np.float64(-0.32166666666666666)],[1],[0],[0],[0.22725400002673268],['text_3'],,,,,17,11,351,10,175.23659169999883,,,,,,,,175.21034109964967,175.23659169999883,175.23659169999883,175.23659169999883,0.004915500059723854,175.43826849991456,,[np.float64(-0.0033333333333333335)],[np.float64(-0.32166666666666666)],[1],[0],[0],[0.22725400002673268],['text_3'],p4,001,2025-10-15_20h26.42.979,word_priming,,2025.1.1,60.223477326749595,2025-10-15 20h26.50.209440 +0530,
,352,12,17,,,_a_bl_,Marble,old ,,[np.float64(-0.0033333333333333335)],[np.float64(-0.32166666666666666)],[1],[0],[0],[0.22665069997310638],['text_3'],,,,,17,12,352,11,175.46955259982497,,,,,,,,175.443363300059,175.46955259982497,175.46955259982497,175.46955259982497,0.004901300184428692,175.67066409997642,,[np.float64(-0.0033333333333333335)],[np.float64(-0.32166666666666666)],[1],[0],[0],[0.22665069997310638],['text_3'],p4,001,2025-10-15_20h26.42.979,word_priming,,2025.1.1,60.223477326749595,2025-10-15 20h26.50.209440 +0530,
,353,13,17,,,l_pt_p,laptop,old ,,[np.float64(-0.0033333333333333335)],[np.float64(-0.32166666666666666)],[1],[0],[0],[0.1950297001749277],['text_3'],,,,,17,13,353,0,175.7025163997896,,,,,,,,175.67569130007178,175.7025163997896,175.7025163997896,175.7025163997896,0.004831199999898672,175.87136949971318,,[np.float64(-0.0033333333333333335)],[np.float64(-0.32166666666666666)],[1],[0],[0],[0.1950297001749277],['text_3'],p4,001,2025-10-15_20h26.42.979,word_priming,,2025.1.1,60.223477326749595,2025-10-15 20h26.50.209440 +0530,
,354,14,17,,,bo_t_e,bottle,new,,[np.float64(-0.0033333333333333335)],[np.float64(-0.32166666666666666)],[1],[0],[0],[0.22795070009306073],['text_3'],,,,,17,14,354,18,175.9021767997183,,,,,,,,175.87639069976285,175.9021767997183,175.9021767997183,175.9021767997183,0.004820700269192457,176.10498629976064,,[np.float64(-0.0033333333333333335)],[np.float64(-0.32166666666666666)],[1],[0],[0],[0.22795070009306073],['text_3'],p4,001,2025-10-15_20h26.42.979,word_priming,,2025.1.1,60.223477326749595,2025-10-15 20h26.50.209440 +0530,
,355,15,17,,,K_y_,Keys,old ,,[np.float64(-0.0033333333333333335)],[np.float64(-0.32166666666666666)],[1],[0],[0],[0.21138500003144145],['text_3'],,,,,17,15,355,8,176.13532850006595,,,,,,,,176.10938679985702,176.13532850006595,176.13532850006595,176.13532850006595,0.004199599847197533,176.32143259979784,,[np.float64(-0.0033333333333333335)],[np.float64(-0.32166666666666666)],[1],[0],[0],[0.21138500003144145],['text_3'],p4,001,2025-10-15_20h26.42.979,word_priming,,2025.1.1,60.223477326749595,2025-10-15 20h26.50.209440 +0530,
,356,16,17,,,c_s_,case,old ,,[np.float64(-0.0033333333333333335)],[np.float64(-0.32166666666666666)],[1],[0],[0],[0.22614859975874424],['text_3'],,,,,17,16,356,5,176.3529840996489,,,,,,,,176.32633499987423,176.3529840996489,176.3529840996489,176.3529840996489,0.004685599822551012,176.55330420006067,,[np.float64(-0.0033333333333333335)],[np.float64(-0.32166666666666666)],[1],[0],[0],[0.22614859975874424],['text_3'],p4,001,2025-10-15_20h26.42.979,word_priming,,2025.1.1,60.223477326749595,2025-10-15 20h26.50.209440 +0530,
,357,17,17,,,_ru_s_,cruise,old ,,[np.float64(-0.0033333333333333335)],[np.float64(-0.32166666666666666)],[1],[0],[0],[0.1608919003047049],['text_3'],,,,,17,17,357,6,176.58533079968765,,,,,,,,176.55848019989207,176.58533079968765,176.58533079968765,176.58533079968765,0.004977799952030182,176.72003689967096,,[np.float64(-0.0033333333333333335)],[np.float64(-0.32166666666666666)],[1],[0],[0],[0.1608919003047049],['text_3'],p4,001,2025-10-15_20h26.42.979,word_priming,,2025.1.1,60.223477326749595,2025-10-15 20h26.50.209440 +0530,
,358,18,17,,,v_s_,vase,new,,[np.float64(-0.0033333333333333335)],[np.float64(-0.32166666666666666)],[1],[0],[0],[0.21309190010651946],['text_3'],,,,,17,18,358,17,176.75161299994215,,,,,,,,176.7243707999587,176.75161299994215,176.75161299994215,176.75161299994215,0.004133699927479029,176.93804309982806,,[np.float64(-0.0033333333333333335)],[np.float64(-0.32166666666666666)],[1],[0],[0],[0.21309190010651946],['text_3'],p4,001,2025-10-15_20h26.42.979,word_priming,,2025.1.1,60.223477326749595,2025-10-15 20h26.50.209440 +0530,
,359,19,17,,,_oo_,book,old ,,[np.float64(-0.0033333333333333335)],[np.float64(-0.32166666666666666)],[1],[0],[0],[0.21273980010300875],['text_3'],,,,,17,19,359,13,176.9680606997572,,,,,,,,176.9416342000477,176.9680606997572,176.9680606997572,176.9680606997572,0.0034491997212171555,177.15492249978706,,[np.float64(-0.0033333333333333335)],[np.float64(-0.32166666666666666)],[1],[0],[0],[0.21273980010300875],['text_3'],p4,001,2025-10-15_20h26.42.979,word_priming,,2025.1.1,60.223477326749595,2025-10-15 20h26.50.209440 +0530,
,360,0,18,,,_ou_se,mouse,old ,,[np.float64(-0.0033333333333333335)],[np.float64(-0.32166666666666666)],[1],[0],[0],[0.19208469986915588],['text_3'],,,,,18,0,360,3,177.1844202997163,,,,,,,,177.16023640008643,177.1844202997163,177.1844202997163,177.1844202997163,0.005121199879795313,177.35296199982986,,[np.float64(-0.0033333333333333335)],[np.float64(-0.32166666666666666)],[1],[0],[0],[0.19208469986915588],['text_3'],p4,001,2025-10-15_20h26.42.979,word_priming,,2025.1.1,60.223477326749595,2025-10-15 20h26.50.209440 +0530,
,361,1,18,,,_ru_s_,cruise,old ,,[np.float64(-0.0033333333333333335)],[np.float64(-0.32166666666666666)],[1],[0],[0],[0.22754579968750477],['text_3'],,,,,18,1,361,6,177.38431230001152,,,,,,,,177.35802889987826,177.38431230001152,177.38431230001152,177.38431230001152,0.00484690023586154,177.58621989982203,,[np.float64(-0.0033333333333333335)],[np.float64(-0.32166666666666666)],[1],[0],[0],[0.22754579968750477],['text_3'],p4,001,2025-10-15_20h26.42.979,word_priming,,2025.1.1,60.223477326749595,2025-10-15 20h26.50.209440 +0530,
,362,2,18,,,_oo_,book,old ,,[np.float64(-0.0033333333333333335)],[np.float64(-0.32166666666666666)],[1],[0],[0],[0.2285424997098744],['text_3'],,,,,18,2,362,13,177.6177006000653,,,,,,,,177.59117399994284,177.6177006000653,177.6177006000653,177.6177006000653,0.004755400121212006,177.8202955997549,,[np.float64(-0.0033333333333333335)],[np.float64(-0.32166666666666666)],[1],[0],[0],[0.2285424997098744],['text_3'],p4,001,2025-10-15_20h26.42.979,word_priming,,2025.1.1,60.223477326749595,2025-10-15 20h26.50.209440 +0530,
,363,3,18,,,_ho_e,Phone,old ,,[np.float64(-0.0033333333333333335)],[np.float64(-0.32166666666666666)],[1],[0],[0],[0.21188350021839142],['text_3'],,,,,18,3,363,12,177.85058730002493,,,,,,,,177.82379199983552,177.85058730002493,177.85058730002493,177.85058730002493,0.003352500032633543,178.03615209972486,,[np.float64(-0.0033333333333333335)],[np.float64(-0.32166666666666666)],[1],[0],[0],[0.21188350021839142],['text_3'],p4,001,2025-10-15_20h26.42.979,word_priming,,2025.1.1,60.223477326749595,2025-10-15 20h26.50.209440 +0530,
,364,4,18,,,bo_t_e,bottle,new,,[np.float64(-0.0033333333333333335)],[np.float64(-0.32166666666666666)],[1],[0],[0],[0.1789496000856161],['text_3'],,,,,18,4,364,18,178.067033899948,,,,,,,,178.03976369975135,178.067033899948,178.067033899948,178.067033899948,0.003447499591857195,178.21920019993559,,[np.float64(-0.0033333333333333335)],[np.float64(-0.32166666666666666)],[1],[0],[0],[0.1789496000856161],['text_3'],p4,001,2025-10-15_20h26.42.979,word_priming,,2025.1.1,60.223477326749595,2025-10-15 20h26.50.209440 +0530,
,365,5,18,,,ta_l_,table,new,,[np.float64(-0.0033333333333333335)],[np.float64(-0.32166666666666666)],[1],[0],[0],[0.22780939983204007],['text_3'],,,,,18,5,365,15,178.25030299974605,,,,,,,,178.22291360003874,178.25030299974605,178.25030299974605,178.25030299974605,0.003570700064301491,178.4512899997644,,[np.float64(-0.0033333333333333335)],[np.float64(-0.32166666666666666)],[1],[0],[0],[0.22780939983204007],['text_3'],p4,001,2025-10-15_20h26.42.979,word_priming,,2025.1.1,60.223477326749595,2025-10-15 20h26.50.209440 +0530,
,366,6,18,,,P_li_e,Police,old ,,[np.float64(-0.0033333333333333335)],[np.float64(-0.32166666666666666)],[1],[0],[0],[0.16187969967722893],['text_3'],,,,,18,6,366,7,178.48330189986154,,,,,,,,178.45635159965605,178.48330189986154,178.48330189986154,178.48330189986154,0.004841799847781658,178.61887619970366,,[np.float64(-0.0033333333333333335)],[np.float64(-0.32166666666666666)],[1],[0],[0],[0.16187969967722893],['text_3'],p4,001,2025-10-15_20h26.42.979,word_priming,,2025.1.1,60.223477326749595,2025-10-15 20h26.50.209440 +0530,
,367,7,18,,,p_nc_l,pencil,new,,[np.float64(-0.0033333333333333335)],[np.float64(-0.32166666666666666)],[1],[0],[0],[0.2268105996772647],['text_3'],,,,,18,7,367,16,178.6497543998994,,,,,,,,178.62413879996166,178.6497543998994,178.6497543998994,178.6497543998994,0.005066799931228161,178.8515973999165,,[np.float64(-0.0033333333333333335)],[np.float64(-0.32166666666666666)],[1],[0],[0],[0.2268105996772647],['text_3'],p4,001,2025-10-15_20h26.42.979,word_priming,,2025.1.1,60.223477326749595,2025-10-15 20h26.50.209440 +0530,
,368,8,18,,,T_hi_t,Tshirt,old ,,[np.float64(-0.0033333333333333335)],[np.float64(-0.32166666666666666)],[1],[0],[0],[0.22680930001661181],['text_3'],,,,,18,8,368,2,178.88306299969554,,,,,,,,178.85673230001703,178.88306299969554,178.88306299969554,178.88306299969554,0.004940100014209747,179.08418799983338,,[np.float64(-0.0033333333333333335)],[np.float64(-0.32166666666666666)],[1],[0],[0],[0.22680930001661181],['text_3'],p4,001,2025-10-15_20h26.42.979,word_priming,,2025.1.1,60.223477326749595,2025-10-15 20h26.50.209440 +0530,
,369,9,18,,,P_st_r,Poster,old ,,[np.float64(-0.0033333333333333335)],[np.float64(-0.32166666666666666)],[1],[0],[0],[0.19401529990136623],['text_3'],,,,,18,9,369,9,179.11587559990585,,,,,,,,179.0891740997322,179.11587559990585,179.11587559990585,179.11587559990585,0.004787500016391277,179.28383139986545,,[np.float64(-0.0033333333333333335)],[np.float64(-0.32166666666666666)],[1],[0],[0],[0.19401529990136623],['text_3'],p4,001,2025-10-15_20h26.42.979,word_priming,,2025.1.1,60.223477326749595,2025-10-15 20h26.50.209440 +0530,
,370,10,18,,,l_pt_p,laptop,old ,,[np.float64(-0.0033333333333333335)],[np.float64(-0.32166666666666666)],[1],[0],[0],[0.1778482999652624],['text_3'],,,,,18,10,370,0,179.31601499998942,,,,,,,,179.28883539978415,179.31601499998942,179.31601499998942,179.31601499998942,0.0048076999373734,179.46731780003756,,[np.float64(-0.0033333333333333335)],[np.float64(-0.32166666666666666)],[1],[0],[0],[0.1778482999652624],['text_3'],p4,001,2025-10-15_20h26.42.979,word_priming,,2025.1.1,60.223477326749595,2025-10-15 20h26.50.209440 +0530,
,371,11,18,,,v_s_,vase,new,,[np.float64(-0.0033333333333333335)],[np.float64(-0.32166666666666666)],[1],[0],[0],[0.16192310024052858],['text_3'],,,,,18,11,371,17,179.49861339991912,,,,,,,,179.47224400006235,179.49861339991912,179.49861339991912,179.49861339991912,0.004709699656814337,179.63482079980895,,[np.float64(-0.0033333333333333335)],[np.float64(-0.32166666666666666)],[1],[0],[0],[0.16192310024052858],['text_3'],p4,001,2025-10-15_20h26.42.979,word_priming,,2025.1.1,60.223477326749595,2025-10-15 20h26.50.209440 +0530,
,372,12,18,,,P_str_,pastry,old ,,[np.float64(-0.0033333333333333335)],[np.float64(-0.32166666666666666)],[1],[0],[0],[0.19364110007882118],['text_3'],,,,,18,12,372,4,179.66503180004656,,,,,,,,179.6397863999009,179.66503180004656,179.66503180004656,179.66503180004656,0.004769099876284599,179.83408579975367,,[np.float64(-0.0033333333333333335)],[np.float64(-0.32166666666666666)],[1],[0],[0],[0.19364110007882118],['text_3'],p4,001,2025-10-15_20h26.42.979,word_priming,,2025.1.1,60.223477326749595,2025-10-15 20h26.50.209440 +0530,
,373,13,18,,,_ha_t,chart,old ,,[np.float64(-0.0033333333333333335)],[np.float64(-0.32166666666666666)],[1],[0],[0],[0.22670109989121556],['text_3'],,,,,18,13,373,1,179.8652508999221,,,,,,,,179.83905679965392,179.8652508999221,179.8652508999221,179.8652508999221,0.004753499757498503,180.06641699979082,,[np.float64(-0.0033333333333333335)],[np.float64(-0.32166666666666666)],[1],[0],[0],[0.22670109989121556],['text_3'],p4,001,2025-10-15_20h26.42.979,word_priming,,2025.1.1,60.223477326749595,2025-10-15 20h26.50.209440 +0530,
,374,14,18,,,c_m_ra,camera,new,,[np.float64(-0.0033333333333333335)],[np.float64(-0.32166666666666666)],[1],[0],[0],[0.17809720011427999],['text_3'],,,,,18,14,374,19,180.09841339988634,,,,,,,,180.07146580005065,180.09841339988634,180.09841339988634,180.09841339988634,0.00482630031183362,180.25021239975467,,[np.float64(-0.0033333333333333335)],[np.float64(-0.32166666666666666)],[1],[0],[0],[0.17809720011427999],['text_3'],p4,001,2025-10-15_20h26.42.979,word_priming,,2025.1.1,60.223477326749595,2025-10-15 20h26.50.209440 +0530,
,375,15,18,,,c_s_,case,old ,,[np.float64(-0.0033333333333333335)],[np.float64(-0.32166666666666666)],[1],[0],[0],[0.194813699927181],['text_3'],,,,,18,15,375,5,180.28155869990587,,,,,,,,180.2548134997487,180.28155869990587,180.28155869990587,180.28155869990587,0.004406500142067671,180.45026650000364,,[np.float64(-0.0033333333333333335)],[np.float64(-0.32166666666666666)],[1],[0],[0],[0.194813699927181],['text_3'],p4,001,2025-10-15_20h26.42.979,word_priming,,2025.1.1,60.223477326749595,2025-10-15 20h26.50.209440 +0530,
,376,16,18,,,_o_rd,Board,old ,,[np.float64(-0.0033333333333333335)],[np.float64(-0.32166666666666666)],[1],[0],[0],[0.22656070021912456],['text_3'],,,,,18,16,376,10,180.48121619969606,,,,,,,,180.45523949991912,180.48121619969606,180.48121619969606,180.48121619969606,0.004763400182127953,180.68246009992436,,[np.float64(-0.0033333333333333335)],[np.float64(-0.32166666666666666)],[1],[0],[0],[0.22656070021912456],['text_3'],p4,001,2025-10-15_20h26.42.979,word_priming,,2025.1.1,60.223477326749595,2025-10-15 20h26.50.209440 +0530,
,377,17,18,,,_a_bl_,Marble,old ,,[np.float64(-0.0033333333333333335)],[np.float64(-0.32166666666666666)],[1],[0],[0],[0.19446370005607605],['text_3'],,,,,18,17,377,11,180.7141613997519,,,,,,,,180.68751160008833,180.7141613997519,180.7141613997519,180.7141613997519,0.004854599945247173,180.88263039989397,,[np.float64(-0.0033333333333333335)],[np.float64(-0.32166666666666666)],[1],[0],[0],[0.19446370005607605],['text_3'],p4,001,2025-10-15_20h26.42.979,word_priming,,2025.1.1,60.223477326749595,2025-10-15 20h26.50.209440 +0530,
,378,18,18,,,c_s_io_,cushion,old ,,[np.float64(-0.0033333333333333335)],[np.float64(-0.32166666666666666)],[1],[0],[0],[0.17786310007795691],['text_3'],,,,,18,18,378,14,180.9146386999637,,,,,,,,180.88830769993365,180.9146386999637,180.9146386999637,180.9146386999637,0.005478200037032366,181.06682819966227,,[np.float64(-0.0033333333333333335)],[np.float64(-0.32166666666666666)],[1],[0],[0],[0.17786310007795691],['text_3'],p4,001,2025-10-15_20h26.42.979,word_priming,,2025.1.1,60.223477326749595,2025-10-15 20h26.50.209440 +0530,
,379,19,18,,,K_y_,Keys,old ,,[np.float64(-0.0033333333333333335)],[np.float64(-0.32166666666666666)],[1],[0],[0],[0.2102682995609939],['text_3'],,,,,18,19,379,8,181.09740899968892,,,,,,,,181.07123549981043,181.09740899968892,181.09740899968892,181.09740899968892,0.00417769979685545,181.28215169999748,,[np.float64(-0.0033333333333333335)],[np.float64(-0.32166666666666666)],[1],[0],[0],[0.2102682995609939],['text_3'],p4,001,2025-10-15_20h26.42.979,word_priming,,2025.1.1,60.223477326749595,2025-10-15 20h26.50.209440 +0530,
,380,0,19,,,T_hi_t,Tshirt,old ,,[np.float64(-0.0033333333333333335)],[np.float64(-0.32166666666666666)],[1],[0],[0],[0.22758940001949668],['text_3'],,,,,19,0,380,2,181.31378840003163,,,,,,,,181.28719099983573,181.31378840003163,181.31378840003163,181.31378840003163,0.004842699971050024,181.51543369982392,,[np.float64(-0.0033333333333333335)],[np.float64(-0.32166666666666666)],[1],[0],[0],[0.22758940001949668],['text_3'],p4,001,2025-10-15_20h26.42.979,word_priming,,2025.1.1,60.223477326749595,2025-10-15 20h26.50.209440 +0530,
,381,1,19,,,ta_l_,table,new,,[np.float64(-0.0033333333333333335)],[np.float64(-0.32166666666666666)],[1],[0],[0],[0.19391020014882088],['text_3'],,,,,19,1,381,15,181.54694369994104,,,,,,,,181.52090909983963,181.54694369994104,181.54694369994104,181.54694369994104,0.005279199685901403,181.71546359965578,,[np.float64(-0.0033333333333333335)],[np.float64(-0.32166666666666666)],[1],[0],[0],[0.19391020014882088],['text_3'],p4,001,2025-10-15_20h26.42.979,word_priming,,2025.1.1,60.223477326749595,2025-10-15 20h26.50.209440 +0530,
,382,2,19,,,_ou_se,mouse,old ,,[np.float64(-0.0033333333333333335)],[np.float64(-0.32166666666666666)],[1],[0],[0],[0.21014200011268258],['text_3'],,,,,19,2,382,3,181.74660179996863,,,,,,,,181.72047729976475,181.74660179996863,181.74660179996863,181.74660179996863,0.00480400025844574,181.93127549998462,,[np.float64(-0.0033333333333333335)],[np.float64(-0.32166666666666666)],[1],[0],[0],[0.21014200011268258],['text_3'],p4,001,2025-10-15_20h26.42.979,word_priming,,2025.1.1,60.223477326749595,2025-10-15 20h26.50.209440 +0530,
,383,3,19,,,_a_bl_,Marble,old ,,[np.float64(-0.0033333333333333335)],[np.float64(-0.32166666666666666)],[1],[0],[0],[0.17812200030311942],['text_3'],,,,,19,3,383,11,181.9638386000879,,,,,,,,181.936307199765,181.9638386000879,181.9638386000879,181.9638386000879,0.004835900384932756,182.1150728999637,,[np.float64(-0.0033333333333333335)],[np.float64(-0.32166666666666666)],[1],[0],[0],[0.17812200030311942],['text_3'],p4,001,2025-10-15_20h26.42.979,word_priming,,2025.1.1,60.223477326749595,2025-10-15 20h26.50.209440 +0530,
,384,4,19,,,p_nc_l,pencil,new,,[np.float64(-0.0033333333333333335)],[np.float64(-0.32166666666666666)],[1],[0],[0],[0.1934405998326838],['text_3'],,,,,19,4,384,16,182.1463623000309,,,,,,,,182.12011960009113,182.1463623000309,182.1463623000309,182.1463623000309,0.004847500007599592,182.31421229988337,,[np.float64(-0.0033333333333333335)],[np.float64(-0.32166666666666666)],[1],[0],[0],[0.1934405998326838],['text_3'],p4,001,2025-10-15_20h26.42.979,word_priming,,2025.1.1,60.223477326749595,2025-10-15 20h26.50.209440 +0530,
,385,5,19,,,v_s_,vase,new,,[np.float64(-0.0033333333333333335)],[np.float64(-0.32166666666666666)],[1],[0],[0],[0.194907299708575],['text_3'],,,,,19,5,385,17,182.3462279997766,,,,,,,,182.31865429971367,182.3462279997766,182.3462279997766,182.3462279997766,0.004243300296366215,182.51421039970592,,[np.float64(-0.0033333333333333335)],[np.float64(-0.32166666666666666)],[1],[0],[0],[0.194907299708575],['text_3'],p4,001,2025-10-15_20h26.42.979,word_priming,,2025.1.1,60.223477326749595,2025-10-15 20h26.50.209440 +0530,
,386,6,19,,,_ho_e,Phone,old ,,[np.float64(-0.0033333333333333335)],[np.float64(-0.32166666666666666)],[1],[0],[0],[0.19423680007457733],['text_3'],,,,,19,6,386,12,182.5460068997927,,,,,,,,182.51922550005838,182.5460068997927,182.5460068997927,182.5460068997927,0.0048166001215577126,182.71410880004987,,[np.float64(-0.0033333333333333335)],[np.float64(-0.32166666666666666)],[1],[0],[0],[0.19423680007457733],['text_3'],p4,001,2025-10-15_20h26.42.979,word_priming,,2025.1.1,60.223477326749595,2025-10-15 20h26.50.209440 +0530,
,387,7,19,,,_ha_t,chart,old ,,[np.float64(-0.0033333333333333335)],[np.float64(-0.32166666666666666)],[1],[0],[0],[0.1781899998895824],['text_3'],,,,,19,7,387,1,182.7457983000204,,,,,,,,182.71920270007104,182.7457983000204,182.7457983000204,182.7457983000204,0.004879100248217583,182.89804930007085,,[np.float64(-0.0033333333333333335)],[np.float64(-0.32166666666666666)],[1],[0],[0],[0.1781899998895824],['text_3'],p4,001,2025-10-15_20h26.42.979,word_priming,,2025.1.1,60.223477326749595,2025-10-15 20h26.50.209440 +0530,
,388,8,19,,,P_li_e,Police,old ,,[np.float64(-0.0033333333333333335)],[np.float64(-0.32166666666666666)],[1],[0],[0],[0.21043540025129914],['text_3'],,,,,19,8,388,7,182.92893819976598,,,,,,,,182.9035943998024,182.92893819976598,182.92893819976598,182.92893819976598,0.005347500089555979,183.11468630004674,,[np.float64(-0.0033333333333333335)],[np.float64(-0.32166666666666666)],[1],[0],[0],[0.21043540025129914],['text_3'],p4,001,2025-10-15_20h26.42.979,word_priming,,2025.1.1,60.223477326749595,2025-10-15 20h26.50.209440 +0530,
,389,9,19,,,_oo_,book,old ,,[np.float64(-0.0033333333333333335)],[np.float64(-0.32166666666666666)],[1],[0],[0],[0.22759349970147014],['text_3'],,,,,19,9,389,13,183.14600449986756,,,,,,,,183.11906319996342,183.14600449986756,183.14600449986756,183.14600449986756,0.004165299702435732,183.34729619976133,,[np.float64(-0.0033333333333333335)],[np.float64(-0.32166666666666666)],[1],[0],[0],[0.22759349970147014],['text_3'],p4,001,2025-10-15_20h26.42.979,word_priming,,2025.1.1,60.223477326749595,2025-10-15 20h26.50.209440 +0530,
,390,10,19,,,c_m_ra,camera,new,,[np.float64(-0.0033333333333333335)],[np.float64(-0.32166666666666666)],[1],[0],[0],[0.19407720025628805],['text_3'],,,,,19,10,390,19,183.37866909988225,,,,,,,,183.3523677997291,183.37866909988225,183.37866909988225,183.37866909988225,0.004872999619692564,183.54709099978209,,[np.float64(-0.0033333333333333335)],[np.float64(-0.32166666666666666)],[1],[0],[0],[0.19407720025628805],['text_3'],p4,001,2025-10-15_20h26.42.979,word_priming,,2025.1.1,60.223477326749595,2025-10-15 20h26.50.209440 +0530,
,391,11,19,,,c_s_io_,cushion,old ,,[np.float64(-0.0033333333333333335)],[np.float64(-0.32166666666666666)],[1],[0],[0],[0.1933832997456193],['text_3'],,,,,19,11,391,14,183.5782919996418,,,,,,,,183.55281719984487,183.5782919996418,183.5782919996418,183.5782919996418,0.005528499837964773,183.74685769993812,,[np.float64(-0.0033333333333333335)],[np.float64(-0.32166666666666666)],[1],[0],[0],[0.1933832997456193],['text_3'],p4,001,2025-10-15_20h26.42.979,word_priming,,2025.1.1,60.223477326749595,2025-10-15 20h26.50.209440 +0530,
,392,12,19,,,_o_rd,Board,old ,,[np.float64(-0.0033333333333333335)],[np.float64(-0.32166666666666666)],[1],[0],[0],[0.19403420016169548],['text_3'],,,,,19,12,392,10,183.77809270005673,,,,,,,,183.75187989976257,183.77809270005673,183.77809270005673,183.77809270005673,0.0048107001930475235,183.94663119968027,,[np.float64(-0.0033333333333333335)],[np.float64(-0.32166666666666666)],[1],[0],[0],[0.19403420016169548],['text_3'],p4,001,2025-10-15_20h26.42.979,word_priming,,2025.1.1,60.223477326749595,2025-10-15 20h26.50.209440 +0530,
,393,13,19,,,l_pt_p,laptop,old ,,[np.float64(-0.0033333333333333335)],[np.float64(-0.32166666666666666)],[1],[0],[0],[0.19522779993712902],['text_3'],,,,,19,13,393,0,183.97784949978814,,,,,,,,183.9518097997643,183.97784949978814,183.97784949978814,183.97784949978814,0.004979399964213371,184.14767789980397,,[np.float64(-0.0033333333333333335)],[np.float64(-0.32166666666666666)],[1],[0],[0],[0.19522779993712902],['text_3'],p4,001,2025-10-15_20h26.42.979,word_priming,,2025.1.1,60.223477326749595,2025-10-15 20h26.50.209440 +0530,
,394,14,19,,,_ru_s_,cruise,old ,,[np.float64(-0.0033333333333333335)],[np.float64(-0.32166666666666666)],[1],[0],[0],[0.20918929995968938],['text_3'],,,,,19,14,394,6,184.177672999911,,,,,,,,184.15266099991277,184.177672999911,184.177672999911,184.177672999911,0.004793299827724695,184.3625018997118,,[np.float64(-0.0033333333333333335)],[np.float64(-0.32166666666666666)],[1],[0],[0],[0.20918929995968938],['text_3'],p4,001,2025-10-15_20h26.42.979,word_priming,,2025.1.1,60.223477326749595,2025-10-15 20h26.50.209440 +0530,
,395,15,19,,,P_str_,pastry,old ,,[np.float64(-0.0033333333333333335)],[np.float64(-0.32166666666666666)],[1],[0],[0],[0.22723919991403818],['text_3'],,,,,19,15,395,4,184.394598999992,,,,,,,,184.3675397997722,184.394598999992,184.394598999992,184.394598999992,0.0048406003043055534,184.59541969979182,,[np.float64(-0.0033333333333333335)],[np.float64(-0.32166666666666666)],[1],[0],[0],[0.22723919991403818],['text_3'],p4,001,2025-10-15_20h26.42.979,word_priming,,2025.1.1,60.223477326749595,2025-10-15 20h26.50.209440 +0530,
,396,16,19,,,K_y_,Keys,old ,,[np.float64(-0.0033333333333333335)],[np.float64(-0.32166666666666666)],[1],[0],[0],[0.16109269997105002],['text_3'],,,,,19,16,396,8,184.62692740000784,,,,,,,,184.5998297999613,184.62692740000784,184.62692740000784,184.62692740000784,0.004200800321996212,184.76157199963927,,[np.float64(-0.0033333333333333335)],[np.float64(-0.32166666666666666)],[1],[0],[0],[0.16109269997105002],['text_3'],p4,001,2025-10-15_20h26.42.979,word_priming,,2025.1.1,60.223477326749595,2025-10-15 20h26.50.209440 +0530,
,397,17,19,,,P_st_r,Poster,old ,,[np.float64(-0.0033333333333333335)],[np.float64(-0.32166666666666666)],[1],[0],[0],[0.2772386996075511],['text_3'],,,,,19,17,397,9,184.79383389977738,,,,,,,,184.76691420003772,184.79383389977738,184.79383389977738,184.79383389977738,0.00512919994071126,185.04480389971286,,[np.float64(-0.0033333333333333335)],[np.float64(-0.32166666666666666)],[1],[0],[0],[0.2772386996075511],['text_3'],p4,001,2025-10-15_20h26.42.979,word_priming,,2025.1.1,60.223477326749595,2025-10-15 20h26.50.209440 +0530,
,398,18,19,,,bo_t_e,bottle,new,,[np.float64(-0.0033333333333333335)],[np.float64(-0.32166666666666666)],[1],[0],[0],[0.14453759975731373],['text_3'],,,,,19,18,398,18,185.07679249998182,,,,,,,,185.0499223996885,185.07679249998182,185.07679249998182,185.07679249998182,0.004915700294077396,185.19510870007798,,[np.float64(-0.0033333333333333335)],[np.float64(-0.32166666666666666)],[1],[0],[0],[0.14453759975731373],['text_3'],p4,001,2025-10-15_20h26.42.979,word_priming,,2025.1.1,60.223477326749595,2025-10-15 20h26.50.209440 +0530,
,399,19,19,,,c_s_,case,old ,,[np.float64(-0.0033333333333333335)],[np.float64(-0.32166666666666666)],[1],[0],[0],[0.1783505999483168],['text_3'],,,,,19,19,399,5,185.22680839989334,,,,,,,,185.19950950006023,185.22680839989334,185.22680839989334,185.22680839989334,0.004204399883747101,185.3785278997384,,[np.float64(-0.0033333333333333335)],[np.float64(-0.32166666666666666)],[1],[0],[0],[0.1783505999483168],['text_3'],p4,001,2025-10-15_20h26.42.979,word_priming,,2025.1.1,60.223477326749595,2025-10-15 20h26.50.209440 +0530,
