delay,freq,condition,thisN,thisTrialN,thisRepN,key_resp.keys,key_resp.rt,key_resp.duration,textbox.text,button.numClicks,button.timesOn,button.timesOff,trials.thisRepN,trials.thisTrialN,trials.thisN,trials.thisIndex,thisRow.t,notes,trial.started,polygon.started,polygon.stopped,polygon_2.started,key_resp.started,trial.stopped,trials.key_resp.keys,trials.key_resp.rt,trials.key_resp.duration,beep.started,sound_1.started,sound_1.stopped,beep.stopped,responses.started,text.started,textbox.started,button.started,responses.stopped,trials.textbox.text,trials.button.numClicks,trials.button.timesOn,trials.button.timesOff,participant,session,date,expName,expVersion,psychopyVersion,frameRate,expStart
0.7,400,unexp,0,0,0,space,4.2415002,None,100,1,[5.024263300001621],[5.024279800010845],0,0,0,2,0.0509681,,0.0393991,0.0509681,1.0514139,1.0514139,1.0514139,5.2987224,space,4.2415002,None,5.3001339,6.013661467,6.3662495,6.3189167,6.3204062,6.3662495,6.3662495,6.3662495,11.3911192,300,1,[5.024263300001621],[5.024279800010845],participant 1,1,2025-11-11_12h36.49.344,intentional binding task,,2025.1.1,59.68934085,2025-11-11 12h37.13.436886 +0530
0.1,1000,exp,1,1,0,space,0.1604792,None,400,1,[4.995352099998854],[4.995368000003509],0,1,1,9,11.4079093,,11.39167,11.4079093,12.4239247,12.4068388,12.4068388,12.5740069,space,0.1604792,None,12.5753348,12.67323747,13.1228217,12.9767609,12.9774417,13.1228217,13.1228217,13.1228217,18.1188632,100,1,[4.995352099998854],[4.995368000003509],participant 1,1,2025-11-11_12h36.49.344,intentional binding task,,2025.1.1,59.68934085,2025-11-11 12h37.13.436886 +0530
0.7,1000,exp,2,2,0,space,3.1553637,None,400,1,[7.928233299986459],[7.928250199998729],0,2,2,5,18.1344997,,18.1193432,18.1344997,19.1505958,19.1335464,19.1335464,22.2977072,space,3.1553637,None,22.2987773,23.01270517,23.3450891,23.3141535,23.3148321,23.3450891,23.3450891,23.3450891,31.2739234,400,1,[7.928233299986459],[7.928250199998729],participant 1,1,2025-11-11_12h36.49.344,intentional binding task,,2025.1.1,59.68934085,2025-11-11 12h37.13.436886 +0530
0.7,1000,exp,3,3,0,space,1.4216727,None,200,1,[5.512428399990313],[5.5124480000231415],0,3,3,8,31.288277,,31.274423,31.288277,32.3039847,32.2873151,32.2873151,33.7202474,space,1.4216727,None,33.7213474,34.43565427,34.7667565,34.7365921,34.7372961,34.7667565,34.7667565,34.7667565,40.2797917,400,1,[5.512428399990313],[5.5124480000231415],participant 1,1,2025-11-11_12h36.49.344,intentional binding task,,2025.1.1,59.68934085,2025-11-11 12h37.13.436886 +0530
0.7,1000,exp,4,4,0,space,0.6698729,None,100,1,[4.446338299894705],[4.4463541998993605],0,4,4,11,40.2964527,,40.2802921,40.2964527,41.3116948,41.2947398,41.2947398,41.9783355,space,0.6698729,None,41.9794107,42.69385717,43.0252953,42.9956934,42.9963785,43.0252953,43.0252953,43.0252953,47.4722428,100,1,[4.446338299894705],[4.4463541998993605],participant 1,1,2025-11-11_12h36.49.344,intentional binding task,,2025.1.1,59.68934085,2025-11-11 12h37.13.436886 +0530
0.4,1000,exp,5,5,0,space,0.9505731,None,100,1,[2.499223499908112],[2.4992400999180973],0,5,5,7,47.4889703,,47.4727523,47.4889703,48.5042344,48.487664,48.487664,49.4542522,space,0.9505731,None,49.4553386,49.85344897,50.1849235,50.1494877,50.1504748,50.1849235,50.1849235,50.1849235,52.6847659,100,1,[2.499223499908112],[2.4992400999180973],participant 1,1,2025-11-11_12h36.49.344,intentional binding task,,2025.1.1,59.68934085,2025-11-11 12h37.13.436886 +0530
0.4,1000,exp,6,6,0,space,1.6493483,None,100,1,[2.4323484000051394],[2.4323650000151247],0,6,6,10,52.7008498,,52.6852547,52.7008498,53.7163769,53.6991877,53.6991877,55.3651355,space,1.6493483,None,55.3662022,55.78055317,56.1126082,56.0822924,56.0829728,56.1126082,56.1126082,56.1126082,58.5455448,100,1,[2.4323484000051394],[2.4323650000151247],participant 1,1,2025-11-11_12h36.49.344,intentional binding task,,2025.1.1,59.68934085,2025-11-11 12h37.13.436886 +0530
0.4,400,unexp,7,7,0,space,1.6962237,None,100,1,[4.6140006999485195],[4.614017599960789],0,7,7,1,58.5616398,,58.5460238,58.5616398,59.5607854,59.5607854,59.5607854,61.2604222,space,1.6962237,None,61.2614763,61.67457747,62.0065468,61.9694525,61.9753118,62.0065468,62.0065468,62.0065468,66.6211517,700,1,[4.6140006999485195],[4.614017599960789],participant 1,1,2025-11-11_12h36.49.344,intentional binding task,,2025.1.1,59.68934085,2025-11-11 12h37.13.436886 +0530
0.1,1000,exp,8,8,0,space,0.8451824,None,100,1,[2.2986563000595197],[2.2986726000672206],0,8,8,6,66.6367667,,66.6216327,66.6367667,67.6519767,67.6358293,67.6358293,68.4858302,space,0.8451824,None,68.4870778,68.60145887,68.9330775,68.9025325,68.9032176,68.9330775,68.9330775,68.9330775,71.2323191,400,1,[2.2986563000595197],[2.2986726000672206],participant 1,1,2025-11-11_12h36.49.344,intentional binding task,,2025.1.1,59.68934085,2025-11-11 12h37.13.436886 +0530
0.1,400,unexp,9,9,0,space,0.6330946,None,100,1,[3.5811714000301436],[3.5811872000340372],0,9,9,0,71.2491391,,71.2328179,71.2491391,72.2481844,72.2316809,72.2316809,72.8817342,space,0.6330946,None,72.8827949,72.99718267,73.3291377,73.2993546,73.3000526,73.3291377,73.3291377,73.3291377,76.9109129,400,1,[3.5811714000301436],[3.5811872000340372],participant 1,1,2025-11-11_12h36.49.344,intentional binding task,,2025.1.1,59.68934085,2025-11-11 12h37.13.436886 +0530
0.4,1000,exp,10,10,0,space,2.196717,None,100,1,[8.379431999986991],[8.379448299994692],0,10,10,4,76.926535,,76.9114004,76.926535,77.9263139,77.9263139,77.9263139,80.1245194,space,2.196717,None,80.1256003,80.53964227,80.8710271,80.8379835,80.8386735,80.8710271,80.8710271,80.8710271,89.2510631,100,1,[8.379431999986991],[8.379448299994692],participant 1,1,2025-11-11_12h36.49.344,intentional binding task,,2025.1.1,59.68934085,2025-11-11 12h37.13.436886 +0530
0.1,1000,exp,11,11,0,space,1.6436664,None,400,1,[3.8802175000309944],[3.8802338000386953],0,11,11,3,89.2647646,,89.2515478,89.2647646,90.2633972,90.2633972,90.2633972,91.9125471,space,1.6436664,None,91.9136132,92.01230487,92.3433515,92.308056,92.30879,92.3433515,92.3433515,92.3433515,96.2241622,400,1,[3.8802175000309944],[3.8802338000386953],participant 1,1,2025-11-11_12h36.49.344,intentional binding task,,2025.1.1,59.68934085,2025-11-11 12h37.13.436886 +0530
0.1,1000,exp,12,0,1,space,1.4312677,None,100,1,[2.799041699967347],[2.799057099968195],1,0,12,9,96.2405367,,96.2246827,96.2405367,97.2403186,97.2403186,97.2403186,98.6730551,space,1.4312677,None,98.6741281,98.78842917,99.1200359,99.0918243,99.0925286,99.1200359,99.1200359,99.1200359,101.9196665,100,1,[2.799041699967347],[2.799057099968195],participant 1,1,2025-11-11_12h36.49.344,intentional binding task,,2025.1.1,59.68934085,2025-11-11 12h37.13.436886 +0530
0.7,1000,exp,13,1,1,space,0.4334788,None,100,1,[3.565537399961613],[3.565547800040804],1,1,13,8,101.9352003,,101.9201485,101.9352003,102.9339284,102.9339284,102.9339284,103.3844266,space,0.4334788,None,103.3855172,104.0998733,104.4318739,104.4014743,104.4021772,104.4318739,104.4318739,104.4318739,107.9978609,100,1,[3.565537399961613],[3.565547800040804],participant 1,1,2025-11-11_12h36.49.344,intentional binding task,,2025.1.1,59.68934085,2025-11-11 12h37.13.436886 +0530
0.4,1000,exp,14,2,1,space,0.6056345,None,400,1,[3.114309999975376],[3.1143259999807924],1,2,14,4,108.0120789,,107.9982056,108.0120789,109.011652,109.011652,109.011652,109.6286408,space,0.6056345,None,109.6297026,110.0442035,110.376027,110.3418307,110.3425113,110.376027,110.376027,110.376027,113.4909335,100,1,[3.114309999975376],[3.1143259999807924],participant 1,1,2025-11-11_12h36.49.344,intentional binding task,,2025.1.1,59.68934085,2025-11-11 12h37.13.436886 +0530
0.1,1000,exp,15,3,1,space,1.3436236,None,100,1,[2.43260200007353],[2.4326182000804693],1,3,15,6,113.5071326,,113.491413,113.5071326,114.5231073,114.5061416,114.5061416,115.8555125,space,1.3436236,None,115.8565983,115.9549967,116.2863486,116.2552825,116.2559635,116.2863486,116.2863486,116.2863486,118.7195571,100,1,[2.43260200007353],[2.4326182000804693],participant 1,1,2025-11-11_12h36.49.344,intentional binding task,,2025.1.1,59.68934085,2025-11-11 12h37.13.436886 +0530
0.1,1000,exp,16,4,1,space,0.6804983,None,400,1,[6.3681106000440195],[6.368126300047152],1,4,16,3,118.735346,,118.7200288,118.735346,119.7342625,119.7342625,119.7342625,120.4184848,space,0.6804983,None,120.4195948,120.5336633,120.8656713,120.8295602,120.8303347,120.8656713,120.8656713,120.8656713,127.23538,100,1,[6.3681106000440195],[6.368126300047152],participant 1,1,2025-11-11_12h36.49.344,intentional binding task,,2025.1.1,59.68934085,2025-11-11 12h37.13.436886 +0530
0.7,1000,exp,17,5,1,space,0.5178798,None,100,1,[2.965078900102526],[2.9650949001079425],1,5,17,5,127.2489526,,127.2357638,127.2489526,128.2589966,128.2426548,128.2426548,128.776367,space,0.5178798,None,128.7774371,129.4913976,129.8231496,129.7883034,129.7889782,129.8231496,129.8231496,129.8231496,132.7888149,400,1,[2.965078900102526],[2.9650949001079425],participant 1,1,2025-11-11_12h36.49.344,intentional binding task,,2025.1.1,59.68934085,2025-11-11 12h37.13.436886 +0530
0.7,1000,exp,18,6,1,space,0.8880305,None,400,1,[5.596287899999879],[5.596304500009865],1,6,18,11,132.8047481,,132.7892812,132.8047481,133.80385,133.80385,133.80385,134.7032197,space,0.8880305,None,134.7043366,135.4188254,135.750781,135.7192829,135.7199669,135.750781,135.750781,135.750781,141.3476673,700,1,[5.596287899999879],[5.596304500009865],participant 1,1,2025-11-11_12h36.49.344,intentional binding task,,2025.1.1,59.68934085,2025-11-11 12h37.13.436886 +0530
0.4,400,unexp,19,7,1,space,0.66026,None,100,1,[3.7473806999623775],[3.7473967999685556],1,7,19,1,141.3632347,,141.3481409,141.3632347,142.3787752,142.3619684,142.3619684,143.0287768,space,0.66026,None,143.0298103,143.4278741,143.7596617,143.7307014,143.7313927,143.7596617,143.7596617,143.7596617,147.5076335,400,1,[3.7473806999623775],[3.7473967999685556],participant 1,1,2025-11-11_12h36.49.344,intentional binding task,,2025.1.1,59.68934085,2025-11-11 12h37.13.436886 +0530
0.1,400,unexp,20,8,1,space,0.5489706,None,100,1,[3.697769800084643],[3.6977912000147626],1,8,20,0,147.5236185,,147.508109,147.5236185,148.5222767,148.5222767,148.5222767,149.0743725,space,0.5489706,None,149.0754817,149.1894525,149.5206755,149.4914762,149.4921233,149.5206755,149.5206755,149.5206755,153.2190454,400,1,[3.697769800084643],[3.6977912000147626],participant 1,1,2025-11-11_12h36.49.344,intentional binding task,,2025.1.1,59.68934085,2025-11-11 12h37.13.436886 +0530
0.4,1000,exp,21,9,1,space,1.2142508,None,100,1,[3.131321599939838],[3.1313375999452546],1,9,21,7,153.2346965,,153.2195177,153.2346965,154.2340547,154.2340547,154.2340547,155.4514295,space,1.2142508,None,155.4524919,155.8652796,156.1969982,156.165797,156.1665286,156.1969982,156.1969982,156.1969982,159.3289787,100,1,[3.131321599939838],[3.1313375999452546],participant 1,1,2025-11-11_12h36.49.344,intentional binding task,,2025.1.1,59.68934085,2025-11-11 12h37.13.436886 +0530
0.7,400,unexp,22,10,1,space,0.6909186,None,400,1,[4.330127900000662],[4.330143200000748],1,10,22,2,159.3456098,,159.3294779,159.3456098,160.3446382,160.3446382,160.3446382,161.0446938,space,0.6909186,None,161.0457348,161.7600846,162.0915817,162.0548918,162.0555844,162.0915817,162.0915817,162.0915817,166.4222993,400,1,[4.330127900000662],[4.330143200000748],participant 1,1,2025-11-11_12h36.49.344,intentional binding task,,2025.1.1,59.68934085,2025-11-11 12h37.13.436886 +0530
0.4,1000,exp,23,11,1,space,2.0383769,None,100,1,[7.728120999992825],[7.7281374000012875],1,11,23,10,166.4383153,,166.4227715,166.4383153,167.4376172,167.4376172,167.4376172,169.4862649,space,2.0383769,None,169.4874334,169.9020244,170.2331319,170.2011516,170.2019462,170.2331319,170.2331319,170.2331319,177.961861,100,1,[7.728120999992825],[7.7281374000012875],participant 1,1,2025-11-11_12h36.49.344,intentional binding task,,2025.1.1,59.68934085,2025-11-11 12h37.13.436886 +0530
0.7,1000,exp,24,0,2,space,0.672595,None,100,1,[2.5491726000327617],[2.5491882000351325],2,0,24,11,177.9768216,,177.9623423,177.9768216,178.975927,178.9592345,178.9592345,179.6432705,space,0.672595,None,179.644387,180.3580283,180.6896246,180.6589031,180.6595948,180.6896246,180.6896246,180.6896246,183.2393876,100,1,[2.5491726000327617],[2.5491882000351325],participant 1,1,2025-11-11_12h36.49.344,intentional binding task,,2025.1.1,59.68934085,2025-11-11 12h37.13.436886 +0530
0.7,1000,exp,25,1,2,space,0.5749093,None,100,1,[7.710481200017966],[7.710497500025667],2,1,25,8,183.2549572,,183.2398595,183.2549572,184.2546573,184.2546573,184.2546573,184.83763,space,0.5749093,None,184.8386986,185.5529144,185.8848426,185.8523075,185.8529888,185.8848426,185.8848426,185.8848426,193.5959233,400,1,[7.710481200017966],[7.710497500025667],participant 1,1,2025-11-11_12h36.49.344,intentional binding task,,2025.1.1,59.68934085,2025-11-11 12h37.13.436886 +0530
0.4,1000,exp,26,2,2,space,0.8053327,None,100,1,[2.8157579000107944],[2.8157738000154495],2,2,26,7,193.6113543,,193.5964054,193.6113543,194.610774,194.610774,194.610774,195.4273728,space,0.8053327,None,195.428564,195.8426602,196.1746829,196.1453856,196.1460733,196.1746829,196.1746829,196.1746829,198.9910494,400,1,[2.8157579000107944],[2.8157738000154495],participant 1,1,2025-11-11_12h36.49.344,intentional binding task,,2025.1.1,59.68934085,2025-11-11 12h37.13.436886 +0530
0.7,1000,exp,27,3,2,space,0.6230486,None,100,1,[2.3487320999847725],[2.348751400015317],2,3,27,5,199.0065172,,198.9915255,199.0065172,200.0218282,200.0052565,200.0052565,200.6396249,space,0.6230486,None,200.6406909,201.3538346,201.6854787,201.6497795,201.6508647,201.6854787,201.6854787,201.6854787,204.0348244,100,1,[2.3487320999847725],[2.348751400015317],participant 1,1,2025-11-11_12h36.49.344,intentional binding task,,2025.1.1,59.68934085,2025-11-11 12h37.13.436886 +0530
0.4,1000,exp,28,4,2,space,1.5531674,None,500,1,[3.914016399998218],[3.914033000008203],2,4,28,4,204.0513327,,204.0353021,204.0513327,205.0505437,205.0505437,205.0505437,206.6160571,space,1.5531674,None,206.6171365,207.0155807,207.3469403,207.3165019,207.3171988,207.3469403,207.3469403,207.3469403,211.2615457,400,1,[3.914016399998218],[3.914033000008203],participant 1,1,2025-11-11_12h36.49.344,intentional binding task,,2025.1.1,59.68934085,2025-11-11 12h37.13.436886 +0530
0.4,1000,exp,29,5,2,space,1.4891976,None,100,1,[2.5318214999279007],[2.5318372999317944],2,5,29,10,211.2770196,,211.262012,211.2770196,212.277212,212.277212,212.277212,213.7760607,space,1.4891976,None,213.7771284,214.1916773,214.5231825,214.4913539,214.4920402,214.5231825,214.5231825,214.5231825,217.0555968,700,1,[2.5318214999279007],[2.5318372999317944],participant 1,1,2025-11-11_12h36.49.344,intentional binding task,,2025.1.1,59.68934085,2025-11-11 12h37.13.436886 +0530
0.1,1000,exp,30,6,2,space,0.5328093,None,100,1,[2.0685289000393823],[2.068545200047083],2,6,30,3,217.0720162,,217.0560686,217.0720162,218.0876787,218.0703611,218.0703611,218.6047594,space,0.5328093,None,218.6058354,218.7201993,219.0516814,219.0147547,219.0155161,219.0516814,219.0516814,219.0516814,221.1208003,100,1,[2.0685289000393823],[2.068545200047083],participant 1,1,2025-11-11_12h36.49.344,intentional binding task,,2025.1.1,59.68934085,2025-11-11 12h37.13.436886 +0530
0.1,400,unexp,31,7,2,space,0.7592756,None,100,1,[4.212852499913424],[4.212868599919602],2,7,31,0,221.1344257,,221.1212716,221.1344257,222.1333603,222.1333603,222.1333603,222.8998909,space,0.7592756,None,222.9009545,222.9991952,223.3311593,223.2952383,223.2963035,223.3311593,223.3311593,223.3311593,227.5446229,400,1,[4.212852499913424],[4.212868599919602],participant 1,1,2025-11-11_12h36.49.344,intentional binding task,,2025.1.1,59.68934085,2025-11-11 12h37.13.436886 +0530
0.7,400,unexp,32,8,2,space,2.0439075,None,100,1,[2.1992550999857485],[2.199271499994211],2,8,32,2,227.5614001,,227.5451081,227.5614001,228.5603675,228.5603675,228.5603675,230.6099949,space,2.0439075,None,230.6110437,231.3242126,231.6563357,231.6257486,231.6264418,231.6563357,231.6563357,231.6563357,233.8561846,700,1,[2.1992550999857485],[2.199271499994211],participant 1,1,2025-11-11_12h36.49.344,intentional binding task,,2025.1.1,59.68934085,2025-11-11 12h37.13.436886 +0530
0.1,1000,exp,33,9,2,space,1.0528192,None,100,1,[3.982162500033155],[3.9821723999921232],2,9,33,6,233.8718867,,233.8566555,233.8718867,234.887811,234.8708824,234.8708824,235.9370736,space,1.0528192,None,235.9381358,236.0367059,236.3679345,236.3375946,236.3382776,236.3679345,236.3679345,236.3679345,240.3505425,100,1,[3.982162500033155],[3.9821723999921232],participant 1,1,2025-11-11_12h36.49.344,intentional binding task,,2025.1.1,59.68934085,2025-11-11 12h37.13.436886 +0530
0.4,400,unexp,34,10,2,space,0.636975,None,400,1,[2.599069199990481],[2.5990793999517336],2,10,34,1,240.3652981,,240.3508914,240.3652981,241.3644709,241.3644709,241.3644709,242.0145471,space,0.636975,None,242.015596,242.4138547,242.7452603,242.7115908,242.7122682,242.7452603,242.7452603,242.7452603,245.3447818,400,1,[2.599069199990481],[2.5990793999517336],participant 1,1,2025-11-11_12h36.49.344,intentional binding task,,2025.1.1,59.68934085,2025-11-11 12h37.13.436886 +0530
0.1,1000,exp,35,11,2,space,1.5732213,None,400,1,[2.1487772000255063],[2.1487931000301614],2,11,35,9,245.3608474,,245.3451392,245.3608474,246.3762113,246.3598027,246.3598027,247.9421012,space,1.5732213,None,247.943164,248.0415926,248.3728142,248.3375869,248.3382868,248.3728142,248.3728142,248.3728142,250.5222599,100,1,[2.1487772000255063],[2.1487931000301614],participant 1,1,2025-11-11_12h36.49.344,intentional binding task,,2025.1.1,59.68934085,2025-11-11 12h37.13.436886 +0530
0.1,400,unexp,36,0,3,space,0.8260113,None,400,1,[3.7647223999956623],[3.764733200077899],3,0,36,0,250.5385566,,250.5227467,250.5385566,251.5377488,251.5377488,251.5377488,252.3710923,space,0.8260113,None,252.3721522,252.470795,252.8020808,252.7702922,252.7709754,252.8020808,252.8020808,252.8020808,256.5672728,400,1,[3.7647223999956623],[3.764733200077899],participant 1,1,2025-11-11_12h36.49.344,intentional binding task,,2025.1.1,59.68934085,2025-11-11 12h37.13.436886 +0530
0.1,1000,exp,37,1,3,space,0.8385479,None,100,1,[4.397846299922094],[4.397863099933602],3,1,37,9,256.5827385,,256.5676287,256.5827385,257.581741,257.581741,257.581741,258.4315872,space,0.8385479,None,258.4326633,258.530783,258.8624525,258.8336107,258.8342943,258.8624525,258.8624525,258.8624525,263.2608915,100,1,[4.397846299922094],[4.397863099933602],participant 1,1,2025-11-11_12h36.49.344,intentional binding task,,2025.1.1,59.68934085,2025-11-11 12h37.13.436886 +0530
0.7,1000,exp,38,2,3,space,0.8775061,None,400,1,[1.9177237999392673],[1.9177408999530599],3,2,38,11,263.2760641,,263.2613678,263.2760641,264.2755692,264.2755692,264.2755692,265.1586838,space,0.8775061,None,265.1597501,265.8734947,266.2054945,266.1766082,266.177291,266.2054945,266.2054945,266.2054945,268.1238196,700,1,[1.9177237999392673],[1.9177408999530599],participant 1,1,2025-11-11_12h36.49.344,intentional binding task,,2025.1.1,59.68934085,2025-11-11 12h37.13.436886 +0530
0.1,1000,exp,39,3,3,space,1.4095263,None,400,1,[2.749678899999708],[2.749695200007409],3,3,39,3,268.1385449,,268.1242962,268.1385449,269.1536705,269.1374352,269.1374352,270.5529266,space,1.4095263,None,270.5540112,270.6530294,270.9838742,270.9533542,270.9540221,270.9838742,270.9838742,270.9838742,273.7341588,100,1,[2.749678899999708],[2.749695200007409],participant 1,1,2025-11-11_12h36.49.344,intentional binding task,,2025.1.1,59.68934085,2025-11-11 12h37.13.436886 +0530
0.7,1000,exp,40,4,3,space,1.0491211,None,100,1,[3.1486366000026464],[3.14865240000654],3,4,40,8,273.7492041,,273.7346351,273.7492041,274.7484024,274.7484024,274.7484024,275.7986313,space,1.0491211,None,275.7996923,276.5131042,276.8447218,276.808936,276.8100313,276.8447218,276.8447218,276.8447218,279.9939506,400,1,[3.1486366000026464],[3.14865240000654],participant 1,1,2025-11-11_12h36.49.344,intentional binding task,,2025.1.1,59.68934085,2025-11-11 12h37.13.436886 +0530
0.4,1000,exp,41,5,3,space,2.9476814,None,400,1,[3.3329058999661356],[3.3329156999243423],3,5,41,10,280.0095999,,279.9944554,280.0095999,281.0252416,281.0090242,281.0090242,283.9733877,space,2.9476814,None,283.9744691,284.3887684,284.7206644,284.6875087,284.6882392,284.7206644,284.7206644,284.7206644,288.054014,400,1,[3.3329058999661356],[3.3329156999243423],participant 1,1,2025-11-11_12h36.49.344,intentional binding task,,2025.1.1,59.68934085,2025-11-11 12h37.13.436886 +0530
0.7,1000,exp,42,6,3,space,0.6238316,None,100,1,[2.4825339999515563],[2.4825500999577343],3,6,42,5,288.068533,,288.0543795,288.068533,289.0841006,289.0670776,289.0670776,289.7003535,space,0.6238316,None,289.7014323,290.4162292,290.7477203,290.716437,290.7171135,290.7477203,290.7477203,290.7477203,293.2308428,400,1,[2.4825339999515563],[2.4825500999577343],participant 1,1,2025-11-11_12h36.49.344,intentional binding task,,2025.1.1,59.68934085,2025-11-11 12h37.13.436886 +0530
0.1,1000,exp,43,7,3,space,1.0512254,None,100,1,[5.901010299916379],[5.90103209996596],3,7,43,6,293.246557,,293.231334,293.246557,294.2459816,294.2459816,294.2459816,295.3122392,space,1.0512254,None,295.313303,295.4281075,295.759788,295.7261507,295.7268336,295.759788,295.759788,295.759788,301.6626559,400,1,[5.901010299916379],[5.90103209996596],participant 1,1,2025-11-11_12h36.49.344,intentional binding task,,2025.1.1,59.68934085,2025-11-11 12h37.13.436886 +0530
0.4,400,unexp,44,8,3,space,0.4519257,None,100,1,[2.948625999968499],[2.9486423999769613],3,8,44,1,301.6774079,,301.6631602,301.6774079,302.6874805,302.6709868,302.6709868,303.1375243,space,0.4519257,None,303.1385839,303.5366242,303.8679219,303.840042,303.840737,303.8679219,303.8679219,303.8679219,306.8171415,100,1,[2.948625999968499],[2.9486423999769613],participant 1,1,2025-11-11_12h36.49.344,intentional binding task,,2025.1.1,59.68934085,2025-11-11 12h37.13.436886 +0530
0.7,400,unexp,45,9,3,space,0.6487535,None,100,1,[2.9313784000696614],[2.931394800078124],3,9,45,2,306.8337364,,306.8176171,306.8337364,307.8489626,307.8318782,307.8318782,308.4832068,space,0.6487535,None,308.4842431,309.198097,309.5291637,309.4936351,309.4946394,309.5291637,309.5291637,309.5291637,312.4611375,400,1,[2.9313784000696614],[2.931394800078124],participant 1,1,2025-11-11_12h36.49.344,intentional binding task,,2025.1.1,59.68934085,2025-11-11 12h37.13.436886 +0530
0.4,1000,exp,46,10,3,space,0.713757,None,100,1,[3.0317396000027657],[3.0317554998910055],3,10,46,7,312.4775818,,312.4616364,312.4775818,313.4768844,313.4768844,313.4768844,314.1942505,space,0.713757,None,314.1953195,314.6088729,314.9405368,314.9094645,314.9101441,314.9405368,314.9405368,314.9405368,317.9728601,100,1,[3.0317396000027657],[3.0317554998910055],participant 1,1,2025-11-11_12h36.49.344,intentional binding task,,2025.1.1,59.68934085,2025-11-11 12h37.13.436886 +0530
0.4,1000,exp,47,11,3,space,1.1469101,None,100,1,[4.563954100012779],[4.563970900024287],3,11,47,4,317.9892574,,317.9733368,317.9892574,319.004674,318.9875413,318.9875413,320.1382753,space,1.1469101,None,320.1393421,320.5532987,320.8847573,320.8499439,320.8506271,320.8847573,320.8847573,320.8847573,325.449322,100,1,[4.563954100012779],[4.563970900024287],participant 1,1,2025-11-11_12h36.49.344,intentional binding task,,2025.1.1,59.68934085,2025-11-11 12h37.13.436886 +0530
0.7,1000,exp,48,0,4,space,1.002684,None,100,1,[2.2161725000478327],[2.216188400052488],4,0,48,11,325.4651225,,325.4497948,325.4651225,326.4642108,326.4642108,326.4642108,327.4806876,space,1.002684,None,327.4817734,328.1954378,328.5274067,328.4996831,328.5003743,328.5274067,328.5274067,328.5274067,330.7441882,700,1,[2.2161725000478327],[2.216188400052488],participant 1,1,2025-11-11_12h36.49.344,intentional binding task,,2025.1.1,59.68934085,2025-11-11 12h37.13.436886 +0530
0.1,1000,exp,49,1,4,space,1.0908494,None,100,1,[2.866338999941945],[2.866355699952692],4,1,49,6,330.7595757,,330.7446605,330.7595757,331.7589163,331.7589163,331.7589163,332.8581773,space,1.0908494,None,332.8593146,332.9575194,333.2894013,333.2588716,333.2595657,333.2894013,333.2894013,333.2894013,336.156335,100,1,[2.866338999941945],[2.866355699952692],participant 1,1,2025-11-11_12h36.49.344,intentional binding task,,2025.1.1,59.68934085,2025-11-11 12h37.13.436886 +0530
0.7,400,unexp,50,2,4,space,0.5118605,None,100,1,[3.2982375998981297],[3.298255299916491],4,2,50,2,336.1709133,,336.1567978,336.1709133,337.1705414,337.1705414,337.1705414,337.6865214,space,0.5118605,None,337.6875672,338.4016296,338.7340812,338.6979585,338.6987415,338.7340812,338.7340812,338.7340812,342.0329187,700,1,[3.2982375998981297],[3.298255299916491],participant 1,1,2025-11-11_12h36.49.344,intentional binding task,,2025.1.1,59.68934085,2025-11-11 12h37.13.436886 +0530
0.4,1000,exp,51,3,4,space,0.5173702,None,100,1,[2.4490121999988332],[2.4490290000103414],4,3,51,10,342.0489659,,342.0333824,342.0489659,343.0641051,343.0476252,343.0476252,343.5809345,space,0.5173702,None,343.5820017,343.9803747,344.3116602,344.2760702,344.2768298,344.3116602,344.3116602,344.3116602,346.7612632,400,1,[2.4490121999988332],[2.4490290000103414],participant 1,1,2025-11-11_12h36.49.344,intentional binding task,,2025.1.1,59.68934085,2025-11-11 12h37.13.436886 +0530
0.1,1000,exp,52,4,4,space,0.8651565,None,100,1,[1.9494705999968573],[1.9494862999999896],4,4,52,3,346.7771213,,346.761723,346.7771213,347.7764823,347.7764823,347.7764823,348.6426878,space,0.8651565,None,348.6437581,348.7420904,349.0738494,349.0429481,349.0436266,349.0738494,349.0738494,349.0738494,351.023943,100,1,[1.9494705999968573],[1.9494862999999896],participant 1,1,2025-11-11_12h36.49.344,intentional binding task,,2025.1.1,59.68934085,2025-11-11 12h37.13.436886 +0530
0.1,400,unexp,53,5,4,space,0.5713676,None,400,1,[3.480210200068541],[3.4802264999598265],4,5,53,0,351.0400646,,351.0244296,351.0400646,352.0551823,352.0381916,352.0381916,352.6222301,space,0.5713676,None,352.6232928,352.7217435,353.053266,353.0242103,353.0249094,353.053266,353.053266,353.053266,356.5340758,400,1,[3.480210200068541],[3.4802264999598265],participant 1,1,2025-11-11_12h36.49.344,intentional binding task,,2025.1.1,59.68934085,2025-11-11 12h37.13.436886 +0530
0.7,1000,exp,54,6,4,space,0.3619938,None,400,1,[2.182490900042467],[2.182506400044076],4,6,54,8,356.5508416,,356.5345456,356.5508416,357.5502129,357.533592,357.533592,357.9002224,space,0.3619938,None,357.9012834,358.6158936,358.9474201,358.9123954,358.9130884,358.9474201,358.9474201,358.9474201,361.130493,700,1,[2.182490900042467],[2.182506400044076],participant 1,1,2025-11-11_12h36.49.344,intentional binding task,,2025.1.1,59.68934085,2025-11-11 12h37.13.436886 +0530
0.1,1000,exp,55,7,4,space,0.5646399,None,400,1,[2.2150741999503225],[2.215090399957262],4,7,55,9,361.1467021,,361.1309547,361.1467021,362.1629063,362.1453471,362.1453471,362.7140528,space,0.5646399,None,362.7153094,362.828406,363.1599833,363.12775,363.128432,363.1599833,363.1599833,363.1599833,365.3756377,400,1,[2.2150741999503225],[2.215090399957262],participant 1,1,2025-11-11_12h36.49.344,intentional binding task,,2025.1.1,59.68934085,2025-11-11 12h37.13.436886 +0530
0.7,1000,exp,56,8,4,space,0.9180308,None,100,1,[2.0667806999990717],[2.0667974000098184],4,8,56,5,365.3920534,,365.3761249,365.3920534,366.3907271,366.3907271,366.3907271,367.324232,space,0.9180308,None,367.3252961,368.0396373,368.3711241,368.3397926,368.3404658,368.3711241,368.3711241,368.3711241,370.4385488,700,1,[2.0667806999990717],[2.0667974000098184],participant 1,1,2025-11-11_12h36.49.344,intentional binding task,,2025.1.1,59.68934085,2025-11-11 12h37.13.436886 +0530
0.4,1000,exp,57,9,4,space,0.7637,None,100,1,[3.1982536000432447],[3.1982701000524685],4,9,57,7,370.4538537,,370.4390122,370.4538537,371.4694369,371.4528657,371.4528657,372.2200086,space,0.7637,None,372.2210833,372.6353612,372.9669697,372.9367067,372.9373854,372.9669697,372.9669697,372.9669697,376.165877,400,1,[3.1982536000432447],[3.1982701000524685],participant 1,1,2025-11-11_12h36.49.344,intentional binding task,,2025.1.1,59.68934085,2025-11-11 12h37.13.436886 +0530
0.4,400,unexp,58,10,4,space,0.7814425,None,100,1,[2.100528600043617],[2.1005392000079155],4,10,58,1,376.1811044,,376.1663455,376.1811044,377.1808132,377.1808132,377.1808132,377.9637522,space,0.7814425,None,377.9648022,378.3788922,378.7112954,378.6754771,378.6762542,378.7112954,378.7112954,378.7112954,380.8122748,400,1,[2.100528600043617],[2.1005392000079155],participant 1,1,2025-11-11_12h36.49.344,intentional binding task,,2025.1.1,59.68934085,2025-11-11 12h37.13.436886 +0530
0.4,1000,exp,59,11,4,space,0.485988,None,100,1,[2.0347769999643788],[2.0347872999263927],4,11,59,4,380.8272773,,380.8126159,380.8272773,381.8428201,381.8258196,381.8258196,382.3260898,space,0.485988,None,382.3271599,382.7256219,383.056569,383.0255053,383.0261925,383.056569,383.056569,383.056569,385.0917911,400,1,[2.0347769999643788],[2.0347872999263927],participant 1,1,2025-11-11_12h36.49.344,intentional binding task,,2025.1.1,59.68934085,2025-11-11 12h37.13.436886 +0530
0.4,1000,exp,60,0,5,space,0.4613265,None,400,1,[2.0823231000686064],[2.082338700070977],5,0,60,7,385.1064306,,385.0921455,385.1064306,386.1220588,386.1056287,386.1056287,386.5723289,space,0.4613265,None,386.573391,386.9872396,387.3190987,387.2845409,387.2852339,387.3190987,387.3190987,387.3190987,389.4020209,100,1,[2.0823231000686064],[2.082338700070977],participant 1,1,2025-11-11_12h36.49.344,intentional binding task,,2025.1.1,59.68934085,2025-11-11 12h37.13.436886 +0530
0.4,1000,exp,61,1,5,space,0.7322473,None,100,1,[1.8835820999229327],[1.883598699932918],5,1,61,10,389.4184591,,389.4024887,389.4184591,390.4174776,390.4174776,390.4174776,391.1505877,space,0.7322473,None,391.1516375,391.5659729,391.8982452,391.8693091,391.8699746,391.8982452,391.8982452,391.8982452,393.7824169,100,1,[1.8835820999229327],[1.883598699932918],participant 1,1,2025-11-11_12h36.49.344,intentional binding task,,2025.1.1,59.68934085,2025-11-11 12h37.13.436886 +0530
0.1,1000,exp,62,2,5,space,1.6456215,None,100,1,[2.1836041000206023],[2.183614599984139],5,2,62,3,393.797431,,393.7828961,393.797431,394.7963426,394.7963426,394.7963426,396.4462792,space,1.6456215,None,396.4473478,396.5619075,396.8930104,396.8645011,396.8651821,396.8930104,396.8930104,396.8930104,399.0770649,100,1,[2.1836041000206023],[2.183614599984139],participant 1,1,2025-11-11_12h36.49.344,intentional binding task,,2025.1.1,59.68934085,2025-11-11 12h37.13.436886 +0530
0.7,400,unexp,63,3,5,space,0.6511936,None,400,1,[2.1486361999996006],[2.1486516000004485],5,3,63,2,399.0922892,,399.0774539,399.0922892,400.107804,400.0915162,400.0915162,400.7578736,space,0.6511936,None,400.7589215,401.4731456,401.8049518,401.7676171,401.7683072,401.8049518,401.8049518,401.8049518,403.9541673,400,1,[2.1486361999996006],[2.1486516000004485],participant 1,1,2025-11-11_12h36.49.344,intentional binding task,,2025.1.1,59.68934085,2025-11-11 12h37.13.436886 +0530
0.4,400,unexp,64,4,5,space,0.8355856,None,100,1,[3.7641495000571012],[3.7641657000640407],5,4,64,1,403.9706636,,403.9546467,403.9706636,404.969768,404.969768,404.969768,405.8198634,space,0.8355856,None,405.8209446,406.2352905,406.5671551,406.5397369,406.5404099,406.5671551,406.5671551,406.5671551,410.3319088,100,1,[3.7641495000571012],[3.7641657000640407],participant 1,1,2025-11-11_12h36.49.344,intentional binding task,,2025.1.1,59.68934085,2025-11-11 12h37.13.436886 +0530
0.7,1000,exp,65,5,5,space,1.1699142,None,100,1,[6.078623399953358],[6.078640099964105],5,5,65,5,410.3478571,,410.3323851,410.3478571,411.3631452,411.3464545,411.3464545,412.529584,space,1.1699142,None,412.5307173,413.244812,413.5769773,413.5440052,413.5446812,413.5769773,413.5769773,413.5769773,419.6561892,400,1,[6.078623399953358],[6.078640099964105],participant 1,1,2025-11-11_12h36.49.344,intentional binding task,,2025.1.1,59.68934085,2025-11-11 12h37.13.436886 +0530
0.4,1000,exp,66,6,5,space,0.6797269,None,100,1,[2.498427400016226],[2.4984434000216424],5,6,66,4,419.6716441,,419.6566597,419.6716441,420.6714282,420.6714282,420.6714282,421.3548273,space,0.6797269,None,421.3558962,421.7697737,422.1015141,422.0703262,422.0710037,422.1015141,422.1015141,422.1015141,424.6005263,400,1,[2.498427400016226],[2.4984434000216424],participant 1,1,2025-11-11_12h36.49.344,intentional binding task,,2025.1.1,59.68934085,2025-11-11 12h37.13.436886 +0530
0.7,1000,exp,67,7,5,space,0.4241647,None,400,1,[3.133426500018686],[3.1334364999784157],5,7,67,8,424.6172693,,424.6010081,424.6172693,425.6160878,425.6160878,425.6160878,426.0496069,space,0.4241647,None,426.0506685,426.7653049,427.0968864,427.0638964,427.0645775,427.0968864,427.0968864,427.0968864,430.2307581,400,1,[3.133426500018686],[3.1334364999784157],participant 1,1,2025-11-11_12h36.49.344,intentional binding task,,2025.1.1,59.68934085,2025-11-11 12h37.13.436886 +0530
0.1,400,unexp,68,8,5,space,0.4819281,None,400,1,[2.266074000042863],[2.2660904000513256],5,8,68,0,430.2448851,,430.2310953,430.2448851,431.2609534,431.2440818,431.2440818,431.7276486,space,0.4819281,None,431.728708,431.8439634,432.1747449,432.1451668,432.1459451,432.1747449,432.1747449,432.1747449,434.4414246,100,1,[2.266074000042863],[2.2660904000513256],participant 1,1,2025-11-11_12h36.49.344,intentional binding task,,2025.1.1,59.68934085,2025-11-11 12h37.13.436886 +0530
0.1,1000,exp,69,9,5,space,0.8550554,None,400,1,[2.79872439999599],[2.7987412000074983],5,9,69,9,434.4577548,,434.4418826,434.4577548,435.4730892,435.4563773,435.4563773,436.3227886,space,0.8550554,None,436.3238726,436.4223555,436.7540429,436.7239749,436.7246675,436.7540429,436.7540429,436.7540429,439.5533739,400,1,[2.79872439999599],[2.7987412000074983],participant 1,1,2025-11-11_12h36.49.344,intentional binding task,,2025.1.1,59.68934085,2025-11-11 12h37.13.436886 +0530
0.1,1000,exp,70,10,5,space,0.6769312,None,100,1,[9.67652870004531],[9.676538400002755],5,10,70,6,439.5692686,,439.5538418,439.5692686,440.568283,440.568283,440.568283,441.2511804,space,0.6769312,None,441.252257,441.3511746,441.6822546,441.6532682,441.6539189,441.6822546,441.6822546,441.6822546,451.3592361,100,1,[9.67652870004531],[9.676538400002755],participant 1,1,2025-11-11_12h36.49.344,intentional binding task,,2025.1.1,59.68934085,2025-11-11 12h37.13.436886 +0530
0.7,1000,exp,71,11,5,space,0.4447047,None,100,1,[1.6821918999776244],[1.682207899983041],5,11,71,11,451.3742128,,451.3596651,451.3742128,452.3895977,452.3733448,452.3733448,452.8235119,space,0.4447047,None,452.8245891,453.5381851,453.8702914,453.8331026,453.8338066,453.8702914,453.8702914,453.8702914,455.5530947,700,1,[1.6821918999776244],[1.682207899983041],participant 1,1,2025-11-11_12h36.49.344,intentional binding task,,2025.1.1,59.68934085,2025-11-11 12h37.13.436886 +0530
0.1,400,unexp,72,0,6,space,0.953514,None,400,1,[8.908665499999188],[8.908681700006127],6,0,72,0,455.5694579,,455.5535624,455.5694579,456.5685701,456.5526133,456.5526133,457.5190204,space,0.953514,None,457.5200647,457.6181752,457.9495187,457.9196625,457.9202973,457.9495187,457.9495187,457.9495187,466.8587611,100,1,[8.908665499999188],[8.908681700006127],participant 1,1,2025-11-11_12h36.49.344,intentional binding task,,2025.1.1,59.68934085,2025-11-11 12h37.13.436886 +0530
0.4,400,unexp,73,1,6,space,0.6097922,None,400,1,[2.9660349999321625],[2.966045600012876],6,1,73,1,466.8749915,,466.8592143,466.8749915,467.8744574,467.8744574,467.8744574,468.490794,space,0.6097922,None,468.4918571,468.8904558,469.2220284,469.1927938,469.1934713,469.2220284,469.2220284,469.2220284,472.1885119,100,1,[2.9660349999321625],[2.966045600012876],participant 1,1,2025-11-11_12h36.49.344,intentional binding task,,2025.1.1,59.68934085,2025-11-11 12h37.13.436886 +0530
0.1,1000,exp,74,2,6,space,1.4925185,None,400,1,[7.643979400047101],[7.643996199942194],6,2,74,6,472.2036168,,472.1888568,472.2036168,473.2191382,473.2025091,473.2025091,474.701182,space,1.4925185,None,474.7022723,474.8009042,475.1328416,475.1026896,475.1033704,475.1328416,475.1328416,475.1328416,482.777457,400,1,[7.643979400047101],[7.643996199942194],participant 1,1,2025-11-11_12h36.49.344,intentional binding task,,2025.1.1,59.68934085,2025-11-11 12h37.13.436886 +0530
0.1,1000,exp,75,3,6,space,0.4827973,None,400,1,[2.3494507999857888],[2.349466299987398],6,3,75,3,482.7933984,,482.7779231,482.7933984,483.8088318,483.7923857,483.7923857,484.2760037,space,0.4827973,None,484.2770735,484.3752454,484.7062698,484.6703274,484.6712341,484.7062698,484.7062698,484.7062698,487.0563096,100,1,[2.3494507999857888],[2.349466299987398],participant 1,1,2025-11-11_12h36.49.344,intentional binding task,,2025.1.1,59.68934085,2025-11-11 12h37.13.436886 +0530
0.7,1000,exp,76,4,6,space,0.3250064,None,100,1,[5.696065100026317],[5.696081400034018],6,4,76,11,487.0725633,,487.0567737,487.0725633,488.0874146,488.0711628,488.0711628,488.4047509,space,0.3250064,None,488.4058111,489.120526,489.4518104,489.4166059,489.4173336,489.4518104,489.4518104,489.4518104,495.1485441,100,1,[5.696065100026317],[5.696081400034018],participant 1,1,2025-11-11_12h36.49.344,intentional binding task,,2025.1.1,59.68934085,2025-11-11 12h37.13.436886 +0530
0.4,1000,exp,77,5,6,space,0.4826684,None,400,1,[2.099270400009118],[2.099287200020626],6,5,77,10,495.1644899,,495.1490113,495.1644899,496.1631955,496.1631955,496.1631955,496.6487881,space,0.4826684,None,496.6498553,497.0622667,497.3943126,497.3642904,497.3649903,497.3943126,497.3943126,497.3943126,499.4941983,400,1,[2.099270400009118],[2.099287200020626],participant 1,1,2025-11-11_12h36.49.344,intentional binding task,,2025.1.1,59.68934085,2025-11-11 12h37.13.436886 +0530
0.7,400,unexp,78,6,6,space,0.8052205,None,100,1,[3.1310287000378594],[3.13104809995275],6,6,78,2,499.5098675,,499.4946896,499.5098675,500.5085432,500.5085432,500.5085432,501.3253369,space,0.8052205,None,501.3263956,502.0403628,502.372633,502.3383078,502.3389964,502.372633,502.372633,502.372633,505.5042568,400,1,[3.1310287000378594],[3.13104809995275],participant 1,1,2025-11-11_12h36.49.344,intentional binding task,,2025.1.1,59.68934085,2025-11-11 12h37.13.436886 +0530
0.7,1000,exp,79,7,6,space,0.553841,None,400,1,[2.2649898000527173],[2.265006300061941],6,7,79,8,505.5209065,,505.5047257,505.5209065,506.5363135,506.5196077,506.5196077,507.0868911,space,0.553841,None,507.0880002,507.8020726,508.1337136,508.0969421,508.0976321,508.1337136,508.1337136,508.1337136,510.399301,400,1,[2.2649898000527173],[2.265006300061941],participant 1,1,2025-11-11_12h36.49.344,intentional binding task,,2025.1.1,59.68934085,2025-11-11 12h37.13.436886 +0530
0.4,1000,exp,80,8,6,space,0.469282,None,100,1,[2.2653043000027537],[2.265320200007409],6,8,80,4,510.4153775,,510.3997723,510.4153775,511.4151882,511.4151882,511.4151882,511.8982486,space,0.469282,None,511.8993243,512.2973951,512.6293001,512.5977156,512.5984293,512.6293001,512.6293001,512.6293001,514.8951914,100,1,[2.2653043000027537],[2.265320200007409],participant 1,1,2025-11-11_12h36.49.344,intentional binding task,,2025.1.1,59.68934085,2025-11-11 12h37.13.436886 +0530
0.1,1000,exp,81,9,6,space,0.4785606,None,100,1,[2.9481848999857903],[2.9481945000588894],6,9,81,9,514.9117553,,514.8956785,514.9117553,515.9269522,515.9103772,515.9103772,516.3945831,space,0.4785606,None,516.3956602,516.509643,516.8418843,516.8127066,516.8133786,516.8418843,516.8418843,516.8418843,519.7905165,100,1,[2.9481848999857903],[2.9481945000588894],participant 1,1,2025-11-11_12h36.49.344,intentional binding task,,2025.1.1,59.68934085,2025-11-11 12h37.13.436886 +0530
0.4,1000,exp,82,10,6,space,0.5652168,None,100,1,[2.3328024999937043],[2.3328196000074968],6,10,82,7,519.806221,,519.7908657,519.806221,520.805474,520.805474,520.805474,521.3738323,space,0.5652168,None,521.3748938,521.7879248,522.1198989,522.0913221,522.0920166,522.1198989,522.1198989,522.1198989,524.4532941,700,1,[2.3328024999937043],[2.3328196000074968],participant 1,1,2025-11-11_12h36.49.344,intentional binding task,,2025.1.1,59.68934085,2025-11-11 12h37.13.436886 +0530
0.7,1000,exp,83,11,6,space,0.8342095,None,100,1,[4.13057649997063],[4.130592499976046],6,11,83,5,524.4681172,,524.4537579,524.4681172,525.467918,525.467918,525.467918,526.3174412,space,0.8342095,None,526.3185102,527.033088,527.3642752,527.329347,527.3300356,527.3642752,527.3642752,527.3642752,531.4954662,400,1,[4.13057649997063],[4.130592499976046],participant 1,1,2025-11-11_12h36.49.344,intentional binding task,,2025.1.1,59.68934085,2025-11-11 12h37.13.436886 +0530
0.1,1000,exp,84,0,7,space,0.3229965,None,100,1,[2.831968600046821],[2.831985200056806],7,0,84,9,531.5114834,,531.495934,531.5114834,532.5272261,532.5106148,532.5106148,532.8446703,space,0.3229965,None,532.8457349,532.9438631,533.2753774,533.2417559,533.2424405,533.2753774,533.2753774,533.2753774,536.1079381,100,1,[2.831968600046821],[2.831985200056806],participant 1,1,2025-11-11_12h36.49.344,intentional binding task,,2025.1.1,59.68934085,2025-11-11 12h37.13.436886 +0530
0.4,1000,exp,85,1,7,space,0.356762,None,400,1,[2.098723700037226],[2.0987417000578716],7,1,85,4,536.123716,,536.1083972,536.123716,537.1224457,537.1224457,537.1224457,537.4899379,space,0.356762,None,537.4910045,537.9056389,538.2373557,538.2078685,538.208545,538.2373557,538.2373557,538.2373557,540.3367331,100,1,[2.098723700037226],[2.0987417000578716],participant 1,1,2025-11-11_12h36.49.344,intentional binding task,,2025.1.1,59.68934085,2025-11-11 12h37.13.436886 +0530
0.1,1000,exp,86,2,7,space,0.4345418,None,100,1,[2.164983300026506],[2.1649986000265926],7,2,86,6,540.353422,,540.3372299,540.353422,541.3686056,541.3519309,541.3519309,541.8024208,space,0.4345418,None,541.8034998,541.9179192,542.2501628,542.2205254,542.2212256,542.2501628,542.2501628,542.2501628,544.4157216,400,1,[2.164983300026506],[2.1649986000265926],participant 1,1,2025-11-11_12h36.49.344,intentional binding task,,2025.1.1,59.68934085,2025-11-11 12h37.13.436886 +0530
0.4,1000,exp,87,3,7,space,0.6207133,None,100,1,[1.8662580999080092],[1.8662744999164715],7,3,87,10,544.4324682,,544.4162319,544.4324682,545.448212,545.4146493,545.4146493,546.0479802,space,0.6207133,None,546.0490596,546.4631449,546.7953213,546.7640119,546.7646868,546.7953213,546.7953213,546.7953213,548.6621903,700,1,[1.8662580999080092],[1.8662744999164715],participant 1,1,2025-11-11_12h36.49.344,intentional binding task,,2025.1.1,59.68934085,2025-11-11 12h37.13.436886 +0530
0.1,400,unexp,88,4,7,space,0.2840171,None,100,1,[3.5142284999601543],[3.514244099962525],7,4,88,0,548.6779707,,548.6626687,548.6779707,549.6942962,549.6771247,549.6771247,549.9774067,space,0.2840171,None,549.9784508,550.0767404,550.408305,550.378038,550.3787117,550.408305,550.408305,550.408305,553.9231148,100,1,[3.5142284999601543],[3.514244099962525],participant 1,1,2025-11-11_12h36.49.344,intentional binding task,,2025.1.1,59.68934085,2025-11-11 12h37.13.436886 +0530
0.7,400,unexp,89,5,7,space,0.4498996,None,400,1,[2.696944299968891],[2.6969605999765918],7,5,89,2,553.9397986,,553.9236196,553.9397986,554.95565,554.9387059,554.9387059,555.389394,space,0.4498996,None,555.3904488,556.1041576,556.4367236,556.4028525,556.4035431,556.4367236,556.4367236,556.4367236,559.1342746,400,1,[2.696944299968891],[2.6969605999765918],participant 1,1,2025-11-11_12h36.49.344,intentional binding task,,2025.1.1,59.68934085,2025-11-11 12h37.13.436886 +0530
0.4,1000,exp,90,6,7,space,0.6766704,None,400,1,[2.4661324999760836],[2.4661484999815],7,6,90,7,559.1506306,,559.1347415,559.1506306,560.1503758,560.1503758,560.1503758,560.8333239,space,0.6766704,None,560.8344003,561.2324684,561.5639316,561.534369,561.5350626,561.5639316,561.5639316,561.5639316,564.0306622,400,1,[2.4661324999760836],[2.4661484999815],participant 1,1,2025-11-11_12h36.49.344,intentional binding task,,2025.1.1,59.68934085,2025-11-11 12h37.13.436886 +0530
0.4,400,unexp,91,7,7,space,0.6319748,None,100,1,[2.9148369999602437],[2.9148478999268264],7,7,91,1,564.045804,,564.031123,564.045804,565.0455667,565.0455667,565.0455667,565.6784023,space,0.6319748,None,565.6795299,566.0778188,566.4099859,566.3789541,566.3796306,566.4099859,566.4099859,566.4099859,569.3252633,400,1,[2.9148369999602437],[2.9148478999268264],participant 1,1,2025-11-11_12h36.49.344,intentional binding task,,2025.1.1,59.68934085,2025-11-11 12h37.13.436886 +0530
0.7,1000,exp,92,8,7,space,0.334575,None,400,1,[2.0816094999900088],[2.0816256999969482],7,8,92,8,569.3408393,,569.3256272,569.3408393,570.3400273,570.3400273,570.3400273,570.6905429,space,0.334575,None,570.6916095,571.4051911,571.737591,571.7022545,571.7029452,571.737591,571.737591,571.737591,573.8198152,700,1,[2.0816094999900088],[2.0816256999969482],participant 1,1,2025-11-11_12h36.49.344,intentional binding task,,2025.1.1,59.68934085,2025-11-11 12h37.13.436886 +0530
0.7,1000,exp,93,9,7,space,0.9291966,None,400,1,[4.71349100000225],[4.713507600012235],7,9,93,5,573.8369255,,573.8203518,573.8369255,574.8519227,574.8189252,574.8189252,575.7525134,space,0.9291966,None,575.7535765,576.4673843,576.7989262,576.7667962,576.7674879,576.7989262,576.7989262,576.7989262,581.5130028,100,1,[4.71349100000225],[4.713507600012235],participant 1,1,2025-11-11_12h36.49.344,intentional binding task,,2025.1.1,59.68934085,2025-11-11 12h37.13.436886 +0530
0.7,1000,exp,94,10,7,space,0.5655497,None,100,1,[2.2816993000451475],[2.2817154000513256],7,10,94,11,581.5287845,,581.5134628,581.5287845,582.5283434,582.5283434,582.5283434,583.0947353,space,0.5655497,None,583.0958087,583.8096324,584.1417227,584.106331,584.107289,584.1417227,584.1417227,584.1417227,586.4240087,400,1,[2.2816993000451475],[2.2817154000513256],participant 1,1,2025-11-11_12h36.49.344,intentional binding task,,2025.1.1,59.68934085,2025-11-11 12h37.13.436886 +0530
0.1,1000,exp,95,11,7,space,0.5247529,None,600,1,[2.6331240000436082],[2.6331342000048608],7,11,95,3,586.4407519,,586.4244777,586.4407519,587.4568497,587.4230098,587.4230098,587.9565426,space,0.5247529,None,587.9576072,588.0560779,588.3875188,588.3509016,588.3516218,588.3875188,588.3875188,588.3875188,591.0210931,100,1,[2.6331240000436082],[2.6331342000048608],participant 1,1,2025-11-11_12h36.49.344,intentional binding task,,2025.1.1,59.68934085,2025-11-11 12h37.13.436886 +0530
0.1,1000,exp,96,0,8,space,0.2955034,None,200,1,[2.731499799992889],[2.7315159999998286],8,0,96,6,591.0365946,,591.0214323,591.0365946,592.0518965,592.0352687,592.0352687,592.335827,space,0.2955034,None,592.336889,592.4349832,592.766722,592.7362864,592.7369633,592.766722,592.766722,592.766722,595.4988655,100,1,[2.731499799992889],[2.7315159999998286],participant 1,1,2025-11-11_12h36.49.344,intentional binding task,,2025.1.1,59.68934085,2025-11-11 12h37.13.436886 +0530
0.1,1000,exp,97,1,8,space,0.3661465,None,100,1,[2.382329299929552],[2.382345899939537],8,1,97,9,595.5154351,,595.4993378,595.5154351,596.514517,596.514517,596.514517,596.8815079,space,0.3661465,None,596.8825868,596.9970651,597.3290772,597.2992956,597.2999777,597.3290772,597.3290772,597.3290772,599.7119985,100,1,[2.382329299929552],[2.382345899939537],participant 1,1,2025-11-11_12h36.49.344,intentional binding task,,2025.1.1,59.68934085,2025-11-11 12h37.13.436886 +0530
0.4,1000,exp,98,2,8,space,0.6085629,None,200,1,[2.1826786999590695],[2.182693999959156],8,2,98,7,599.7273959,,599.7124521,599.7273959,600.7270401,600.7270401,600.7270401,601.3431401,space,0.6085629,None,601.3442649,601.7425804,602.0739095,602.0382638,602.0394053,602.0739095,602.0739095,602.0739095,604.257181,100,1,[2.1826786999590695],[2.182693999959156],participant 1,1,2025-11-11_12h36.49.344,intentional binding task,,2025.1.1,59.68934085,2025-11-11 12h37.13.436886 +0530
0.4,1000,exp,99,3,8,space,0.3872705,None,500,1,[2.1152526999358088],[2.115268199937418],8,3,99,4,604.2731315,,604.2576428,604.2731315,605.2721704,605.2721704,605.2721704,605.6724014,space,0.3872705,None,605.673469,606.0717065,606.4033974,606.3663003,606.3672692,606.4033974,606.4033974,606.4033974,608.519399,400,1,[2.1152526999358088],[2.115268199937418],participant 1,1,2025-11-11_12h36.49.344,intentional binding task,,2025.1.1,59.68934085,2025-11-11 12h37.13.436886 +0530
0.7,400,unexp,100,4,8,space,0.3945569,None,400,1,[6.535243899910711],[6.5352694999892265],8,4,100,2,608.5358786,,608.5198716,608.5358786,609.5515966,609.5349317,609.5349317,609.9349991,space,0.3945569,None,609.9360647,610.65054,610.9823475,610.9539167,610.9546001,610.9823475,610.9823475,610.9823475,617.5186763,400,1,[6.535243899910711],[6.5352694999892265],participant 1,1,2025-11-11_12h36.49.344,intentional binding task,,2025.1.1,59.68934085,2025-11-11 12h37.13.436886 +0530
0.1,400,unexp,101,5,8,space,0.4568685,None,400,1,[2.665438099997118],[2.665453699999489],8,5,101,0,617.5506606,,617.5196095,617.5506606,618.5589355,618.5258779,618.5258779,618.9926175,space,0.4568685,None,618.9936988,619.0919911,619.4236056,619.394553,619.395243,619.4236056,619.4236056,619.4236056,622.0896322,100,1,[2.665438099997118],[2.665453699999489],participant 1,1,2025-11-11_12h36.49.344,intentional binding task,,2025.1.1,59.68934085,2025-11-11 12h37.13.436886 +0530
0.4,1000,exp,102,6,8,space,0.404938,None,400,1,[2.881494600092992],[2.8815101000946015],8,6,102,10,622.1055977,,622.0900944,622.1055977,623.1055208,623.1055208,623.1055208,623.52149,space,0.404938,None,623.5225485,623.9370697,624.2688308,624.2331801,624.2339248,624.2688308,624.2688308,624.2688308,627.1509561,400,1,[2.881494600092992],[2.8815101000946015],participant 1,1,2025-11-11_12h36.49.344,intentional binding task,,2025.1.1,59.68934085,2025-11-11 12h37.13.436886 +0530
0.7,1000,exp,103,7,8,space,0.5038638,None,400,1,[2.349453300004825],[2.3494691000087187],8,7,103,5,627.1672786,,627.1514503,627.1672786,628.1830144,628.1663595,628.1663595,628.6836166,space,0.5038638,None,628.6846867,629.3983647,629.7300439,629.6975927,629.6982839,629.7300439,629.7300439,629.7300439,632.0800854,700,1,[2.349453300004825],[2.3494691000087187],participant 1,1,2025-11-11_12h36.49.344,intentional binding task,,2025.1.1,59.68934085,2025-11-11 12h37.13.436886 +0530
0.1,1000,exp,104,8,8,space,0.803678,None,100,1,[1.8335972001077607],[1.8336138000013307],8,8,104,3,632.0961078,,632.080573,632.0961078,633.1112595,633.0948118,633.0948118,633.9113125,space,0.803678,None,633.9123753,634.0110273,634.3421239,634.3099412,634.3106156,634.3421239,634.3421239,634.3421239,636.1763137,100,1,[1.8335972001077607],[1.8336138000013307],participant 1,1,2025-11-11_12h36.49.344,intentional binding task,,2025.1.1,59.68934085,2025-11-11 12h37.13.436886 +0530
0.4,400,unexp,105,9,8,space,0.3111662,None,100,1,[1.8992092000553384],[1.8992245000554249],8,9,105,1,636.1921847,,636.1767764,636.1921847,637.2073975,637.1906411,637.1906411,637.5077043,space,0.3111662,None,637.5087496,637.906998,638.2383164,638.208043,638.2087212,638.2383164,638.2383164,638.2383164,640.1381086,100,1,[1.8992092000553384],[1.8992245000554249],participant 1,1,2025-11-11_12h36.49.344,intentional binding task,,2025.1.1,59.68934085,2025-11-11 12h37.13.436886 +0530
0.7,1000,exp,106,10,8,space,0.47047,None,100,1,[3.9631454999325797],[3.963161399937235],8,10,106,11,640.1543976,,640.1385907,640.1543976,641.153858,641.153858,641.153858,641.6372464,space,0.47047,None,641.6383271,642.352265,642.6843113,642.6577985,642.6585551,642.6843113,642.6843113,642.6843113,646.6480357,400,1,[3.9631454999325797],[3.963161399937235],participant 1,1,2025-11-11_12h36.49.344,intentional binding task,,2025.1.1,59.68934085,2025-11-11 12h37.13.436886 +0530
0.7,1000,exp,107,11,8,space,0.5373484,None,100,1,[2.1152698000660166],[2.1152856000699103],8,11,107,8,646.6650819,,646.6485231,646.6650819,647.680049,647.6642279,647.6642279,648.2140447,space,0.5373484,None,648.2151033,648.9295905,649.2611556,649.2258865,649.2265801,649.2611556,649.2611556,649.2611556,651.3770046,400,1,[2.1152698000660166],[2.1152856000699103],participant 1,1,2025-11-11_12h36.49.344,intentional binding task,,2025.1.1,59.68934085,2025-11-11 12h37.13.436886 +0530
0.7,1000,exp,108,0,9,space,0.3002604,None,100,1,[1.717460299958475],[1.717470100033097],9,0,108,5,651.3934798,,651.3774917,651.3934798,652.3923831,652.3923831,652.3923831,652.7096393,space,0.3002604,None,652.7107054,653.4247965,653.7568836,653.7195991,653.7202924,653.7568836,653.7568836,653.7568836,655.4748169,700,1,[1.717460299958475],[1.717470100033097],participant 1,1,2025-11-11_12h36.49.344,intentional binding task,,2025.1.1,59.68934085,2025-11-11 12h37.13.436886 +0530
0.4,1000,exp,109,1,9,space,1.5233369,None,100,1,[1.9829460000619292],[1.9829629000741988],9,1,109,10,655.4895607,,655.4751676,655.4895607,656.50498,656.4884649,656.4884649,658.0210365,space,1.5233369,None,658.0221314,658.4364531,658.7685299,658.7324625,658.7334887,658.7685299,658.7685299,658.7685299,660.7520641,100,1,[1.9829460000619292],[1.9829629000741988],participant 1,1,2025-11-11_12h36.49.344,intentional binding task,,2025.1.1,59.68934085,2025-11-11 12h37.13.436886 +0530
0.7,1000,exp,110,2,9,space,0.3375801,None,100,1,[1.666105299955234],[1.6661216999636963],9,2,110,11,660.7679524,,660.7525433,660.7679524,661.7831505,661.7661634,661.7661634,662.1163491,space,0.3375801,None,662.117427,662.8154454,663.1474452,663.1173899,663.1180872,663.1474452,663.1474452,663.1474452,664.814142,700,1,[1.666105299955234],[1.6661216999636963],participant 1,1,2025-11-11_12h36.49.344,intentional binding task,,2025.1.1,59.68934085,2025-11-11 12h37.13.436886 +0530
0.7,400,unexp,111,3,9,space,0.5599238,None,100,1,[2.2335178999928758],[2.2335278999526054],9,3,111,2,664.8301622,,664.8146044,664.8301622,665.8461261,665.829095,665.829095,666.3958171,space,0.5599238,None,666.3969336,667.1115089,667.4432395,667.4130457,667.4137136,667.4432395,667.4432395,667.4432395,669.677204,100,1,[2.2335178999928758],[2.2335278999526054],participant 1,1,2025-11-11_12h36.49.344,intentional binding task,,2025.1.1,59.68934085,2025-11-11 12h37.13.436886 +0530
0.7,1000,exp,112,4,9,space,0.371226,None,100,1,[2.4987024000147358],[2.498719499912113],9,4,112,8,669.69284,,669.6775354,669.69284,670.7073934,670.6906425,670.6906425,671.0742841,space,0.371226,None,671.0753548,671.7735999,672.1054045,672.0787065,672.0793784,672.1054045,672.1054045,672.1054045,674.604705,100,1,[2.4987024000147358],[2.498719499912113],participant 1,1,2025-11-11_12h36.49.344,intentional binding task,,2025.1.1,59.68934085,2025-11-11 12h37.13.436886 +0530
0.1,1000,exp,113,5,9,space,0.3316452,None,100,1,[1.9991437999997288],[1.999159500002861],9,5,113,9,674.6204062,,674.6051679,674.6204062,675.6194462,675.6194462,675.6194462,675.9547958,space,0.3316452,None,675.9558559,676.0693917,676.4006802,676.3638905,676.364886,676.4006802,676.4006802,676.4006802,678.400402,100,1,[1.9991437999997288],[1.999159500002861],participant 1,1,2025-11-11_12h36.49.344,intentional binding task,,2025.1.1,59.68934085,2025-11-11 12h37.13.436886 +0530
0.1,400,unexp,114,6,9,space,0.4262025,None,100,1,[2.2319065999472514],[2.2319275999907404],9,6,114,0,678.4169985,,678.4008805,678.4169985,679.4160697,679.4160697,679.4160697,679.8488763,space,0.4262025,None,679.8499226,679.9491115,680.2804258,680.2453348,680.2460224,680.2804258,680.2804258,680.2804258,682.5129601,100,1,[2.2319065999472514],[2.2319275999907404],participant 1,1,2025-11-11_12h36.49.344,intentional binding task,,2025.1.1,59.68934085,2025-11-11 12h37.13.436886 +0530
0.4,400,unexp,115,7,9,space,0.3349327,None,100,1,[2.515140700037591],[2.5151567000430077],9,7,115,1,682.5296453,,682.5134251,682.5296453,683.5450571,683.5119132,683.5119132,683.8618707,space,0.3349327,None,683.8629341,684.261383,684.5927224,684.5555291,684.5561982,684.5927224,684.5927224,684.5927224,687.1084445,100,1,[2.515140700037591],[2.5151567000430077],participant 1,1,2025-11-11_12h36.49.344,intentional binding task,,2025.1.1,59.68934085,2025-11-11 12h37.13.436886 +0530
0.1,1000,exp,116,8,9,space,0.4728079,None,400,1,[5.179181699990295],[5.179197099991143],9,8,116,3,687.1249572,,687.1089307,687.1249572,688.1243267,688.1243267,688.1243267,688.6078142,space,0.4728079,None,688.6088845,688.7231787,689.0549179,689.0269891,689.0276833,689.0549179,689.0549179,689.0549179,694.2346888,400,1,[5.179181699990295],[5.179197099991143],participant 1,1,2025-11-11_12h36.49.344,intentional binding task,,2025.1.1,59.68934085,2025-11-11 12h37.13.436886 +0530
0.4,1000,exp,117,9,9,space,0.2809091,None,100,1,[1.9828470000065863],[1.9828572999686003],9,9,117,4,694.251144,,694.2351689,694.251144,695.2667788,695.2497764,695.2497764,695.5356441,space,0.2809091,None,695.5367093,695.9500558,696.2814234,696.2466771,696.2473477,696.2814234,696.2814234,696.2814234,698.2647113,400,1,[1.9828470000065863],[1.9828572999686003],participant 1,1,2025-11-11_12h36.49.344,intentional binding task,,2025.1.1,59.68934085,2025-11-11 12h37.13.436886 +0530
0.4,1000,exp,118,10,9,space,0.5116394,None,400,1,[2.148286800016649],[2.1483030000235885],9,10,118,7,698.2806509,,698.2650693,698.2806509,699.2795768,699.2795768,699.2795768,699.7968297,space,0.5116394,None,699.7978935,700.2120667,700.5438963,700.5131099,700.5137886,700.5438963,700.5438963,700.5438963,702.6927631,400,1,[2.148286800016649],[2.1483030000235885],participant 1,1,2025-11-11_12h36.49.344,intentional binding task,,2025.1.1,59.68934085,2025-11-11 12h37.13.436886 +0530
0.1,1000,exp,119,11,9,space,0.5530315,None,100,1,[2.3818282999563962],[2.3818448999663815],9,11,119,6,702.7092798,,702.6932695,702.7092798,703.7085309,703.7085309,703.7085309,704.2754982,space,0.5530315,None,704.2765552,704.39121,704.7231232,704.6934718,704.6941384,704.7231232,704.7231232,704.7231232,707.1055465,100,1,[2.3818282999563962],[2.3818448999663815],participant 1,1,2025-11-11_12h36.49.344,intentional binding task,,2025.1.1,59.68934085,2025-11-11 12h37.13.436886 +0530
0.4,1000,exp,120,0,10,space,0.5323993,None,100,1,[2.4817694999510422],[2.481785299954936],10,0,120,4,707.1220904,,707.1060109,707.1220904,708.1376729,708.1207502,708.1207502,708.6544971,space,0.5323993,None,708.6555774,709.0695285,709.4016363,709.3642224,709.3648947,709.4016363,709.4016363,709.4016363,711.8839974,100,1,[2.4817694999510422],[2.481785299954936],participant 1,1,2025-11-11_12h36.49.344,intentional binding task,,2025.1.1,59.68934085,2025-11-11 12h37.13.436886 +0530
0.1,1000,exp,121,1,10,space,0.3775721,None,100,1,[2.348426299984567],[2.348441799986176],10,1,121,9,711.900401,,711.8844838,711.900401,712.9165792,712.8993886,712.8993886,713.2828488,space,0.3775721,None,713.283914,713.3826175,713.7142012,713.6867121,713.6874297,713.7142012,713.7142012,713.7142012,716.0632567,100,1,[2.348426299984567],[2.348441799986176],participant 1,1,2025-11-11_12h36.49.344,intentional binding task,,2025.1.1,59.68934085,2025-11-11 12h37.13.436886 +0530
0.7,1000,exp,122,2,10,space,0.5895756,None,100,1,[1.7001417999854311],[1.700158099993132],10,2,122,8,716.079289,,716.0637428,716.079289,717.0786695,717.0786695,717.0786695,717.6787529,space,0.5895756,None,717.6798019,718.3942772,718.7257961,718.6895986,718.6903533,718.7257961,718.7257961,718.7257961,720.4265186,400,1,[1.7001417999854311],[1.700158099993132],participant 1,1,2025-11-11_12h36.49.344,intentional binding task,,2025.1.1,59.68934085,2025-11-11 12h37.13.436886 +0530
0.4,1000,exp,123,3,10,space,0.5265456,None,400,1,[2.0996501999907196],[2.0996664999984205],10,3,123,10,720.4416188,,720.4270038,720.4416188,721.4415979,721.4415979,721.4415979,721.9745972,space,0.5265456,None,721.9756641,722.3737574,722.704961,722.6719871,722.672685,722.704961,722.704961,722.704961,724.8052136,400,1,[2.0996501999907196],[2.0996664999984205],participant 1,1,2025-11-11_12h36.49.344,intentional binding task,,2025.1.1,59.68934085,2025-11-11 12h37.13.436886 +0530
0.1,1000,exp,124,4,10,space,0.2823038,None,100,1,[2.6994425000157207],[2.699453099980019],10,4,124,3,724.8213169,,724.8057011,724.8213169,725.8370562,725.820026,725.820026,726.1047991,space,0.2823038,None,726.1058549,726.2195679,726.5511937,726.5167773,726.517454,726.5511937,726.5511937,726.5511937,729.2510781,100,1,[2.6994425000157207],[2.699453099980019],participant 1,1,2025-11-11_12h36.49.344,intentional binding task,,2025.1.1,59.68934085,2025-11-11 12h37.13.436886 +0530
0.4,1000,exp,125,5,10,space,0.4772926,None,100,1,[2.1986692999489605],[2.198685299954377],10,5,125,7,729.2666925,,729.2514604,729.2666925,730.2653091,730.2653091,730.2653091,730.7490153,space,0.4772926,None,730.7501387,731.1482968,731.4795834,731.4485599,731.4492328,731.4795834,731.4795834,731.4795834,733.6789201,400,1,[2.1986692999489605],[2.198685299954377],participant 1,1,2025-11-11_12h36.49.344,intentional binding task,,2025.1.1,59.68934085,2025-11-11 12h37.13.436886 +0530
0.7,1000,exp,126,6,10,space,0.7006064,None,100,1,[2.1323596999282017],[2.132375199929811],10,6,126,11,733.6960791,,733.6794122,733.6960791,734.711291,734.6945093,734.6945093,735.4112916,space,0.7006064,None,735.4123706,736.1263777,736.4585591,736.4291127,736.4297899,736.4585591,736.4585591,736.4585591,738.591498,700,1,[2.1323596999282017],[2.132375199929811],participant 1,1,2025-11-11_12h36.49.344,intentional binding task,,2025.1.1,59.68934085,2025-11-11 12h37.13.436886 +0530
0.4,400,unexp,127,7,10,space,0.3170061,None,100,1,[2.9984237999888137],[2.9984400999965146],10,7,127,1,738.6072519,,738.5919607,738.6072519,739.6067826,739.6067826,739.6067826,739.9400383,space,0.3170061,None,739.9410957,740.3392871,740.6709779,740.643609,740.6442745,740.6709779,740.6709779,740.6709779,743.670001,400,1,[2.9984237999888137],[2.9984400999965146],participant 1,1,2025-11-11_12h36.49.344,intentional binding task,,2025.1.1,59.68934085,2025-11-11 12h37.13.436886 +0530
0.7,400,unexp,128,8,10,space,0.422117,None,100,1,[2.150031599914655],[2.150047899922356],10,8,128,2,743.6857577,,743.6704702,743.6857577,744.6851337,744.6851337,744.6851337,745.1187758,space,0.422117,None,745.1198191,745.8334928,746.1652627,746.133916,746.1345954,746.1652627,746.1652627,746.1652627,748.3158939,700,1,[2.150031599914655],[2.150047899922356],participant 1,1,2025-11-11_12h36.49.344,intentional binding task,,2025.1.1,59.68934085,2025-11-11 12h37.13.436886 +0530
0.7,1000,exp,129,9,10,space,0.3156587,None,100,1,[2.5828941999934614],[2.5829043000703678],10,9,129,5,748.331053,,748.3163621,748.331053,749.3304731,749.3304731,749.3304731,749.6640811,space,0.3156587,None,749.6651705,750.3792235,750.7111024,750.6766189,750.6772932,750.7111024,750.7111024,750.7111024,753.2944339,400,1,[2.5828941999934614],[2.5829043000703678],participant 1,1,2025-11-11_12h36.49.344,intentional binding task,,2025.1.1,59.68934085,2025-11-11 12h37.13.436886 +0530
0.1,1000,exp,130,10,10,space,0.563167,None,100,1,[2.915628300048411],[2.9156452000606805],10,10,130,6,753.3100578,,753.2947691,753.3100578,754.3258336,754.308604,754.308604,754.8763013,space,0.563167,None,754.8775219,754.9912997,755.3228456,755.2857437,755.2864262,755.3228456,755.3228456,755.3228456,758.2390629,100,1,[2.915628300048411],[2.9156452000606805],participant 1,1,2025-11-11_12h36.49.344,intentional binding task,,2025.1.1,59.68934085,2025-11-11 12h37.13.436886 +0530
0.1,400,unexp,131,11,10,space,0.5328952,None,400,1,[2.3985753000015393],[2.3985912000061944],10,11,131,0,758.2543649,,758.2395329,758.2543649,759.2538856,759.2538856,759.2538856,759.7878715,space,0.5328952,None,759.7889318,759.9030176,760.2347492,760.2033824,760.204086,760.2347492,760.2347492,760.2347492,762.6339026,100,1,[2.3985753000015393],[2.3985912000061944],participant 1,1,2025-11-11_12h36.49.344,intentional binding task,,2025.1.1,59.68934085,2025-11-11 12h37.13.436886 +0530
0.7,400,unexp,132,0,11,space,0.3861579,None,200,1,[3.464729900006205],[3.4647462000139058],11,0,132,2,762.6507742,,762.6343759,762.6507742,763.6498304,763.6498304,763.6498304,764.0492613,space,0.3861579,None,764.0503069,764.7488749,765.0799502,765.0480716,765.048727,765.0799502,765.0799502,765.0799502,768.5452736,700,1,[3.464729900006205],[3.4647462000139058],participant 1,1,2025-11-11_12h36.49.344,intentional binding task,,2025.1.1,59.68934085,2025-11-11 12h37.13.436886 +0530
0.4,1000,exp,133,1,11,space,0.5619477,None,100,1,[2.2992237999569625],[2.299240199965425],11,1,133,4,768.5611546,,768.5457334,768.5611546,769.5606102,769.5606102,769.5606102,770.1265865,space,0.5619477,None,770.1276497,770.5264185,770.8577283,770.8272224,770.8279388,770.8577283,770.8577283,770.8577283,773.1575394,400,1,[2.2992237999569625],[2.299240199965425],participant 1,1,2025-11-11_12h36.49.344,intentional binding task,,2025.1.1,59.68934085,2025-11-11 12h37.13.436886 +0530
0.1,1000,exp,134,2,11,space,0.5983821,None,100,1,[2.498736200039275],[2.4987526000477374],11,2,134,6,773.1733083,,773.1579999,773.1733083,774.172302,774.172302,774.172302,774.7734776,space,0.5983821,None,774.7745349,774.8879603,775.2202406,775.1889399,775.18963,775.2202406,775.2202406,775.2202406,777.7195665,100,1,[2.498736200039275],[2.4987526000477374],participant 1,1,2025-11-11_12h36.49.344,intentional binding task,,2025.1.1,59.68934085,2025-11-11 12h37.13.436886 +0530
0.7,1000,exp,135,3,11,space,0.3811412,None,800,1,[2.1826577000319958],[2.1826744000427425],11,3,135,8,777.7353934,,777.7200296,777.7353934,778.7344045,778.7344045,778.7344045,779.1193296,space,0.3811412,None,779.1203888,779.8333445,780.1651649,780.134103,780.1347792,780.1651649,780.1651649,780.1651649,782.3484087,700,1,[2.1826577000319958],[2.1826744000427425],participant 1,1,2025-11-11_12h36.49.344,intentional binding task,,2025.1.1,59.68934085,2025-11-11 12h37.13.436886 +0530
0.4,400,unexp,136,4,11,space,0.3632736,None,100,1,[2.498710799962282],[2.4987271999707446],11,4,136,1,782.3642076,,782.3488675,782.3642076,783.363532,783.363532,783.363532,783.731085,space,0.3632736,None,783.7321279,784.1461371,784.4777845,784.4440737,784.4447566,784.4777845,784.4777845,784.4777845,786.9770807,400,1,[2.498710799962282],[2.4987271999707446],participant 1,1,2025-11-11_12h36.49.344,intentional binding task,,2025.1.1,59.68934085,2025-11-11 12h37.13.436886 +0530
0.1,400,unexp,137,5,11,space,0.5167431,None,100,1,[2.6148389000445604],[2.614855300053023],11,5,137,0,786.9934648,,786.9775403,786.9934648,788.0086616,787.9924089,787.9924089,788.5254802,space,0.5167431,None,788.5265367,788.6250539,788.956504,788.9243571,788.9250449,788.956504,788.956504,788.956504,791.5719293,100,1,[2.6148389000445604],[2.614855300053023],participant 1,1,2025-11-11_12h36.49.344,intentional binding task,,2025.1.1,59.68934085,2025-11-11 12h37.13.436886 +0530
0.7,1000,exp,138,6,11,space,0.610988,None,400,1,[3.098226400092244],[3.098243599990383],11,6,138,5,791.5880715,,791.5724126,791.5880715,792.5874741,792.5704201,792.5704201,793.1875707,space,0.610988,None,793.1886642,793.9028286,794.234783,794.203465,794.2049586,794.234783,794.234783,794.234783,797.333607,400,1,[3.098226400092244],[3.098243599990383],participant 1,1,2025-11-11_12h36.49.344,intentional binding task,,2025.1.1,59.68934085,2025-11-11 12h37.13.436886 +0530
0.7,1000,exp,139,7,11,space,0.6067396,None,400,1,[3.9143624999560416],[3.914378199959174],11,7,139,11,797.3494955,,797.3340865,797.3494955,798.3487488,798.3487488,798.3487488,798.9652947,space,0.6067396,None,798.9663739,799.6800967,800.0125214,799.977331,799.9780099,800.0125214,800.0125214,800.0125214,803.927477,400,1,[3.9143624999560416],[3.914378199959174],participant 1,1,2025-11-11_12h36.49.344,intentional binding task,,2025.1.1,59.68934085,2025-11-11 12h37.13.436886 +0530
0.4,1000,exp,140,8,11,space,0.7496968,None,700,1,[2.265619699959643],[2.2656364999711514],11,8,140,7,803.9426803,,803.9279596,803.9426803,804.9582693,804.9420285,804.9420285,805.7085389,space,0.7496968,None,805.7096617,806.1077521,806.439528,806.4037542,806.4045406,806.439528,806.439528,806.439528,808.7057366,400,1,[2.265619699959643],[2.2656364999711514],participant 1,1,2025-11-11_12h36.49.344,intentional binding task,,2025.1.1,59.68934085,2025-11-11 12h37.13.436886 +0530
0.1,1000,exp,141,9,11,space,0.942068,None,400,1,[4.663577200029977],[4.663593100034632],11,9,141,3,808.7215426,,808.7062017,808.7215426,809.7372951,809.7205341,809.7205341,810.6701189,space,0.942068,None,810.671181,810.7692467,811.1013633,811.0718445,811.0725212,811.1013633,811.1013633,811.1013633,815.7655384,400,1,[4.663577200029977],[4.663593100034632],participant 1,1,2025-11-11_12h36.49.344,intentional binding task,,2025.1.1,59.68934085,2025-11-11 12h37.13.436886 +0530
0.4,1000,exp,142,10,11,space,0.5052949,None,100,1,[4.013361799996346],[4.013378000003286],11,10,142,10,815.7812998,,815.7660194,815.7812998,816.7803086,816.7803086,816.7803086,817.2967102,space,0.5052949,None,817.2977862,817.696297,818.0280476,817.9984337,817.9991217,818.0280476,818.0280476,818.0280476,822.0420066,700,1,[4.013361799996346],[4.013378000003286],participant 1,1,2025-11-11_12h36.49.344,intentional binding task,,2025.1.1,59.68934085,2025-11-11 12h37.13.436886 +0530
0.1,1000,exp,143,11,11,space,0.6592323,None,100,1,[3.497158999904059],[3.497174899908714],11,11,143,9,822.0591356,,822.0425162,822.0591356,823.0741072,823.0577566,823.0577566,823.7244853,space,0.6592323,None,823.7255893,823.8237252,824.1554616,824.1225871,824.123269,824.1554616,824.1554616,824.1554616,827.6532193,400,1,[3.497158999904059],[3.497174899908714],participant 1,1,2025-11-11_12h36.49.344,intentional binding task,,2025.1.1,59.68934085,2025-11-11 12h37.13.436886 +0530
0.1,1000,exp,144,0,12,space,0.9054866,None,400,1,[6.346884800004773],[6.346894299960695],12,0,144,6,827.6695167,,827.6537143,827.6695167,828.6688989,828.652114,828.652114,829.5683299,space,0.9054866,None,829.5693914,829.6678799,829.999193,829.9620254,829.9627201,829.999193,829.999193,829.999193,836.3465308,400,1,[6.346884800004773],[6.346894299960695],participant 1,1,2025-11-11_12h36.49.344,intentional binding task,,2025.1.1,59.68934085,2025-11-11 12h37.13.436886 +0530
0.4,1000,exp,145,1,12,space,0.8166626,None,400,1,[3.86453690007329],[3.8645543000893667],12,1,145,10,836.3610583,,836.34687,836.3610583,837.3763409,837.3595864,837.3595864,838.1772213,space,0.8166626,None,838.1783002,838.5917317,838.9241135,838.8946161,838.8953038,838.9241135,838.9241135,838.9241135,842.7892537,400,1,[3.86453690007329],[3.8645543000893667],participant 1,1,2025-11-11_12h36.49.344,intentional binding task,,2025.1.1,59.68934085,2025-11-11 12h37.13.436886 +0530
0.1,400,unexp,146,2,12,space,0.4700595,None,400,1,[3.1984175998950377],[3.1984335999004543],12,2,146,0,842.8048058,,842.7897183,842.8048058,843.8202006,843.8039719,843.8039719,844.2871054,space,0.4700595,None,844.2881756,844.3866572,844.7180365,844.6838754,844.6845471,844.7180365,844.7180365,844.7180365,847.9170448,100,1,[3.1984175998950377],[3.1984335999004543],participant 1,1,2025-11-11_12h36.49.344,intentional binding task,,2025.1.1,59.68934085,2025-11-11 12h37.13.436886 +0530
0.7,1000,exp,147,3,12,space,0.6786676,None,100,1,[2.482613200088963],[2.4826298999832943],12,3,147,5,847.9330866,,847.9175112,847.9330866,848.9487059,848.9315448,848.9315448,849.6153816,space,0.6786676,None,849.6165158,850.3306811,850.6623316,850.6282778,850.6289584,850.6623316,850.6623316,850.6623316,853.1455795,400,1,[2.482613200088963],[2.4826298999832943],participant 1,1,2025-11-11_12h36.49.344,intentional binding task,,2025.1.1,59.68934085,2025-11-11 12h37.13.436886 +0530
0.7,1000,exp,148,4,12,space,1.0817643,None,100,1,[2.3824611000018194],[2.3824766000034288],12,4,148,11,853.160727,,853.1460496,853.160727,854.1602964,854.1602964,854.1602964,855.2590812,space,1.0817643,None,855.2601501,855.9583095,856.2901569,856.2589074,856.2595776,856.2901569,856.2901569,856.2901569,858.6732114,700,1,[2.3824611000018194],[2.3824766000034288],participant 1,1,2025-11-11_12h36.49.344,intentional binding task,,2025.1.1,59.68934085,2025-11-11 12h37.13.436886 +0530
0.7,400,unexp,149,5,12,space,1.0517336,None,400,1,[1.8492860000114888],[1.849302600021474],12,5,149,2,858.6886562,,858.6736797,858.6886562,859.6882852,859.6882852,859.6882852,860.7541963,space,1.0517336,None,860.7553113,861.4693707,861.8011871,861.7703068,861.7709882,861.8011871,861.8011871,861.8011871,863.6510616,700,1,[1.8492860000114888],[1.849302600021474],participant 1,1,2025-11-11_12h36.49.344,intentional binding task,,2025.1.1,59.68934085,2025-11-11 12h37.13.436886 +0530
0.1,1000,exp,150,6,12,space,1.1488692,None,400,1,[1.9820643999846652],[1.9820908999536186],12,6,150,9,863.6670149,,863.6515375,863.6670149,864.6664758,864.6503002,864.6503002,865.8159197,space,1.1488692,None,865.8169736,865.9155482,866.2471341,866.2126768,866.2133553,866.2471341,866.2471341,866.2471341,868.2297866,100,1,[1.9820643999846652],[1.9820908999536186],participant 1,1,2025-11-11_12h36.49.344,intentional binding task,,2025.1.1,59.68934085,2025-11-11 12h37.13.436886 +0530
0.7,1000,exp,151,7,12,space,0.5610498,None,100,1,[2.217151299933903],[2.2171668999362737],12,7,151,8,868.246146,,868.2302517,868.246146,869.24555,869.24555,869.24555,869.8119202,space,0.5610498,None,869.812976,870.5273998,870.8593058,870.8300324,870.8307209,870.8593058,870.8593058,870.8593058,873.0770429,400,1,[2.217151299933903],[2.2171668999362737],participant 1,1,2025-11-11_12h36.49.344,intentional binding task,,2025.1.1,59.68934085,2025-11-11 12h37.13.436886 +0530
0.4,1000,exp,152,8,12,space,0.4890892,None,700,1,[2.182285499991849],[2.1823011999949813],12,8,152,4,873.091489,,873.0775269,873.091489,874.1066668,874.0905099,874.0905099,874.5909684,space,0.4890892,None,874.5920389,875.0061726,875.3377924,875.3104376,875.3111516,875.3377924,875.3377924,875.3377924,877.5206593,400,1,[2.182285499991849],[2.1823011999949813],participant 1,1,2025-11-11_12h36.49.344,intentional binding task,,2025.1.1,59.68934085,2025-11-11 12h37.13.436886 +0530
0.4,1000,exp,153,9,12,space,0.5391089,None,100,1,[2.3166229999624193],[2.3166335999267176],12,9,153,7,877.5373589,,877.5211422,877.5373589,878.5532593,878.5364548,878.5364548,879.0865272,space,0.5391089,None,879.0875941,879.5021517,879.8333752,879.8011575,879.8018607,879.8333752,879.8333752,879.8333752,882.1504332,400,1,[2.3166229999624193],[2.3166335999267176],participant 1,1,2025-11-11_12h36.49.344,intentional binding task,,2025.1.1,59.68934085,2025-11-11 12h37.13.436886 +0530
0.1,1000,exp,154,10,12,space,0.8097517,None,700,1,[2.2484822999686003],[2.248497899970971],12,10,154,3,882.1658176,,882.1507985,882.1658176,883.1647989,883.1647989,883.1647989,883.9813034,space,0.8097517,None,883.9823775,884.0808565,884.4126473,884.377199,884.3778866,884.4126473,884.4126473,884.4126473,886.6617055,400,1,[2.2484822999686003],[2.248497899970971],participant 1,1,2025-11-11_12h36.49.344,intentional binding task,,2025.1.1,59.68934085,2025-11-11 12h37.13.436886 +0530
0.4,400,unexp,155,11,12,space,0.8443959,None,400,1,[2.9312290999805555],[2.9312395999440923],12,11,155,1,886.6780367,,886.6621873,886.6780367,887.6774668,887.6774668,887.6774668,888.5270929,space,0.8443959,None,888.5281229,888.9263541,889.2577331,889.2262792,889.2269735,889.2577331,889.2577331,889.2577331,892.1894283,400,1,[2.9312290999805555],[2.9312395999440923],participant 1,1,2025-11-11_12h36.49.344,intentional binding task,,2025.1.1,59.68934085,2025-11-11 12h37.13.436886 +0530
0.7,1000,exp,156,0,13,space,0.3929517,None,100,1,[3.813552899984643],[3.813570099999197],13,0,156,11,892.2062301,,892.1898173,892.2062301,893.2219108,893.1884452,893.1884452,893.5881885,space,0.3929517,None,893.589284,894.3037416,894.636162,894.6064767,894.6071523,894.636162,894.636162,894.636162,898.4503144,400,1,[3.813552899984643],[3.813570099999197],participant 1,1,2025-11-11_12h36.49.344,intentional binding task,,2025.1.1,59.68934085,2025-11-11 12h37.13.436886 +0530
0.4,1000,exp,157,1,13,space,0.6443925,None,400,1,[3.264053799910471],[3.264070199918933],13,1,157,10,898.466747,,898.4507757,898.466747,899.4658127,899.4658127,899.4658127,900.1156531,space,0.6443925,None,900.1167202,900.5314371,900.862868,900.8316617,900.8323304,900.862868,900.862868,900.862868,904.1275339,400,1,[3.264053799910471],[3.264070199918933],participant 1,1,2025-11-11_12h36.49.344,intentional binding task,,2025.1.1,59.68934085,2025-11-11 12h37.13.436886 +0530
0.1,1000,exp,158,2,13,space,0.431948,None,400,1,[3.7140290999086574],[3.7140447999117896],13,2,158,6,904.1437866,,904.1280153,904.1437866,905.1436268,905.1268231,905.1268231,905.5610762,space,0.431948,None,905.5621457,905.6760865,906.0079477,905.9743598,905.9750304,906.0079477,906.0079477,906.0079477,909.7225573,400,1,[3.7140290999086574],[3.7140447999117896],participant 1,1,2025-11-11_12h36.49.344,intentional binding task,,2025.1.1,59.68934085,2025-11-11 12h37.13.436886 +0530
0.1,400,unexp,159,3,13,space,1.7139746,None,100,1,[3.0662015000125393],[3.0662181999068707],13,3,159,0,909.7392623,,909.7230199,909.7392623,910.7543951,910.7374148,910.7374148,912.4536479,space,1.7139746,None,912.4546951,912.5528694,912.8845598,912.8498072,912.8504927,912.8845598,912.8845598,912.8845598,915.9513621,100,1,[3.0662015000125393],[3.0662181999068707],participant 1,1,2025-11-11_12h36.49.344,intentional binding task,,2025.1.1,59.68934085,2025-11-11 12h37.13.436886 +0530
0.1,1000,exp,160,4,13,space,0.5578375,None,400,1,[3.581214900012128],[3.5812307000160217],13,4,160,9,915.9658151,,915.9518226,915.9658151,916.9647973,916.9647973,916.9647973,917.5321794,space,0.5578375,None,917.5332452,917.6473373,917.9794779,917.9427704,917.9434863,917.9794779,917.9794779,917.9794779,921.5612847,100,1,[3.581214900012128],[3.5812307000160217],participant 1,1,2025-11-11_12h36.49.344,intentional binding task,,2025.1.1,59.68934085,2025-11-11 12h37.13.436886 +0530
0.7,400,unexp,161,5,13,space,0.5165611,None,400,1,[1.967136500054039],[1.9671469000168145],13,5,161,2,921.5773651,,921.5617505,921.5773651,922.5926586,922.5755468,922.5755468,923.0952542,space,0.5165611,None,923.0963027,923.8079918,924.1400439,924.1107678,924.1114712,924.1400439,924.1400439,924.1400439,926.1076268,700,1,[1.967136500054039],[1.9671469000168145],participant 1,1,2025-11-11_12h36.49.344,intentional binding task,,2025.1.1,59.68934085,2025-11-11 12h37.13.436886 +0530
0.4,400,unexp,162,6,13,space,0.5612143,None,100,1,[2.848079799907282],[2.848095699911937],13,6,162,1,926.1223062,,926.1079641,926.1223062,927.1214718,927.1214718,927.1214718,927.6881108,space,0.5612143,None,927.6893307,928.1068851,928.4360571,928.4081246,928.4087805,928.4360571,928.4360571,928.4360571,931.2847291,100,1,[2.848079799907282],[2.848095699911937],participant 1,1,2025-11-11_12h36.49.344,intentional binding task,,2025.1.1,59.68934085,2025-11-11 12h37.13.436886 +0530
0.7,1000,exp,163,7,13,space,0.4052122,None,400,1,[2.348750100005418],[2.3487661998951808],13,7,163,8,931.3003661,,931.2851994,931.3003661,932.3002138,932.3002138,932.3002138,932.7168236,space,0.4052122,None,932.7178722,933.4322394,933.7635062,933.7302617,933.7309334,933.7635062,933.7635062,933.7635062,936.112846,400,1,[2.348750100005418],[2.3487661998951808],participant 1,1,2025-11-11_12h36.49.344,intentional binding task,,2025.1.1,59.68934085,2025-11-11 12h37.13.436886 +0530
0.1,1000,exp,164,8,13,space,0.7568776,None,400,1,[2.865709599922411],[2.8657263999339193],13,8,164,3,936.1296714,,936.113311,936.1296714,937.1450244,937.1279186,937.1279186,937.8952909,space,0.7568776,None,937.8963707,938.0103702,938.3428074,938.3070243,938.3080444,938.3428074,938.3428074,938.3428074,941.2091359,400,1,[2.865709599922411],[2.8657263999339193],participant 1,1,2025-11-11_12h36.49.344,intentional binding task,,2025.1.1,59.68934085,2025-11-11 12h37.13.436886 +0530
0.7,1000,exp,165,9,13,space,0.326836,None,400,1,[2.799478199915029],[2.7994880999904126],13,9,165,5,941.2246222,,941.209616,941.2246222,942.223268,942.223268,942.223268,942.5567753,space,0.326836,None,942.5578492,943.2745994,943.6041829,943.5752896,943.5759371,943.6041829,943.6041829,943.6041829,946.4041125,400,1,[2.799478199915029],[2.7994880999904126],participant 1,1,2025-11-11_12h36.49.344,intentional binding task,,2025.1.1,59.68934085,2025-11-11 12h37.13.436886 +0530
0.4,1000,exp,166,10,13,space,0.4062796,None,400,1,[3.981017699930817],[3.9810341999400407],13,10,166,7,946.4188065,,946.404472,946.4188065,947.418065,947.418065,947.418065,947.8350225,space,0.4062796,None,947.8360913,948.2509203,948.5826108,948.5452648,948.5460091,948.5826108,948.5826108,948.5826108,952.5643354,400,1,[3.981017699930817],[3.9810341999400407],participant 1,1,2025-11-11_12h36.49.344,intentional binding task,,2025.1.1,59.68934085,2025-11-11 12h37.13.436886 +0530
0.4,1000,exp,167,11,13,space,0.5714686,None,700,1,[2.4317500999895856],[2.431766099995002],13,11,167,4,952.5797377,,952.5648254,952.5797377,953.5950566,953.5787192,953.5787192,954.1621113,space,0.5714686,None,954.1631808,954.5614845,954.8931058,954.8627973,954.8634824,954.8931058,954.8931058,954.8931058,957.3254714,400,1,[2.4317500999895856],[2.431766099995002],participant 1,1,2025-11-11_12h36.49.344,intentional binding task,,2025.1.1,59.68934085,2025-11-11 12h37.13.436886 +0530
0.7,1000,exp,168,0,14,space,0.3654449,None,400,1,[1.766356599982828],[1.766373599995859],14,0,168,11,957.3416244,,957.3259801,957.3416244,958.3406872,958.3244867,958.3244867,958.6923825,space,0.3654449,None,958.6934552,959.4065931,959.7383048,959.7056264,959.7063135,959.7383048,959.7383048,959.7383048,961.5052494,700,1,[1.766356599982828],[1.766373599995859],participant 1,1,2025-11-11_12h36.49.344,intentional binding task,,2025.1.1,59.68934085,2025-11-11 12h37.13.436886 +0530
0.4,400,unexp,169,1,14,space,0.5054964,None,400,1,[2.897578699979931],[2.8975950999883935],14,1,169,1,961.5209196,,961.5057081,961.5209196,962.5368758,962.5203321,962.5203321,963.0369704,space,0.5054964,None,963.0380125,963.4527627,963.7843403,963.7465498,963.7472225,963.7843403,963.7843403,963.7843403,966.6824948,400,1,[2.897578699979931],[2.8975950999883935],participant 1,1,2025-11-11_12h36.49.344,intentional binding task,,2025.1.1,59.68934085,2025-11-11 12h37.13.436886 +0530
0.4,1000,exp,170,2,14,space,0.3550867,None,400,1,[2.6317758000222966],[2.6317950999364257],14,2,170,4,966.6994465,,966.6829812,966.6994465,967.7148538,967.6981522,967.6981522,968.0654599,space,0.3550867,None,968.0665412,968.4804199,968.8126681,968.7801927,968.7808925,968.8126681,968.8126681,968.8126681,971.4450887,400,1,[2.6317758000222966],[2.6317950999364257],participant 1,1,2025-11-11_12h36.49.344,intentional binding task,,2025.1.1,59.68934085,2025-11-11 12h37.13.436886 +0530
0.7,1000,exp,171,3,14,space,0.6603365,None,400,1,[3.3648228000383824],[3.3648383000399917],14,3,171,5,971.4607117,,971.4455658,971.4607117,972.4604814,972.4604814,972.4604814,973.1266293,space,0.6603365,None,973.1277126,973.8424513,974.1739057,974.1397406,974.1404249,974.1739057,974.1739057,974.1739057,977.5393098,400,1,[3.3648228000383824],[3.3648383000399917],participant 1,1,2025-11-11_12h36.49.344,intentional binding task,,2025.1.1,59.68934085,2025-11-11 12h37.13.436886 +0530
0.4,1000,exp,172,4,14,space,0.4898794,None,400,1,[6.295720099937171],[6.295730700017884],14,4,172,7,977.5552743,,977.5397725,977.5552743,978.5542008,978.5542008,978.5542008,979.0546008,space,0.4898794,None,979.0556591,979.4537022,979.7681505,979.7440651,979.7447476,979.7681505,979.7681505,979.7681505,986.0643358,400,1,[6.295720099937171],[6.295730700017884],participant 1,1,2025-11-11_12h36.49.344,intentional binding task,,2025.1.1,59.68934085,2025-11-11 12h37.13.436886 +0530
0.1,1000,exp,173,5,14,space,0.8213894,None,400,1,[2.1995318999979645],[2.1995476000010967],14,5,173,9,986.0802569,,986.0646996,986.0802569,987.0953828,987.0790257,987.0790257,987.9121617,space,0.8213894,None,987.9132691,988.0114102,988.3431819,988.3116269,988.3123169,988.3431819,988.3431819,988.3431819,990.5433021,100,1,[2.1995318999979645],[2.1995476000010967],participant 1,1,2025-11-11_12h36.49.344,intentional binding task,,2025.1.1,59.68934085,2025-11-11 12h37.13.436886 +0530
0.7,400,unexp,174,6,14,space,0.6681082,None,400,1,[2.5838699999731034],[2.5838871999876574],14,6,174,2,990.5591677,,990.5437675,990.5591677,991.5752935,991.5579248,991.5579248,992.2414739,space,0.6681082,None,992.2425253,992.9567762,993.2881551,993.2612378,993.2619292,993.2881551,993.2881551,993.2881551,995.8726323,400,1,[2.5838699999731034],[2.5838871999876574],participant 1,1,2025-11-11_12h36.49.344,intentional binding task,,2025.1.1,59.68934085,2025-11-11 12h37.13.436886 +0530
0.1,400,unexp,175,7,14,space,1.0830992,None,400,1,[2.0157225999282673],[2.015738199930638],14,7,175,0,995.8869912,,995.87314,995.8869912,996.902742,996.8856996,996.8856996,997.9694045,space,1.0830992,None,997.9704541,998.0851082,998.4164551,998.3836414,998.3843247,998.4164551,998.4164551,998.4164551,1000.432767,100,1,[2.0157225999282673],[2.015738199930638],participant 1,1,2025-11-11_12h36.49.344,intentional binding task,,2025.1.1,59.68934085,2025-11-11 12h37.13.436886 +0530
0.4,1000,exp,176,8,14,space,1.2247458,None,400,1,[1.7667588000185788],[1.7667762000346556],14,8,176,10,1000.449269,,1000.433233,1000.449269,1001.448576,1001.448576,1001.448576,1002.680906,space,1.2247458,None,1002.681971,1003.09653,1003.428157,1003.396785,1003.397466,1003.428157,1003.428157,1003.428157,1005.19551,400,1,[1.7667588000185788],[1.7667762000346556],participant 1,1,2025-11-11_12h36.49.344,intentional binding task,,2025.1.1,59.68934085,2025-11-11 12h37.13.436886 +0530
0.1,1000,exp,177,9,14,space,0.4782377,None,400,1,[2.365976499975659],[2.3659869000548497],14,9,177,6,1005.210804,,1005.195985,1005.210804,1006.210178,1006.210178,1006.210178,1006.69372,space,0.4782377,None,1006.694845,1006.793355,1007.124862,1007.094939,1007.09561,1007.124862,1007.124862,1007.124862,1009.491281,100,1,[2.365976499975659],[2.3659869000548497],participant 1,1,2025-11-11_12h36.49.344,intentional binding task,,2025.1.1,59.68934085,2025-11-11 12h37.13.436886 +0530
0.1,1000,exp,178,10,14,space,0.2716822,None,400,1,[1.9660664000548422],[1.9660823000594974],14,10,178,3,1009.506932,,1009.491632,1009.506932,1010.506129,1010.506129,1010.506129,1010.789683,space,0.2716822,None,1010.790738,1010.889094,1011.220397,1011.192518,1011.193205,1011.220397,1011.220397,1011.220397,1013.18705,100,1,[1.9660664000548422],[1.9660823000594974],participant 1,1,2025-11-11_12h36.49.344,intentional binding task,,2025.1.1,59.68934085,2025-11-11 12h37.13.436886 +0530
0.7,1000,exp,179,11,14,space,0.3194883,None,100,1,[1.8829292000737041],[1.8829458000836894],14,11,179,8,1013.203544,,1013.187536,1013.203544,1014.218869,1014.202375,1014.202375,1014.536031,space,0.3194883,None,1014.53712,1015.25091,1015.583199,1015.556061,1015.556756,1015.583199,1015.583199,1015.583199,1017.466714,700,1,[1.8829292000737041],[1.8829458000836894],participant 1,1,2025-11-11_12h36.49.344,intentional binding task,,2025.1.1,59.68934085,2025-11-11 12h37.13.436886 +0530
0.1,1000,exp,180,0,15,space,0.3601328,None,700,1,[2.0320078999502584],[2.032024599961005],15,0,180,3,1017.482401,,1017.467174,1017.482401,1018.497726,1018.481073,1018.481073,1018.847866,space,0.3601328,None,1018.848932,1018.94752,1019.279267,1019.243628,1019.244414,1019.279267,1019.279267,1019.279267,1021.311909,100,1,[2.0320078999502584],[2.032024599961005],participant 1,1,2025-11-11_12h36.49.344,intentional binding task,,2025.1.1,59.68934085,2025-11-11 12h37.13.436886 +0530
0.1,1000,exp,181,1,15,space,0.3539229,None,700,1,[2.0674055999843404],[2.067415300058201],15,1,181,6,1021.328393,,1021.312381,1021.328393,1022.327966,1022.327966,1022.327966,1022.694705,space,0.3539229,None,1022.695777,1022.79386,1023.125424,1023.095121,1023.095787,1023.125424,1023.125424,1023.125424,1025.193269,100,1,[2.0674055999843404],[2.067415300058201],participant 1,1,2025-11-11_12h36.49.344,intentional binding task,,2025.1.1,59.68934085,2025-11-11 12h37.13.436886 +0530
0.7,1000,exp,182,2,15,space,1.129383,None,400,1,[4.213661800022237],[4.213677000021562],15,2,182,8,1025.208203,,1025.193685,1025.208203,1026.223686,1026.207188,1026.207188,1027.341356,space,1.129383,None,1027.342422,1028.054861,1028.386937,1028.353661,1028.354333,1028.386937,1028.386937,1028.386937,1032.601186,700,1,[4.213661800022237],[4.213677000021562],participant 1,1,2025-11-11_12h36.49.344,intentional binding task,,2025.1.1,59.68934085,2025-11-11 12h37.13.436886 +0530
0.7,1000,exp,183,3,15,space,0.7172687,None,400,1,[2.5652906999457628],[2.5653068999527022],15,3,183,11,1032.617767,,1032.601685,1032.617767,1033.633671,1033.616396,1033.616396,1034.34972,space,0.7172687,None,1034.350781,1035.065281,1035.396566,1035.365514,1035.366248,1035.396566,1035.396566,1035.396566,1037.962442,400,1,[2.5652906999457628],[2.5653068999527022],participant 1,1,2025-11-11_12h36.49.344,intentional binding task,,2025.1.1,59.68934085,2025-11-11 12h37.13.436886 +0530
0.4,1000,exp,184,4,15,space,0.7046253,None,400,1,[2.582661099964753],[2.5826775999739766],15,4,184,10,1037.978791,,1037.962942,1037.978791,1038.978051,1038.978051,1038.978051,1039.694413,space,0.7046253,None,1039.69548,1040.093703,1040.42497,1040.397572,1040.398228,1040.42497,1040.42497,1040.42497,1043.008226,400,1,[2.582661099964753],[2.5826775999739766],participant 1,1,2025-11-11_12h36.49.344,intentional binding task,,2025.1.1,59.68934085,2025-11-11 12h37.13.436886 +0530
0.4,1000,exp,185,5,15,space,0.5147876,None,400,1,[1.883048199932091],[1.883063399931416],15,5,185,7,1043.023888,,1043.008687,1043.023888,1044.039942,1044.022993,1044.022993,1044.540066,space,0.5147876,None,1044.541134,1044.955286,1045.287017,1045.255907,1045.256585,1045.287017,1045.287017,1045.287017,1047.170659,400,1,[1.883048199932091],[1.883063399931416],participant 1,1,2025-11-11_12h36.49.344,intentional binding task,,2025.1.1,59.68934085,2025-11-11 12h37.13.436886 +0530
0.4,400,unexp,186,6,15,space,0.5587802,None,400,1,[2.5646243999945],[2.564640099997632],15,6,186,1,1047.186919,,1047.171117,1047.186919,1048.202058,1048.185463,1048.185463,1048.752507,space,0.5587802,None,1048.753554,1049.151765,1049.483038,1049.451889,1049.452558,1049.483038,1049.483038,1049.483038,1052.048239,400,1,[2.5646243999945],[2.564640099997632],participant 1,1,2025-11-11_12h36.49.344,intentional binding task,,2025.1.1,59.68934085,2025-11-11 12h37.13.436886 +0530
0.7,1000,exp,187,7,15,space,0.7396964,None,400,1,[2.265966900042258],[2.2659839000552893],15,7,187,5,1052.064632,,1052.048732,1052.064632,1053.064055,1053.047711,1053.047711,1053.798243,space,0.7396964,None,1053.799328,1054.512463,1054.844481,1054.809844,1054.810533,1054.844481,1054.844481,1054.844481,1057.111047,400,1,[2.265966900042258],[2.2659839000552893],participant 1,1,2025-11-11_12h36.49.344,intentional binding task,,2025.1.1,59.68934085,2025-11-11 12h37.13.436886 +0530
0.4,1000,exp,188,8,15,space,0.4825693,None,400,1,[2.7997281999560073],[2.799738400033675],15,8,188,4,1057.126191,,1057.111511,1057.126191,1058.1258,1058.1258,1058.1258,1058.609189,space,0.4825693,None,1058.610255,1059.008458,1059.339752,1059.307387,1059.308063,1059.339752,1059.339752,1059.339752,1062.13995,100,1,[2.7997281999560073],[2.799738400033675],participant 1,1,2025-11-11_12h36.49.344,intentional binding task,,2025.1.1,59.68934085,2025-11-11 12h37.13.436886 +0530
0.7,400,unexp,189,9,15,space,0.2696983,None,700,1,[2.2819607000565156],[2.2819765000604093],15,9,189,2,1062.15501,,1062.140294,1062.15501,1063.154378,1063.154378,1063.154378,1063.438109,space,0.2696983,None,1063.43921,1064.153055,1064.484619,1064.449753,1064.45045,1064.484619,1064.484619,1064.484619,1066.767155,700,1,[2.2819607000565156],[2.2819765000604093],participant 1,1,2025-11-11_12h36.49.344,intentional binding task,,2025.1.1,59.68934085,2025-11-11 12h37.13.436886 +0530
0.1,1000,exp,190,10,15,space,0.5133139,None,400,1,[3.114263499970548],[3.1142790999729186],15,10,190,9,1066.784341,,1066.767636,1066.784341,1067.799395,1067.782435,1067.782435,1068.300244,space,0.5133139,None,1068.301292,1068.41568,1068.74748,1068.716202,1068.716887,1068.74748,1068.74748,1068.74748,1071.862324,100,1,[3.114263499970548],[3.1142790999729186],participant 1,1,2025-11-11_12h36.49.344,intentional binding task,,2025.1.1,59.68934085,2025-11-11 12h37.13.436886 +0530
0.1,400,unexp,191,11,15,space,0.5670221,None,400,1,[3.314341399935074],[3.3143570999382064],15,11,191,0,1071.878326,,1071.862813,1071.878326,1072.877736,1072.877736,1072.877736,1073.461129,space,0.5670221,None,1073.462178,1073.560353,1073.892038,1073.859791,1073.860488,1073.892038,1073.892038,1073.892038,1077.206975,100,1,[3.314341399935074],[3.3143570999382064],participant 1,1,2025-11-11_12h36.49.344,intentional binding task,,2025.1.1,59.68934085,2025-11-11 12h37.13.436886 +0530
0.7,1000,exp,192,0,16,space,0.2847336,None,400,1,[2.5820509999757633],[2.582066599978134],16,0,192,11,1077.223467,,1077.20747,1077.223467,1078.222478,1078.222478,1078.222478,1078.52311,space,0.2847336,None,1078.524198,1079.238082,1079.570082,1079.533133,1079.533808,1079.570082,1079.570082,1079.570082,1082.152723,400,1,[2.5820509999757633],[2.582066599978134],participant 1,1,2025-11-11_12h36.49.344,intentional binding task,,2025.1.1,59.68934085,2025-11-11 12h37.13.436886 +0530
0.7,400,unexp,193,1,16,space,0.2778269,None,400,1,[1.8841405001003295],[1.8841499000554904],16,1,193,2,1082.169066,,1082.153191,1082.169066,1083.183916,1083.167258,1083.167258,1083.45104,space,0.2778269,None,1083.452083,1084.166582,1084.498206,1084.470879,1084.471556,1084.498206,1084.498206,1084.498206,1086.382783,700,1,[1.8841405001003295],[1.8841499000554904],participant 1,1,2025-11-11_12h36.49.344,intentional binding task,,2025.1.1,59.68934085,2025-11-11 12h37.13.436886 +0530
0.1,1000,exp,194,2,16,space,0.573381,None,400,1,[2.931090399972163],[2.931106499978341],16,2,194,3,1086.398251,,1086.383118,1086.398251,1087.41448,1087.397354,1087.397354,1087.979813,space,0.573381,None,1087.980878,1088.079903,1088.411161,1088.382176,1088.382817,1088.411161,1088.411161,1088.411161,1091.342837,100,1,[2.931090399972163],[2.931106499978341],participant 1,1,2025-11-11_12h36.49.344,intentional binding task,,2025.1.1,59.68934085,2025-11-11 12h37.13.436886 +0530
0.1,1000,exp,195,3,16,space,0.5722215,None,400,1,[2.415439200005494],[2.4154554000124335],16,3,195,6,1091.359812,,1091.343326,1091.359812,1092.358548,1092.342159,1092.342159,1092.925743,space,0.5722215,None,1092.926809,1093.041539,1093.373171,1093.337555,1093.338273,1093.373171,1093.373171,1093.373171,1095.789197,100,1,[2.415439200005494],[2.4154554000124335],participant 1,1,2025-11-11_12h36.49.344,intentional binding task,,2025.1.1,59.68934085,2025-11-11 12h37.13.436886 +0530
0.4,400,unexp,196,4,16,space,0.3408472,None,400,1,[1.8330912999808788],[1.8331084999954328],16,4,196,1,1095.805111,,1095.789674,1095.805111,1096.804243,1096.804243,1096.804243,1097.154823,space,0.3408472,None,1097.155889,1097.569788,1097.902096,1097.868022,1097.868713,1097.902096,1097.902096,1097.902096,1099.735776,400,1,[1.8330912999808788],[1.8331084999954328],participant 1,1,2025-11-11_12h36.49.344,intentional binding task,,2025.1.1,59.68934085,2025-11-11 12h37.13.436886 +0530
0.4,1000,exp,197,5,16,space,0.3282328,None,400,1,[2.3648640000028536],[2.3648794000037014],16,5,197,10,1099.751298,,1099.736238,1099.751298,1100.750605,1100.750605,1100.750605,1101.083572,space,0.3282328,None,1101.084649,1101.482888,1101.81496,1101.785615,1101.786294,1101.81496,1101.81496,1101.81496,1104.180398,700,1,[2.3648640000028536],[2.3648794000037014],participant 1,1,2025-11-11_12h36.49.344,intentional binding task,,2025.1.1,59.68934085,2025-11-11 12h37.13.436886 +0530
0.1,1000,exp,198,6,16,space,0.3357381,None,700,1,[2.066572899930179],[2.06658919993788],16,6,198,9,1104.196501,,1104.180912,1104.196501,1105.195515,1105.195515,1105.195515,1105.546599,space,0.3357381,None,1105.547673,1105.662051,1105.993431,1105.966839,1105.96751,1105.993431,1105.993431,1105.993431,1108.060629,100,1,[2.066572899930179],[2.06658919993788],participant 1,1,2025-11-11_12h36.49.344,intentional binding task,,2025.1.1,59.68934085,2025-11-11 12h37.13.436886 +0530
0.7,1000,exp,199,7,16,space,0.3633514,None,700,1,[1.6156881999922916],[1.615704800002277],16,7,199,8,1108.076671,,1108.061124,1108.076671,1109.092055,1109.07587,1109.07587,1109.443352,space,0.3633514,None,1109.444411,1110.157661,1110.489618,1110.454352,1110.455049,1110.489618,1110.489618,1110.489618,1112.105889,700,1,[1.6156881999922916],[1.615704800002277],participant 1,1,2025-11-11_12h36.49.344,intentional binding task,,2025.1.1,59.68934085,2025-11-11 12h37.13.436886 +0530
0.7,1000,exp,200,8,16,space,0.41564,None,400,1,[2.066391699947417],[2.0664079999551177],16,8,200,5,1112.122448,,1112.106446,1112.122448,1113.138059,1113.121606,1113.121606,1113.538236,space,0.41564,None,1113.539385,1114.254131,1114.585176,1114.553849,1114.554534,1114.585176,1114.585176,1114.585176,1116.652155,700,1,[2.066391699947417],[2.0664079999551177],participant 1,1,2025-11-11_12h36.49.344,intentional binding task,,2025.1.1,59.68934085,2025-11-11 12h37.13.436886 +0530
0.4,1000,exp,201,9,16,space,0.593071,None,400,1,[2.1990099999820814],[2.1990269999951124],16,9,201,4,1116.667854,,1116.652631,1116.667854,1117.666884,1117.666884,1117.666884,1118.26713,space,0.593071,None,1118.26819,1118.666639,1118.997904,1118.968376,1118.969115,1118.997904,1118.997904,1118.997904,1121.197501,700,1,[2.1990099999820814],[2.1990269999951124],participant 1,1,2025-11-11_12h36.49.344,intentional binding task,,2025.1.1,59.68934085,2025-11-11 12h37.13.436886 +0530
0.4,1000,exp,202,10,16,space,0.3844634,None,700,1,[2.3668340999865904],[2.366850499995053],16,10,202,7,1121.213891,,1121.197977,1121.213891,1122.229486,1122.212655,1122.212655,1122.612865,space,0.3844634,None,1122.613999,1123.02798,1123.360158,1123.322279,1123.322964,1123.360158,1123.360158,1123.360158,1125.727606,400,1,[2.3668340999865904],[2.366850499995053],participant 1,1,2025-11-11_12h36.49.344,intentional binding task,,2025.1.1,59.68934085,2025-11-11 12h37.13.436886 +0530
0.1,400,unexp,203,11,16,space,0.4090812,None,100,1,[2.016550899948925],[2.016561400028877],16,11,203,0,1125.742668,,1125.728185,1125.742668,1126.74131,1126.74131,1126.74131,1127.157824,space,0.4090812,None,1127.158887,1127.257359,1127.589122,1127.557976,1127.55866,1127.589122,1127.589122,1127.589122,1129.606124,100,1,[2.016550899948925],[2.016561400028877],participant 1,1,2025-11-11_12h36.49.344,intentional binding task,,2025.1.1,59.68934085,2025-11-11 12h37.13.436886 +0530
0.4,1000,exp,204,0,17,space,0.3240782,None,400,1,[2.381672300049104],[2.3816876999335364],17,0,204,7,1129.621992,,1129.606479,1129.621992,1130.620713,1130.620713,1130.620713,1130.954516,space,0.3240782,None,1130.955595,1131.370178,1131.701721,1131.670854,1131.671544,1131.701721,1131.701721,1131.701721,1134.083971,400,1,[2.381672300049104],[2.3816876999335364],participant 1,1,2025-11-11_12h36.49.344,intentional binding task,,2025.1.1,59.68934085,2025-11-11 12h37.13.436886 +0530
0.1,1000,exp,205,1,17,space,0.4461559,None,400,1,[2.548493899987079],[2.5485089999856427],17,1,205,6,1134.10092,,1134.08446,1134.10092,1135.099696,1135.099696,1135.099696,1135.550206,space,0.4461559,None,1135.55127,1135.665838,1135.99785,1135.96279,1135.963469,1135.99785,1135.99785,1135.99785,1138.54693,100,1,[2.548493899987079],[2.5485089999856427],participant 1,1,2025-11-11_12h36.49.344,intentional binding task,,2025.1.1,59.68934085,2025-11-11 12h37.13.436886 +0530
0.4,1000,exp,206,2,17,space,0.3280423,None,400,1,[1.7497606999240816],[1.7497760999249294],17,2,206,10,1138.562689,,1138.547396,1138.562689,1139.562288,1139.562288,1139.562288,1139.896236,space,0.3280423,None,1139.897296,1140.310844,1140.642895,1140.614295,1140.615001,1140.642895,1140.642895,1140.642895,1142.393235,400,1,[1.7497606999240816],[1.7497760999249294],participant 1,1,2025-11-11_12h36.49.344,intentional binding task,,2025.1.1,59.68934085,2025-11-11 12h37.13.436886 +0530
0.4,1000,exp,207,3,17,space,0.3012495,None,400,1,[2.2160123999929056],[2.216022300068289],17,3,207,4,1142.409564,,1142.393705,1142.409564,1143.425162,1143.408466,1143.408466,1143.725899,space,0.3012495,None,1143.726965,1144.140762,1144.472875,1144.442349,1144.443064,1144.472875,1144.472875,1144.472875,1146.689371,400,1,[2.2160123999929056],[2.216022300068289],participant 1,1,2025-11-11_12h36.49.344,intentional binding task,,2025.1.1,59.68934085,2025-11-11 12h37.13.436886 +0530
0.7,1000,exp,208,4,17,space,0.3015685,None,400,1,[3.03178860002663],[3.0318033000221476],17,4,208,5,1146.704724,,1146.689727,1146.704724,1147.720546,1147.704335,1147.704335,1148.020956,space,0.3015685,None,1148.022294,1148.736501,1149.0679,1149.036456,1149.037125,1149.0679,1149.0679,1149.0679,1152.100274,700,1,[3.03178860002663],[3.0318033000221476],participant 1,1,2025-11-11_12h36.49.344,intentional binding task,,2025.1.1,59.68934085,2025-11-11 12h37.13.436886 +0530
0.1,1000,exp,209,5,17,space,0.3649695,None,700,1,[2.716162299970165],[2.716178599977866],17,5,209,3,1152.116271,,1152.100736,1152.116271,1153.132286,1153.115424,1153.115424,1153.482771,space,0.3649695,None,1153.483852,1153.598114,1153.929469,1153.90283,1153.903521,1153.929469,1153.929469,1153.929469,1156.646215,100,1,[2.716162299970165],[2.716178599977866],participant 1,1,2025-11-11_12h36.49.344,intentional binding task,,2025.1.1,59.68934085,2025-11-11 12h37.13.436886 +0530
0.1,1000,exp,210,6,17,space,0.5094398,None,400,1,[2.3487044000066817],[2.348720300011337],17,6,210,9,1156.661821,,1156.646684,1156.661821,1157.67748,1157.660428,1157.660428,1158.177563,space,0.5094398,None,1158.178629,1158.277145,1158.608837,1158.572536,1158.573334,1158.608837,1158.608837,1158.608837,1160.958135,400,1,[2.3487044000066817],[2.348720300011337],participant 1,1,2025-11-11_12h36.49.344,intentional binding task,,2025.1.1,59.68934085,2025-11-11 12h37.13.436886 +0530
0.7,1000,exp,211,7,17,space,0.6250948,None,400,1,[1.5694950999459252],[1.569511599955149],17,7,211,11,1160.975023,,1160.95859,1160.975023,1161.989726,1161.973243,1161.973243,1162.60664,space,0.6250948,None,1162.607702,1163.322236,1163.653563,1163.622431,1163.623099,1163.653563,1163.653563,1163.653563,1165.22364,700,1,[1.5694950999459252],[1.569511599955149],participant 1,1,2025-11-11_12h36.49.344,intentional binding task,,2025.1.1,59.68934085,2025-11-11 12h37.13.436886 +0530
0.4,400,unexp,212,8,17,space,0.591445,None,400,1,[5.046942699933425],[5.0469531998969615],17,8,212,1,1165.237213,,1165.22411,1165.237213,1166.252743,1166.235679,1166.235679,1166.835521,space,0.591445,None,1166.836572,1167.251274,1167.583314,1167.554257,1167.55494,1167.583314,1167.583314,1167.583314,1172.630706,400,1,[5.046942699933425],[5.0469531998969615],participant 1,1,2025-11-11_12h36.49.344,intentional binding task,,2025.1.1,59.68934085,2025-11-11 12h37.13.436886 +0530
0.1,400,unexp,213,9,17,space,0.4042725,None,400,1,[3.147957199951634],[3.1479727999540046],17,9,213,0,1172.646127,,1172.63106,1172.646127,1173.662414,1173.645636,1173.645636,1174.062091,space,0.4042725,None,1174.063175,1174.177783,1174.509893,1174.475712,1174.476379,1174.509893,1174.509893,1174.509893,1177.658441,400,1,[3.147957199951634],[3.1479727999540046],participant 1,1,2025-11-11_12h36.49.344,intentional binding task,,2025.1.1,59.68934085,2025-11-11 12h37.13.436886 +0530
0.7,400,unexp,214,10,17,space,0.6010878,None,700,1,[3.0671795000089332],[3.0671965000219643],17,10,214,2,1177.674763,,1177.658907,1177.674763,1178.690083,1178.673508,1178.673508,1179.290403,space,0.6010878,None,1179.291459,1180.005677,1180.337484,1180.301453,1180.302501,1180.337484,1180.337484,1180.337484,1183.405254,400,1,[3.0671795000089332],[3.0671965000219643],participant 1,1,2025-11-11_12h36.49.344,intentional binding task,,2025.1.1,59.68934085,2025-11-11 12h37.13.436886 +0530
0.7,1000,exp,215,11,17,space,0.2827036,None,400,1,[2.1501971000107005],[2.1502136000199243],17,11,215,8,1183.420692,,1183.405715,1183.420692,1184.436149,1184.41919,1184.41919,1184.718218,space,0.2827036,None,1184.719296,1185.433131,1185.765173,1185.733913,1185.734624,1185.765173,1185.765173,1185.765173,1187.915961,700,1,[2.1501971000107005],[2.1502136000199243],participant 1,1,2025-11-11_12h36.49.344,intentional binding task,,2025.1.1,59.68934085,2025-11-11 12h37.13.436886 +0530
0.1,1000,exp,216,0,18,space,0.4492023,None,400,1,[2.215659199981019],[2.21567619999405],18,0,216,6,1187.931343,,1187.916434,1187.931343,1188.946714,1188.930035,1188.930035,1189.380142,space,0.4492023,None,1189.381203,1189.480051,1189.811483,1189.776573,1189.777243,1189.811483,1189.811483,1189.811483,1192.027729,400,1,[2.215659199981019],[2.21567619999405],participant 1,1,2025-11-11_12h36.49.344,intentional binding task,,2025.1.1,59.68934085,2025-11-11 12h37.13.436886 +0530
0.4,1000,exp,217,1,18,space,0.6848045,None,100,1,[2.083360999939032],[2.0833709000144154],18,1,217,7,1192.04333,,1192.028189,1192.04333,1193.043233,1193.043233,1193.043233,1193.742923,space,0.6848045,None,1193.743997,1194.158252,1194.490195,1194.45866,1194.459342,1194.490195,1194.490195,1194.490195,1196.574003,400,1,[2.083360999939032],[2.0833709000144154],participant 1,1,2025-11-11_12h36.49.344,intentional binding task,,2025.1.1,59.68934085,2025-11-11 12h37.13.436886 +0530
0.4,400,unexp,218,2,18,space,0.4012732,None,400,1,[2.9815450999885798],[2.9815610999939963],18,2,218,1,1196.589564,,1196.574343,1196.589564,1197.588251,1197.588251,1197.588251,1198.005373,space,0.4012732,None,1198.006481,1198.404694,1198.73565,1198.704705,1198.705386,1198.73565,1198.73565,1198.73565,1201.717787,100,1,[2.9815450999885798],[2.9815610999939963],participant 1,1,2025-11-11_12h36.49.344,intentional binding task,,2025.1.1,59.68934085,2025-11-11 12h37.13.436886 +0530
0.7,1000,exp,219,3,18,space,0.5913237,None,400,1,[3.18141459999606],[3.181431100005284],18,3,219,11,1201.734117,,1201.71827,1201.734117,1202.749439,1202.732926,1202.732926,1203.332796,space,0.5913237,None,1203.333868,1204.032164,1204.363611,1204.332167,1204.332843,1204.363611,1204.363611,1204.363611,1207.545616,700,1,[3.18141459999606],[3.181431100005284],participant 1,1,2025-11-11_12h36.49.344,intentional binding task,,2025.1.1,59.68934085,2025-11-11 12h37.13.436886 +0530
0.1,1000,exp,220,4,18,space,0.7006241,None,400,1,[4.0795409000711516],[4.079556700075045],18,4,220,3,1207.561701,,1207.546104,1207.561701,1208.560998,1208.560998,1208.560998,1209.277417,space,0.7006241,None,1209.278502,1209.377085,1209.70864,1209.678811,1209.679505,1209.70864,1209.70864,1209.70864,1213.78877,400,1,[4.0795409000711516],[4.079556700075045],participant 1,1,2025-11-11_12h36.49.344,intentional binding task,,2025.1.1,59.68934085,2025-11-11 12h37.13.436886 +0530
0.7,1000,exp,221,5,18,space,0.6525251,None,400,1,[1.6671941000968218],[1.667205100064166],18,5,221,8,1213.805579,,1213.789236,1213.805579,1214.804867,1214.787975,1214.787975,1215.454904,space,0.6525251,None,1215.455993,1216.17026,1216.501812,1216.468101,1216.468855,1216.501812,1216.501812,1216.501812,1218.169449,700,1,[1.6671941000968218],[1.667205100064166],participant 1,1,2025-11-11_12h36.49.344,intentional binding task,,2025.1.1,59.68934085,2025-11-11 12h37.13.436886 +0530
0.4,1000,exp,222,6,18,space,0.3426373,None,400,1,[2.2669831999810413],[2.2670001999940723],18,6,222,10,1218.184194,,1218.169809,1218.184194,1219.183854,1219.183854,1219.183854,1219.534024,space,0.3426373,None,1219.5351,1219.949018,1220.281067,1220.248471,1220.249189,1220.281067,1220.281067,1220.281067,1222.548647,400,1,[2.2669831999810413],[2.2670001999940723],participant 1,1,2025-11-11_12h36.49.344,intentional binding task,,2025.1.1,59.68934085,2025-11-11 12h37.13.436886 +0530
0.1,1000,exp,223,7,18,space,0.3273889,None,400,1,[2.3324713999172673],[2.332487899926491],18,7,223,9,1222.563883,,1222.549137,1222.563883,1223.562509,1223.562509,1223.562509,1223.895918,space,0.3273889,None,1223.896981,1223.9962,1224.327198,1224.29718,1224.297833,1224.327198,1224.327198,1224.327198,1226.660261,100,1,[2.3324713999172673],[2.332487899926491],participant 1,1,2025-11-11_12h36.49.344,intentional binding task,,2025.1.1,59.68934085,2025-11-11 12h37.13.436886 +0530
0.7,400,unexp,224,8,18,space,0.404965,None,400,1,[1.8342386999865994],[1.8342492999508977],18,8,224,2,1226.676419,,1226.66072,1226.676419,1227.692152,1227.675072,1227.675072,1228.092153,space,0.404965,None,1228.093232,1228.807321,1229.139303,1229.107756,1229.108424,1229.139303,1229.139303,1229.139303,1230.97398,700,1,[1.8342386999865994],[1.8342492999508977],participant 1,1,2025-11-11_12h36.49.344,intentional binding task,,2025.1.1,59.68934085,2025-11-11 12h37.13.436886 +0530
0.7,1000,exp,225,9,18,space,0.5975456,None,400,1,[2.548431299976073],[2.5484472999814898],18,9,225,5,1230.989322,,1230.974321,1230.989322,1232.004767,1231.987528,1231.987528,1232.588736,space,0.5975456,None,1232.589794,1233.302772,1233.635397,1233.606204,1233.606879,1233.635397,1233.635397,1233.635397,1236.184413,700,1,[2.548431299976073],[2.5484472999814898],participant 1,1,2025-11-11_12h36.49.344,intentional binding task,,2025.1.1,59.68934085,2025-11-11 12h37.13.436886 +0530
0.1,400,unexp,226,10,18,space,0.4431051,None,700,1,[4.563114600023255],[4.563141299993731],18,10,226,0,1236.200044,,1236.18487,1236.200044,1237.215675,1237.199428,1237.199428,1237.649875,space,0.4431051,None,1237.650925,1237.765186,1238.096811,1238.061577,1238.062249,1238.096811,1238.096811,1238.096811,1242.660514,100,1,[4.563114600023255],[4.563141299993731],participant 1,1,2025-11-11_12h36.49.344,intentional binding task,,2025.1.1,59.68934085,2025-11-11 12h37.13.436886 +0530
0.4,1000,exp,227,11,18,space,0.5355764,None,400,1,[3.663547500036657],[3.6635633000405505],18,11,227,4,1242.676654,,1242.660983,1242.676654,1243.67754,1243.661482,1243.661482,1244.210625,space,0.5355764,None,1244.211696,1244.625545,1244.956963,1244.922983,1244.923665,1244.956963,1244.956963,1244.956963,1248.621101,400,1,[3.663547500036657],[3.6635633000405505],participant 1,1,2025-11-11_12h36.49.344,intentional binding task,,2025.1.1,59.68934085,2025-11-11 12h37.13.436886 +0530
0.4,1000,exp,228,0,19,space,0.4411893,None,700,1,[2.0662968000397086],[2.066313400049694],19,0,228,4,1248.63853,,1248.621571,1248.63853,1249.653253,1249.637109,1249.637109,1250.087081,space,0.4411893,None,1250.08814,1250.503104,1250.834545,1250.79851,1250.799546,1250.834545,1250.834545,1250.834545,1252.901435,700,1,[2.0662968000397086],[2.066313400049694],participant 1,1,2025-11-11_12h36.49.344,intentional binding task,,2025.1.1,59.68934085,2025-11-11 12h37.13.436886 +0530
0.4,1000,exp,229,1,19,space,0.458138,None,300,1,[3.14828409999609],[3.148302700021304],19,1,229,7,1252.916971,,1252.901891,1252.916971,1253.916064,1253.916064,1253.916064,1254.382811,space,0.458138,None,1254.383874,1254.782122,1255.113752,1255.077725,1255.078799,1255.113752,1255.113752,1255.113752,1258.262637,400,1,[3.14828409999609],[3.148302700021304],participant 1,1,2025-11-11_12h36.49.344,intentional binding task,,2025.1.1,59.68934085,2025-11-11 12h37.13.436886 +0530
0.1,1000,exp,230,2,19,space,0.5049273,None,900,1,[3.4474284999305382],[3.447444799938239],19,2,230,3,1258.278427,,1258.263099,1258.278427,1259.277842,1259.277842,1259.277842,1259.79429,space,0.5049273,None,1259.795353,1259.893775,1260.225478,1260.195051,1260.195732,1260.225478,1260.225478,1260.225478,1263.673486,100,1,[3.4474284999305382],[3.447444799938239],participant 1,1,2025-11-11_12h36.49.344,intentional binding task,,2025.1.1,59.68934085,2025-11-11 12h37.13.436886 +0530
0.1,400,unexp,231,3,19,space,0.4038037,None,600,1,[3.0150912000099197],[3.0151077000191435],19,3,231,0,1263.690032,,1263.673966,1263.690032,1264.688627,1264.688627,1264.688627,1265.105721,space,0.4038037,None,1265.106763,1265.205455,1265.536488,1265.505899,1265.506573,1265.536488,1265.536488,1265.536488,1268.552218,400,1,[3.0150912000099197],[3.0151077000191435],participant 1,1,2025-11-11_12h36.49.344,intentional binding task,,2025.1.1,59.68934085,2025-11-11 12h37.13.436886 +0530
0.1,1000,exp,232,4,19,space,0.363348,None,600,1,[2.3646607999689877],[2.3646768999751657],19,4,232,6,1268.56794,,1268.552683,1268.56794,1269.56755,1269.56755,1269.56755,1269.934714,space,0.363348,None,1269.935857,1270.050182,1270.382154,1270.350151,1270.350818,1270.382154,1270.382154,1270.382154,1272.747414,100,1,[2.3646607999689877],[2.3646768999751657],participant 1,1,2025-11-11_12h36.49.344,intentional binding task,,2025.1.1,59.68934085,2025-11-11 12h37.13.436886 +0530
0.7,1000,exp,233,5,19,space,0.3394114,None,400,1,[2.2155245000030845],[2.215540300006978],19,5,233,8,1272.764152,,1272.747932,1272.764152,1273.763106,1273.746549,1273.746549,1274.097078,space,0.3394114,None,1274.098172,1274.812124,1275.143713,1275.108658,1275.109338,1275.143713,1275.143713,1275.143713,1277.359829,700,1,[2.2155245000030845],[2.215540300006978],participant 1,1,2025-11-11_12h36.49.344,intentional binding task,,2025.1.1,59.68934085,2025-11-11 12h37.13.436886 +0530
0.4,400,unexp,234,6,19,space,0.5173641,None,100,1,[2.7649151000659913],[2.7649312000721693],19,6,234,1,1277.376607,,1277.360316,1277.376607,1278.391974,1278.37531,1278.37531,1278.908271,space,0.5173641,None,1278.909322,1279.308048,1279.639371,1279.611454,1279.612142,1279.639371,1279.639371,1279.639371,1282.404863,400,1,[2.7649151000659913],[2.7649312000721693],participant 1,1,2025-11-11_12h36.49.344,intentional binding task,,2025.1.1,59.68934085,2025-11-11 12h37.13.436886 +0530
0.7,1000,exp,235,7,19,space,0.5310993,None,400,1,[1.8688266000244766],[1.8688414000207558],19,7,235,11,1282.421528,,1282.405327,1282.421528,1283.420242,1283.420242,1283.420242,1283.955267,space,0.5310993,None,1283.956335,1284.669061,1285.000947,1284.963197,1284.963903,1285.000947,1285.000947,1285.000947,1286.870277,700,1,[1.8688266000244766],[1.8688414000207558],participant 1,1,2025-11-11_12h36.49.344,intentional binding task,,2025.1.1,59.68934085,2025-11-11 12h37.13.436886 +0530
0.1,1000,exp,236,8,19,space,0.4312408,None,100,1,[2.0823802000377327],[2.082396100042388],19,8,236,9,1286.883781,,1286.87063,1286.883781,1287.882559,1287.882559,1287.882559,1288.317268,space,0.4312408,None,1288.318331,1288.432341,1288.764125,1288.729456,1288.730159,1288.764125,1288.764125,1288.764125,1290.847113,100,1,[2.0823802000377327],[2.082396100042388],participant 1,1,2025-11-11_12h36.49.344,intentional binding task,,2025.1.1,59.68934085,2025-11-11 12h37.13.436886 +0530
0.7,400,unexp,237,9,19,space,0.2734667,None,100,1,[1.6164736000355333],[1.6164890000363812],19,9,237,2,1290.863466,,1290.847575,1290.863466,1291.879026,1291.862556,1291.862556,1292.14619,space,0.2734667,None,1292.147233,1292.861116,1293.192877,1293.157574,1293.158241,1293.192877,1293.192877,1293.192877,1294.809934,700,1,[1.6164736000355333],[1.6164890000363812],participant 1,1,2025-11-11_12h36.49.344,intentional binding task,,2025.1.1,59.68934085,2025-11-11 12h37.13.436886 +0530
0.4,1000,exp,238,10,19,space,0.4320766,None,400,1,[1.9658871999708936],[1.9659029999747872],19,10,238,10,1294.825818,,1294.810393,1294.825818,1295.824813,1295.824813,1295.824813,1296.260449,space,0.4320766,None,1296.261507,1296.673781,1297.005782,1296.976398,1296.97709,1297.005782,1297.005782,1297.005782,1298.972256,400,1,[1.9658871999708936],[1.9659029999747872],participant 1,1,2025-11-11_12h36.49.344,intentional binding task,,2025.1.1,59.68934085,2025-11-11 12h37.13.436886 +0530
0.7,1000,exp,239,11,19,space,0.4472382,None,100,1,[3.5487094999989495],[3.5487258000066504],19,11,239,5,1298.988235,,1298.972758,1298.988235,1299.987216,1299.987216,1299.987216,1300.438448,space,0.4472382,None,1300.439783,1301.153328,1301.484491,1301.453368,1301.454038,1301.484491,1301.484491,1301.484491,1305.033805,400,1,[3.5487094999989495],[3.5487258000066504],participant 1,1,2025-11-11_12h36.49.344,intentional binding task,,2025.1.1,59.68934085,2025-11-11 12h37.13.436886 +0530
0.4,1000,exp,240,0,20,space,0.4753764,None,100,1,[2.931996600003913],[2.932012000004761],20,0,240,4,1305.048751,,1305.034266,1305.048751,1306.048285,1306.048285,1306.048285,1306.531589,space,0.4753764,None,1306.532656,1306.946991,1307.278797,1307.245597,1307.246272,1307.278797,1307.278797,1307.278797,1310.211386,400,1,[2.931996600003913],[2.932012000004761],participant 1,1,2025-11-11_12h36.49.344,intentional binding task,,2025.1.1,59.68934085,2025-11-11 12h37.13.436886 +0530
0.1,1000,exp,241,1,20,space,0.4835091,None,400,1,[2.6475423999363557],[2.647558099939488],20,1,241,6,1310.226824,,1310.211846,1310.226824,1311.2271,1311.2271,1311.2271,1311.726494,space,0.4835091,None,1311.727585,1311.825759,1312.15769,1312.122259,1312.122943,1312.15769,1312.15769,1312.15769,1314.805816,400,1,[2.6475423999363557],[2.647558099939488],participant 1,1,2025-11-11_12h36.49.344,intentional binding task,,2025.1.1,59.68934085,2025-11-11 12h37.13.436886 +0530
0.7,1000,exp,242,2,20,space,0.2762598,None,400,1,[1.7169608999975026],[1.716980900033377],20,2,242,11,1314.822648,,1314.806395,1314.822648,1315.838285,1315.821345,1315.821345,1316.105023,space,0.2762598,None,1316.106079,1316.804442,1317.135758,1317.104364,1317.10508,1317.135758,1317.135758,1317.135758,1318.853173,700,1,[1.7169608999975026],[1.716980900033377],participant 1,1,2025-11-11_12h36.49.344,intentional binding task,,2025.1.1,59.68934085,2025-11-11 12h37.13.436886 +0530
0.1,400,unexp,243,3,20,space,0.3260203,None,400,1,[3.6481950999004766],[3.6482117999112234],20,3,243,0,1318.868391,,1318.853523,1318.868391,1319.868042,1319.868042,1319.868042,1320.200883,space,0.3260203,None,1320.20193,1320.300601,1320.632625,1320.600718,1320.601388,1320.632625,1320.632625,1320.632625,1324.281404,100,1,[3.6481950999004766],[3.6482117999112234],participant 1,1,2025-11-11_12h36.49.344,intentional binding task,,2025.1.1,59.68934085,2025-11-11 12h37.13.436886 +0530
0.1,1000,exp,244,4,20,space,0.4555048,None,100,1,[2.2161886000540107],[2.21620480006095],20,4,244,9,1324.296654,,1324.281878,1324.296654,1325.296018,1325.296018,1325.296018,1325.762959,space,0.4555048,None,1325.764025,1325.862428,1326.193335,1326.163899,1326.16453,1326.193335,1326.193335,1326.193335,1328.41012,100,1,[2.2161886000540107],[2.21620480006095],participant 1,1,2025-11-11_12h36.49.344,intentional binding task,,2025.1.1,59.68934085,2025-11-11 12h37.13.436886 +0530
0.1,1000,exp,245,5,20,space,0.3214654,None,400,1,[1.8650848999386653],[1.8651072999928147],20,5,245,3,1328.425835,,1328.410585,1328.425835,1329.425355,1329.425355,1329.425355,1329.758535,space,0.3214654,None,1329.759608,1329.857951,1330.189873,1330.159685,1330.160401,1330.189873,1330.189873,1330.189873,1332.055565,100,1,[1.8650848999386653],[1.8651072999928147],participant 1,1,2025-11-11_12h36.49.344,intentional binding task,,2025.1.1,59.68934085,2025-11-11 12h37.13.436886 +0530
0.4,400,unexp,246,6,20,space,0.4078319,None,400,1,[2.1328624000307173],[2.1328781000338495],20,6,246,1,1332.071889,,1332.056034,1332.071889,1333.071768,1333.054756,1333.054756,1333.47153,space,0.4078319,None,1333.472586,1333.886808,1334.219102,1334.182507,1334.183221,1334.219102,1334.219102,1334.219102,1336.352574,400,1,[2.1328624000307173],[2.1328781000338495],participant 1,1,2025-11-11_12h36.49.344,intentional binding task,,2025.1.1,59.68934085,2025-11-11 12h37.13.436886 +0530
0.7,400,unexp,247,7,20,space,1.5479411,None,400,1,[2.549131100066006],[2.5491486000828445],20,7,247,2,1336.368034,,1336.353169,1336.368034,1337.367092,1337.367092,1337.367092,1338.917615,space,1.5479411,None,1338.91866,1339.631413,1339.96309,1339.932431,1339.933126,1339.96309,1339.96309,1339.96309,1342.512837,700,1,[2.549131100066006],[2.5491486000828445],participant 1,1,2025-11-11_12h36.49.344,intentional binding task,,2025.1.1,59.68934085,2025-11-11 12h37.13.436886 +0530
0.7,1000,exp,248,8,20,space,0.3849991,None,400,1,[2.49906440009363],[2.499080500099808],20,8,248,5,1342.529008,,1342.513327,1342.529008,1343.527655,1343.527655,1343.527655,1343.928542,space,0.3849991,None,1343.92963,1344.643181,1344.974872,1344.941581,1344.942266,1344.974872,1344.974872,1344.974872,1347.474523,400,1,[2.49906440009363],[2.499080500099808],participant 1,1,2025-11-11_12h36.49.344,intentional binding task,,2025.1.1,59.68934085,2025-11-11 12h37.13.436886 +0530
0.7,1000,exp,249,9,20,space,0.4699933,None,100,1,[2.164859199896455],[2.1648751999018714],20,9,249,8,1347.490059,,1347.474987,1347.490059,1348.489722,1348.489722,1348.489722,1348.973305,space,0.4699933,None,1348.974376,1349.68846,1350.020344,1349.990358,1349.991032,1350.020344,1350.020344,1350.020344,1352.185815,700,1,[2.164859199896455],[2.1648751999018714],participant 1,1,2025-11-11_12h36.49.344,intentional binding task,,2025.1.1,59.68934085,2025-11-11 12h37.13.436886 +0530
0.4,1000,exp,250,10,20,space,0.2855145,None,400,1,[2.314527399954386],[2.3145435999613255],20,10,250,10,1352.202375,,1352.186278,1352.202375,1353.201993,1353.185168,1353.185168,1353.485686,space,0.2855145,None,1353.486747,1353.901167,1354.233061,1354.204367,1354.20503,1354.233061,1354.233061,1354.233061,1356.548167,400,1,[2.314527399954386],[2.3145435999613255],participant 1,1,2025-11-11_12h36.49.344,intentional binding task,,2025.1.1,59.68934085,2025-11-11 12h37.13.436886 +0530
0.4,1000,exp,251,11,20,space,0.3273649,None,400,1,[2.134516999940388],[2.134527300018817],20,11,251,7,1356.564774,,1356.548659,1356.564774,1357.564219,1357.547591,1357.547591,1357.881254,space,0.3273649,None,1357.882321,1358.296128,1358.628058,1358.598045,1358.598719,1358.628058,1358.628058,1358.628058,1360.763023,400,1,[2.134516999940388],[2.134527300018817],participant 1,1,2025-11-11_12h36.49.344,intentional binding task,,2025.1.1,59.68934085,2025-11-11 12h37.13.436886 +0530
0.7,1000,exp,252,0,21,space,0.3415705,None,400,1,[2.515417500049807],[2.5154330000514165],21,0,252,8,1360.777113,,1360.763364,1360.777113,1361.776739,1361.776739,1361.776739,1362.126851,space,0.3415705,None,1362.127925,1362.825926,1363.156995,1363.12379,1363.12446,1363.156995,1363.156995,1363.156995,1365.672996,700,1,[2.515417500049807],[2.5154330000514165],participant 1,1,2025-11-11_12h36.49.344,intentional binding task,,2025.1.1,59.68934085,2025-11-11 12h37.13.436886 +0530
0.4,400,unexp,253,1,21,space,0.2324965,None,100,1,[2.4157465999014676],[2.415761699900031],21,1,253,1,1365.689352,,1365.673456,1365.689352,1366.704849,1366.688356,1366.688356,1366.921729,space,0.2324965,None,1366.92276,1367.337889,1367.685721,1367.652629,1367.653286,1367.685721,1367.685721,1367.685721,1370.102044,400,1,[2.4157465999014676],[2.415761699900031],participant 1,1,2025-11-11_12h36.49.344,intentional binding task,,2025.1.1,59.68934085,2025-11-11 12h37.13.436886 +0530
0.1,1000,exp,254,2,21,space,0.2933563,None,400,1,[2.2155430000275373],[2.215559200034477],21,2,254,9,1370.11808,,1370.102549,1370.11808,1371.117495,1371.117495,1371.117495,1371.417343,space,0.2933563,None,1371.418415,1371.516491,1371.848536,1371.813232,1371.81391,1371.848536,1371.848536,1371.848536,1374.064664,400,1,[2.2155430000275373],[2.215559200034477],participant 1,1,2025-11-11_12h36.49.344,intentional binding task,,2025.1.1,59.68934085,2025-11-11 12h37.13.436886 +0530
0.7,1000,exp,255,3,21,space,0.3127231,None,400,1,[1.4853151000570506],[1.4853280000388622],21,3,255,11,1374.080785,,1374.065144,1374.080785,1375.096608,1375.079521,1375.079521,1375.396472,space,0.3127231,None,1375.397543,1376.112418,1376.444083,1376.411983,1376.412694,1376.444083,1376.444083,1376.444083,1377.929992,700,1,[1.4853151000570506],[1.4853280000388622],participant 1,1,2025-11-11_12h36.49.344,intentional binding task,,2025.1.1,59.68934085,2025-11-11 12h37.13.436886 +0530
0.1,400,unexp,256,4,21,space,0.3064636,None,400,1,[2.348631600034423],[2.348647900042124],21,4,256,0,1377.944356,,1377.930401,1377.944356,1378.959376,1378.942757,1378.942757,1379.26007,space,0.3064636,None,1379.260922,1379.375744,1379.707111,1379.671872,1379.672583,1379.707111,1379.707111,1379.707111,1382.056346,100,1,[2.348631600034423],[2.348647900042124],participant 1,1,2025-11-11_12h36.49.344,intentional binding task,,2025.1.1,59.68934085,2025-11-11 12h37.13.436886 +0530
0.4,1000,exp,257,5,21,space,0.4941602,None,400,1,[10.857885000063106],[10.857900500064716],21,5,257,4,1382.073276,,1382.056819,1382.073276,1383.088192,1383.055561,1383.055561,1383.555429,space,0.4941602,None,1383.556496,1383.970515,1384.302941,1384.270059,1384.270723,1384.302941,1384.302941,1384.302941,1395.161419,400,1,[10.857885000063106],[10.857900500064716],participant 1,1,2025-11-11_12h36.49.344,intentional binding task,,2025.1.1,59.68934085,2025-11-11 12h37.13.436886 +0530
0.4,1000,exp,258,6,21,space,0.4026499,None,400,1,[2.4981475000968203],[2.4981662000063807],21,6,258,7,1395.176533,,1395.161897,1395.176533,1396.175735,1396.175735,1396.175735,1396.592575,space,0.4026499,None,1396.593644,1396.992076,1397.323284,1397.2962,1397.296878,1397.323284,1397.323284,1397.323284,1399.822053,400,1,[2.4981475000968203],[2.4981662000063807],participant 1,1,2025-11-11_12h36.49.344,intentional binding task,,2025.1.1,59.68934085,2025-11-11 12h37.13.436886 +0530
0.7,400,unexp,259,7,21,space,0.9997748,None,700,1,[3.6984407999552786],[3.6984576999675483],21,7,259,2,1399.838732,,1399.822548,1399.838732,1400.837746,1400.837746,1400.837746,1401.838132,space,0.9997748,None,1401.839215,1402.552586,1402.884496,1402.854397,1402.855097,1402.884496,1402.884496,1402.884496,1406.583574,700,1,[3.6984407999552786],[3.6984576999675483],participant 1,1,2025-11-11_12h36.49.344,intentional binding task,,2025.1.1,59.68934085,2025-11-11 12h37.13.436886 +0530
0.4,1000,exp,260,8,21,space,1.1302672,None,400,1,[2.61588329996448],[2.6159003999782726],21,8,260,10,1406.598991,,1406.584043,1406.598991,1407.614553,1407.597949,1407.597949,1408.7325,space,1.1302672,None,1408.733559,1409.146422,1409.478156,1409.445353,1409.446043,1409.478156,1409.478156,1409.478156,1412.094633,400,1,[2.61588329996448],[2.6159003999782726],participant 1,1,2025-11-11_12h36.49.344,intentional binding task,,2025.1.1,59.68934085,2025-11-11 12h37.13.436886 +0530
0.1,1000,exp,261,9,21,space,2.4625594,None,100,1,[2.7143541999394074],[2.7143698999425396],21,9,261,6,1412.110187,,1412.095124,1412.110187,1413.126002,1413.108819,1413.108819,1415.575507,space,2.4625594,None,1415.576601,1415.689889,1416.0233,1415.993772,1415.994463,1416.0233,1416.0233,1416.0233,1418.738247,100,1,[2.7143541999394074],[2.7143698999425396],participant 1,1,2025-11-11_12h36.49.344,intentional binding task,,2025.1.1,59.68934085,2025-11-11 12h37.13.436886 +0530
0.1,1000,exp,262,10,21,space,0.7110831,None,300,1,[3.1978303000796586],[3.197846300085075],21,10,262,3,1418.753684,,1418.738724,1418.753684,1419.752327,1419.752327,1419.752327,1420.469052,space,0.7110831,None,1420.470127,1420.585382,1420.916491,1420.883474,1420.884171,1420.916491,1420.916491,1420.916491,1424.114895,100,1,[3.1978303000796586],[3.197846300085075],participant 1,1,2025-11-11_12h36.49.344,intentional binding task,,2025.1.1,59.68934085,2025-11-11 12h37.13.436886 +0530
0.7,1000,exp,263,11,21,space,0.3401401,None,400,1,[2.415796200046316],[2.4158120000502095],21,11,263,5,1424.131567,,1424.115376,1424.131567,1425.130538,1425.130538,1425.130538,1425.480574,space,0.3401401,None,1425.481631,1426.196084,1426.527886,1426.493038,1426.493709,1426.527886,1426.527886,1426.527886,1428.944267,400,1,[2.415796200046316],[2.4158120000502095],participant 1,1,2025-11-11_12h36.49.344,intentional binding task,,2025.1.1,59.68934085,2025-11-11 12h37.13.436886 +0530
0.4,1000,exp,264,0,22,space,0.3410378,None,400,1,[2.2983713999856263],[2.2983870999887586],22,0,264,10,1428.96015,,1428.94476,1428.96015,1429.975164,1429.958967,1429.958967,1430.309032,space,0.3410378,None,1430.310093,1430.708566,1431.040139,1431.002499,1431.003239,1431.040139,1431.040139,1431.040139,1433.339166,700,1,[2.2983713999856263],[2.2983870999887586],participant 1,1,2025-11-11_12h36.49.344,intentional binding task,,2025.1.1,59.68934085,2025-11-11 12h37.13.436886 +0530
0.7,1000,exp,265,1,22,space,0.3930212,None,500,1,[2.198231099988334],[2.1982464999891818],22,1,265,8,1433.35571,,1433.339637,1433.35571,1434.354473,1434.354473,1434.354473,1434.754723,space,0.3930212,None,1434.75578,1435.470245,1435.802111,1435.771692,1435.772372,1435.802111,1435.802111,1435.802111,1438.000928,400,1,[2.198231099988334],[2.1982464999891818],participant 1,1,2025-11-11_12h36.49.344,intentional binding task,,2025.1.1,59.68934085,2025-11-11 12h37.13.436886 +0530
0.4,1000,exp,266,2,22,space,0.3011179,None,100,1,[1.849608700023964],[1.8496194999897853],22,2,266,7,1438.01716,,1438.001437,1438.01716,1439.016251,1439.000085,1439.000085,1439.317258,space,0.3011179,None,1439.318331,1439.733021,1440.064454,1440.028189,1440.029324,1440.064454,1440.064454,1440.064454,1441.914521,700,1,[1.849608700023964],[1.8496194999897853],participant 1,1,2025-11-11_12h36.49.344,intentional binding task,,2025.1.1,59.68934085,2025-11-11 12h37.13.436886 +0530
0.7,400,unexp,267,3,22,space,0.4716284,None,100,1,[2.199795800028369],[2.1998122999211773],22,3,267,2,1441.93002,,1441.914897,1441.93002,1442.929658,1442.929658,1442.929658,1443.41286,space,0.4716284,None,1443.41391,1444.12861,1444.459781,1444.422894,1444.423588,1444.459781,1444.459781,1444.459781,1446.660172,700,1,[2.199795800028369],[2.1998122999211773],participant 1,1,2025-11-11_12h36.49.344,intentional binding task,,2025.1.1,59.68934085,2025-11-11 12h37.13.436886 +0530
0.1,1000,exp,268,4,22,space,0.4758112,None,400,1,[2.331589800072834],[2.331605700077489],22,4,268,3,1446.675604,,1446.660634,1446.675604,1447.674684,1447.674684,1447.674684,1448.157879,space,0.4758112,None,1448.15901,1448.257837,1448.589587,1448.560098,1448.560778,1448.589587,1448.589587,1448.589587,1450.921764,100,1,[2.331589800072834],[2.331605700077489],participant 1,1,2025-11-11_12h36.49.344,intentional binding task,,2025.1.1,59.68934085,2025-11-11 12h37.13.436886 +0530
0.1,400,unexp,269,5,22,space,0.3424283,None,900,1,[2.100342100020498],[2.100352599984035],22,5,269,0,1450.938444,,1450.922237,1450.938444,1451.937465,1451.937465,1451.937465,1452.287382,space,0.3424283,None,1452.288432,1452.386947,1452.718531,1452.68648,1452.687154,1452.718531,1452.718531,1452.718531,1454.819337,100,1,[2.100342100020498],[2.100352599984035],participant 1,1,2025-11-11_12h36.49.344,intentional binding task,,2025.1.1,59.68934085,2025-11-11 12h37.13.436886 +0530
0.4,1000,exp,270,6,22,space,0.5788637,None,100,1,[2.3662234999937937],[2.366233699955046],22,6,270,4,1454.834102,,1454.819677,1454.834102,1455.833648,1455.833648,1455.833648,1456.41743,space,0.5788637,None,1456.418547,1456.832463,1457.163958,1457.126905,1457.127639,1457.163958,1457.163958,1457.163958,1459.530678,400,1,[2.3662234999937937],[2.366233699955046],participant 1,1,2025-11-11_12h36.49.344,intentional binding task,,2025.1.1,59.68934085,2025-11-11 12h37.13.436886 +0530
0.7,1000,exp,271,7,22,space,0.4649408,None,400,1,[2.565740199992433],[2.5657570000039414],22,7,271,5,1459.546707,,1459.531036,1459.546707,1460.562465,1460.545677,1460.545677,1461.013445,space,0.4649408,None,1461.014503,1461.728064,1462.059537,1462.031584,1462.032235,1462.059537,1462.059537,1462.059537,1464.625868,400,1,[2.565740199992433],[2.5657570000039414],participant 1,1,2025-11-11_12h36.49.344,intentional binding task,,2025.1.1,59.68934085,2025-11-11 12h37.13.436886 +0530
0.1,1000,exp,272,8,22,space,0.8456487,None,100,1,[2.3662453000433743],[2.3662623000564054],22,8,272,6,1464.64136,,1464.626331,1464.64136,1465.640925,1465.640925,1465.640925,1466.491016,space,0.8456487,None,1466.492074,1466.606039,1466.938038,1466.907939,1466.908702,1466.938038,1466.938038,1466.938038,1469.304885,400,1,[2.3662453000433743],[2.3662623000564054],participant 1,1,2025-11-11_12h36.49.344,intentional binding task,,2025.1.1,59.68934085,2025-11-11 12h37.13.436886 +0530
0.1,1000,exp,273,9,22,space,0.4759085,None,700,1,[3.7813118000049144],[3.7813281000126153],22,9,273,9,1469.319903,,1469.305344,1469.319903,1470.319349,1470.319349,1470.319349,1470.802475,space,0.4759085,None,1470.803547,1470.901718,1471.233957,1471.202951,1471.203623,1471.233957,1471.233957,1471.233957,1475.015881,400,1,[3.7813118000049144],[3.7813281000126153],participant 1,1,2025-11-11_12h36.49.344,intentional binding task,,2025.1.1,59.68934085,2025-11-11 12h37.13.436886 +0530
0.7,1000,exp,274,10,22,space,0.3322501,None,400,1,[1.7661801000358537],[1.766195600037463],22,10,274,11,1475.031368,,1475.016347,1475.031368,1476.030053,1476.030053,1476.030053,1476.365097,space,0.3322501,None,1476.366144,1477.078944,1477.410895,1477.381106,1477.381813,1477.410895,1477.410895,1477.410895,1479.177659,700,1,[1.7661801000358537],[1.766195600037463],participant 1,1,2025-11-11_12h36.49.344,intentional binding task,,2025.1.1,59.68934085,2025-11-11 12h37.13.436886 +0530
0.4,400,unexp,275,11,22,space,0.7512866,None,400,1,[2.232397299958393],[2.2324145999737084],22,11,275,1,1479.193586,,1479.178114,1479.193586,1480.209671,1480.19292,1480.19292,1480.959546,space,0.7512866,None,1480.960606,1481.374746,1481.706738,1481.671003,1481.671953,1481.706738,1481.706738,1481.706738,1483.93972,100,1,[2.232397299958393],[2.2324145999737084],participant 1,1,2025-11-11_12h36.49.344,intentional binding task,,2025.1.1,59.68934085,2025-11-11 12h37.13.436886 +0530
0.4,1000,exp,276,0,23,space,0.4543254,None,700,1,[2.7148664999986067],[2.7148825000040233],23,0,276,4,1483.956011,,1483.940183,1483.956011,1484.97171,1484.954655,1484.954655,1485.421783,space,0.4543254,None,1485.422847,1485.837411,1486.168762,1486.138394,1486.139096,1486.168762,1486.168762,1486.168762,1488.884217,400,1,[2.7148664999986067],[2.7148825000040233],participant 1,1,2025-11-11_12h36.49.344,intentional binding task,,2025.1.1,59.68934085,2025-11-11 12h37.13.436886 +0530
0.1,1000,exp,277,1,23,space,0.3797253,None,700,1,[5.03035309992265],[5.0303693999303505],23,1,277,9,1488.900866,,1488.884685,1488.900866,1489.899997,1489.883386,1489.883386,1490.267033,space,0.3797253,None,1490.268094,1490.366164,1490.697872,1490.661545,1490.662253,1490.697872,1490.697872,1490.697872,1495.72882,400,1,[5.03035309992265],[5.0303693999303505],participant 1,1,2025-11-11_12h36.49.344,intentional binding task,,2025.1.1,59.68934085,2025-11-11 12h37.13.436886 +0530
0.7,1000,exp,278,2,23,space,0.4450328,None,700,1,[4.030443100025877],[4.030458500026725],23,2,278,11,1495.743942,,1495.729278,1495.743942,1496.743241,1496.743241,1496.743241,1497.193253,space,0.4450328,None,1497.194335,1497.909041,1498.240567,1498.20495,1498.205627,1498.240567,1498.240567,1498.240567,1502.271598,100,1,[4.030443100025877],[4.030458500026725],participant 1,1,2025-11-11_12h36.49.344,intentional binding task,,2025.1.1,59.68934085,2025-11-11 12h37.13.436886 +0530
0.1,400,unexp,279,3,23,space,3.0573515,None,400,1,[3.333034300012514],[3.333044300088659],23,3,279,0,1502.287989,,1502.272057,1502.287989,1503.302879,1503.28684,1503.28684,1506.350925,space,3.0573515,None,1506.351983,1506.449993,1506.781705,1506.745589,1506.746348,1506.781705,1506.781705,1506.781705,1510.115198,100,1,[3.333034300012514],[3.333044300088659],participant 1,1,2025-11-11_12h36.49.344,intentional binding task,,2025.1.1,59.68934085,2025-11-11 12h37.13.436886 +0530
0.7,1000,exp,280,4,23,space,0.3731386,None,400,1,[2.499154799967073],[2.4991700999671593],23,4,280,5,1510.130037,,1510.115544,1510.130037,1511.145386,1511.128892,1511.128892,1511.51312,space,0.3731386,None,1511.514203,1512.227669,1512.559212,1512.528575,1512.529255,1512.559212,1512.559212,1512.559212,1515.058951,400,1,[2.499154799967073],[2.4991700999671593],participant 1,1,2025-11-11_12h36.49.344,intentional binding task,,2025.1.1,59.68934085,2025-11-11 12h37.13.436886 +0530
0.4,400,unexp,281,5,23,space,0.5946567,None,700,1,[2.7496236000442877],[2.749640299938619],23,5,281,1,1515.074862,,1515.059484,1515.074862,1516.074292,1516.074292,1516.074292,1516.674277,space,0.5946567,None,1516.675339,1517.090132,1517.421664,1517.390432,1517.391104,1517.421664,1517.421664,1517.421664,1520.17187,400,1,[2.7496236000442877],[2.749640299938619],participant 1,1,2025-11-11_12h36.49.344,intentional binding task,,2025.1.1,59.68934085,2025-11-11 12h37.13.436886 +0530
0.4,1000,exp,282,6,23,space,2.4700506,None,100,1,[13.055992500041611],[13.056009500054643],23,6,282,7,1520.186047,,1520.172338,1520.186047,1521.185876,1521.185876,1521.185876,1523.667045,space,2.4700506,None,1523.668115,1524.08261,1524.414563,1524.378383,1524.379211,1524.414563,1524.414563,1524.414563,1537.471144,700,1,[13.055992500041611],[13.056009500054643],participant 1,1,2025-11-11_12h36.49.344,intentional binding task,,2025.1.1,59.68934085,2025-11-11 12h37.13.436886 +0530
0.4,1000,exp,283,7,23,space,2.5905775,None,400,1,[4.030166600015946],[4.030181900016032],23,7,283,10,1537.486132,,1537.471611,1537.486132,1538.485085,1538.485085,1538.485085,1541.08323,space,2.5905775,None,1541.084294,1541.48296,1541.814668,1541.784385,1541.785065,1541.814668,1541.814668,1541.814668,1545.845426,100,1,[4.030166600015946],[4.030181900016032],participant 1,1,2025-11-11_12h36.49.344,intentional binding task,,2025.1.1,59.68934085,2025-11-11 12h37.13.436886 +0530
0.7,1000,exp,284,8,23,space,0.2761056,None,400,1,[5.4955865000374615],[5.495603100047447],23,8,284,8,1545.861144,,1545.845891,1545.861144,1546.860591,1546.860591,1546.860591,1547.143818,space,0.2761056,None,1547.144895,1547.842925,1548.174218,1548.14282,1548.143485,1548.174218,1548.174218,1548.174218,1553.670383,400,1,[5.4955865000374615],[5.495603100047447],participant 1,1,2025-11-11_12h36.49.344,intentional binding task,,2025.1.1,59.68934085,2025-11-11 12h37.13.436886 +0530
0.1,1000,exp,285,9,23,space,0.857337,None,700,1,[3.864664599997923],[3.8646813000086695],23,9,285,6,1553.686688,,1553.670855,1553.686688,1554.702108,1554.68586,1554.68586,1555.552176,space,0.857337,None,1555.553267,1555.651501,1555.983294,1555.952918,1555.953606,1555.983294,1555.983294,1555.983294,1559.848545,100,1,[3.864664599997923],[3.8646813000086695],participant 1,1,2025-11-11_12h36.49.344,intentional binding task,,2025.1.1,59.68934085,2025-11-11 12h37.13.436886 +0530
0.1,1000,exp,286,10,23,space,0.3091449,None,100,1,[2.4824154999805614],[2.4824311999836937],23,10,286,3,1559.864298,,1559.849071,1559.864298,1560.87984,1560.863049,1560.863049,1561.180357,space,0.3091449,None,1561.18143,1561.279514,1561.611301,1561.575283,1561.576074,1561.611301,1561.611301,1561.611301,1564.094295,100,1,[2.4824154999805614],[2.4824311999836937],participant 1,1,2025-11-11_12h36.49.344,intentional binding task,,2025.1.1,59.68934085,2025-11-11 12h37.13.436886 +0530
0.7,400,unexp,287,11,23,space,0.2921599,None,400,1,[3.6475476999767125],[3.6475637999828905],23,11,287,2,1564.110163,,1564.094761,1564.110163,1565.12617,1565.10889,1565.10889,1565.409419,space,0.2921599,None,1565.41055,1566.12446,1566.456168,1566.42495,1566.425615,1566.456168,1566.456168,1566.456168,1570.104364,400,1,[3.6475476999767125],[3.6475637999828905],participant 1,1,2025-11-11_12h36.49.344,intentional binding task,,2025.1.1,59.68934085,2025-11-11 12h37.13.436886 +0530
0.1,400,unexp,288,0,24,space,0.9470489,None,700,1,[6.064125600038096],[6.064135599997826],24,0,288,0,1570.120538,,1570.104912,1570.120538,1571.119936,1571.119936,1571.119936,1572.070527,space,0.9470489,None,1572.071561,1572.185074,1572.516912,1572.485544,1572.48621,1572.516912,1572.516912,1572.516912,1578.581482,400,1,[6.064125600038096],[6.064135599997826],participant 1,1,2025-11-11_12h36.49.344,intentional binding task,,2025.1.1,59.68934085,2025-11-11 12h37.13.436886 +0530
0.7,400,unexp,289,1,24,space,0.945129,None,400,1,[4.631126299966127],[4.631135499919765],24,1,289,2,1578.595824,,1578.581825,1578.595824,1579.594571,1579.594571,1579.594571,1580.544398,space,0.945129,None,1580.545451,1581.259986,1581.591737,1581.557746,1581.558416,1581.591737,1581.591737,1581.591737,1586.223352,400,1,[4.631126299966127],[4.631135499919765],participant 1,1,2025-11-11_12h36.49.344,intentional binding task,,2025.1.1,59.68934085,2025-11-11 12h37.13.436886 +0530
0.4,1000,exp,290,2,24,space,0.54054,None,400,1,[2.0995487000327557],[2.0995647000381723],24,2,290,7,1586.237956,,1586.223736,1586.237956,1587.253367,1587.237159,1587.237159,1587.787157,space,0.54054,None,1587.788237,1588.202965,1588.534488,1588.498989,1588.499739,1588.534488,1588.534488,1588.534488,1590.634635,400,1,[2.0995487000327557],[2.0995647000381723],participant 1,1,2025-11-11_12h36.49.344,intentional binding task,,2025.1.1,59.68934085,2025-11-11 12h37.13.436886 +0530
0.7,1000,exp,291,3,24,space,0.5778194,None,700,1,[3.5980164000065997],[3.598032800015062],24,3,291,8,1590.650324,,1590.635109,1590.650324,1591.649721,1591.649721,1591.649721,1592.232841,space,0.5778194,None,1592.233924,1592.932002,1593.263134,1593.231777,1593.232453,1593.263134,1593.263134,1593.263134,1596.861776,100,1,[3.5980164000065997],[3.598032800015062],participant 1,1,2025-11-11_12h36.49.344,intentional binding task,,2025.1.1,59.68934085,2025-11-11 12h37.13.436886 +0530
0.1,1000,exp,292,4,24,space,0.9538205,None,700,1,[8.509595999959856],[8.509612799971364],24,4,292,9,1596.877876,,1596.862243,1596.877876,1597.87663,1597.87663,1597.87663,1598.842979,space,0.9538205,None,1598.84404,1598.9424,1599.274043,1599.23856,1599.239361,1599.274043,1599.274043,1599.274043,1607.784229,400,1,[8.509595999959856],[8.509612799971364],participant 1,1,2025-11-11_12h36.49.344,intentional binding task,,2025.1.1,59.68934085,2025-11-11 12h37.13.436886 +0530
0.4,1000,exp,293,5,24,space,0.3314201,None,100,1,[1.7835515999468043],[1.783561599906534],24,5,293,4,1607.80007,,1607.784687,1607.80007,1608.799423,1608.799423,1608.799423,1609.133485,space,0.3314201,None,1609.134563,1609.548693,1609.880175,1609.848756,1609.849438,1609.880175,1609.880175,1609.880175,1611.664171,400,1,[1.7835515999468043],[1.783561599906534],participant 1,1,2025-11-11_12h36.49.344,intentional binding task,,2025.1.1,59.68934085,2025-11-11 12h37.13.436886 +0530
0.1,1000,exp,294,6,24,space,0.3822342,None,400,1,[4.4975577999139205],[4.497574099921621],24,6,294,6,1611.679656,,1611.66452,1611.679656,1612.694762,1612.678609,1612.678609,1613.063241,space,0.3822342,None,1613.064102,1613.177862,1613.49298,1613.475756,1613.476354,1613.49298,1613.49298,1613.49298,1617.991127,400,1,[4.4975577999139205],[4.497574099921621],participant 1,1,2025-11-11_12h36.49.344,intentional binding task,,2025.1.1,59.68934085,2025-11-11 12h37.13.436886 +0530
0.4,400,unexp,295,7,24,space,91.1185109,None,700,1,[2.832115800003521],[2.832132399897091],24,7,295,1,1618.006652,,1617.991598,1618.006652,1619.005396,1619.005396,1619.005396,1710.133394,space,91.1185109,None,1710.134481,1710.532762,1710.863799,1710.834327,1710.834977,1710.863799,1710.863799,1710.863799,1713.696502,400,1,[2.832115800003521],[2.832132399897091],participant 1,1,2025-11-11_12h36.49.344,intentional binding task,,2025.1.1,59.68934085,2025-11-11 12h37.13.436886 +0530
0.7,1000,exp,296,8,24,space,1.4644974,None,400,1,[2.6315481000347063],[2.631564100040123],24,8,296,11,1713.712284,,1713.69697,1713.712284,1714.71164,1714.71164,1714.71164,1716.17766,space,1.4644974,None,1716.178798,1716.892862,1717.22408,1717.189402,1717.190095,1717.22408,1717.22408,1717.22408,1719.856236,700,1,[2.6315481000347063],[2.631564100040123],participant 1,1,2025-11-11_12h36.49.344,intentional binding task,,2025.1.1,59.68934085,2025-11-11 12h37.13.436886 +0530
0.1,1000,exp,297,9,24,space,0.9786515,None,700,1,[1.9682492000283673],[1.96826009999495],24,9,297,3,1719.872935,,1719.856706,1719.872935,1720.872258,1720.855629,1720.855629,1721.839027,space,0.9786515,None,1721.84012,1721.954212,1722.285902,1722.256689,1722.257379,1722.285902,1722.285902,1722.285902,1724.2546,400,1,[1.9682492000283673],[1.96826009999495],participant 1,1,2025-11-11_12h36.49.344,intentional binding task,,2025.1.1,59.68934085,2025-11-11 12h37.13.436886 +0530
0.4,1000,exp,298,10,24,space,0.4990771,None,400,1,[1.784832099918276],[1.7848482999252155],24,10,298,10,1724.269002,,1724.254939,1724.269002,1725.284229,1725.267593,1725.267593,1725.76932,space,0.4990771,None,1725.770382,1726.183282,1726.515157,1726.480984,1726.481662,1726.515157,1726.515157,1726.515157,1728.300575,400,1,[1.784832099918276],[1.7848482999252155],participant 1,1,2025-11-11_12h36.49.344,intentional binding task,,2025.1.1,59.68934085,2025-11-11 12h37.13.436886 +0530
0.7,1000,exp,299,11,24,space,0.3235429,None,400,1,[1.916327300015837],[1.9163435000227764],24,11,299,5,1728.314878,,1728.301086,1728.314878,1729.313534,1729.313534,1729.313534,1729.646884,space,0.3235429,None,1729.647952,1730.346171,1730.677749,1730.641892,1730.64294,1730.677749,1730.677749,1730.677749,1732.594658,700,1,[1.916327300015837],[1.9163435000227764],participant 1,1,2025-11-11_12h36.49.344,intentional binding task,,2025.1.1,59.68934085,2025-11-11 12h37.13.436886 +0530
0.1,1000,exp,300,0,25,space,1.063688,None,400,1,[2.332196000032127],[2.3322129000443965],25,0,300,9,1732.610297,,1732.595126,1732.610297,1733.609415,1733.609415,1733.609415,1734.676986,space,1.063688,None,1734.678053,1734.791849,1735.123159,1735.088627,1735.089308,1735.123159,1735.123159,1735.123159,1737.455936,400,1,[2.332196000032127],[2.3322129000443965],participant 1,1,2025-11-11_12h36.49.344,intentional binding task,,2025.1.1,59.68934085,2025-11-11 12h37.13.436886 +0530
0.7,1000,exp,301,1,25,space,0.2890501,None,700,1,[2.049345300067216],[2.0493617000756785],25,1,301,11,1737.472177,,1737.45642,1737.472177,1738.471014,1738.471014,1738.471014,1738.772061,space,0.2890501,None,1738.773124,1739.48688,1739.819009,1739.784326,1739.784992,1739.819009,1739.819009,1739.819009,1741.868958,700,1,[2.049345300067216],[2.0493617000756785],participant 1,1,2025-11-11_12h36.49.344,intentional binding task,,2025.1.1,59.68934085,2025-11-11 12h37.13.436886 +0530
0.4,1000,exp,302,2,25,space,0.4218312,None,400,1,[1.7989209999796003],[1.798936599981971],25,2,302,10,1741.884549,,1741.869418,1741.884549,1742.883918,1742.883918,1742.883918,1743.317267,space,0.4218312,None,1743.318333,1743.716346,1744.048145,1744.017368,1744.018043,1744.048145,1744.048145,1744.048145,1745.847641,400,1,[1.7989209999796003],[1.798936599981971],participant 1,1,2025-11-11_12h36.49.344,intentional binding task,,2025.1.1,59.68934085,2025-11-11 12h37.13.436886 +0530
0.4,1000,exp,303,3,25,space,0.6575596,None,400,1,[2.6164528001099825],[2.6164651000872254],25,3,303,4,1745.864025,,1745.848132,1745.864025,1746.86329,1746.86329,1746.86329,1747.529717,space,0.6575596,None,1747.530781,1747.929346,1748.260172,1748.230212,1748.2309,1748.260172,1748.260172,1748.260172,1750.877132,400,1,[2.6164528001099825],[2.6164651000872254],participant 1,1,2025-11-11_12h36.49.344,intentional binding task,,2025.1.1,59.68934085,2025-11-11 12h37.13.436886 +0530
0.7,400,unexp,304,4,25,space,2.2831345,None,400,1,[4.6816159000154585],[4.681625599972904],25,4,304,2,1750.892483,,1750.877503,1750.892483,1751.891424,1751.891424,1751.891424,1754.190156,space,2.2831345,None,1754.191217,1754.904996,1755.236422,1755.209285,1755.209962,1755.236422,1755.236422,1755.236422,1759.918477,400,1,[4.6816159000154585],[4.681625599972904],participant 1,1,2025-11-11_12h36.49.344,intentional binding task,,2025.1.1,59.68934085,2025-11-11 12h37.13.436886 +0530
0.1,1000,exp,305,5,25,space,11.6726292,None,400,1,[2.133510999963619],[2.1335213999263942],25,5,305,3,1759.933666,,1759.918917,1759.933666,1760.9324,1760.9324,1760.9324,1772.62191,space,11.6726292,None,1772.623145,1772.737213,1773.06914,1773.034427,1773.035096,1773.06914,1773.06914,1773.06914,1775.2031,100,1,[2.133510999963619],[2.1335213999263942],participant 1,1,2025-11-11_12h36.49.344,intentional binding task,,2025.1.1,59.68934085,2025-11-11 12h37.13.436886 +0530
0.1,400,unexp,306,6,25,space,0.1224624,None,700,1,[8.07627419999335],[8.07628250005655],25,6,306,0,1775.218389,,1775.203448,1775.218389,1776.217889,1776.217889,1776.217889,1776.350877,space,0.1224624,None,1776.351912,1776.450507,1776.782547,1776.747507,1776.748211,1776.782547,1776.782547,1776.782547,1784.859182,100,1,[8.07627419999335],[8.07628250005655],participant 1,1,2025-11-11_12h36.49.344,intentional binding task,,2025.1.1,59.68934085,2025-11-11 12h37.13.436886 +0530
0.4,400,unexp,307,7,25,space,0.7790217,None,400,1,[2.59895510005299],[2.5989630999974906],25,7,307,1,1784.874338,,1784.859449,1784.874338,1785.89038,1785.87334,1785.87334,1786.656093,space,0.7790217,None,1786.656664,1787.055384,1787.370807,1787.354291,1787.354676,1787.370807,1787.370807,1787.370807,1789.970073,400,1,[2.59895510005299],[2.5989630999974906],participant 1,1,2025-11-11_12h36.49.344,intentional binding task,,2025.1.1,59.68934085,2025-11-11 12h37.13.436886 +0530
0.7,1000,exp,308,8,25,space,0.3709827,None,700,1,[2.1663019999396056],[2.1663109000073746],25,8,308,5,1789.986534,,1789.970359,1789.986534,1791.001965,1790.98443,1790.98443,1791.368998,space,0.3709827,None,1791.369577,1792.083739,1792.399202,1792.378852,1792.379238,1792.399202,1792.399202,1792.399202,1794.565842,400,1,[2.1663019999396056],[2.1663109000073746],participant 1,1,2025-11-11_12h36.49.344,intentional binding task,,2025.1.1,59.68934085,2025-11-11 12h37.13.436886 +0530
0.4,1000,exp,309,9,25,space,0.3804093,None,700,1,[2.350344399921596],[2.350353099987842],25,9,309,7,1794.580921,,1794.566111,1794.580921,1795.58069,1795.58069,1795.58069,1795.963841,space,0.3804093,None,1795.964424,1796.379529,1796.694723,1796.678737,1796.679126,1796.694723,1796.694723,1796.694723,1799.045379,700,1,[2.350344399921596],[2.350353099987842],participant 1,1,2025-11-11_12h36.49.344,intentional binding task,,2025.1.1,59.68934085,2025-11-11 12h37.13.436886 +0530
0.1,1000,exp,310,10,25,space,0.5087809,None,400,1,[6.36290279997047],[6.362911299918778],25,10,310,6,1799.060243,,1799.045641,1799.060243,1800.076363,1800.059624,1800.059624,1800.575276,space,0.5087809,None,1800.575857,1800.675507,1800.990481,1800.975497,1800.975885,1800.990481,1800.990481,1800.990481,1807.353697,400,1,[6.36290279997047],[6.362911299918778],participant 1,1,2025-11-11_12h36.49.344,intentional binding task,,2025.1.1,59.68934085,2025-11-11 12h37.13.436886 +0530
0.7,1000,exp,311,11,25,space,0.5319417,None,400,1,[2.5824059000005946],[2.5824143000645563],25,11,311,8,1807.36829,,1807.353966,1807.36829,1808.367809,1808.367809,1808.367809,1808.900616,space,0.5319417,None,1808.901202,1809.615996,1809.931808,1809.919124,1809.919521,1809.931808,1809.931808,1809.931808,1812.514522,400,1,[2.5824059000005946],[2.5824143000645563],participant 1,1,2025-11-11_12h36.49.344,intentional binding task,,2025.1.1,59.68934085,2025-11-11 12h37.13.436886 +0530
0.4,1000,exp,312,0,26,space,0.2500412,None,400,1,[2.965665900032036],[2.9656740999780595],26,0,312,10,1812.530646,,1812.514787,1812.530646,1813.52996,1813.52996,1813.52996,1813.796205,space,0.2500412,None,1813.796791,1814.195327,1814.510876,1814.490616,1814.491002,1814.510876,1814.510876,1814.510876,1817.47687,400,1,[2.965665900032036],[2.9656740999780595],participant 1,1,2025-11-11_12h36.49.344,intentional binding task,,2025.1.1,59.68934085,2025-11-11 12h37.13.436886 +0530
0.7,400,unexp,313,1,26,space,0.2586699,None,700,1,[2.6982732999604195],[2.6982817000243813],26,1,313,2,1817.491718,,1817.47713,1817.491718,1818.491811,1818.491811,1818.491811,1818.758293,space,0.2586699,None,1818.758889,1819.473353,1819.789289,1819.771097,1819.771484,1819.789289,1819.789289,1819.789289,1822.487886,700,1,[2.6982732999604195],[2.6982817000243813],participant 1,1,2025-11-11_12h36.49.344,intentional binding task,,2025.1.1,59.68934085,2025-11-11 12h37.13.436886 +0530
0.7,1000,exp,314,2,26,space,0.2373873,None,700,1,[2.598799900035374],[2.59880860010162],26,2,314,11,1822.504701,,1822.488138,1822.504701,1823.519063,1823.503141,1823.503141,1823.752954,space,0.2373873,None,1823.753535,1824.452421,1824.784311,1824.754554,1824.754943,1824.784311,1824.784311,1824.784311,1827.383429,400,1,[2.598799900035374],[2.59880860010162],participant 1,1,2025-11-11_12h36.49.344,intentional binding task,,2025.1.1,59.68934085,2025-11-11 12h37.13.436886 +0530
0.1,1000,exp,315,3,26,space,1.138737,None,700,1,[2.5485956999473274],[2.5486044000135735],26,3,315,9,1827.398766,,1827.383681,1827.398766,1828.398244,1828.398244,1828.398244,1829.546761,space,1.138737,None,1829.547343,1829.646834,1829.962439,1829.946608,1829.947008,1829.962439,1829.962439,1829.962439,1832.51136,100,1,[2.5485956999473274],[2.5486044000135735],participant 1,1,2025-11-11_12h36.49.344,intentional binding task,,2025.1.1,59.68934085,2025-11-11 12h37.13.436886 +0530
0.7,1000,exp,316,4,26,space,0.2551751,None,700,1,[2.0501617999980226],[2.0501698999432847],26,4,316,5,1832.527405,,1832.511623,1832.527405,1833.54299,1833.526245,1833.526245,1833.793262,space,0.2551751,None,1833.793847,1834.509127,1834.823783,1834.81063,1834.811022,1834.823783,1834.823783,1834.823783,1836.874255,700,1,[2.0501617999980226],[2.0501698999432847],participant 1,1,2025-11-11_12h36.49.344,intentional binding task,,2025.1.1,59.68934085,2025-11-11 12h37.13.436886 +0530
0.1,400,unexp,317,5,26,space,0.529819,None,700,1,[4.564657099894248],[4.564665399957448],26,5,317,0,1836.890248,,1836.874519,1836.890248,1837.905604,1837.888212,1837.888212,1838.421657,space,0.529819,None,1838.422235,1838.521228,1838.836447,1838.822873,1838.823261,1838.836447,1838.836447,1838.836447,1843.40143,100,1,[4.564657099894248],[4.564665399957448],participant 1,1,2025-11-11_12h36.49.344,intentional binding task,,2025.1.1,59.68934085,2025-11-11 12h37.13.436886 +0530
0.4,1000,exp,318,6,26,space,0.2499567,None,700,1,[2.6161268999567255],[2.6161353000206873],26,6,318,4,1843.416708,,1843.401692,1843.416708,1844.41545,1844.41545,1844.41545,1844.666494,space,0.2499567,None,1844.667093,1845.08139,1845.396831,1845.382873,1845.383265,1845.396831,1845.396831,1845.396831,1848.013276,400,1,[2.6161268999567255],[2.6161353000206873],participant 1,1,2025-11-11_12h36.49.344,intentional binding task,,2025.1.1,59.68934085,2025-11-11 12h37.13.436886 +0530
0.4,1000,exp,319,7,26,space,0.4988197,None,700,1,[1.6832815998932347],[1.6832901999587193],26,7,319,7,1848.028842,,1848.013545,1848.028842,1849.027744,1849.027744,1849.027744,1849.528222,space,0.4988197,None,1849.528825,1849.943903,1850.258755,1850.246454,1850.246842,1850.258755,1850.258755,1850.258755,1851.942343,400,1,[1.6832815998932347],[1.6832901999587193],participant 1,1,2025-11-11_12h36.49.344,intentional binding task,,2025.1.1,59.68934085,2025-11-11 12h37.13.436886 +0530
0.1,1000,exp,320,8,26,space,0.2360496,None,700,1,[2.182838900014758],[2.182847799966112],26,8,320,3,1851.958504,,1851.94261,1851.958504,1852.957747,1852.957747,1852.957747,1853.20682,space,0.2360496,None,1853.207402,1853.306571,1853.622232,1853.605707,1853.606099,1853.622232,1853.622232,1853.622232,1855.805387,400,1,[2.182838900014758],[2.182847799966112],participant 1,1,2025-11-11_12h36.49.344,intentional binding task,,2025.1.1,59.68934085,2025-11-11 12h37.13.436886 +0530
0.7,1000,exp,321,9,26,space,0.2771967,None,700,1,[1.2486285000341013],[1.2486369999824092],26,9,321,8,1855.820988,,1855.805641,1855.820988,1856.820181,1856.820181,1856.820181,1857.103209,space,0.2771967,None,1857.103795,1857.802938,1858.135518,1858.117525,1858.11795,1858.135518,1858.135518,1858.135518,1859.384459,700,1,[1.2486285000341013],[1.2486369999824092],participant 1,1,2025-11-11_12h36.49.344,intentional binding task,,2025.1.1,59.68934085,2025-11-11 12h37.13.436886 +0530
0.1,1000,exp,322,10,26,space,0.227571,None,700,1,[2.3153805000474676],[2.315389099996537],26,10,322,6,1859.400671,,1859.384724,1859.400671,1860.399638,1860.399638,1860.399638,1860.632838,space,0.227571,None,1860.633429,1860.732277,1861.049018,1861.030063,1861.03045,1861.049018,1861.049018,1861.049018,1863.364733,100,1,[2.3153805000474676],[2.315389099996537],participant 1,1,2025-11-11_12h36.49.344,intentional binding task,,2025.1.1,59.68934085,2025-11-11 12h37.13.436886 +0530
0.4,400,unexp,323,11,26,space,0.2340206,None,400,1,[1.7673217999981716],[1.767330399947241],26,11,323,1,1863.380247,,1863.364994,1863.380247,1864.396198,1864.379295,1864.379295,1864.628847,space,0.2340206,None,1864.629418,1865.027959,1865.343645,1865.330093,1865.330481,1865.343645,1865.343645,1865.343645,1867.11128,400,1,[1.7673217999981716],[1.767330399947241],participant 1,1,2025-11-11_12h36.49.344,intentional binding task,,2025.1.1,59.68934085,2025-11-11 12h37.13.436886 +0530
0.7,1000,exp,324,0,27,space,0.1657654,None,700,1,[2.465394000057131],[2.4654026000062004],27,0,324,11,1867.126505,,1867.111541,1867.126505,1868.141784,1868.12598,1868.12598,1868.292882,space,0.1657654,None,1868.293479,1869.00746,1869.323687,1869.307892,1869.308295,1869.323687,1869.323687,1869.323687,1871.78941,700,1,[2.465394000057131],[2.4654026000062004],participant 1,1,2025-11-11_12h36.49.344,intentional binding task,,2025.1.1,59.68934085,2025-11-11 12h37.13.436886 +0530
0.1,1000,exp,325,1,27,space,0.2511627,None,400,1,[1.9653060000855476],[1.9653143000323325],27,1,325,3,1871.805295,,1871.789662,1871.805295,1872.820437,1872.803777,1872.803777,1873.07077,space,0.2511627,None,1873.071365,1873.171136,1873.486948,1873.469949,1873.470321,1873.486948,1873.486948,1873.486948,1875.452578,100,1,[1.9653060000855476],[1.9653143000323325],participant 1,1,2025-11-11_12h36.49.344,intentional binding task,,2025.1.1,59.68934085,2025-11-11 12h37.13.436886 +0530
0.4,1000,exp,326,2,27,space,0.2638162,None,700,1,[1.7174176999833435],[1.7174261999316514],27,2,326,7,1875.468472,,1875.452843,1875.468472,1876.467887,1876.467887,1876.467887,1876.734391,space,0.2638162,None,1876.734974,1877.149769,1877.465055,1877.450297,1877.450684,1877.465055,1877.465055,1877.465055,1879.18278,400,1,[1.7174176999833435],[1.7174261999316514],participant 1,1,2025-11-11_12h36.49.344,intentional binding task,,2025.1.1,59.68934085,2025-11-11 12h37.13.436886 +0530
0.4,1000,exp,327,3,27,space,0.2700195,None,700,1,[1.9498678999952972],[1.9498767999466509],27,3,327,4,1879.198817,,1879.183046,1879.198817,1880.213096,1880.196961,1880.196961,1880.480234,space,0.2700195,None,1880.480813,1880.879291,1881.194875,1881.179349,1881.179735,1881.194875,1881.194875,1881.194875,1883.145075,700,1,[1.9498678999952972],[1.9498767999466509],participant 1,1,2025-11-11_12h36.49.344,intentional binding task,,2025.1.1,59.68934085,2025-11-11 12h37.13.436886 +0530
0.1,400,unexp,328,4,27,space,0.4413744,None,700,1,[2.4159195999382064],[2.415928400005214],27,4,328,0,1883.161659,,1883.145327,1883.161659,1884.176028,1884.15984,1884.15984,1884.60968,space,0.4413744,None,1884.610252,1884.709039,1885.024415,1885.006549,1885.006951,1885.024415,1885.024415,1885.024415,1887.440649,100,1,[2.4159195999382064],[2.415928400005214],participant 1,1,2025-11-11_12h36.49.344,intentional binding task,,2025.1.1,59.68934085,2025-11-11 12h37.13.436886 +0530
0.7,1000,exp,329,5,27,space,0.2513582,None,400,1,[1.5335716999834403],[1.5335800999309868],27,5,329,5,1887.456331,,1887.4409,1887.456331,1888.472278,1888.455787,1888.455787,1888.722765,space,0.2513582,None,1888.723346,1889.438345,1889.753105,1889.734509,1889.734937,1889.753105,1889.753105,1889.753105,1891.286986,400,1,[1.5335716999834403],[1.5335800999309868],participant 1,1,2025-11-11_12h36.49.344,intentional binding task,,2025.1.1,59.68934085,2025-11-11 12h37.13.436886 +0530
0.4,400,unexp,330,6,27,space,0.2454128,None,400,1,[1.9831405999138951],[1.9831488999770954],27,6,330,1,1891.302841,,1891.287255,1891.302841,1892.302277,1892.302277,1892.302277,1892.552272,space,0.2454128,None,1892.552845,1892.951603,1893.300039,1893.266978,1893.267495,1893.300039,1893.300039,1893.300039,1895.283492,400,1,[1.9831405999138951],[1.9831488999770954],participant 1,1,2025-11-11_12h36.49.344,intentional binding task,,2025.1.1,59.68934085,2025-11-11 12h37.13.436886 +0530
0.7,1000,exp,331,7,27,space,0.1620931,None,400,1,[1.8000795999541879],[1.8000879999017343],27,7,331,8,1895.299254,,1895.283752,1895.299254,1896.298162,1896.298162,1896.298162,1896.464755,space,0.1620931,None,1896.465341,1897.18028,1897.495498,1897.481549,1897.481937,1897.495498,1897.495498,1897.495498,1899.295883,700,1,[1.8000795999541879],[1.8000879999017343],participant 1,1,2025-11-11_12h36.49.344,intentional binding task,,2025.1.1,59.68934085,2025-11-11 12h37.13.436886 +0530
0.1,1000,exp,332,8,27,space,0.2825682,None,700,1,[2.8651039000833407],[2.8651122000301257],27,8,332,9,1899.311625,,1899.296149,1899.311625,1900.310277,1900.310277,1900.310277,1900.594431,space,0.2825682,None,1900.595052,1900.709464,1901.025894,1901.008829,1901.009217,1901.025894,1901.025894,1901.025894,1903.891302,100,1,[2.8651039000833407],[2.8651122000301257],participant 1,1,2025-11-11_12h36.49.344,intentional binding task,,2025.1.1,59.68934085,2025-11-11 12h37.13.436886 +0530
0.1,1000,exp,333,9,27,space,0.2895154,None,100,1,[2.0998751000734046],[2.0998838000232354],27,9,333,6,1903.907453,,1903.891569,1903.907453,1904.906679,1904.906679,1904.906679,1905.206124,space,0.2895154,None,1905.206703,1905.305923,1905.621541,1905.607604,1905.60797,1905.621541,1905.621541,1905.621541,1907.721734,100,1,[2.0998751000734046],[2.0998838000232354],participant 1,1,2025-11-11_12h36.49.344,intentional binding task,,2025.1.1,59.68934085,2025-11-11 12h37.13.436886 +0530
0.7,400,unexp,334,10,27,space,0.3534115,None,400,1,[2.731886300025508],[2.7318942000856623],27,10,334,2,1907.736791,,1907.721997,1907.736791,1908.752542,1908.735617,1908.735617,1909.102738,space,0.3534115,None,1909.103347,1909.818249,1910.14997,1910.121228,1910.121592,1910.14997,1910.14997,1910.14997,1912.882182,400,1,[2.731886300025508],[2.7318942000856623],participant 1,1,2025-11-11_12h36.49.344,intentional binding task,,2025.1.1,59.68934085,2025-11-11 12h37.13.436886 +0530
0.4,1000,exp,335,11,27,space,0.7779357,None,400,1,[3.3643496999284253],[3.3643581999931484],27,11,335,10,1912.897665,,1912.882408,1912.897665,1913.897856,1913.897856,1913.897856,1914.680751,space,0.7779357,None,1914.681332,1915.095987,1915.42857,1915.399201,1915.39959,1915.42857,1915.42857,1915.42857,1918.79323,400,1,[3.3643496999284253],[3.3643581999931484],participant 1,1,2025-11-11_12h36.49.344,intentional binding task,,2025.1.1,59.68934085,2025-11-11 12h37.13.436886 +0530
0.7,1000,exp,336,0,28,space,0.7049188,None,100,1,[1.9839741999749094],[1.9839824000373483],28,0,336,8,1918.80898,,1918.793497,1918.80898,1919.807394,1919.807394,1919.807394,1920.523908,space,0.7049188,None,1920.524495,1921.223042,1921.538221,1921.524648,1921.525051,1921.538221,1921.538221,1921.538221,1923.522515,700,1,[1.9839741999749094],[1.9839824000373483],participant 1,1,2025-11-11_12h36.49.344,intentional binding task,,2025.1.1,59.68934085,2025-11-11 12h37.13.436886 +0530
0.1,1000,exp,337,1,28,space,0.3897667,None,700,1,[1.8672850999282673],[1.867293499992229],28,1,337,9,1923.537886,,1923.522789,1923.537886,1924.536613,1924.536613,1924.536613,1924.936064,space,0.3897667,None,1924.93665,1925.036053,1925.351554,1925.336201,1925.336593,1925.351554,1925.351554,1925.351554,1927.219145,100,1,[1.8672850999282673],[1.867293499992229],participant 1,1,2025-11-11_12h36.49.344,intentional binding task,,2025.1.1,59.68934085,2025-11-11 12h37.13.436886 +0530
0.4,1000,exp,338,2,28,space,0.3496004,None,700,1,[1.733268199954182],[1.7332776000257581],28,2,338,10,1927.234498,,1927.2194,1927.234498,1928.249069,1928.233013,1928.233013,1928.583048,space,0.3496004,None,1928.583624,1928.982604,1929.297298,1929.276419,1929.276792,1929.297298,1929.297298,1929.297298,1931.030889,400,1,[1.733268199954182],[1.7332776000257581],participant 1,1,2025-11-11_12h36.49.344,intentional binding task,,2025.1.1,59.68934085,2025-11-11 12h37.13.436886 +0530
0.7,1000,exp,339,3,28,space,0.5069726,None,700,1,[2.5318059000419453],[2.531814399990253],28,3,339,11,1931.047287,,1931.031139,1931.047287,1932.062792,1932.046193,1932.046193,1932.562219,space,0.5069726,None,1932.562801,1933.278128,1933.593726,1933.574744,1933.575187,1933.593726,1933.593726,1933.593726,1936.125848,700,1,[2.5318059000419453],[2.531814399990253],participant 1,1,2025-11-11_12h36.49.344,intentional binding task,,2025.1.1,59.68934085,2025-11-11 12h37.13.436886 +0530
0.1,1000,exp,340,4,28,space,0.9449096,None,400,1,[2.0163837999571115],[2.0163929000264034],28,4,340,6,1936.142368,,1936.1261,1936.142368,1937.157751,1937.140681,1937.140681,1938.089916,space,0.9449096,None,1938.0905,1938.189223,1938.504953,1938.4846,1938.484969,1938.504953,1938.504953,1938.504953,1940.521668,400,1,[2.0163837999571115],[2.0163929000264034],participant 1,1,2025-11-11_12h36.49.344,intentional binding task,,2025.1.1,59.68934085,2025-11-11 12h37.13.436886 +0530
0.7,1000,exp,341,5,28,space,0.4626974,None,400,1,[2.532677000039257],[2.5326853001024574],28,5,341,5,1940.538091,,1940.52193,1940.538091,1941.55317,1941.536015,1941.536015,1942.002604,space,0.4626974,None,1942.003181,1942.719093,1943.03384,1943.017381,1943.017771,1943.03384,1943.03384,1943.03384,1945.566838,700,1,[2.532677000039257],[2.5326853001024574],participant 1,1,2025-11-11_12h36.49.344,intentional binding task,,2025.1.1,59.68934085,2025-11-11 12h37.13.436886 +0530
0.4,1000,exp,342,6,28,space,0.5734502,None,400,1,[2.449316499987617],[2.4493253000546247],28,6,342,7,1945.583432,,1945.567102,1945.583432,1946.598038,1946.581039,1946.581039,1947.164906,space,0.5734502,None,1947.165488,1947.580123,1947.896347,1947.878626,1947.879017,1947.896347,1947.896347,1947.896347,1950.345993,100,1,[2.449316499987617],[2.4493253000546247],participant 1,1,2025-11-11_12h36.49.344,intentional binding task,,2025.1.1,59.68934085,2025-11-11 12h37.13.436886 +0530
0.4,1000,exp,343,7,28,space,0.6167846,None,700,1,[1.7660762999439612],[1.7660845998907462],28,7,343,4,1950.361266,,1950.346252,1950.361266,1951.359737,1951.359737,1951.359737,1951.992975,space,0.6167846,None,1951.993575,1952.392328,1952.708626,1952.688271,1952.688664,1952.708626,1952.708626,1952.708626,1954.475044,400,1,[1.7660762999439612],[1.7660845998907462],participant 1,1,2025-11-11_12h36.49.344,intentional binding task,,2025.1.1,59.68934085,2025-11-11 12h37.13.436886 +0530
0.7,400,unexp,344,8,28,space,0.5841466,None,700,1,[2.848100999952294],[2.8481096999021247],28,8,344,2,1954.490637,,1954.475307,1954.490637,1955.488897,1955.488897,1955.488897,1956.089185,space,0.5841466,None,1956.089761,1956.805253,1957.137616,1957.109425,1957.109799,1957.137616,1957.137616,1957.137616,1959.986023,400,1,[2.848100999952294],[2.8481096999021247],participant 1,1,2025-11-11_12h36.49.344,intentional binding task,,2025.1.1,59.68934085,2025-11-11 12h37.13.436886 +0530
0.4,400,unexp,345,9,28,space,0.5397857,None,700,1,[2.0004484999226406],[2.000456799985841],28,9,345,1,1960.001224,,1959.986287,1960.001224,1961.000838,1961.000838,1961.000838,1961.550683,space,0.5397857,None,1961.551259,1961.965786,1962.298527,1962.270472,1962.270863,1962.298527,1962.298527,1962.298527,1964.299294,700,1,[2.0004484999226406],[2.000456799985841],participant 1,1,2025-11-11_12h36.49.344,intentional binding task,,2025.1.1,59.68934085,2025-11-11 12h37.13.436886 +0530
0.1,1000,exp,346,10,28,space,0.4959171,None,400,1,[2.450595800066367],[2.450604400015436],28,10,346,3,1964.313811,,1964.299553,1964.313811,1965.312589,1965.312589,1965.312589,1965.81286,space,0.4959171,None,1965.81344,1965.912966,1966.227764,1966.207439,1966.207825,1966.227764,1966.227764,1966.227764,1968.67868,100,1,[2.450595800066367],[2.450604400015436],participant 1,1,2025-11-11_12h36.49.344,intentional binding task,,2025.1.1,59.68934085,2025-11-11 12h37.13.436886 +0530
0.1,400,unexp,347,11,28,space,0.3152235,None,700,1,[2.5150516000576317],[2.515060600009747],28,11,347,0,1968.693146,,1968.67894,1968.693146,1969.708579,1969.69318,1969.69318,1970.025412,space,0.3152235,None,1970.025989,1970.125437,1970.457454,1970.428309,1970.428697,1970.457454,1970.457454,1970.457454,1972.972867,100,1,[2.5150516000576317],[2.515060600009747],participant 1,1,2025-11-11_12h36.49.344,intentional binding task,,2025.1.1,59.68934085,2025-11-11 12h37.13.436886 +0530
0.1,1000,exp,348,0,29,space,1.0323657,None,700,1,[3.4812967000762],[3.4813055000267923],29,0,348,6,1972.989917,,1972.973122,1972.989917,1974.004761,1973.987893,1973.987893,1975.036648,space,1.0323657,None,1975.037225,1975.13668,1975.452002,1975.436363,1975.436749,1975.452002,1975.452002,1975.452002,1978.933625,100,1,[3.4812967000762],[3.4813055000267923],participant 1,1,2025-11-11_12h36.49.344,intentional binding task,,2025.1.1,59.68934085,2025-11-11 12h37.13.436886 +0530
0.1,1000,exp,349,1,29,space,1.8448405,None,700,1,[2.5317425000248477],[2.531750699970871],29,1,349,3,1978.949325,,1978.933889,1978.949325,1979.94815,1979.94815,1979.94815,1981.797148,space,1.8448405,None,1981.797736,1981.897021,1982.212603,1982.193577,1982.193997,1982.212603,1982.212603,1982.212603,1984.744657,100,1,[2.5317425000248477],[2.531750699970871],participant 1,1,2025-11-11_12h36.49.344,intentional binding task,,2025.1.1,59.68934085,2025-11-11 12h37.13.436886 +0530
0.4,1000,exp,350,2,29,space,0.301097,None,700,1,[2.2318433000473306],[2.2318521999986842],29,2,350,10,1984.760788,,1984.744934,1984.760788,1985.75988,1985.75988,1985.75988,1986.075941,space,0.301097,None,1986.076522,1986.475553,1986.79153,1986.771882,1986.772311,1986.79153,1986.79153,1986.79153,1989.023734,400,1,[2.2318433000473306],[2.2318521999986842],participant 1,1,2025-11-11_12h36.49.344,intentional binding task,,2025.1.1,59.68934085,2025-11-11 12h37.13.436886 +0530
0.7,400,unexp,351,3,29,space,0.2805162,None,400,1,[2.000675000017509],[2.0006831999635324],29,3,351,2,1989.039125,,1989.023997,1989.039125,1990.038346,1990.038346,1990.038346,1990.322846,space,0.2805162,None,1990.323415,1991.037099,1991.353139,1991.336457,1991.33685,1991.353139,1991.353139,1991.353139,1993.354132,700,1,[2.000675000017509],[2.0006831999635324],participant 1,1,2025-11-11_12h36.49.344,intentional binding task,,2025.1.1,59.68934085,2025-11-11 12h37.13.436886 +0530
0.4,1000,exp,352,4,29,space,0.402207,None,700,1,[2.100191899924539],[2.1002008999930695],29,4,352,7,1993.369073,,1993.354417,1993.369073,1994.367947,1994.367947,1994.367947,1994.784013,space,0.402207,None,1994.784747,1995.200751,1995.515657,1995.498383,1995.498771,1995.515657,1995.515657,1995.515657,1997.616181,400,1,[2.100191899924539],[2.1002008999930695],participant 1,1,2025-11-11_12h36.49.344,intentional binding task,,2025.1.1,59.68934085,2025-11-11 12h37.13.436886 +0530
0.7,1000,exp,353,5,29,space,1.2895383,None,700,1,[2.7487602999899536],[2.7487686999375],29,5,353,8,1997.630806,,1997.616447,1997.630806,1998.630194,1998.630194,1998.630194,1999.929113,space,1.2895383,None,1999.929696,2000.628989,2000.943452,2000.924933,2000.925371,2000.943452,2000.943452,2000.943452,2003.692529,400,1,[2.7487602999899536],[2.7487686999375],participant 1,1,2025-11-11_12h36.49.344,intentional binding task,,2025.1.1,59.68934085,2025-11-11 12h37.13.436886 +0530
0.1,1000,exp,354,6,29,space,0.4957272,None,700,1,[1.9994078000308946],[1.9994164999807253],29,6,354,9,2003.708414,,2003.692823,2003.708414,2004.724456,2004.707048,2004.707048,2005.206893,space,0.4957272,None,2005.207523,2005.306492,2005.622615,2005.607151,2005.607537,2005.622615,2005.622615,2005.622615,2007.622386,400,1,[1.9994078000308946],[1.9994164999807253],participant 1,1,2025-11-11_12h36.49.344,intentional binding task,,2025.1.1,59.68934085,2025-11-11 12h37.13.436886 +0530
0.7,1000,exp,355,7,29,space,0.3360476,None,700,1,[1.7664135000668466],[1.7664218000136316],29,7,355,11,2007.637642,,2007.622644,2007.637642,2008.637026,2008.637026,2008.637026,2008.987315,space,0.3360476,None,2008.98793,2009.686402,2010.001075,2009.979922,2009.980315,2010.001075,2010.001075,2010.001075,2011.767796,700,1,[1.7664135000668466],[1.7664218000136316],participant 1,1,2025-11-11_12h36.49.344,intentional binding task,,2025.1.1,59.68934085,2025-11-11 12h37.13.436886 +0530
0.1,400,unexp,356,8,29,space,0.5351971,None,400,1,[2.382619099924341],[2.382627799990587],29,8,356,0,2011.783805,,2011.76806,2011.783805,2012.783499,2012.767018,2012.767018,2013.316571,space,0.5351971,None,2013.317184,2013.431708,2013.747312,2013.734238,2013.734638,2013.747312,2013.747312,2013.747312,2016.130254,100,1,[2.382619099924341],[2.382627799990587],participant 1,1,2025-11-11_12h36.49.344,intentional binding task,,2025.1.1,59.68934085,2025-11-11 12h37.13.436886 +0530
0.4,1000,exp,357,9,29,space,0.3348456,None,400,1,[2.5813956999918446],[2.581403899937868],29,9,357,4,2016.147013,,2016.130509,2016.147013,2017.16228,2017.146078,2017.146078,2017.495453,space,0.3348456,None,2017.496041,2017.911225,2018.227599,2018.207648,2018.208071,2018.227599,2018.227599,2018.227599,2020.809308,400,1,[2.5813956999918446],[2.581403899937868],participant 1,1,2025-11-11_12h36.49.344,intentional binding task,,2025.1.1,59.68934085,2025-11-11 12h37.13.436886 +0530
0.7,1000,exp,358,10,29,space,0.2600516,None,700,1,[1.7174905000720173],[1.7175011000363156],29,10,358,5,2020.824961,,2020.809561,2020.824961,2021.824228,2021.808519,2021.808519,2022.074095,space,0.2600516,None,2022.074682,2022.773621,2023.088189,2023.067883,2023.068274,2023.088189,2023.088189,2023.088189,2024.806035,700,1,[1.7174905000720173],[1.7175011000363156],participant 1,1,2025-11-11_12h36.49.344,intentional binding task,,2025.1.1,59.68934085,2025-11-11 12h37.13.436886 +0530
0.4,400,unexp,359,11,29,space,0.4117508,None,700,1,[2.449728299980052],[2.44973749993369],29,11,359,1,2024.82147,,2024.806308,2024.82147,2025.836602,2025.820211,2025.820211,2026.236813,space,0.4117508,None,2026.237433,2026.635858,2026.951796,2026.930747,2026.931156,2026.951796,2026.951796,2026.951796,2029.401838,400,1,[2.449728299980052],[2.44973749993369],participant 1,1,2025-11-11_12h36.49.344,intentional binding task,,2025.1.1,59.68934085,2025-11-11 12h37.13.436886 +0530
0.1,1000,exp,360,0,30,space,0.4853796,None,700,1,[2.948460099985823],[2.9484687000513077],30,0,360,6,2029.417272,,2029.40209,2029.417272,2030.431752,2030.415964,2030.415964,2030.915201,space,0.4853796,None,2030.915783,2031.014652,2031.330099,2031.31393,2031.314332,2031.330099,2031.330099,2031.330099,2034.278861,400,1,[2.948460099985823],[2.9484687000513077],participant 1,1,2025-11-11_12h36.49.344,intentional binding task,,2025.1.1,59.68934085,2025-11-11 12h37.13.436886 +0530
0.1,1000,exp,361,1,30,space,0.8349479,None,400,1,[2.183082600007765],[2.1830911999568343],30,1,361,9,2034.294721,,2034.279127,2034.294721,2035.294587,2035.294587,2035.294587,2036.144123,space,0.8349479,None,2036.144719,2036.259389,2036.574861,2036.56229,2036.562678,2036.574861,2036.574861,2036.574861,2038.758256,100,1,[2.183082600007765],[2.1830911999568343],participant 1,1,2025-11-11_12h36.49.344,intentional binding task,,2025.1.1,59.68934085,2025-11-11 12h37.13.436886 +0530
0.7,1000,exp,362,2,30,space,0.3440896,None,700,1,[1.9831654999870807],[1.9831734000472352],30,2,362,11,2038.77344,,2038.758506,2038.77344,2039.772517,2039.772517,2039.772517,2040.122459,space,0.3440896,None,2040.123054,2040.837949,2041.153712,2041.137464,2041.13785,2041.153712,2041.153712,2041.153712,2043.137188,700,1,[1.9831654999870807],[1.9831734000472352],participant 1,1,2025-11-11_12h36.49.344,intentional binding task,,2025.1.1,59.68934085,2025-11-11 12h37.13.436886 +0530
0.4,1000,exp,363,3,30,space,0.4303864,None,300,1,[3.730968300020322],[3.7309768999693915],30,3,363,4,2043.152903,,2043.137466,2043.152903,2044.151803,2044.151803,2044.151803,2044.585407,space,0.4303864,None,2044.585989,2045.000998,2045.316886,2045.298156,2045.29858,2045.316886,2045.316886,2045.316886,2049.048171,400,1,[3.730968300020322],[3.7309768999693915],participant 1,1,2025-11-11_12h36.49.344,intentional binding task,,2025.1.1,59.68934085,2025-11-11 12h37.13.436886 +0530
0.4,1000,exp,364,4,30,space,0.531991,None,300,1,[2.533010800019838],[2.533019299968146],30,4,364,7,2049.063971,,2049.048439,2049.063971,2050.079442,2050.063,2050.063,2050.59688,space,0.531991,None,2050.597504,2051.011975,2051.327018,2051.308553,2051.308994,2051.327018,2051.327018,2051.327018,2053.86034,400,1,[2.533010800019838],[2.533019299968146],participant 1,1,2025-11-11_12h36.49.344,intentional binding task,,2025.1.1,59.68934085,2025-11-11 12h37.13.436886 +0530
0.1,400,unexp,365,5,30,space,0.3421771,None,700,1,[2.349015299929306],[2.3490242999978364],30,5,365,0,2053.876072,,2053.860607,2053.876072,2054.875192,2054.875192,2054.875192,2055.22497,space,0.3421771,None,2055.225551,2055.340332,2055.656358,2055.636312,2055.636983,2055.656358,2055.656358,2055.656358,2058.005693,100,1,[2.349015299929306],[2.3490242999978364],participant 1,1,2025-11-11_12h36.49.344,intentional binding task,,2025.1.1,59.68934085,2025-11-11 12h37.13.436886 +0530
0.7,400,unexp,366,6,30,space,0.9654696,None,400,1,[1.9331739000044763],[1.933182300068438],30,6,366,2,2058.021864,,2058.005943,2058.021864,2059.037066,2059.020142,2059.020142,2059.986963,space,0.9654696,None,2059.987569,2060.686026,2061.000968,2060.982947,2060.983353,2061.000968,2061.000968,2061.000968,2062.934448,400,1,[1.9331739000044763],[1.933182300068438],participant 1,1,2025-11-11_12h36.49.344,intentional binding task,,2025.1.1,59.68934085,2025-11-11 12h37.13.436886 +0530
0.4,400,unexp,367,7,30,space,0.341399,None,700,1,[3.881160599994473],[3.881169099942781],30,7,367,1,2062.950196,,2062.93471,2062.950196,2063.965988,2063.949364,2063.949364,2064.299227,space,0.341399,None,2064.29981,2064.699208,2065.013427,2064.999183,2064.999574,2065.013427,2065.013427,2065.013427,2068.894908,100,1,[3.881160599994473],[3.881169099942781],participant 1,1,2025-11-11_12h36.49.344,intentional binding task,,2025.1.1,59.68934085,2025-11-11 12h37.13.436886 +0530
0.4,1000,exp,368,8,30,space,2.5439706,None,400,1,[1.9827605000464246],[1.9827693999977782],30,8,368,10,2068.911506,,2068.895161,2068.911506,2069.926925,2069.909743,2069.909743,2072.458159,space,2.5439706,None,2072.458759,2072.87302,2073.189719,2073.16913,2073.169518,2073.189719,2073.189719,2073.189719,2075.17281,400,1,[1.9827605000464246],[1.9827693999977782],participant 1,1,2025-11-11_12h36.49.344,intentional binding task,,2025.1.1,59.68934085,2025-11-11 12h37.13.436886 +0530
0.1,1000,exp,369,9,30,space,0.4675087,None,400,1,[3.6637652999488637],[3.663773499894887],30,9,369,3,2075.188212,,2075.173071,2075.188212,2076.188042,2076.188042,2076.188042,2076.670546,space,0.4675087,None,2076.671127,2076.769933,2077.085455,2077.069211,2077.069601,2077.085455,2077.085455,2077.085455,2080.749522,400,1,[3.6637652999488637],[3.663773499894887],participant 1,1,2025-11-11_12h36.49.344,intentional binding task,,2025.1.1,59.68934085,2025-11-11 12h37.13.436886 +0530
0.7,1000,exp,370,10,30,space,0.3110115,None,400,1,[1.5173821999924257],[1.517390500055626],30,10,370,8,2080.765602,,2080.749781,2080.765602,2081.764542,2081.764542,2081.764542,2082.08107,space,0.3110115,None,2082.081803,2082.796977,2083.112465,2083.09259,2083.093054,2083.112465,2083.112465,2083.112465,2084.630176,700,1,[1.5173821999924257],[1.517390500055626],participant 1,1,2025-11-11_12h36.49.344,intentional binding task,,2025.1.1,59.68934085,2025-11-11 12h37.13.436886 +0530
0.7,1000,exp,371,11,30,space,0.4869454,None,400,1,[4.163796099950559],[4.163804399897344],30,11,371,5,2084.644867,,2084.630438,2084.644867,2085.644515,2085.644515,2085.644515,2086.144496,space,0.4869454,None,2086.145078,2086.860298,2087.175139,2087.159694,2087.160096,2087.175139,2087.175139,2087.175139,2091.339242,400,1,[4.163796099950559],[4.163804399897344],participant 1,1,2025-11-11_12h36.49.344,intentional binding task,,2025.1.1,59.68934085,2025-11-11 12h37.13.436886 +0530
0.4,1000,exp,372,0,31,space,0.3550221,None,100,1,[2.533311100094579],[2.53331980004441],31,0,372,7,2091.355779,,2091.339507,2091.355779,2092.354632,2092.354632,2092.354632,2092.721663,space,0.3550221,None,2092.722245,2093.136413,2093.452112,2093.437603,2093.437995,2093.452112,2093.452112,2093.452112,2095.985733,400,1,[2.533311100094579],[2.53331980004441],participant 1,1,2025-11-11_12h36.49.344,intentional binding task,,2025.1.1,59.68934085,2025-11-11 12h37.13.436886 +0530
0.4,1000,exp,373,1,31,space,0.3663832,None,700,1,[2.2981721999822184],[2.2981807000469416],31,1,373,4,2096.000384,,2095.986004,2096.000384,2097.016479,2096.999839,2096.999839,2097.382712,space,0.3663832,None,2097.383365,2097.782371,2098.098678,2098.076881,2098.077254,2098.098678,2098.098678,2098.098678,2100.397172,700,1,[2.2981721999822184],[2.2981807000469416],participant 1,1,2025-11-11_12h36.49.344,intentional binding task,,2025.1.1,59.68934085,2025-11-11 12h37.13.436886 +0530
0.1,1000,exp,374,2,31,space,0.3025158,None,700,1,[2.732530399924144],[2.73253839998506],31,2,374,6,2100.413614,,2100.397427,2100.413614,2101.429055,2101.412559,2101.412559,2101.72835,space,0.3025158,None,2101.72893,2101.829058,2102.143477,2102.13099,2102.131398,2102.143477,2102.143477,2102.143477,2104.876316,400,1,[2.732530399924144],[2.73253839998506],participant 1,1,2025-11-11_12h36.49.344,intentional binding task,,2025.1.1,59.68934085,2025-11-11 12h37.13.436886 +0530
0.1,1000,exp,375,3,31,space,0.3083074,None,700,1,[2.449627000023611],[2.4496358999749646],31,3,375,3,2104.892301,,2104.876583,2104.892301,2105.891058,2105.891058,2105.891058,2106.20875,space,0.3083074,None,2106.209331,2106.308101,2106.639309,2106.611473,2106.611846,2106.639309,2106.639309,2106.639309,2109.089258,100,1,[2.449627000023611],[2.4496358999749646],participant 1,1,2025-11-11_12h36.49.344,intentional binding task,,2025.1.1,59.68934085,2025-11-11 12h37.13.436886 +0530
0.7,400,unexp,376,4,31,space,0.4769932,None,700,1,[4.997370900004171],[4.99737949995324],31,4,376,2,2109.10496,,2109.089518,2109.10496,2110.120514,2110.103673,2110.103673,2110.586649,space,0.4769932,None,2110.587228,2111.302031,2111.61744,2111.602217,2111.602645,2111.61744,2111.61744,2111.61744,2116.615134,700,1,[4.997370900004171],[4.99737949995324],participant 1,1,2025-11-11_12h36.49.344,intentional binding task,,2025.1.1,59.68934085,2025-11-11 12h37.13.436886 +0530
0.4,1000,exp,377,5,31,space,0.9801457,None,400,1,[2.9654724000720307],[2.965480800019577],31,5,377,10,2116.630132,,2116.615397,2116.630132,2117.646162,2117.629307,2117.629307,2118.612243,space,0.9801457,None,2118.612833,2119.027538,2119.343619,2119.324976,2119.325393,2119.343619,2119.343619,2119.343619,2122.309409,400,1,[2.9654724000720307],[2.965480800019577],participant 1,1,2025-11-11_12h36.49.344,intentional binding task,,2025.1.1,59.68934085,2025-11-11 12h37.13.436886 +0530
0.7,1000,exp,378,6,31,space,0.4404552,None,700,1,[4.563030199962668],[4.563038900028914],31,6,378,8,2122.325333,,2122.309679,2122.325333,2123.323977,2123.323977,2123.323977,2123.773818,space,0.4404552,None,2123.774399,2124.489891,2124.805237,2124.786651,2124.78705,2124.805237,2124.805237,2124.805237,2129.368583,400,1,[4.563030199962668],[4.563038900028914],participant 1,1,2025-11-11_12h36.49.344,intentional binding task,,2025.1.1,59.68934085,2025-11-11 12h37.13.436886 +0530
0.1,1000,exp,379,7,31,space,0.5157868,None,700,1,[2.9482752999756485],[2.9482840999262407],31,7,379,9,2129.384635,,2129.368838,2129.384635,2130.40058,2130.384069,2130.384069,2130.900817,space,0.5157868,None,2130.9014,2131.000424,2131.315558,2131.298261,2131.298646,2131.315558,2131.315558,2131.315558,2134.264159,400,1,[2.9482752999756485],[2.9482840999262407],participant 1,1,2025-11-11_12h36.49.344,intentional binding task,,2025.1.1,59.68934085,2025-11-11 12h37.13.436886 +0530
0.4,400,unexp,380,8,31,space,0.8032279,None,400,1,[2.499213300063275],[2.4992220000131056],31,8,380,1,2134.279962,,2134.264415,2134.279962,2135.294928,2135.27826,2135.27826,2136.095311,space,0.8032279,None,2136.095888,2136.510298,2136.826754,2136.807737,2136.80818,2136.826754,2136.826754,2136.826754,2139.326291,400,1,[2.499213300063275],[2.4992220000131056],participant 1,1,2025-11-11_12h36.49.344,intentional binding task,,2025.1.1,59.68934085,2025-11-11 12h37.13.436886 +0530
0.7,1000,exp,381,9,31,space,0.4084584,None,700,1,[1.9660583999939263],[1.9660668999422342],31,9,381,5,2139.341276,,2139.326544,2139.341276,2140.340846,2140.340846,2140.340846,2140.75693,space,0.4084584,None,2140.757513,2141.456225,2141.788356,2141.76134,2141.76187,2141.788356,2141.788356,2141.788356,2143.754736,700,1,[1.9660583999939263],[1.9660668999422342],participant 1,1,2025-11-11_12h36.49.344,intentional binding task,,2025.1.1,59.68934085,2025-11-11 12h37.13.436886 +0530
0.1,400,unexp,382,10,31,space,0.6204762,None,700,1,[2.4000583000015467],[2.400066899950616],31,10,382,0,2143.770586,,2143.754996,2143.770586,2144.768874,2144.768874,2144.768874,2145.40237,space,0.6204762,None,2145.402941,2145.518083,2145.850491,2145.82173,2145.822122,2145.850491,2145.850491,2145.850491,2148.250867,400,1,[2.4000583000015467],[2.400066899950616],participant 1,1,2025-11-11_12h36.49.344,intentional binding task,,2025.1.1,59.68934085,2025-11-11 12h37.13.436886 +0530
0.7,1000,exp,383,11,31,space,0.8772046,None,700,1,[2.083600499900058],[2.0836086999624968],31,11,383,11,2148.266402,,2148.251147,2148.266402,2149.281335,2149.265442,2149.265442,2150.147292,space,0.8772046,None,2150.147872,2150.846612,2151.162494,2151.146056,2151.146444,2151.162494,2151.162494,2151.162494,2153.246415,700,1,[2.083600499900058],[2.0836086999624968],participant 1,1,2025-11-11_12h36.49.344,intentional binding task,,2025.1.1,59.68934085,2025-11-11 12h37.13.436886 +0530
0.4,400,unexp,384,0,32,space,0.2830433,None,700,1,[2.2334210999542847],[2.2334292999003083],32,0,384,1,2153.260869,,2153.246682,2153.260869,2154.277196,2154.259817,2154.259817,2154.560397,space,0.2830433,None,2154.560985,2154.975569,2155.291282,2155.271808,2155.272224,2155.291282,2155.291282,2155.291282,2157.525024,400,1,[2.2334210999542847],[2.2334292999003083],participant 1,1,2025-11-11_12h36.49.344,intentional binding task,,2025.1.1,59.68934085,2025-11-11 12h37.13.436886 +0530
0.7,1000,exp,385,1,32,space,0.370791,None,700,1,[2.066058300086297],[2.066066600033082],32,1,385,11,2157.54016,,2157.525282,2157.54016,2158.539268,2158.539268,2158.539268,2158.922175,space,0.370791,None,2158.922758,2159.621738,2159.953405,2159.922572,2159.923093,2159.953405,2159.953405,2159.953405,2162.01978,700,1,[2.066058300086297],[2.066066600033082],participant 1,1,2025-11-11_12h36.49.344,intentional binding task,,2025.1.1,59.68934085,2025-11-11 12h37.13.436886 +0530
0.1,1000,exp,386,2,32,space,0.3457622,None,400,1,[3.7648740999866277],[3.764883300056681],32,2,386,6,2162.036044,,2162.020038,2162.036044,2163.035365,2163.035365,2163.035365,2163.384273,space,0.3457622,None,2163.384857,2163.484347,2163.799347,2163.783844,2163.784234,2163.799347,2163.799347,2163.799347,2167.564545,400,1,[3.7648740999866277],[3.764883300056681],participant 1,1,2025-11-11_12h36.49.344,intentional binding task,,2025.1.1,59.68934085,2025-11-11 12h37.13.436886 +0530
0.4,1000,exp,387,3,32,space,0.3305243,None,400,1,[1.8999028999824077],[1.8999115000478923],32,3,387,7,2167.580924,,2167.564802,2167.580924,2168.596018,2168.578759,2168.578759,2168.913054,space,0.3305243,None,2168.913659,2169.328716,2169.660217,2169.630101,2169.630618,2169.660217,2169.660217,2169.660217,2171.560429,700,1,[1.8999028999824077],[1.8999115000478923],participant 1,1,2025-11-11_12h36.49.344,intentional binding task,,2025.1.1,59.68934085,2025-11-11 12h37.13.436886 +0530
0.4,1000,exp,388,4,32,space,0.3945204,None,400,1,[2.498402399942279],[2.4984106000047177],32,4,388,4,2171.575789,,2171.5607,2171.575789,2172.575415,2172.575415,2172.575415,2172.974754,space,0.3945204,None,2172.975347,2173.375109,2173.690726,2173.671114,2173.671538,2173.690726,2173.690726,2173.690726,2176.189445,700,1,[2.498402399942279],[2.4984106000047177],participant 1,1,2025-11-11_12h36.49.344,intentional binding task,,2025.1.1,59.68934085,2025-11-11 12h37.13.436886 +0530
0.1,400,unexp,389,5,32,space,1.5842408,None,700,1,[3.5481767000164837],[3.5481847999617457],32,5,389,0,2176.204557,,2176.189707,2176.204557,2177.204859,2177.204859,2177.204859,2178.803126,space,1.5842408,None,2178.803702,2178.902392,2179.217545,2179.200992,2179.201376,2179.217545,2179.217545,2179.217545,2182.766038,400,1,[3.5481767000164837],[3.5481847999617457],participant 1,1,2025-11-11_12h36.49.344,intentional binding task,,2025.1.1,59.68934085,2025-11-11 12h37.13.436886 +0530
0.7,1000,exp,390,6,32,space,0.2123885,None,400,1,[3.780513000092469],[3.780521500040777],32,6,390,5,2182.78189,,2182.766299,2182.78189,2183.78125,2183.78125,2183.78125,2183.998516,space,0.2123885,None,2183.999095,2184.713136,2185.02944,2185.011679,2185.012098,2185.02944,2185.02944,2185.02944,2188.810257,400,1,[3.780513000092469],[3.780521500040777],participant 1,1,2025-11-11_12h36.49.344,intentional binding task,,2025.1.1,59.68934085,2025-11-11 12h37.13.436886 +0530
0.4,1000,exp,391,7,32,space,0.3024999,None,400,1,[2.9664609000319615],[2.966469499981031],32,7,391,10,2188.825442,,2188.810522,2188.825442,2189.824532,2189.824532,2189.824532,2190.14122,space,0.3024999,None,2190.141832,2190.54063,2190.85613,2190.838198,2190.838596,2190.85613,2190.85613,2190.85613,2193.822912,700,1,[2.9664609000319615],[2.966469499981031],participant 1,1,2025-11-11_12h36.49.344,intentional binding task,,2025.1.1,59.68934085,2025-11-11 12h37.13.436886 +0530
0.7,1000,exp,392,8,32,space,2.0402011,None,700,1,[2.382580100093037],[2.3825886000413448],32,8,392,8,2193.838207,,2193.823166,2193.838207,2194.852849,2194.836301,2194.836301,2196.885298,space,2.0402011,None,2196.885882,2197.600541,2197.916853,2197.897765,2197.898163,2197.916853,2197.916853,2197.916853,2200.299749,700,1,[2.382580100093037],[2.3825886000413448],participant 1,1,2025-11-11_12h36.49.344,intentional binding task,,2025.1.1,59.68934085,2025-11-11 12h37.13.436886 +0530
0.1,1000,exp,393,9,32,space,0.3279492,None,400,1,[2.4986116000218317],[2.498620199970901],32,9,393,9,2200.315733,,2200.300013,2200.315733,2201.330306,2201.313127,2201.313127,2201.646498,space,0.3279492,None,2201.647081,2201.74595,2202.062499,2202.045607,2202.045995,2202.062499,2202.062499,2202.062499,2204.561429,100,1,[2.4986116000218317],[2.498620199970901],participant 1,1,2025-11-11_12h36.49.344,intentional binding task,,2025.1.1,59.68934085,2025-11-11 12h37.13.436886 +0530
0.7,400,unexp,394,10,32,space,0.4053271,None,700,1,[3.3813236000714824],[3.3813319000182673],32,10,394,2,2204.57666,,2204.561688,2204.57666,2205.57626,2205.57626,2205.57626,2205.99282,space,0.4053271,None,2205.993393,2206.708313,2207.024056,2207.00534,2207.005763,2207.024056,2207.024056,2207.024056,2210.405701,700,1,[3.3813236000714824],[3.3813319000182673],participant 1,1,2025-11-11_12h36.49.344,intentional binding task,,2025.1.1,59.68934085,2025-11-11 12h37.13.436886 +0530
0.1,1000,exp,395,11,32,space,0.6038054,None,700,1,[3.3481184999691322],[3.3481270999182016],32,11,395,3,2210.421776,,2210.405963,2210.421776,2211.436753,2211.42071,2211.42071,2212.036259,space,0.6038054,None,2212.036839,2212.135768,2212.451723,2212.434811,2212.435196,2212.451723,2212.451723,2212.451723,2215.800154,400,1,[3.3481184999691322],[3.3481270999182016],participant 1,1,2025-11-11_12h36.49.344,intentional binding task,,2025.1.1,59.68934085,2025-11-11 12h37.13.436886 +0530
